/*******************************************************************************
 * Size: 28 px
 * Bpp: 4
 * Opts: --font /tmp/alfred-fonts/inter_28.ttf --size 28 --bpp 4 --format lvgl --no-compress --range 0x20-0x7E,0xA0-0xFF,0x2010-0x2026,0x2190-0x2193 --lv-font-name inter_28 -o apps/companion/firmware/src/ui/fonts/inter_28.c
 ******************************************************************************/

#ifdef LV_LVGL_H_INCLUDE_SIMPLE
#include "lvgl.h"
#else
#include "lvgl.h"
#endif

#ifndef INTER_28
#define INTER_28 1
#endif

#if INTER_28

/*-----------------
 *    BITMAPS
 *----------------*/

/*Store the image of the glyphs*/
static LV_ATTRIBUTE_LARGE_CONST const uint8_t glyph_bitmap[] = {
    /* U+0020 " " */

    /* U+0021 "!" */
    0x4f, 0xff, 0x74, 0xff, 0xf6, 0x3f, 0xff, 0x63,
    0xff, 0xf6, 0x3f, 0xff, 0x52, 0xff, 0xf5, 0x2f,
    0xff, 0x52, 0xff, 0xf4, 0x1f, 0xff, 0x41, 0xff,
    0xf4, 0x1f, 0xff, 0x30, 0xff, 0xf3, 0xf, 0xff,
    0x30, 0xff, 0xf3, 0x7, 0x77, 0x10, 0x3, 0x10,
    0x1e, 0xff, 0x37, 0xff, 0xfa, 0x6f, 0xff, 0x90,
    0xaf, 0xc1,

    /* U+0022 "\"" */
    0xbf, 0xf8, 0x7, 0xff, 0xca, 0xff, 0x70, 0x6f,
    0xfb, 0x9f, 0xf6, 0x6, 0xff, 0xa9, 0xff, 0x60,
    0x5f, 0xfa, 0x8f, 0xf5, 0x4, 0xff, 0x97, 0xff,
    0x40, 0x4f, 0xf8, 0x7f, 0xf4, 0x3, 0xff, 0x74,
    0xaa, 0x20, 0x1a, 0xa4,

    /* U+0023 "#" */
    0x0, 0x0, 0xa, 0xff, 0x10, 0x0, 0x7f, 0xf3,
    0x0, 0x0, 0x0, 0xd, 0xfe, 0x0, 0x0, 0xaf,
    0xf1, 0x0, 0x0, 0x0, 0xf, 0xfb, 0x0, 0x0,
    0xdf, 0xe0, 0x0, 0x0, 0x0, 0x2f, 0xf9, 0x0,
    0x0, 0xff, 0xb0, 0x0, 0x0, 0x0, 0x5f, 0xf6,
    0x0, 0x2, 0xff, 0x90, 0x0, 0x5, 0xff, 0xff,
    0xff, 0xff, 0xff, 0xff, 0xff, 0xf4, 0x8, 0xff,
    0xff, 0xff, 0xff, 0xff, 0xff, 0xff, 0xf1, 0x7,
    0xbb, 0xff, 0xfb, 0xbb, 0xbe, 0xff, 0xbb, 0xb0,
    0x0, 0x0, 0xff, 0xb0, 0x0, 0xd, 0xfe, 0x0,
    0x0, 0x0, 0x2, 0xff, 0x90, 0x0, 0xf, 0xfb,
    0x0, 0x0, 0x0, 0x5, 0xff, 0x60, 0x0, 0x2f,
    0xf9, 0x0, 0x0, 0x0, 0x7, 0xff, 0x30, 0x0,
    0x5f, 0xf6, 0x0, 0x0, 0x8f, 0xff, 0xff, 0xff,
    0xff, 0xff, 0xff, 0xff, 0x10, 0xbf, 0xff, 0xff,
    0xff, 0xff, 0xff, 0xff, 0xfe, 0x0, 0x9b, 0xbf,
    0xfe, 0xbb, 0xbb, 0xff, 0xfb, 0xb8, 0x0, 0x0,
    0x2f, 0xf9, 0x0, 0x0, 0xff, 0xb0, 0x0, 0x0,
    0x0, 0x4f, 0xf6, 0x0, 0x2, 0xff, 0x90, 0x0,
    0x0, 0x0, 0x7f, 0xf3, 0x0, 0x5, 0xff, 0x60,
    0x0, 0x0, 0x0, 0xaf, 0xf1, 0x0, 0x8, 0xff,
    0x30, 0x0, 0x0, 0x0, 0xcf, 0xe0, 0x0, 0xa,
    0xff, 0x10, 0x0, 0x0,

    /* U+0024 "$" */
    0x0, 0x0, 0x0, 0x1f, 0xf3, 0x0, 0x0, 0x0,
    0x0, 0x0, 0x0, 0x1f, 0xf3, 0x0, 0x0, 0x0,
    0x0, 0x0, 0x0, 0x1f, 0xf3, 0x0, 0x0, 0x0,
    0x0, 0x0, 0x0, 0x1f, 0xf3, 0x0, 0x0, 0x0,
    0x0, 0x1, 0x7b, 0xef, 0xfe, 0xb6, 0x0, 0x0,
    0x0, 0x5e, 0xff, 0xff, 0xff, 0xff, 0xe3, 0x0,
    0x5, 0xff, 0xff, 0xff, 0xff, 0xff, 0xff, 0x30,
    0x1f, 0xff, 0xfa, 0x5f, 0xf6, 0xbf, 0xff, 0xc0,
    0x5f, 0xff, 0x80, 0x1f, 0xf3, 0xa, 0xff, 0xf3,
    0x7f, 0xff, 0x20, 0x1f, 0xf3, 0x2, 0xff, 0xf6,
    0x6f, 0xff, 0x50, 0x1f, 0xf3, 0x0, 0x22, 0x21,
    0x2f, 0xff, 0xf6, 0x2f, 0xf3, 0x0, 0x0, 0x0,
    0x8, 0xff, 0xff, 0xff, 0xf6, 0x10, 0x0, 0x0,
    0x0, 0x6f, 0xff, 0xff, 0xff, 0xfc, 0x60, 0x0,
    0x0, 0x1, 0x6b, 0xff, 0xff, 0xff, 0xfd, 0x30,
    0x0, 0x0, 0x0, 0x1f, 0xfc, 0xff, 0xff, 0xf2,
    0x0, 0x0, 0x0, 0x1f, 0xf3, 0x19, 0xff, 0xf9,
    0x89, 0x95, 0x0, 0x1f, 0xf3, 0x0, 0xdf, 0xfd,
    0xdf, 0xfd, 0x0, 0x1f, 0xf3, 0x0, 0xcf, 0xfe,
    0x9f, 0xff, 0x60, 0x1f, 0xf3, 0x3, 0xff, 0xfb,
    0x3f, 0xff, 0xfa, 0x5f, 0xf6, 0x8f, 0xff, 0xf6,
    0x8, 0xff, 0xff, 0xff, 0xff, 0xff, 0xff, 0xb0,
    0x0, 0x7f, 0xff, 0xff, 0xff, 0xff, 0xfa, 0x0,
    0x0, 0x1, 0x7b, 0xef, 0xfe, 0xc8, 0x20, 0x0,
    0x0, 0x0, 0x0, 0x1f, 0xf3, 0x0, 0x0, 0x0,
    0x0, 0x0, 0x0, 0x1f, 0xf3, 0x0, 0x0, 0x0,
    0x0, 0x0, 0x0, 0x8, 0x81, 0x0, 0x0, 0x0,

    /* U+0025 "%" */
    0x0, 0x19, 0xef, 0xe9, 0x10, 0x0, 0x0, 0x0,
    0xc, 0xfe, 0x10, 0x0, 0x1, 0xef, 0xff, 0xff,
    0xe1, 0x0, 0x0, 0x0, 0x7f, 0xf4, 0x0, 0x0,
    0xa, 0xff, 0x84, 0x8f, 0xfa, 0x0, 0x0, 0x3,
    0xff, 0x90, 0x0, 0x0, 0xf, 0xfc, 0x0, 0xc,
    0xfe, 0x0, 0x0, 0xd, 0xfd, 0x0, 0x0, 0x0,
    0xf, 0xf9, 0x0, 0xa, 0xff, 0x0, 0x0, 0x9f,
    0xf3, 0x0, 0x0, 0x0, 0xf, 0xfb, 0x0, 0xc,
    0xfe, 0x0, 0x4, 0xff, 0x70, 0x0, 0x0, 0x0,
    0xa, 0xff, 0x84, 0x8f, 0xfa, 0x0, 0x1e, 0xfc,
    0x0, 0x0, 0x0, 0x0, 0x1, 0xef, 0xff, 0xff,
    0xe1, 0x0, 0xaf, 0xf2, 0x0, 0x0, 0x0, 0x0,
    0x0, 0x19, 0xef, 0xe9, 0x10, 0x5, 0xff, 0x60,
    0x0, 0x0, 0x0, 0x0, 0x0, 0x0, 0x0, 0x0,
    0x0, 0x2f, 0xfb, 0x0, 0x2, 0x42, 0x0, 0x0,
    0x0, 0x0, 0x0, 0x0, 0x0, 0xcf, 0xe1, 0x2,
    0xcf, 0xff, 0xd3, 0x0, 0x0, 0x0, 0x0, 0x0,
    0x7, 0xff, 0x40, 0x1e, 0xff, 0xff, 0xff, 0x20,
    0x0, 0x0, 0x0, 0x0, 0x3f, 0xf9, 0x0, 0x9f,
    0xf5, 0x5, 0xff, 0xa0, 0x0, 0x0, 0x0, 0x0,
    0xdf, 0xd0, 0x0, 0xef, 0xc0, 0x0, 0xcf, 0xe0,
    0x0, 0x0, 0x0, 0x9, 0xff, 0x30, 0x0, 0xff,
    0xa0, 0x0, 0x9f, 0xf0, 0x0, 0x0, 0x0, 0x4f,
    0xf7, 0x0, 0x0, 0xff, 0xa0, 0x0, 0xaf, 0xf0,
    0x0, 0x0, 0x1, 0xef, 0xc0, 0x0, 0x0, 0xdf,
    0xd0, 0x0, 0xdf, 0xd0, 0x0, 0x0, 0xa, 0xff,
    0x20, 0x0, 0x0, 0x7f, 0xfa, 0x49, 0xff, 0x80,
    0x0, 0x0, 0x5f, 0xf6, 0x0, 0x0, 0x0, 0xc,
    0xff, 0xff, 0xfc, 0x0, 0x0, 0x2, 0xff, 0xb0,
    0x0, 0x0, 0x0, 0x0, 0x8e, 0xfe, 0x80, 0x0,

    /* U+0026 "&" */
    0x0, 0x0, 0x8, 0xdf, 0xfd, 0x80, 0x0, 0x0,
    0x0, 0x0, 0x2, 0xdf, 0xff, 0xff, 0xfd, 0x10,
    0x0, 0x0, 0x0, 0xc, 0xff, 0xfe, 0xff, 0xff,
    0xa0, 0x0, 0x0, 0x0, 0x2f, 0xff, 0x70, 0x6,
    0xff, 0xf0, 0x0, 0x0, 0x0, 0x5f, 0xfd, 0x0,
    0x0, 0xef, 0xf1, 0x0, 0x0, 0x0, 0x4f, 0xfd,
    0x0, 0x1, 0xff, 0xf0, 0x0, 0x0, 0x0, 0x1f,
    0xff, 0x40, 0x1c, 0xff, 0x90, 0x0, 0x0, 0x0,
    0x9, 0xff, 0xe6, 0xef, 0xfc, 0x0, 0x0, 0x0,
    0x0, 0x0, 0xdf, 0xff, 0xff, 0xb1, 0x0, 0x0,
    0x0, 0x0, 0x0, 0x8f, 0xff, 0xf6, 0x0, 0x0,
    0x0, 0x0, 0x0, 0xa, 0xff, 0xff, 0xf9, 0x0,
    0x2, 0x99, 0x60, 0x0, 0xbf, 0xff, 0xbf, 0xff,
    0x70, 0x5, 0xff, 0xb0, 0x8, 0xff, 0xf4, 0x8,
    0xff, 0xf6, 0x9, 0xff, 0x90, 0xe, 0xff, 0x90,
    0x0, 0xaf, 0xff, 0x5e, 0xff, 0x60, 0xf, 0xff,
    0x60, 0x0, 0xb, 0xff, 0xff, 0xff, 0x10, 0xf,
    0xff, 0xb0, 0x0, 0x0, 0xcf, 0xff, 0xf8, 0x0,
    0xa, 0xff, 0xf9, 0x10, 0x3, 0xbf, 0xff, 0xf1,
    0x0, 0x2, 0xff, 0xff, 0xfe, 0xff, 0xff, 0xff,
    0xfc, 0x0, 0x0, 0x4e, 0xff, 0xff, 0xff, 0xff,
    0x9f, 0xff, 0xa0, 0x0, 0x1, 0x7c, 0xef, 0xfc,
    0x82, 0x4, 0xff, 0xf8,

    /* U+0027 "'" */
    0xbf, 0xf8, 0xaf, 0xf7, 0x9f, 0xf6, 0x9f, 0xf6,
    0x8f, 0xf5, 0x7f, 0xf4, 0x7f, 0xf4, 0x4a, 0xa2,

    /* U+0028 "(" */
    0x0, 0x0, 0x78, 0x84, 0x0, 0x5, 0xff, 0xf1,
    0x0, 0xc, 0xff, 0xb0, 0x0, 0x3f, 0xff, 0x50,
    0x0, 0x8f, 0xff, 0x0, 0x0, 0xdf, 0xfb, 0x0,
    0x1, 0xff, 0xf7, 0x0, 0x5, 0xff, 0xf3, 0x0,
    0x8, 0xff, 0xf0, 0x0, 0xb, 0xff, 0xd0, 0x0,
    0xd, 0xff, 0xa0, 0x0, 0xf, 0xff, 0x90, 0x0,
    0xf, 0xff, 0x70, 0x0, 0xf, 0xff, 0x70, 0x0,
    0xf, 0xff, 0x70, 0x0, 0xf, 0xff, 0x80, 0x0,
    0xe, 0xff, 0xa0, 0x0, 0xc, 0xff, 0xc0, 0x0,
    0x9, 0xff, 0xf0, 0x0, 0x5, 0xff, 0xf3, 0x0,
    0x1, 0xff, 0xf7, 0x0, 0x0, 0xcf, 0xfc, 0x0,
    0x0, 0x6f, 0xff, 0x20, 0x0, 0x1f, 0xff, 0x80,
    0x0, 0x9, 0xff, 0xe0, 0x0, 0x1, 0xff, 0xf5,

    /* U+0029 ")" */
    0x18, 0x88, 0x20, 0x0, 0xc, 0xff, 0xa0, 0x0,
    0x6, 0xff, 0xf1, 0x0, 0x0, 0xff, 0xf8, 0x0,
    0x0, 0xbf, 0xfd, 0x0, 0x0, 0x6f, 0xff, 0x20,
    0x0, 0x2f, 0xff, 0x60, 0x0, 0xe, 0xff, 0xa0,
    0x0, 0xb, 0xff, 0xd0, 0x0, 0x8, 0xff, 0xf0,
    0x0, 0x6, 0xff, 0xf2, 0x0, 0x4, 0xff, 0xf4,
    0x0, 0x3, 0xff, 0xf5, 0x0, 0x2, 0xff, 0xf5,
    0x0, 0x2, 0xff, 0xf5, 0x0, 0x3, 0xff, 0xf4,
    0x0, 0x5, 0xff, 0xf3, 0x0, 0x7, 0xff, 0xf1,
    0x0, 0xa, 0xff, 0xe0, 0x0, 0xe, 0xff, 0xb0,
    0x0, 0x2f, 0xff, 0x60, 0x0, 0x7f, 0xff, 0x10,
    0x0, 0xdf, 0xfc, 0x0, 0x3, 0xff, 0xf5, 0x0,
    0x9, 0xff, 0xd0, 0x0, 0x1f, 0xff, 0x50, 0x0,

    /* U+002A "*" */
    0x0, 0x0, 0xe, 0xf6, 0x0, 0x0, 0x0, 0x0,
    0xd, 0xf6, 0x0, 0x0, 0x7, 0xc2, 0xc, 0xf5,
    0x6, 0xe1, 0x1f, 0xff, 0x7b, 0xf6, 0xbf, 0xf9,
    0x5, 0xdf, 0xff, 0xff, 0xff, 0x92, 0x0, 0x5,
    0xff, 0xff, 0xb2, 0x0, 0x0, 0x5c, 0xff, 0xff,
    0xf9, 0x10, 0x1c, 0xff, 0xed, 0xfc, 0xff, 0xf7,
    0xc, 0xf9, 0x1c, 0xf4, 0x4d, 0xf4, 0x3, 0x40,
    0xd, 0xf5, 0x0, 0x60, 0x0, 0x0, 0xd, 0xf6,
    0x0, 0x0, 0x0, 0x0, 0x7, 0x83, 0x0, 0x0,

    /* U+002B "+" */
    0x0, 0x0, 0x6, 0xff, 0xa0, 0x0, 0x0, 0x0,
    0x0, 0x6, 0xff, 0xa0, 0x0, 0x0, 0x0, 0x0,
    0x6, 0xff, 0xa0, 0x0, 0x0, 0x0, 0x0, 0x6,
    0xff, 0xa0, 0x0, 0x0, 0x0, 0x0, 0x6, 0xff,
    0xa0, 0x0, 0x0, 0xae, 0xee, 0xef, 0xff, 0xfe,
    0xee, 0xee, 0xbf, 0xff, 0xff, 0xff, 0xff, 0xff,
    0xff, 0xbf, 0xff, 0xff, 0xff, 0xff, 0xff, 0xff,
    0x0, 0x0, 0x6, 0xff, 0xa0, 0x0, 0x0, 0x0,
    0x0, 0x6, 0xff, 0xa0, 0x0, 0x0, 0x0, 0x0,
    0x6, 0xff, 0xa0, 0x0, 0x0, 0x0, 0x0, 0x6,
    0xff, 0xa0, 0x0, 0x0, 0x0, 0x0, 0x6, 0xff,
    0xa0, 0x0, 0x0, 0x0, 0x0, 0x6, 0xff, 0xa0,
    0x0, 0x0,

    /* U+002C "," */
    0x0, 0x88, 0x83, 0x2, 0xff, 0xf2, 0x4, 0xff,
    0xe0, 0x6, 0xff, 0x90, 0x9, 0xff, 0x50, 0xb,
    0xff, 0x10, 0xd, 0xfc, 0x0, 0xf, 0xf7, 0x0,

    /* U+002D "-" */
    0x4e, 0xee, 0xee, 0xee, 0xeb, 0x5f, 0xff, 0xff,
    0xff, 0xfc, 0x5f, 0xff, 0xff, 0xff, 0xfc,

    /* U+002E "." */
    0x0, 0x41, 0x2, 0xef, 0xf3, 0x8f, 0xff, 0xa6,
    0xff, 0xf9, 0xa, 0xfc, 0x10,

    /* U+002F "/" */
    0x0, 0x0, 0x0, 0x28, 0x86, 0x0, 0x0, 0x0,
    0x8f, 0xf8, 0x0, 0x0, 0x0, 0xcf, 0xf4, 0x0,
    0x0, 0x1, 0xff, 0xf0, 0x0, 0x0, 0x5, 0xff,
    0xb0, 0x0, 0x0, 0x9, 0xff, 0x70, 0x0, 0x0,
    0xe, 0xff, 0x30, 0x0, 0x0, 0x2f, 0xfe, 0x0,
    0x0, 0x0, 0x6f, 0xfa, 0x0, 0x0, 0x0, 0xaf,
    0xf6, 0x0, 0x0, 0x0, 0xef, 0xf2, 0x0, 0x0,
    0x3, 0xff, 0xd0, 0x0, 0x0, 0x7, 0xff, 0x90,
    0x0, 0x0, 0xb, 0xff, 0x50, 0x0, 0x0, 0xf,
    0xff, 0x10, 0x0, 0x0, 0x4f, 0xfc, 0x0, 0x0,
    0x0, 0x8f, 0xf8, 0x0, 0x0, 0x0, 0xdf, 0xf4,
    0x0, 0x0, 0x1, 0xff, 0xf0, 0x0, 0x0, 0x5,
    0xff, 0xb0, 0x0, 0x0, 0xa, 0xff, 0x70, 0x0,
    0x0, 0xe, 0xff, 0x30, 0x0, 0x0, 0x2f, 0xfe,
    0x0, 0x0, 0x0, 0x6f, 0xfa, 0x0, 0x0, 0x0,
    0xbf, 0xf6, 0x0, 0x0, 0x0,

    /* U+0030 "0" */
    0x0, 0x0, 0x39, 0xdf, 0xfd, 0x93, 0x0, 0x0,
    0x0, 0x9, 0xff, 0xff, 0xff, 0xff, 0x90, 0x0,
    0x0, 0xaf, 0xff, 0xff, 0xff, 0xff, 0xfa, 0x0,
    0x5, 0xff, 0xfe, 0x50, 0x5, 0xef, 0xff, 0x50,
    0xd, 0xff, 0xe1, 0x0, 0x0, 0x1e, 0xff, 0xd0,
    0x4f, 0xff, 0x60, 0x0, 0x0, 0x6, 0xff, 0xf4,
    0x8f, 0xff, 0x0, 0x0, 0x0, 0x0, 0xff, 0xf8,
    0xbf, 0xfc, 0x0, 0x0, 0x0, 0x0, 0xcf, 0xfb,
    0xdf, 0xfa, 0x0, 0x0, 0x0, 0x0, 0xaf, 0xfd,
    0xef, 0xf9, 0x0, 0x0, 0x0, 0x0, 0x9f, 0xfe,
    0xef, 0xf9, 0x0, 0x0, 0x0, 0x0, 0x9f, 0xfe,
    0xdf, 0xfa, 0x0, 0x0, 0x0, 0x0, 0xaf, 0xfd,
    0xbf, 0xfc, 0x0, 0x0, 0x0, 0x0, 0xcf, 0xfb,
    0x8f, 0xff, 0x0, 0x0, 0x0, 0x0, 0xff, 0xf8,
    0x4f, 0xff, 0x60, 0x0, 0x0, 0x6, 0xff, 0xf4,
    0xd, 0xff, 0xe1, 0x0, 0x0, 0x1e, 0xff, 0xd0,
    0x5, 0xff, 0xfe, 0x50, 0x5, 0xef, 0xff, 0x50,
    0x0, 0xaf, 0xff, 0xff, 0xff, 0xff, 0xfa, 0x0,
    0x0, 0x9, 0xff, 0xff, 0xff, 0xff, 0x90, 0x0,
    0x0, 0x0, 0x3a, 0xdf, 0xfd, 0xa3, 0x0, 0x0,

    /* U+0031 "1" */
    0x0, 0x0, 0x4d, 0xff, 0xf2, 0x0, 0x19, 0xff,
    0xff, 0xf2, 0x4, 0xef, 0xff, 0xff, 0xf2, 0x3f,
    0xff, 0xfb, 0xff, 0xf2, 0x4f, 0xfb, 0x15, 0xff,
    0xf2, 0x4e, 0x50, 0x5, 0xff, 0xf2, 0x11, 0x0,
    0x5, 0xff, 0xf2, 0x0, 0x0, 0x5, 0xff, 0xf2,
    0x0, 0x0, 0x5, 0xff, 0xf2, 0x0, 0x0, 0x5,
    0xff, 0xf2, 0x0, 0x0, 0x5, 0xff, 0xf2, 0x0,
    0x0, 0x5, 0xff, 0xf2, 0x0, 0x0, 0x5, 0xff,
    0xf2, 0x0, 0x0, 0x5, 0xff, 0xf2, 0x0, 0x0,
    0x5, 0xff, 0xf2, 0x0, 0x0, 0x5, 0xff, 0xf2,
    0x0, 0x0, 0x5, 0xff, 0xf2, 0x0, 0x0, 0x5,
    0xff, 0xf2, 0x0, 0x0, 0x5, 0xff, 0xf2, 0x0,
    0x0, 0x5, 0xff, 0xf2,

    /* U+0032 "2" */
    0x0, 0x1, 0x8c, 0xff, 0xeb, 0x60, 0x0, 0x0,
    0x6, 0xff, 0xff, 0xff, 0xff, 0xe3, 0x0, 0x5,
    0xff, 0xff, 0xff, 0xff, 0xff, 0xf2, 0x1, 0xff,
    0xff, 0x61, 0x2, 0x9f, 0xff, 0xb0, 0x6f, 0xff,
    0x40, 0x0, 0x0, 0x9f, 0xff, 0x1a, 0xff, 0xc0,
    0x0, 0x0, 0x3, 0xff, 0xf3, 0x9d, 0xd8, 0x0,
    0x0, 0x0, 0x2f, 0xff, 0x30, 0x0, 0x0, 0x0,
    0x0, 0x6, 0xff, 0xf1, 0x0, 0x0, 0x0, 0x0,
    0x0, 0xdf, 0xfb, 0x0, 0x0, 0x0, 0x0, 0x0,
    0xbf, 0xff, 0x20, 0x0, 0x0, 0x0, 0x1, 0xcf,
    0xff, 0x50, 0x0, 0x0, 0x0, 0x2, 0xdf, 0xff,
    0x60, 0x0, 0x0, 0x0, 0x3, 0xef, 0xff, 0x50,
    0x0, 0x0, 0x0, 0x5, 0xff, 0xff, 0x40, 0x0,
    0x0, 0x0, 0x8, 0xff, 0xfe, 0x20, 0x0, 0x0,
    0x0, 0xa, 0xff, 0xfc, 0x10, 0x0, 0x0, 0x0,
    0x1c, 0xff, 0xfb, 0x10, 0x0, 0x0, 0x0, 0xb,
    0xff, 0xff, 0xff, 0xff, 0xff, 0xff, 0xf6, 0xbf,
    0xff, 0xff, 0xff, 0xff, 0xff, 0xff, 0x6b, 0xff,
    0xff, 0xff, 0xff, 0xff, 0xff, 0xf6,

    /* U+0033 "3" */
    0x0, 0x1, 0x7c, 0xef, 0xfd, 0x93, 0x0, 0x0,
    0x0, 0x5f, 0xff, 0xff, 0xff, 0xff, 0x90, 0x0,
    0x4, 0xff, 0xff, 0xfe, 0xff, 0xff, 0xfa, 0x0,
    0xe, 0xff, 0xf6, 0x0, 0x4, 0xdf, 0xff, 0x30,
    0x4f, 0xff, 0x50, 0x0, 0x0, 0x2f, 0xff, 0x80,
    0x4b, 0xbb, 0x0, 0x0, 0x0, 0xe, 0xff, 0x80,
    0x0, 0x0, 0x0, 0x0, 0x0, 0x2f, 0xff, 0x50,
    0x0, 0x0, 0x0, 0x0, 0x16, 0xef, 0xfb, 0x0,
    0x0, 0x0, 0x7, 0xff, 0xff, 0xff, 0x80, 0x0,
    0x0, 0x0, 0x7, 0xff, 0xff, 0xf9, 0x30, 0x0,
    0x0, 0x0, 0x5, 0xcc, 0xef, 0xff, 0xf9, 0x0,
    0x0, 0x0, 0x0, 0x0, 0x2, 0xbf, 0xff, 0x70,
    0x0, 0x0, 0x0, 0x0, 0x0, 0xc, 0xff, 0xf0,
    0x79, 0x97, 0x0, 0x0, 0x0, 0x6, 0xff, 0xf3,
    0xbf, 0xfe, 0x0, 0x0, 0x0, 0x7, 0xff, 0xf3,
    0x7f, 0xff, 0x50, 0x0, 0x0, 0xd, 0xff, 0xf0,
    0x1f, 0xff, 0xf7, 0x10, 0x4, 0xcf, 0xff, 0x90,
    0x5, 0xff, 0xff, 0xff, 0xff, 0xff, 0xfd, 0x10,
    0x0, 0x5f, 0xff, 0xff, 0xff, 0xff, 0xb1, 0x0,
    0x0, 0x1, 0x7c, 0xef, 0xfd, 0x94, 0x0, 0x0,

    /* U+0034 "4" */
    0x0, 0x0, 0x0, 0x0, 0x5, 0xff, 0xff, 0x80,
    0x0, 0x0, 0x0, 0x0, 0x0, 0x1e, 0xff, 0xff,
    0x80, 0x0, 0x0, 0x0, 0x0, 0x0, 0xbf, 0xff,
    0xff, 0x80, 0x0, 0x0, 0x0, 0x0, 0x6, 0xff,
    0xff, 0xff, 0x80, 0x0, 0x0, 0x0, 0x0, 0x2f,
    0xff, 0x7f, 0xff, 0x80, 0x0, 0x0, 0x0, 0x0,
    0xcf, 0xfc, 0xf, 0xff, 0x80, 0x0, 0x0, 0x0,
    0x7, 0xff, 0xf2, 0xf, 0xff, 0x80, 0x0, 0x0,
    0x0, 0x3f, 0xff, 0x60, 0xf, 0xff, 0x80, 0x0,
    0x0, 0x0, 0xdf, 0xfb, 0x0, 0xf, 0xff, 0x80,
    0x0, 0x0, 0x9, 0xff, 0xe1, 0x0, 0xf, 0xff,
    0x80, 0x0, 0x0, 0x4f, 0xff, 0x50, 0x0, 0xf,
    0xff, 0x80, 0x0, 0x1, 0xef, 0xf9, 0x0, 0x0,
    0xf, 0xff, 0x80, 0x0, 0xa, 0xff, 0xe0, 0x0,
    0x0, 0xf, 0xff, 0x80, 0x0, 0xf, 0xff, 0xff,
    0xff, 0xff, 0xff, 0xff, 0xff, 0xf4, 0x1f, 0xff,
    0xff, 0xff, 0xff, 0xff, 0xff, 0xff, 0xf4, 0x1f,
    0xff, 0xff, 0xff, 0xff, 0xff, 0xff, 0xff, 0xf3,
    0x0, 0x0, 0x0, 0x0, 0x0, 0xf, 0xff, 0x80,
    0x0, 0x0, 0x0, 0x0, 0x0, 0x0, 0xf, 0xff,
    0x80, 0x0, 0x0, 0x0, 0x0, 0x0, 0x0, 0xf,
    0xff, 0x80, 0x0, 0x0, 0x0, 0x0, 0x0, 0x0,
    0xf, 0xff, 0x80, 0x0,

    /* U+0035 "5" */
    0xf, 0xff, 0xff, 0xff, 0xff, 0xff, 0xf7, 0x0,
    0xff, 0xff, 0xff, 0xff, 0xff, 0xff, 0x70, 0x1f,
    0xff, 0xff, 0xff, 0xff, 0xff, 0xf7, 0x3, 0xff,
    0xf2, 0x0, 0x0, 0x0, 0x0, 0x0, 0x4f, 0xff,
    0x10, 0x0, 0x0, 0x0, 0x0, 0x5, 0xff, 0xf0,
    0x0, 0x0, 0x0, 0x0, 0x0, 0x6f, 0xfe, 0x7,
    0xcf, 0xfd, 0x81, 0x0, 0x7, 0xff, 0xed, 0xff,
    0xff, 0xff, 0xe4, 0x0, 0x8f, 0xff, 0xff, 0xfe,
    0xff, 0xff, 0xf3, 0x9, 0xff, 0xfc, 0x30, 0x0,
    0x8f, 0xff, 0xc0, 0x9e, 0xec, 0x0, 0x0, 0x0,
    0x8f, 0xff, 0x30, 0x0, 0x0, 0x0, 0x0, 0x1,
    0xff, 0xf7, 0x0, 0x0, 0x0, 0x0, 0x0, 0xd,
    0xff, 0x94, 0x55, 0x20, 0x0, 0x0, 0x0, 0xdf,
    0xf9, 0xef, 0xfa, 0x0, 0x0, 0x0, 0x1f, 0xff,
    0x7a, 0xff, 0xf2, 0x0, 0x0, 0x9, 0xff, 0xf3,
    0x3f, 0xff, 0xe5, 0x0, 0x19, 0xff, 0xfb, 0x0,
    0x8f, 0xff, 0xff, 0xff, 0xff, 0xfe, 0x20, 0x0,
    0x7f, 0xff, 0xff, 0xff, 0xfd, 0x20, 0x0, 0x0,
    0x28, 0xdf, 0xfe, 0xb6, 0x0, 0x0,

    /* U+0036 "6" */
    0x0, 0x0, 0x39, 0xdf, 0xfe, 0xa5, 0x0, 0x0,
    0x0, 0x9, 0xff, 0xff, 0xff, 0xff, 0xc1, 0x0,
    0x0, 0x9f, 0xff, 0xff, 0xff, 0xff, 0xfd, 0x0,
    0x4, 0xff, 0xfb, 0x30, 0x2, 0xaf, 0xff, 0x70,
    0xd, 0xff, 0xb0, 0x0, 0x0, 0xc, 0xff, 0xc0,
    0x3f, 0xff, 0x10, 0x0, 0x0, 0x0, 0x0, 0x0,
    0x7f, 0xfc, 0x2, 0x8c, 0xdc, 0x82, 0x0, 0x0,
    0xaf, 0xf9, 0x6f, 0xff, 0xff, 0xff, 0x80, 0x0,
    0xcf, 0xfc, 0xff, 0xff, 0xff, 0xff, 0xf9, 0x0,
    0xef, 0xff, 0xfc, 0x30, 0x16, 0xef, 0xff, 0x40,
    0xef, 0xff, 0xc0, 0x0, 0x0, 0x3f, 0xff, 0xb0,
    0xef, 0xff, 0x40, 0x0, 0x0, 0xa, 0xff, 0xf0,
    0xcf, 0xff, 0x0, 0x0, 0x0, 0x6, 0xff, 0xf1,
    0xaf, 0xff, 0x0, 0x0, 0x0, 0x6, 0xff, 0xf1,
    0x6f, 0xff, 0x30, 0x0, 0x0, 0xa, 0xff, 0xf0,
    0x1f, 0xff, 0xc0, 0x0, 0x0, 0x3f, 0xff, 0xa0,
    0x9, 0xff, 0xfb, 0x30, 0x6, 0xef, 0xff, 0x30,
    0x0, 0xdf, 0xff, 0xff, 0xff, 0xff, 0xf8, 0x0,
    0x0, 0x1c, 0xff, 0xff, 0xff, 0xff, 0x70, 0x0,
    0x0, 0x0, 0x5b, 0xef, 0xfd, 0x92, 0x0, 0x0,

    /* U+0037 "7" */
    0x4f, 0xff, 0xff, 0xff, 0xff, 0xff, 0xff, 0x94,
    0xff, 0xff, 0xff, 0xff, 0xff, 0xff, 0xf9, 0x4f,
    0xff, 0xff, 0xff, 0xff, 0xff, 0xff, 0x90, 0x11,
    0x11, 0x11, 0x11, 0x16, 0xff, 0xf5, 0x0, 0x0,
    0x0, 0x0, 0x0, 0xdf, 0xfd, 0x0, 0x0, 0x0,
    0x0, 0x0, 0x5f, 0xff, 0x50, 0x0, 0x0, 0x0,
    0x0, 0xd, 0xff, 0xd0, 0x0, 0x0, 0x0, 0x0,
    0x6, 0xff, 0xf4, 0x0, 0x0, 0x0, 0x0, 0x0,
    0xef, 0xfc, 0x0, 0x0, 0x0, 0x0, 0x0, 0x6f,
    0xff, 0x40, 0x0, 0x0, 0x0, 0x0, 0xe, 0xff,
    0xc0, 0x0, 0x0, 0x0, 0x0, 0x7, 0xff, 0xf3,
    0x0, 0x0, 0x0, 0x0, 0x0, 0xef, 0xfb, 0x0,
    0x0, 0x0, 0x0, 0x0, 0x7f, 0xff, 0x30, 0x0,
    0x0, 0x0, 0x0, 0x1f, 0xff, 0xb0, 0x0, 0x0,
    0x0, 0x0, 0x8, 0xff, 0xf3, 0x0, 0x0, 0x0,
    0x0, 0x1, 0xff, 0xfa, 0x0, 0x0, 0x0, 0x0,
    0x0, 0x9f, 0xff, 0x20, 0x0, 0x0, 0x0, 0x0,
    0x1f, 0xff, 0xa0, 0x0, 0x0, 0x0, 0x0, 0x9,
    0xff, 0xf2, 0x0, 0x0, 0x0, 0x0,

    /* U+0038 "8" */
    0x0, 0x1, 0x8c, 0xef, 0xfd, 0x82, 0x0, 0x0,
    0x0, 0x6f, 0xff, 0xff, 0xff, 0xff, 0x80, 0x0,
    0x5, 0xff, 0xff, 0xfd, 0xef, 0xff, 0xf7, 0x0,
    0xe, 0xff, 0xf5, 0x0, 0x4, 0xef, 0xff, 0x10,
    0x2f, 0xff, 0x70, 0x0, 0x0, 0x5f, 0xff, 0x40,
    0x2f, 0xff, 0x40, 0x0, 0x0, 0x3f, 0xff, 0x40,
    0xe, 0xff, 0x90, 0x0, 0x0, 0x7f, 0xff, 0x10,
    0x6, 0xff, 0xf8, 0x20, 0x17, 0xff, 0xf8, 0x0,
    0x0, 0x5e, 0xff, 0xff, 0xff, 0xfe, 0x60, 0x0,
    0x0, 0x7, 0xef, 0xff, 0xff, 0xe8, 0x10, 0x0,
    0x3, 0xef, 0xff, 0xec, 0xef, 0xff, 0xf4, 0x0,
    0x1f, 0xff, 0xe4, 0x0, 0x3, 0xdf, 0xff, 0x30,
    0x9f, 0xff, 0x20, 0x0, 0x0, 0x1f, 0xff, 0xb0,
    0xdf, 0xfc, 0x0, 0x0, 0x0, 0xa, 0xff, 0xf0,
    0xef, 0xfc, 0x0, 0x0, 0x0, 0xa, 0xff, 0xf0,
    0xcf, 0xff, 0x10, 0x0, 0x0, 0xe, 0xff, 0xe0,
    0x6f, 0xff, 0xd3, 0x0, 0x2, 0xcf, 0xff, 0x80,
    0xb, 0xff, 0xff, 0xec, 0xdf, 0xff, 0xfd, 0x0,
    0x0, 0xaf, 0xff, 0xff, 0xff, 0xff, 0xb1, 0x0,
    0x0, 0x2, 0x9d, 0xff, 0xfd, 0x93, 0x0, 0x0,

    /* U+0039 "9" */
    0x0, 0x2, 0x8c, 0xff, 0xeb, 0x60, 0x0, 0x0,
    0x0, 0x7f, 0xff, 0xff, 0xff, 0xfd, 0x30, 0x0,
    0x8, 0xff, 0xff, 0xff, 0xff, 0xff, 0xe2, 0x0,
    0x3f, 0xff, 0xf6, 0x0, 0x18, 0xff, 0xfc, 0x0,
    0x9f, 0xff, 0x30, 0x0, 0x0, 0x7f, 0xff, 0x40,
    0xdf, 0xfb, 0x0, 0x0, 0x0, 0xe, 0xff, 0x90,
    0xef, 0xf9, 0x0, 0x0, 0x0, 0xc, 0xff, 0xd0,
    0xdf, 0xfb, 0x0, 0x0, 0x0, 0xe, 0xff, 0xf0,
    0x9f, 0xff, 0x30, 0x0, 0x0, 0x8f, 0xff, 0xf1,
    0x3f, 0xff, 0xf6, 0x10, 0x29, 0xff, 0xff, 0xf1,
    0x8, 0xff, 0xff, 0xff, 0xff, 0xfd, 0xff, 0xf1,
    0x0, 0x8f, 0xff, 0xff, 0xff, 0x96, 0xff, 0xf0,
    0x0, 0x2, 0x8b, 0xdc, 0x93, 0x8, 0xff, 0xd0,
    0x0, 0x0, 0x0, 0x0, 0x0, 0xb, 0xff, 0xa0,
    0x69, 0x97, 0x0, 0x0, 0x0, 0x2f, 0xff, 0x50,
    0x8f, 0xff, 0x20, 0x0, 0x0, 0xbf, 0xff, 0x0,
    0x2f, 0xff, 0xe4, 0x0, 0x3b, 0xff, 0xf7, 0x0,
    0x7, 0xff, 0xff, 0xff, 0xff, 0xff, 0xc0, 0x0,
    0x0, 0x7f, 0xff, 0xff, 0xff, 0xfb, 0x0, 0x0,
    0x0, 0x2, 0x9d, 0xff, 0xea, 0x40, 0x0, 0x0,

    /* U+003A ":" */
    0x0, 0x41, 0x2, 0xef, 0xf3, 0x8f, 0xff, 0xa6,
    0xff, 0xf9, 0xa, 0xfc, 0x10, 0x0, 0x0, 0x0,
    0x0, 0x0, 0x0, 0x0, 0x0, 0x0, 0x0, 0x0,
    0x0, 0x0, 0x41, 0x2, 0xef, 0xf3, 0x8f, 0xff,
    0xa6, 0xff, 0xf9, 0xa, 0xfc, 0x10,

    /* U+003B ";" */
    0x0, 0x4, 0x10, 0x1, 0xdf, 0xf5, 0x6, 0xff,
    0xfc, 0x5, 0xff, 0xfb, 0x0, 0x9f, 0xd2, 0x0,
    0x0, 0x0, 0x0, 0x0, 0x0, 0x0, 0x0, 0x0,
    0x0, 0x0, 0x0, 0x0, 0x0, 0x0, 0x0, 0x0,
    0x0, 0x0, 0x88, 0x83, 0x2, 0xff, 0xf2, 0x4,
    0xff, 0xe0, 0x6, 0xff, 0x90, 0x9, 0xff, 0x50,
    0xb, 0xff, 0x10, 0xd, 0xfc, 0x0, 0xf, 0xf7,
    0x0,

    /* U+003C "<" */
    0x0, 0x0, 0x0, 0x0, 0x0, 0x0, 0x46, 0x0,
    0x0, 0x0, 0x0, 0x0, 0x5d, 0xfa, 0x0, 0x0,
    0x0, 0x0, 0x6e, 0xff, 0xfa, 0x0, 0x0, 0x1,
    0x7e, 0xff, 0xff, 0xf7, 0x0, 0x1, 0x8f, 0xff,
    0xff, 0xf9, 0x20, 0x2, 0x9f, 0xff, 0xff, 0xd7,
    0x0, 0x0, 0xaf, 0xff, 0xff, 0xc5, 0x0, 0x0,
    0x0, 0xef, 0xff, 0xa3, 0x0, 0x0, 0x0, 0x0,
    0xef, 0xff, 0xd6, 0x0, 0x0, 0x0, 0x0, 0x6e,
    0xff, 0xff, 0xe8, 0x10, 0x0, 0x0, 0x0, 0x6d,
    0xff, 0xff, 0xfa, 0x30, 0x0, 0x0, 0x0, 0x5c,
    0xff, 0xff, 0xfc, 0x50, 0x0, 0x0, 0x0, 0x4b,
    0xff, 0xff, 0xf9, 0x0, 0x0, 0x0, 0x0, 0x3a,
    0xff, 0xfa, 0x0, 0x0, 0x0, 0x0, 0x0, 0x29,
    0xfa, 0x0, 0x0, 0x0, 0x0, 0x0, 0x0, 0x14,

    /* U+003D "=" */
    0x7f, 0xff, 0xff, 0xff, 0xff, 0xff, 0xfb, 0x7f,
    0xff, 0xff, 0xff, 0xff, 0xff, 0xfb, 0x7f, 0xff,
    0xff, 0xff, 0xff, 0xff, 0xfb, 0x0, 0x0, 0x0,
    0x0, 0x0, 0x0, 0x0, 0x0, 0x0, 0x0, 0x0,
    0x0, 0x0, 0x0, 0x0, 0x0, 0x0, 0x0, 0x0,
    0x0, 0x0, 0x7f, 0xff, 0xff, 0xff, 0xff, 0xff,
    0xfb, 0x7f, 0xff, 0xff, 0xff, 0xff, 0xff, 0xfb,
    0x7f, 0xff, 0xff, 0xff, 0xff, 0xff, 0xfb,

    /* U+003E ">" */
    0x46, 0x0, 0x0, 0x0, 0x0, 0x0, 0x0, 0x6,
    0xfe, 0x71, 0x0, 0x0, 0x0, 0x0, 0x0, 0x6f,
    0xff, 0xf8, 0x10, 0x0, 0x0, 0x0, 0x4, 0xff,
    0xff, 0xff, 0x92, 0x0, 0x0, 0x0, 0x1, 0x7e,
    0xff, 0xff, 0xfa, 0x30, 0x0, 0x0, 0x0, 0x5,
    0xcf, 0xff, 0xff, 0xb4, 0x0, 0x0, 0x0, 0x0,
    0x3a, 0xff, 0xff, 0xfc, 0x10, 0x0, 0x0, 0x0,
    0x1, 0x8f, 0xff, 0xf2, 0x0, 0x0, 0x0, 0x0,
    0x4b, 0xff, 0xff, 0x20, 0x0, 0x0, 0x6, 0xdf,
    0xff, 0xff, 0x90, 0x0, 0x1, 0x8e, 0xff, 0xff,
    0xe8, 0x10, 0x0, 0x3a, 0xff, 0xff, 0xfe, 0x70,
    0x0, 0x0, 0x5f, 0xff, 0xff, 0xd6, 0x0, 0x0,
    0x0, 0x6, 0xff, 0xfc, 0x50, 0x0, 0x0, 0x0,
    0x0, 0x6f, 0xb4, 0x0, 0x0, 0x0, 0x0, 0x0,
    0x3, 0x30, 0x0, 0x0, 0x0, 0x0, 0x0, 0x0,

    /* U+003F "?" */
    0x0, 0x0, 0x5b, 0xef, 0xfd, 0x82, 0x0, 0x0,
    0x2, 0xdf, 0xff, 0xff, 0xff, 0xf7, 0x0, 0x0,
    0xdf, 0xff, 0xff, 0xff, 0xff, 0xf6, 0x0, 0x8f,
    0xff, 0x91, 0x0, 0x6f, 0xff, 0xe0, 0xd, 0xff,
    0xb0, 0x0, 0x0, 0x7f, 0xff, 0x20, 0xff, 0xf6,
    0x0, 0x0, 0x4, 0xff, 0xf2, 0x1, 0x11, 0x0,
    0x0, 0x0, 0x7f, 0xff, 0x0, 0x0, 0x0, 0x0,
    0x0, 0x3f, 0xff, 0x90, 0x0, 0x0, 0x0, 0x0,
    0x8f, 0xff, 0xd1, 0x0, 0x0, 0x0, 0x2, 0xdf,
    0xff, 0xb1, 0x0, 0x0, 0x0, 0x0, 0xdf, 0xff,
    0x60, 0x0, 0x0, 0x0, 0x0, 0x3f, 0xff, 0x50,
    0x0, 0x0, 0x0, 0x0, 0x5, 0xff, 0xe0, 0x0,
    0x0, 0x0, 0x0, 0x0, 0x5f, 0xfd, 0x0, 0x0,
    0x0, 0x0, 0x0, 0x0, 0x0, 0x0, 0x0, 0x0,
    0x0, 0x0, 0x0, 0x1, 0x30, 0x0, 0x0, 0x0,
    0x0, 0x0, 0x5, 0xff, 0xd0, 0x0, 0x0, 0x0,
    0x0, 0x0, 0xdf, 0xff, 0x50, 0x0, 0x0, 0x0,
    0x0, 0xc, 0xff, 0xf4, 0x0, 0x0, 0x0, 0x0,
    0x0, 0x2d, 0xf9, 0x0, 0x0, 0x0,

    /* U+0040 "@" */
    0x0, 0x0, 0x0, 0x0, 0x49, 0xce, 0xff, 0xfd,
    0xa6, 0x10, 0x0, 0x0, 0x0, 0x0, 0x0, 0x0,
    0x7e, 0xff, 0xff, 0xff, 0xff, 0xff, 0xf9, 0x10,
    0x0, 0x0, 0x0, 0x0, 0x3d, 0xff, 0xff, 0xff,
    0xdd, 0xef, 0xff, 0xff, 0xf5, 0x0, 0x0, 0x0,
    0x4, 0xff, 0xff, 0xc6, 0x10, 0x0, 0x0, 0x49,
    0xff, 0xff, 0x70, 0x0, 0x0, 0x2f, 0xff, 0xe4,
    0x0, 0x0, 0x0, 0x0, 0x0, 0x1b, 0xff, 0xf5,
    0x0, 0x0, 0xdf, 0xfd, 0x10, 0x0, 0x0, 0x0,
    0x0, 0x0, 0x0, 0xaf, 0xff, 0x10, 0x6, 0xff,
    0xf2, 0x0, 0x0, 0x59, 0xb9, 0x50, 0x56, 0x50,
    0xc, 0xff, 0x90, 0xe, 0xff, 0x70, 0x0, 0x3d,
    0xff, 0xff, 0xfb, 0xdf, 0xd0, 0x3, 0xff, 0xf0,
    0x4f, 0xff, 0x0, 0x2, 0xff, 0xff, 0xff, 0xff,
    0xff, 0xd0, 0x0, 0xdf, 0xf5, 0x8f, 0xfa, 0x0,
    0xb, 0xff, 0xc3, 0x1, 0x7f, 0xff, 0xd0, 0x0,
    0x8f, 0xf8, 0xbf, 0xf6, 0x0, 0x2f, 0xfe, 0x10,
    0x0, 0x7, 0xff, 0xd0, 0x0, 0x5f, 0xfb, 0xdf,
    0xf4, 0x0, 0x6f, 0xf8, 0x0, 0x0, 0x1, 0xff,
    0xd0, 0x0, 0x3f, 0xfc, 0xef, 0xf3, 0x0, 0x8f,
    0xf6, 0x0, 0x0, 0x0, 0xef, 0xd0, 0x0, 0x3f,
    0xfd, 0xef, 0xf3, 0x0, 0x8f, 0xf5, 0x0, 0x0,
    0x0, 0xef, 0xd0, 0x0, 0x3f, 0xfc, 0xdf, 0xf4,
    0x0, 0x7f, 0xf7, 0x0, 0x0, 0x0, 0xff, 0xd0,
    0x0, 0x5f, 0xfa, 0xbf, 0xf6, 0x0, 0x3f, 0xfc,
    0x0, 0x0, 0x5, 0xff, 0xd0, 0x0, 0x9f, 0xf7,
    0x8f, 0xfa, 0x0, 0xd, 0xff, 0x80, 0x0, 0x2d,
    0xff, 0xf0, 0x2, 0xff, 0xf2, 0x4f, 0xfe, 0x0,
    0x5, 0xff, 0xfd, 0xab, 0xff, 0xff, 0xfd, 0xaf,
    0xff, 0xa0, 0xe, 0xff, 0x60, 0x0, 0x7f, 0xff,
    0xff, 0xfd, 0x3f, 0xff, 0xff, 0xfc, 0x10, 0x7,
    0xff, 0xf2, 0x0, 0x3, 0xbe, 0xfe, 0x91, 0x3,
    0xcf, 0xfd, 0x70, 0x0, 0x0, 0xdf, 0xfd, 0x10,
    0x0, 0x0, 0x0, 0x0, 0x0, 0x0, 0x0, 0x0,
    0x0, 0x0, 0x3f, 0xff, 0xe4, 0x0, 0x0, 0x0,
    0x0, 0x0, 0x0, 0x0, 0x0, 0x0, 0x0, 0x4,
    0xff, 0xff, 0xc6, 0x20, 0x0, 0x0, 0x37, 0xb2,
    0x0, 0x0, 0x0, 0x0, 0x0, 0x3d, 0xff, 0xff,
    0xff, 0xdd, 0xef, 0xff, 0xf8, 0x0, 0x0, 0x0,
    0x0, 0x0, 0x0, 0x7e, 0xff, 0xff, 0xff, 0xff,
    0xff, 0xfc, 0x0, 0x0, 0x0, 0x0, 0x0, 0x0,
    0x0, 0x49, 0xce, 0xff, 0xfd, 0xb7, 0x30, 0x0,
    0x0, 0x0,

    /* U+0041 "A" */
    0x0, 0x0, 0x0, 0xa, 0xff, 0xff, 0x40, 0x0,
    0x0, 0x0, 0x0, 0x0, 0x0, 0xf, 0xff, 0xff,
    0xa0, 0x0, 0x0, 0x0, 0x0, 0x0, 0x0, 0x6f,
    0xff, 0xff, 0xf0, 0x0, 0x0, 0x0, 0x0, 0x0,
    0x0, 0xcf, 0xfc, 0xff, 0xf5, 0x0, 0x0, 0x0,
    0x0, 0x0, 0x1, 0xff, 0xf6, 0xcf, 0xfb, 0x0,
    0x0, 0x0, 0x0, 0x0, 0x7, 0xff, 0xf1, 0x7f,
    0xff, 0x10, 0x0, 0x0, 0x0, 0x0, 0xd, 0xff,
    0xc0, 0x2f, 0xff, 0x70, 0x0, 0x0, 0x0, 0x0,
    0x3f, 0xff, 0x70, 0xd, 0xff, 0xc0, 0x0, 0x0,
    0x0, 0x0, 0x9f, 0xff, 0x20, 0x8, 0xff, 0xf2,
    0x0, 0x0, 0x0, 0x0, 0xef, 0xfd, 0x0, 0x3,
    0xff, 0xf8, 0x0, 0x0, 0x0, 0x4, 0xff, 0xf7,
    0x0, 0x0, 0xef, 0xfe, 0x0, 0x0, 0x0, 0xa,
    0xff, 0xf2, 0x0, 0x0, 0x8f, 0xff, 0x40, 0x0,
    0x0, 0xf, 0xff, 0xff, 0xff, 0xff, 0xff, 0xff,
    0x90, 0x0, 0x0, 0x5f, 0xff, 0xff, 0xff, 0xff,
    0xff, 0xff, 0xf0, 0x0, 0x0, 0xbf, 0xff, 0xff,
    0xff, 0xff, 0xff, 0xff, 0xf5, 0x0, 0x1, 0xff,
    0xfc, 0x0, 0x0, 0x0, 0x2, 0xff, 0xfb, 0x0,
    0x7, 0xff, 0xf6, 0x0, 0x0, 0x0, 0x0, 0xdf,
    0xff, 0x10, 0xd, 0xff, 0xf1, 0x0, 0x0, 0x0,
    0x0, 0x8f, 0xff, 0x60, 0x2f, 0xff, 0xb0, 0x0,
    0x0, 0x0, 0x0, 0x2f, 0xff, 0xc0, 0x8f, 0xff,
    0x60, 0x0, 0x0, 0x0, 0x0, 0xd, 0xff, 0xf2,

    /* U+0042 "B" */
    0x3f, 0xff, 0xff, 0xff, 0xff, 0xda, 0x40, 0x0,
    0x3, 0xff, 0xff, 0xff, 0xff, 0xff, 0xff, 0xa0,
    0x0, 0x3f, 0xff, 0xff, 0xff, 0xff, 0xff, 0xff,
    0x90, 0x3, 0xff, 0xf5, 0x0, 0x0, 0x17, 0xff,
    0xff, 0x10, 0x3f, 0xff, 0x50, 0x0, 0x0, 0x8,
    0xff, 0xf5, 0x3, 0xff, 0xf5, 0x0, 0x0, 0x0,
    0x4f, 0xff, 0x50, 0x3f, 0xff, 0x50, 0x0, 0x0,
    0x7, 0xff, 0xf2, 0x3, 0xff, 0xf5, 0x0, 0x0,
    0x4, 0xff, 0xf9, 0x0, 0x3f, 0xff, 0xdc, 0xcc,
    0xce, 0xff, 0xf8, 0x0, 0x3, 0xff, 0xff, 0xff,
    0xff, 0xff, 0xf9, 0x20, 0x0, 0x3f, 0xff, 0xff,
    0xff, 0xff, 0xff, 0xff, 0x80, 0x3, 0xff, 0xf5,
    0x0, 0x0, 0x15, 0xdf, 0xff, 0x60, 0x3f, 0xff,
    0x50, 0x0, 0x0, 0x1, 0xef, 0xfd, 0x3, 0xff,
    0xf5, 0x0, 0x0, 0x0, 0xa, 0xff, 0xf1, 0x3f,
    0xff, 0x50, 0x0, 0x0, 0x0, 0x9f, 0xff, 0x13,
    0xff, 0xf5, 0x0, 0x0, 0x0, 0xe, 0xff, 0xf0,
    0x3f, 0xff, 0x50, 0x0, 0x0, 0x4c, 0xff, 0xfb,
    0x3, 0xff, 0xff, 0xff, 0xff, 0xff, 0xff, 0xff,
    0x20, 0x3f, 0xff, 0xff, 0xff, 0xff, 0xff, 0xfe,
    0x40, 0x3, 0xff, 0xff, 0xff, 0xff, 0xfe, 0xb7,
    0x0, 0x0,

    /* U+0043 "C" */
    0x0, 0x0, 0x2, 0x8c, 0xff, 0xfd, 0x93, 0x0,
    0x0, 0x0, 0x0, 0x1a, 0xff, 0xff, 0xff, 0xff,
    0xfb, 0x20, 0x0, 0x0, 0x2e, 0xff, 0xff, 0xff,
    0xff, 0xff, 0xfe, 0x30, 0x0, 0xd, 0xff, 0xff,
    0xa5, 0x45, 0x8e, 0xff, 0xfe, 0x10, 0x9, 0xff,
    0xfd, 0x20, 0x0, 0x0, 0xb, 0xff, 0xf8, 0x1,
    0xff, 0xfe, 0x10, 0x0, 0x0, 0x0, 0xe, 0xff,
    0xf0, 0x7f, 0xff, 0x70, 0x0, 0x0, 0x0, 0x0,
    0x7f, 0xff, 0x3b, 0xff, 0xf1, 0x0, 0x0, 0x0,
    0x0, 0x0, 0x0, 0x0, 0xdf, 0xfd, 0x0, 0x0,
    0x0, 0x0, 0x0, 0x0, 0x0, 0xe, 0xff, 0xc0,
    0x0, 0x0, 0x0, 0x0, 0x0, 0x0, 0x0, 0xef,
    0xfc, 0x0, 0x0, 0x0, 0x0, 0x0, 0x0, 0x0,
    0xd, 0xff, 0xd0, 0x0, 0x0, 0x0, 0x0, 0x0,
    0x0, 0x0, 0xbf, 0xff, 0x10, 0x0, 0x0, 0x0,
    0x0, 0x0, 0x0, 0x7, 0xff, 0xf6, 0x0, 0x0,
    0x0, 0x0, 0x7, 0xff, 0xf3, 0x1f, 0xff, 0xe1,
    0x0, 0x0, 0x0, 0x0, 0xef, 0xff, 0x0, 0x9f,
    0xff, 0xd2, 0x0, 0x0, 0x1, 0xbf, 0xff, 0x90,
    0x0, 0xdf, 0xff, 0xfa, 0x54, 0x58, 0xef, 0xff,
    0xe1, 0x0, 0x2, 0xef, 0xff, 0xff, 0xff, 0xff,
    0xff, 0xe2, 0x0, 0x0, 0x1, 0xaf, 0xff, 0xff,
    0xff, 0xff, 0xb1, 0x0, 0x0, 0x0, 0x0, 0x28,
    0xcf, 0xff, 0xd9, 0x30, 0x0, 0x0,

    /* U+0044 "D" */
    0x3f, 0xff, 0xff, 0xff, 0xfe, 0xb7, 0x10, 0x0,
    0x0, 0x3f, 0xff, 0xff, 0xff, 0xff, 0xff, 0xf8,
    0x0, 0x0, 0x3f, 0xff, 0xff, 0xff, 0xff, 0xff,
    0xff, 0xb0, 0x0, 0x3f, 0xff, 0x71, 0x11, 0x25,
    0xaf, 0xff, 0xfa, 0x0, 0x3f, 0xff, 0x60, 0x0,
    0x0, 0x3, 0xef, 0xff, 0x50, 0x3f, 0xff, 0x60,
    0x0, 0x0, 0x0, 0x3f, 0xff, 0xc0, 0x3f, 0xff,
    0x60, 0x0, 0x0, 0x0, 0xa, 0xff, 0xf2, 0x3f,
    0xff, 0x60, 0x0, 0x0, 0x0, 0x5, 0xff, 0xf5,
    0x3f, 0xff, 0x60, 0x0, 0x0, 0x0, 0x2, 0xff,
    0xf8, 0x3f, 0xff, 0x60, 0x0, 0x0, 0x0, 0x1,
    0xff, 0xf9, 0x3f, 0xff, 0x60, 0x0, 0x0, 0x0,
    0x1, 0xff, 0xf9, 0x3f, 0xff, 0x60, 0x0, 0x0,
    0x0, 0x2, 0xff, 0xf8, 0x3f, 0xff, 0x60, 0x0,
    0x0, 0x0, 0x5, 0xff, 0xf5, 0x3f, 0xff, 0x60,
    0x0, 0x0, 0x0, 0xa, 0xff, 0xf2, 0x3f, 0xff,
    0x60, 0x0, 0x0, 0x0, 0x3f, 0xff, 0xc0, 0x3f,
    0xff, 0x60, 0x0, 0x0, 0x3, 0xef, 0xff, 0x40,
    0x3f, 0xff, 0x71, 0x11, 0x25, 0xaf, 0xff, 0xfa,
    0x0, 0x3f, 0xff, 0xff, 0xff, 0xff, 0xff, 0xff,
    0xb0, 0x0, 0x3f, 0xff, 0xff, 0xff, 0xff, 0xff,
    0xf7, 0x0, 0x0, 0x3f, 0xff, 0xff, 0xff, 0xfe,
    0xb6, 0x10, 0x0, 0x0,

    /* U+0045 "E" */
    0x3f, 0xff, 0xff, 0xff, 0xff, 0xff, 0xff, 0xb3,
    0xff, 0xff, 0xff, 0xff, 0xff, 0xff, 0xfb, 0x3f,
    0xff, 0xff, 0xff, 0xff, 0xff, 0xff, 0xb3, 0xff,
    0xf7, 0x22, 0x22, 0x22, 0x22, 0x21, 0x3f, 0xff,
    0x60, 0x0, 0x0, 0x0, 0x0, 0x3, 0xff, 0xf6,
    0x0, 0x0, 0x0, 0x0, 0x0, 0x3f, 0xff, 0x60,
    0x0, 0x0, 0x0, 0x0, 0x3, 0xff, 0xf6, 0x0,
    0x0, 0x0, 0x0, 0x0, 0x3f, 0xff, 0xff, 0xff,
    0xff, 0xff, 0xff, 0x3, 0xff, 0xff, 0xff, 0xff,
    0xff, 0xff, 0xf0, 0x3f, 0xff, 0xff, 0xff, 0xff,
    0xff, 0xff, 0x3, 0xff, 0xf7, 0x11, 0x11, 0x11,
    0x11, 0x10, 0x3f, 0xff, 0x60, 0x0, 0x0, 0x0,
    0x0, 0x3, 0xff, 0xf6, 0x0, 0x0, 0x0, 0x0,
    0x0, 0x3f, 0xff, 0x60, 0x0, 0x0, 0x0, 0x0,
    0x3, 0xff, 0xf6, 0x0, 0x0, 0x0, 0x0, 0x0,
    0x3f, 0xff, 0x72, 0x22, 0x22, 0x22, 0x22, 0x13,
    0xff, 0xff, 0xff, 0xff, 0xff, 0xff, 0xfb, 0x3f,
    0xff, 0xff, 0xff, 0xff, 0xff, 0xff, 0xb3, 0xff,
    0xff, 0xff, 0xff, 0xff, 0xff, 0xfb,

    /* U+0046 "F" */
    0x3f, 0xff, 0xff, 0xff, 0xff, 0xff, 0xff, 0x53,
    0xff, 0xff, 0xff, 0xff, 0xff, 0xff, 0xf5, 0x3f,
    0xff, 0xff, 0xff, 0xff, 0xff, 0xff, 0x53, 0xff,
    0xf7, 0x22, 0x22, 0x22, 0x22, 0x20, 0x3f, 0xff,
    0x60, 0x0, 0x0, 0x0, 0x0, 0x3, 0xff, 0xf6,
    0x0, 0x0, 0x0, 0x0, 0x0, 0x3f, 0xff, 0x60,
    0x0, 0x0, 0x0, 0x0, 0x3, 0xff, 0xf6, 0x0,
    0x0, 0x0, 0x0, 0x0, 0x3f, 0xff, 0xff, 0xff,
    0xff, 0xff, 0xf9, 0x3, 0xff, 0xff, 0xff, 0xff,
    0xff, 0xff, 0x90, 0x3f, 0xff, 0xff, 0xff, 0xff,
    0xff, 0xf9, 0x3, 0xff, 0xf7, 0x11, 0x11, 0x11,
    0x11, 0x0, 0x3f, 0xff, 0x60, 0x0, 0x0, 0x0,
    0x0, 0x3, 0xff, 0xf6, 0x0, 0x0, 0x0, 0x0,
    0x0, 0x3f, 0xff, 0x60, 0x0, 0x0, 0x0, 0x0,
    0x3, 0xff, 0xf6, 0x0, 0x0, 0x0, 0x0, 0x0,
    0x3f, 0xff, 0x60, 0x0, 0x0, 0x0, 0x0, 0x3,
    0xff, 0xf6, 0x0, 0x0, 0x0, 0x0, 0x0, 0x3f,
    0xff, 0x60, 0x0, 0x0, 0x0, 0x0, 0x3, 0xff,
    0xf6, 0x0, 0x0, 0x0, 0x0, 0x0,

    /* U+0047 "G" */
    0x0, 0x0, 0x2, 0x8c, 0xff, 0xfd, 0x94, 0x0,
    0x0, 0x0, 0x0, 0x1a, 0xff, 0xff, 0xff, 0xff,
    0xfc, 0x20, 0x0, 0x0, 0x2d, 0xff, 0xff, 0xff,
    0xff, 0xff, 0xff, 0x40, 0x0, 0xd, 0xff, 0xff,
    0xa5, 0x45, 0x8e, 0xff, 0xff, 0x20, 0x9, 0xff,
    0xfd, 0x20, 0x0, 0x0, 0xa, 0xff, 0xfb, 0x1,
    0xff, 0xfe, 0x10, 0x0, 0x0, 0x0, 0xc, 0xff,
    0xf1, 0x6f, 0xff, 0x70, 0x0, 0x0, 0x0, 0x0,
    0x36, 0x66, 0x1a, 0xff, 0xf1, 0x0, 0x0, 0x0,
    0x0, 0x0, 0x0, 0x0, 0xdf, 0xfd, 0x0, 0x0,
    0x0, 0x0, 0x0, 0x0, 0x0, 0xe, 0xff, 0xc0,
    0x0, 0x0, 0xd, 0xff, 0xff, 0xff, 0xf7, 0xef,
    0xfc, 0x0, 0x0, 0x0, 0xdf, 0xff, 0xff, 0xff,
    0x7d, 0xff, 0xd0, 0x0, 0x0, 0xc, 0xee, 0xee,
    0xff, 0xf6, 0xaf, 0xff, 0x10, 0x0, 0x0, 0x0,
    0x0, 0x2f, 0xff, 0x66, 0xff, 0xf7, 0x0, 0x0,
    0x0, 0x0, 0x6, 0xff, 0xf3, 0x1f, 0xff, 0xe1,
    0x0, 0x0, 0x0, 0x0, 0xdf, 0xfe, 0x0, 0x9f,
    0xff, 0xd2, 0x0, 0x0, 0x0, 0xaf, 0xff, 0x80,
    0x0, 0xdf, 0xff, 0xfa, 0x54, 0x58, 0xef, 0xff,
    0xd0, 0x0, 0x2, 0xef, 0xff, 0xff, 0xff, 0xff,
    0xff, 0xe2, 0x0, 0x0, 0x1, 0xaf, 0xff, 0xff,
    0xff, 0xff, 0xb1, 0x0, 0x0, 0x0, 0x0, 0x28,
    0xcf, 0xff, 0xd9, 0x30, 0x0, 0x0,

    /* U+0048 "H" */
    0x3f, 0xff, 0x60, 0x0, 0x0, 0x0, 0x3, 0xff,
    0xf7, 0x3f, 0xff, 0x60, 0x0, 0x0, 0x0, 0x3,
    0xff, 0xf7, 0x3f, 0xff, 0x60, 0x0, 0x0, 0x0,
    0x3, 0xff, 0xf7, 0x3f, 0xff, 0x60, 0x0, 0x0,
    0x0, 0x3, 0xff, 0xf7, 0x3f, 0xff, 0x60, 0x0,
    0x0, 0x0, 0x3, 0xff, 0xf7, 0x3f, 0xff, 0x60,
    0x0, 0x0, 0x0, 0x3, 0xff, 0xf7, 0x3f, 0xff,
    0x60, 0x0, 0x0, 0x0, 0x3, 0xff, 0xf7, 0x3f,
    0xff, 0x60, 0x0, 0x0, 0x0, 0x3, 0xff, 0xf7,
    0x3f, 0xff, 0xff, 0xff, 0xff, 0xff, 0xff, 0xff,
    0xf7, 0x3f, 0xff, 0xff, 0xff, 0xff, 0xff, 0xff,
    0xff, 0xf7, 0x3f, 0xff, 0xff, 0xff, 0xff, 0xff,
    0xff, 0xff, 0xf7, 0x3f, 0xff, 0x72, 0x22, 0x22,
    0x22, 0x24, 0xff, 0xf7, 0x3f, 0xff, 0x60, 0x0,
    0x0, 0x0, 0x3, 0xff, 0xf7, 0x3f, 0xff, 0x60,
    0x0, 0x0, 0x0, 0x3, 0xff, 0xf7, 0x3f, 0xff,
    0x60, 0x0, 0x0, 0x0, 0x3, 0xff, 0xf7, 0x3f,
    0xff, 0x60, 0x0, 0x0, 0x0, 0x3, 0xff, 0xf7,
    0x3f, 0xff, 0x60, 0x0, 0x0, 0x0, 0x3, 0xff,
    0xf7, 0x3f, 0xff, 0x60, 0x0, 0x0, 0x0, 0x3,
    0xff, 0xf7, 0x3f, 0xff, 0x60, 0x0, 0x0, 0x0,
    0x3, 0xff, 0xf7, 0x3f, 0xff, 0x60, 0x0, 0x0,
    0x0, 0x3, 0xff, 0xf7,

    /* U+0049 "I" */
    0x3f, 0xff, 0x63, 0xff, 0xf6, 0x3f, 0xff, 0x63,
    0xff, 0xf6, 0x3f, 0xff, 0x63, 0xff, 0xf6, 0x3f,
    0xff, 0x63, 0xff, 0xf6, 0x3f, 0xff, 0x63, 0xff,
    0xf6, 0x3f, 0xff, 0x63, 0xff, 0xf6, 0x3f, 0xff,
    0x63, 0xff, 0xf6, 0x3f, 0xff, 0x63, 0xff, 0xf6,
    0x3f, 0xff, 0x63, 0xff, 0xf6, 0x3f, 0xff, 0x63,
    0xff, 0xf6,

    /* U+004A "J" */
    0x0, 0x0, 0x0, 0x0, 0x0, 0xbf, 0xff, 0x0,
    0x0, 0x0, 0x0, 0x0, 0xbf, 0xff, 0x0, 0x0,
    0x0, 0x0, 0x0, 0xbf, 0xff, 0x0, 0x0, 0x0,
    0x0, 0x0, 0xbf, 0xff, 0x0, 0x0, 0x0, 0x0,
    0x0, 0xbf, 0xff, 0x0, 0x0, 0x0, 0x0, 0x0,
    0xbf, 0xff, 0x0, 0x0, 0x0, 0x0, 0x0, 0xbf,
    0xff, 0x0, 0x0, 0x0, 0x0, 0x0, 0xbf, 0xff,
    0x0, 0x0, 0x0, 0x0, 0x0, 0xbf, 0xff, 0x0,
    0x0, 0x0, 0x0, 0x0, 0xbf, 0xff, 0x0, 0x0,
    0x0, 0x0, 0x0, 0xbf, 0xff, 0x0, 0x0, 0x0,
    0x0, 0x0, 0xbf, 0xff, 0x6, 0x66, 0x20, 0x0,
    0x0, 0xbf, 0xff, 0x1f, 0xff, 0x70, 0x0, 0x0,
    0xbf, 0xff, 0xf, 0xff, 0x80, 0x0, 0x0, 0xcf,
    0xfe, 0xe, 0xff, 0xd0, 0x0, 0x1, 0xff, 0xfc,
    0x9, 0xff, 0xfa, 0x31, 0x4d, 0xff, 0xf7, 0x2,
    0xff, 0xff, 0xff, 0xff, 0xff, 0xe0, 0x0, 0x4e,
    0xff, 0xff, 0xff, 0xfd, 0x20, 0x0, 0x1, 0x8c,
    0xff, 0xec, 0x70, 0x0,

    /* U+004B "K" */
    0x3f, 0xff, 0x60, 0x0, 0x0, 0x0, 0x7f, 0xff,
    0xe1, 0x3f, 0xff, 0x60, 0x0, 0x0, 0x5, 0xff,
    0xfe, 0x20, 0x3f, 0xff, 0x60, 0x0, 0x0, 0x4f,
    0xff, 0xf3, 0x0, 0x3f, 0xff, 0x60, 0x0, 0x3,
    0xff, 0xff, 0x40, 0x0, 0x3f, 0xff, 0x60, 0x0,
    0x2e, 0xff, 0xf6, 0x0, 0x0, 0x3f, 0xff, 0x60,
    0x1, 0xdf, 0xff, 0x70, 0x0, 0x0, 0x3f, 0xff,
    0x60, 0xc, 0xff, 0xf9, 0x0, 0x0, 0x0, 0x3f,
    0xff, 0x60, 0xbf, 0xff, 0xa0, 0x0, 0x0, 0x0,
    0x3f, 0xff, 0x68, 0xff, 0xfd, 0x0, 0x0, 0x0,
    0x0, 0x3f, 0xff, 0xcf, 0xff, 0xff, 0x30, 0x0,
    0x0, 0x0, 0x3f, 0xff, 0xff, 0xff, 0xff, 0xd0,
    0x0, 0x0, 0x0, 0x3f, 0xff, 0xff, 0xb8, 0xff,
    0xfa, 0x0, 0x0, 0x0, 0x3f, 0xff, 0xfc, 0x0,
    0xcf, 0xff, 0x50, 0x0, 0x0, 0x3f, 0xff, 0xd1,
    0x0, 0x2f, 0xff, 0xe1, 0x0, 0x0, 0x3f, 0xff,
    0x60, 0x0, 0x6, 0xff, 0xfb, 0x0, 0x0, 0x3f,
    0xff, 0x60, 0x0, 0x0, 0xbf, 0xff, 0x70, 0x0,
    0x3f, 0xff, 0x60, 0x0, 0x0, 0x1f, 0xff, 0xf2,
    0x0, 0x3f, 0xff, 0x60, 0x0, 0x0, 0x5, 0xff,
    0xfd, 0x0, 0x3f, 0xff, 0x60, 0x0, 0x0, 0x0,
    0xaf, 0xff, 0x80, 0x3f, 0xff, 0x60, 0x0, 0x0,
    0x0, 0x1e, 0xff, 0xf4,

    /* U+004C "L" */
    0x3f, 0xff, 0x60, 0x0, 0x0, 0x0, 0x0, 0x3f,
    0xff, 0x60, 0x0, 0x0, 0x0, 0x0, 0x3f, 0xff,
    0x60, 0x0, 0x0, 0x0, 0x0, 0x3f, 0xff, 0x60,
    0x0, 0x0, 0x0, 0x0, 0x3f, 0xff, 0x60, 0x0,
    0x0, 0x0, 0x0, 0x3f, 0xff, 0x60, 0x0, 0x0,
    0x0, 0x0, 0x3f, 0xff, 0x60, 0x0, 0x0, 0x0,
    0x0, 0x3f, 0xff, 0x60, 0x0, 0x0, 0x0, 0x0,
    0x3f, 0xff, 0x60, 0x0, 0x0, 0x0, 0x0, 0x3f,
    0xff, 0x60, 0x0, 0x0, 0x0, 0x0, 0x3f, 0xff,
    0x60, 0x0, 0x0, 0x0, 0x0, 0x3f, 0xff, 0x60,
    0x0, 0x0, 0x0, 0x0, 0x3f, 0xff, 0x60, 0x0,
    0x0, 0x0, 0x0, 0x3f, 0xff, 0x60, 0x0, 0x0,
    0x0, 0x0, 0x3f, 0xff, 0x60, 0x0, 0x0, 0x0,
    0x0, 0x3f, 0xff, 0x60, 0x0, 0x0, 0x0, 0x0,
    0x3f, 0xff, 0x72, 0x22, 0x22, 0x22, 0x21, 0x3f,
    0xff, 0xff, 0xff, 0xff, 0xff, 0xfb, 0x3f, 0xff,
    0xff, 0xff, 0xff, 0xff, 0xfb, 0x3f, 0xff, 0xff,
    0xff, 0xff, 0xff, 0xfb,

    /* U+004D "M" */
    0x3f, 0xff, 0xff, 0x30, 0x0, 0x0, 0x0, 0x0,
    0x4f, 0xff, 0xff, 0x23, 0xff, 0xff, 0xf9, 0x0,
    0x0, 0x0, 0x0, 0xa, 0xff, 0xff, 0xf2, 0x3f,
    0xff, 0xff, 0xf0, 0x0, 0x0, 0x0, 0x1, 0xff,
    0xff, 0xff, 0x23, 0xff, 0xff, 0xff, 0x60, 0x0,
    0x0, 0x0, 0x6f, 0xff, 0xff, 0xf2, 0x3f, 0xff,
    0xcf, 0xfc, 0x0, 0x0, 0x0, 0xc, 0xff, 0xbf,
    0xff, 0x23, 0xff, 0xf8, 0xff, 0xf2, 0x0, 0x0,
    0x2, 0xff, 0xf7, 0xff, 0xf2, 0x3f, 0xff, 0x4e,
    0xff, 0x80, 0x0, 0x0, 0x8f, 0xfd, 0x5f, 0xff,
    0x23, 0xff, 0xf5, 0x9f, 0xfe, 0x0, 0x0, 0xe,
    0xff, 0x75, 0xff, 0xf2, 0x3f, 0xff, 0x54, 0xff,
    0xf4, 0x0, 0x4, 0xff, 0xf2, 0x6f, 0xff, 0x23,
    0xff, 0xf5, 0xe, 0xff, 0xa0, 0x0, 0xaf, 0xfd,
    0x6, 0xff, 0xf2, 0x3f, 0xff, 0x50, 0x9f, 0xff,
    0x0, 0xf, 0xff, 0x70, 0x6f, 0xff, 0x23, 0xff,
    0xf5, 0x3, 0xff, 0xf5, 0x5, 0xff, 0xf1, 0x6,
    0xff, 0xf2, 0x3f, 0xff, 0x50, 0xd, 0xff, 0xa0,
    0xaf, 0xfb, 0x0, 0x6f, 0xff, 0x23, 0xff, 0xf5,
    0x0, 0x7f, 0xff, 0xf, 0xff, 0x50, 0x6, 0xff,
    0xf2, 0x3f, 0xff, 0x50, 0x1, 0xff, 0xf8, 0xff,
    0xf0, 0x0, 0x6f, 0xff, 0x23, 0xff, 0xf5, 0x0,
    0xb, 0xff, 0xff, 0xfa, 0x0, 0x6, 0xff, 0xf2,
    0x3f, 0xff, 0x50, 0x0, 0x5f, 0xff, 0xff, 0x40,
    0x0, 0x6f, 0xff, 0x23, 0xff, 0xf5, 0x0, 0x0,
    0xef, 0xff, 0xd0, 0x0, 0x6, 0xff, 0xf2, 0x3f,
    0xff, 0x50, 0x0, 0x9, 0xff, 0xf8, 0x0, 0x0,
    0x6f, 0xff, 0x23, 0xff, 0xf5, 0x0, 0x0, 0x3f,
    0xff, 0x20, 0x0, 0x6, 0xff, 0xf2,

    /* U+004E "N" */
    0x3f, 0xff, 0xf1, 0x0, 0x0, 0x0, 0x0, 0xff,
    0xfa, 0x3f, 0xff, 0xfa, 0x0, 0x0, 0x0, 0x0,
    0xff, 0xfa, 0x3f, 0xff, 0xff, 0x50, 0x0, 0x0,
    0x0, 0xff, 0xfa, 0x3f, 0xff, 0xff, 0xe1, 0x0,
    0x0, 0x0, 0xff, 0xfa, 0x3f, 0xff, 0xff, 0xf9,
    0x0, 0x0, 0x0, 0xff, 0xfa, 0x3f, 0xff, 0xbf,
    0xff, 0x40, 0x0, 0x0, 0xff, 0xfa, 0x3f, 0xff,
    0x5d, 0xff, 0xd0, 0x0, 0x0, 0xff, 0xfa, 0x3f,
    0xff, 0x54, 0xff, 0xf8, 0x0, 0x0, 0xff, 0xfa,
    0x3f, 0xff, 0x60, 0xaf, 0xff, 0x30, 0x0, 0xff,
    0xfa, 0x3f, 0xff, 0x60, 0x1f, 0xff, 0xc0, 0x0,
    0xff, 0xfa, 0x3f, 0xff, 0x60, 0x6, 0xff, 0xf7,
    0x0, 0xff, 0xfa, 0x3f, 0xff, 0x60, 0x0, 0xcf,
    0xff, 0x20, 0xff, 0xfa, 0x3f, 0xff, 0x60, 0x0,
    0x2f, 0xff, 0xb0, 0xff, 0xfa, 0x3f, 0xff, 0x60,
    0x0, 0x7, 0xff, 0xf4, 0xff, 0xfa, 0x3f, 0xff,
    0x60, 0x0, 0x0, 0xdf, 0xfc, 0xef, 0xfa, 0x3f,
    0xff, 0x60, 0x0, 0x0, 0x3f, 0xff, 0xff, 0xfa,
    0x3f, 0xff, 0x60, 0x0, 0x0, 0x9, 0xff, 0xff,
    0xfa, 0x3f, 0xff, 0x60, 0x0, 0x0, 0x0, 0xef,
    0xff, 0xfa, 0x3f, 0xff, 0x60, 0x0, 0x0, 0x0,
    0x4f, 0xff, 0xfa, 0x3f, 0xff, 0x60, 0x0, 0x0,
    0x0, 0xa, 0xff, 0xfa,

    /* U+004F "O" */
    0x0, 0x0, 0x2, 0x8c, 0xff, 0xfd, 0x93, 0x0,
    0x0, 0x0, 0x0, 0x1a, 0xff, 0xff, 0xff, 0xff,
    0xfb, 0x10, 0x0, 0x0, 0x2d, 0xff, 0xff, 0xff,
    0xff, 0xff, 0xfe, 0x20, 0x0, 0xd, 0xff, 0xff,
    0x95, 0x45, 0x9f, 0xff, 0xfe, 0x10, 0x9, 0xff,
    0xfd, 0x20, 0x0, 0x0, 0x1c, 0xff, 0xfa, 0x1,
    0xff, 0xfe, 0x10, 0x0, 0x0, 0x0, 0x1e, 0xff,
    0xf2, 0x6f, 0xff, 0x60, 0x0, 0x0, 0x0, 0x0,
    0x5f, 0xff, 0x7a, 0xff, 0xf1, 0x0, 0x0, 0x0,
    0x0, 0x0, 0xff, 0xfb, 0xdf, 0xfd, 0x0, 0x0,
    0x0, 0x0, 0x0, 0xc, 0xff, 0xee, 0xff, 0xc0,
    0x0, 0x0, 0x0, 0x0, 0x0, 0xaf, 0xff, 0xef,
    0xfc, 0x0, 0x0, 0x0, 0x0, 0x0, 0xa, 0xff,
    0xfd, 0xff, 0xd0, 0x0, 0x0, 0x0, 0x0, 0x0,
    0xcf, 0xfe, 0xaf, 0xff, 0x10, 0x0, 0x0, 0x0,
    0x0, 0xf, 0xff, 0xb6, 0xff, 0xf6, 0x0, 0x0,
    0x0, 0x0, 0x5, 0xff, 0xf8, 0x1f, 0xff, 0xe1,
    0x0, 0x0, 0x0, 0x1, 0xef, 0xff, 0x20, 0x8f,
    0xff, 0xd2, 0x0, 0x0, 0x1, 0xcf, 0xff, 0xa0,
    0x0, 0xdf, 0xff, 0xf9, 0x54, 0x59, 0xff, 0xff,
    0xe1, 0x0, 0x1, 0xdf, 0xff, 0xff, 0xff, 0xff,
    0xff, 0xe2, 0x0, 0x0, 0x1, 0xaf, 0xff, 0xff,
    0xff, 0xff, 0xb1, 0x0, 0x0, 0x0, 0x0, 0x28,
    0xcf, 0xff, 0xd9, 0x30, 0x0, 0x0,

    /* U+0050 "P" */
    0x3f, 0xff, 0xff, 0xff, 0xff, 0xc8, 0x20, 0x0,
    0x3f, 0xff, 0xff, 0xff, 0xff, 0xff, 0xf8, 0x0,
    0x3f, 0xff, 0xff, 0xff, 0xff, 0xff, 0xff, 0x70,
    0x3f, 0xff, 0x71, 0x11, 0x13, 0x9f, 0xff, 0xf2,
    0x3f, 0xff, 0x60, 0x0, 0x0, 0x7, 0xff, 0xf8,
    0x3f, 0xff, 0x60, 0x0, 0x0, 0x0, 0xff, 0xfb,
    0x3f, 0xff, 0x60, 0x0, 0x0, 0x0, 0xdf, 0xfc,
    0x3f, 0xff, 0x60, 0x0, 0x0, 0x0, 0xff, 0xfb,
    0x3f, 0xff, 0x60, 0x0, 0x0, 0x7, 0xff, 0xf7,
    0x3f, 0xff, 0x71, 0x11, 0x13, 0x9f, 0xff, 0xf2,
    0x3f, 0xff, 0xff, 0xff, 0xff, 0xff, 0xff, 0x70,
    0x3f, 0xff, 0xff, 0xff, 0xff, 0xff, 0xf7, 0x0,
    0x3f, 0xff, 0xff, 0xff, 0xff, 0xc8, 0x20, 0x0,
    0x3f, 0xff, 0x60, 0x0, 0x0, 0x0, 0x0, 0x0,
    0x3f, 0xff, 0x60, 0x0, 0x0, 0x0, 0x0, 0x0,
    0x3f, 0xff, 0x60, 0x0, 0x0, 0x0, 0x0, 0x0,
    0x3f, 0xff, 0x60, 0x0, 0x0, 0x0, 0x0, 0x0,
    0x3f, 0xff, 0x60, 0x0, 0x0, 0x0, 0x0, 0x0,
    0x3f, 0xff, 0x60, 0x0, 0x0, 0x0, 0x0, 0x0,
    0x3f, 0xff, 0x60, 0x0, 0x0, 0x0, 0x0, 0x0,

    /* U+0051 "Q" */
    0x0, 0x0, 0x2, 0x8c, 0xff, 0xfd, 0x93, 0x0,
    0x0, 0x0, 0x0, 0x1a, 0xff, 0xff, 0xff, 0xff,
    0xfb, 0x10, 0x0, 0x0, 0x2d, 0xff, 0xff, 0xff,
    0xff, 0xff, 0xfe, 0x20, 0x0, 0xd, 0xff, 0xff,
    0x95, 0x45, 0x9f, 0xff, 0xfe, 0x10, 0x9, 0xff,
    0xfd, 0x20, 0x0, 0x0, 0x1c, 0xff, 0xfa, 0x1,
    0xff, 0xfe, 0x10, 0x0, 0x0, 0x0, 0x1e, 0xff,
    0xf2, 0x6f, 0xff, 0x60, 0x0, 0x0, 0x0, 0x0,
    0x5f, 0xff, 0x7a, 0xff, 0xf1, 0x0, 0x0, 0x0,
    0x0, 0x0, 0xff, 0xfb, 0xdf, 0xfd, 0x0, 0x0,
    0x0, 0x0, 0x0, 0xc, 0xff, 0xee, 0xff, 0xc0,
    0x0, 0x0, 0x0, 0x0, 0x0, 0xaf, 0xff, 0xef,
    0xfc, 0x0, 0x0, 0x0, 0x0, 0x0, 0xa, 0xff,
    0xfd, 0xff, 0xd0, 0x0, 0x0, 0x0, 0x0, 0x0,
    0xcf, 0xfe, 0xaf, 0xff, 0x10, 0x0, 0x0, 0x0,
    0x0, 0xf, 0xff, 0xb6, 0xff, 0xf6, 0x0, 0x6,
    0xdd, 0xa0, 0x5, 0xff, 0xf8, 0x1f, 0xff, 0xe1,
    0x0, 0xc, 0xff, 0x81, 0xef, 0xff, 0x20, 0x8f,
    0xff, 0xd2, 0x0, 0x1e, 0xff, 0xdf, 0xff, 0xa0,
    0x0, 0xdf, 0xff, 0xf9, 0x54, 0x9f, 0xff, 0xff,
    0xe1, 0x0, 0x1, 0xdf, 0xff, 0xff, 0xff, 0xff,
    0xff, 0xe2, 0x0, 0x0, 0x1, 0xaf, 0xff, 0xff,
    0xff, 0xff, 0xfc, 0x0, 0x0, 0x0, 0x0, 0x28,
    0xcf, 0xff, 0xd9, 0xdf, 0xf9, 0x0, 0x0, 0x0,
    0x0, 0x0, 0x0, 0x0, 0x2, 0xef, 0xf6, 0x0,
    0x0, 0x0, 0x0, 0x0, 0x0, 0x0, 0x3, 0x88,
    0x70,

    /* U+0052 "R" */
    0x3f, 0xff, 0xff, 0xff, 0xff, 0xd9, 0x30, 0x0,
    0x3, 0xff, 0xff, 0xff, 0xff, 0xff, 0xff, 0x90,
    0x0, 0x3f, 0xff, 0xff, 0xff, 0xff, 0xff, 0xff,
    0x90, 0x3, 0xff, 0xf7, 0x11, 0x11, 0x38, 0xff,
    0xff, 0x30, 0x3f, 0xff, 0x60, 0x0, 0x0, 0x5,
    0xff, 0xfa, 0x3, 0xff, 0xf6, 0x0, 0x0, 0x0,
    0xd, 0xff, 0xd0, 0x3f, 0xff, 0x60, 0x0, 0x0,
    0x0, 0xbf, 0xfe, 0x3, 0xff, 0xf6, 0x0, 0x0,
    0x0, 0xd, 0xff, 0xd0, 0x3f, 0xff, 0x60, 0x0,
    0x0, 0x4, 0xff, 0xfa, 0x3, 0xff, 0xf6, 0x0,
    0x0, 0x27, 0xff, 0xff, 0x30, 0x3f, 0xff, 0xff,
    0xff, 0xff, 0xff, 0xff, 0x90, 0x3, 0xff, 0xff,
    0xff, 0xff, 0xff, 0xff, 0x80, 0x0, 0x3f, 0xff,
    0xff, 0xff, 0xff, 0xff, 0x50, 0x0, 0x3, 0xff,
    0xf6, 0x0, 0x2, 0xff, 0xfc, 0x0, 0x0, 0x3f,
    0xff, 0x60, 0x0, 0x9, 0xff, 0xf4, 0x0, 0x3,
    0xff, 0xf6, 0x0, 0x0, 0x1f, 0xff, 0xd0, 0x0,
    0x3f, 0xff, 0x60, 0x0, 0x0, 0x8f, 0xff, 0x60,
    0x3, 0xff, 0xf6, 0x0, 0x0, 0x1, 0xef, 0xfe,
    0x0, 0x3f, 0xff, 0x60, 0x0, 0x0, 0x7, 0xff,
    0xf8, 0x3, 0xff, 0xf6, 0x0, 0x0, 0x0, 0xd,
    0xff, 0xf1,

    /* U+0053 "S" */
    0x0, 0x1, 0x7b, 0xef, 0xfe, 0xb6, 0x0, 0x0,
    0x0, 0x5e, 0xff, 0xff, 0xff, 0xff, 0xe3, 0x0,
    0x5, 0xff, 0xff, 0xff, 0xff, 0xff, 0xff, 0x30,
    0x1f, 0xff, 0xfa, 0x31, 0x14, 0xbf, 0xff, 0xc0,
    0x5f, 0xff, 0x80, 0x0, 0x0, 0xa, 0xff, 0xf3,
    0x7f, 0xff, 0x20, 0x0, 0x0, 0x2, 0xff, 0xf6,
    0x6f, 0xff, 0x50, 0x0, 0x0, 0x0, 0x22, 0x21,
    0x2f, 0xff, 0xf6, 0x0, 0x0, 0x0, 0x0, 0x0,
    0x8, 0xff, 0xff, 0xfc, 0x84, 0x10, 0x0, 0x0,
    0x0, 0x6f, 0xff, 0xff, 0xff, 0xfc, 0x60, 0x0,
    0x0, 0x1, 0x6b, 0xff, 0xff, 0xff, 0xfd, 0x30,
    0x0, 0x0, 0x0, 0x3, 0x6a, 0xff, 0xff, 0xf2,
    0x0, 0x0, 0x0, 0x0, 0x0, 0x19, 0xff, 0xf9,
    0x89, 0x95, 0x0, 0x0, 0x0, 0x0, 0xdf, 0xfd,
    0xdf, 0xfd, 0x0, 0x0, 0x0, 0x0, 0xcf, 0xfe,
    0x9f, 0xff, 0x60, 0x0, 0x0, 0x3, 0xff, 0xfb,
    0x3f, 0xff, 0xfa, 0x41, 0x13, 0x8f, 0xff, 0xf6,
    0x8, 0xff, 0xff, 0xff, 0xff, 0xff, 0xff, 0xb0,
    0x0, 0x7f, 0xff, 0xff, 0xff, 0xff, 0xfa, 0x0,
    0x0, 0x1, 0x7b, 0xef, 0xfe, 0xc8, 0x20, 0x0,

    /* U+0054 "T" */
    0x4f, 0xff, 0xff, 0xff, 0xff, 0xff, 0xff, 0xff,
    0xf0, 0x4f, 0xff, 0xff, 0xff, 0xff, 0xff, 0xff,
    0xff, 0xf0, 0x4f, 0xff, 0xff, 0xff, 0xff, 0xff,
    0xff, 0xff, 0xf0, 0x2, 0x22, 0x22, 0x2f, 0xff,
    0xb2, 0x22, 0x22, 0x20, 0x0, 0x0, 0x0, 0xf,
    0xff, 0xb0, 0x0, 0x0, 0x0, 0x0, 0x0, 0x0,
    0xf, 0xff, 0xb0, 0x0, 0x0, 0x0, 0x0, 0x0,
    0x0, 0xf, 0xff, 0xb0, 0x0, 0x0, 0x0, 0x0,
    0x0, 0x0, 0xf, 0xff, 0xb0, 0x0, 0x0, 0x0,
    0x0, 0x0, 0x0, 0xf, 0xff, 0xb0, 0x0, 0x0,
    0x0, 0x0, 0x0, 0x0, 0xf, 0xff, 0xb0, 0x0,
    0x0, 0x0, 0x0, 0x0, 0x0, 0xf, 0xff, 0xb0,
    0x0, 0x0, 0x0, 0x0, 0x0, 0x0, 0xf, 0xff,
    0xb0, 0x0, 0x0, 0x0, 0x0, 0x0, 0x0, 0xf,
    0xff, 0xb0, 0x0, 0x0, 0x0, 0x0, 0x0, 0x0,
    0xf, 0xff, 0xb0, 0x0, 0x0, 0x0, 0x0, 0x0,
    0x0, 0xf, 0xff, 0xb0, 0x0, 0x0, 0x0, 0x0,
    0x0, 0x0, 0xf, 0xff, 0xb0, 0x0, 0x0, 0x0,
    0x0, 0x0, 0x0, 0xf, 0xff, 0xb0, 0x0, 0x0,
    0x0, 0x0, 0x0, 0x0, 0xf, 0xff, 0xb0, 0x0,
    0x0, 0x0, 0x0, 0x0, 0x0, 0xf, 0xff, 0xb0,
    0x0, 0x0, 0x0, 0x0, 0x0, 0x0, 0xf, 0xff,
    0xb0, 0x0, 0x0, 0x0,

    /* U+0055 "U" */
    0x4f, 0xff, 0x40, 0x0, 0x0, 0x0, 0x6, 0xff,
    0xf3, 0x4f, 0xff, 0x40, 0x0, 0x0, 0x0, 0x6,
    0xff, 0xf3, 0x4f, 0xff, 0x40, 0x0, 0x0, 0x0,
    0x6, 0xff, 0xf3, 0x4f, 0xff, 0x40, 0x0, 0x0,
    0x0, 0x6, 0xff, 0xf3, 0x4f, 0xff, 0x40, 0x0,
    0x0, 0x0, 0x6, 0xff, 0xf3, 0x4f, 0xff, 0x40,
    0x0, 0x0, 0x0, 0x6, 0xff, 0xf3, 0x4f, 0xff,
    0x40, 0x0, 0x0, 0x0, 0x6, 0xff, 0xf3, 0x4f,
    0xff, 0x40, 0x0, 0x0, 0x0, 0x6, 0xff, 0xf3,
    0x4f, 0xff, 0x40, 0x0, 0x0, 0x0, 0x6, 0xff,
    0xf3, 0x4f, 0xff, 0x40, 0x0, 0x0, 0x0, 0x6,
    0xff, 0xf3, 0x4f, 0xff, 0x40, 0x0, 0x0, 0x0,
    0x6, 0xff, 0xf3, 0x4f, 0xff, 0x40, 0x0, 0x0,
    0x0, 0x6, 0xff, 0xf3, 0x4f, 0xff, 0x40, 0x0,
    0x0, 0x0, 0x6, 0xff, 0xf3, 0x4f, 0xff, 0x60,
    0x0, 0x0, 0x0, 0x8, 0xff, 0xf2, 0x1f, 0xff,
    0xc0, 0x0, 0x0, 0x0, 0xd, 0xff, 0xf0, 0xc,
    0xff, 0xf8, 0x0, 0x0, 0x0, 0x9f, 0xff, 0xb0,
    0x4, 0xff, 0xff, 0xc6, 0x34, 0x6d, 0xff, 0xff,
    0x30, 0x0, 0x8f, 0xff, 0xff, 0xff, 0xff, 0xff,
    0xf7, 0x0, 0x0, 0x6, 0xff, 0xff, 0xff, 0xff,
    0xfe, 0x50, 0x0, 0x0, 0x0, 0x17, 0xbe, 0xff,
    0xeb, 0x60, 0x0, 0x0,

    /* U+0056 "V" */
    0x8f, 0xff, 0x60, 0x0, 0x0, 0x0, 0x0, 0xd,
    0xff, 0xf1, 0x2f, 0xff, 0xb0, 0x0, 0x0, 0x0,
    0x0, 0x2f, 0xff, 0xa0, 0xd, 0xff, 0xf1, 0x0,
    0x0, 0x0, 0x0, 0x8f, 0xff, 0x50, 0x7, 0xff,
    0xf7, 0x0, 0x0, 0x0, 0x0, 0xdf, 0xff, 0x0,
    0x1, 0xff, 0xfc, 0x0, 0x0, 0x0, 0x3, 0xff,
    0xf9, 0x0, 0x0, 0xbf, 0xff, 0x20, 0x0, 0x0,
    0x8, 0xff, 0xf4, 0x0, 0x0, 0x5f, 0xff, 0x70,
    0x0, 0x0, 0xd, 0xff, 0xe0, 0x0, 0x0, 0xf,
    0xff, 0xd0, 0x0, 0x0, 0x3f, 0xff, 0x80, 0x0,
    0x0, 0xa, 0xff, 0xf2, 0x0, 0x0, 0x8f, 0xff,
    0x30, 0x0, 0x0, 0x4, 0xff, 0xf8, 0x0, 0x0,
    0xef, 0xfd, 0x0, 0x0, 0x0, 0x0, 0xef, 0xfe,
    0x0, 0x3, 0xff, 0xf7, 0x0, 0x0, 0x0, 0x0,
    0x8f, 0xff, 0x30, 0x8, 0xff, 0xf2, 0x0, 0x0,
    0x0, 0x0, 0x2f, 0xff, 0x80, 0xd, 0xff, 0xc0,
    0x0, 0x0, 0x0, 0x0, 0xc, 0xff, 0xd0, 0x2f,
    0xff, 0x60, 0x0, 0x0, 0x0, 0x0, 0x7, 0xff,
    0xf2, 0x7f, 0xff, 0x10, 0x0, 0x0, 0x0, 0x0,
    0x1, 0xff, 0xf7, 0xbf, 0xfb, 0x0, 0x0, 0x0,
    0x0, 0x0, 0x0, 0xbf, 0xfc, 0xff, 0xf5, 0x0,
    0x0, 0x0, 0x0, 0x0, 0x0, 0x5f, 0xff, 0xff,
    0xf0, 0x0, 0x0, 0x0, 0x0, 0x0, 0x0, 0xf,
    0xff, 0xff, 0xa0, 0x0, 0x0, 0x0, 0x0, 0x0,
    0x0, 0x9, 0xff, 0xff, 0x40, 0x0, 0x0, 0x0,

    /* U+0057 "W" */
    0x9f, 0xff, 0x40, 0x0, 0x0, 0x3, 0xff, 0xfe,
    0x0, 0x0, 0x0, 0x9, 0xff, 0xf4, 0x4f, 0xff,
    0x80, 0x0, 0x0, 0x7, 0xff, 0xff, 0x20, 0x0,
    0x0, 0xd, 0xff, 0xf0, 0xf, 0xff, 0xc0, 0x0,
    0x0, 0xb, 0xff, 0xff, 0x60, 0x0, 0x0, 0x1f,
    0xff, 0xb0, 0xc, 0xff, 0xf0, 0x0, 0x0, 0xf,
    0xff, 0xff, 0xa0, 0x0, 0x0, 0x5f, 0xff, 0x70,
    0x7, 0xff, 0xf4, 0x0, 0x0, 0x3f, 0xff, 0xff,
    0xe0, 0x0, 0x0, 0x9f, 0xff, 0x20, 0x3, 0xff,
    0xf8, 0x0, 0x0, 0x7f, 0xfb, 0xff, 0xf3, 0x0,
    0x0, 0xdf, 0xfe, 0x0, 0x0, 0xef, 0xfc, 0x0,
    0x0, 0xcf, 0xf7, 0xcf, 0xf7, 0x0, 0x1, 0xff,
    0xfa, 0x0, 0x0, 0xaf, 0xff, 0x0, 0x0, 0xff,
    0xf3, 0x8f, 0xfb, 0x0, 0x5, 0xff, 0xf5, 0x0,
    0x0, 0x6f, 0xff, 0x40, 0x4, 0xff, 0xf0, 0x4f,
    0xff, 0x0, 0x9, 0xff, 0xf1, 0x0, 0x0, 0x1f,
    0xff, 0x80, 0x8, 0xff, 0xb0, 0xf, 0xff, 0x30,
    0xd, 0xff, 0xc0, 0x0, 0x0, 0xd, 0xff, 0xc0,
    0xc, 0xff, 0x70, 0xc, 0xff, 0x70, 0x1f, 0xff,
    0x80, 0x0, 0x0, 0x8, 0xff, 0xf0, 0xf, 0xff,
    0x30, 0x7, 0xff, 0xb0, 0x4f, 0xff, 0x40, 0x0,
    0x0, 0x4, 0xff, 0xf3, 0x4f, 0xfe, 0x0, 0x3,
    0xff, 0xf0, 0x8f, 0xff, 0x0, 0x0, 0x0, 0x0,
    0xff, 0xf6, 0x7f, 0xfa, 0x0, 0x0, 0xff, 0xf3,
    0xbf, 0xfb, 0x0, 0x0, 0x0, 0x0, 0xbf, 0xfa,
    0xbf, 0xf6, 0x0, 0x0, 0xaf, 0xf6, 0xef, 0xf6,
    0x0, 0x0, 0x0, 0x0, 0x7f, 0xfd, 0xef, 0xf1,
    0x0, 0x0, 0x6f, 0xfc, 0xff, 0xf2, 0x0, 0x0,
    0x0, 0x0, 0x2f, 0xff, 0xff, 0xd0, 0x0, 0x0,
    0x2f, 0xff, 0xff, 0xd0, 0x0, 0x0, 0x0, 0x0,
    0xe, 0xff, 0xff, 0x90, 0x0, 0x0, 0xe, 0xff,
    0xff, 0x90, 0x0, 0x0, 0x0, 0x0, 0xa, 0xff,
    0xff, 0x40, 0x0, 0x0, 0x9, 0xff, 0xff, 0x50,
    0x0, 0x0, 0x0, 0x0, 0x5, 0xff, 0xff, 0x0,
    0x0, 0x0, 0x5, 0xff, 0xff, 0x0, 0x0, 0x0,

    /* U+0058 "X" */
    0xb, 0xff, 0xf6, 0x0, 0x0, 0x0, 0x1, 0xef,
    0xff, 0x20, 0x1f, 0xff, 0xf2, 0x0, 0x0, 0x0,
    0xaf, 0xff, 0x60, 0x0, 0x5f, 0xff, 0xc0, 0x0,
    0x0, 0x5f, 0xff, 0xb0, 0x0, 0x0, 0xaf, 0xff,
    0x60, 0x0, 0x1e, 0xff, 0xe1, 0x0, 0x0, 0x1,
    0xef, 0xff, 0x20, 0xb, 0xff, 0xf5, 0x0, 0x0,
    0x0, 0x4, 0xff, 0xfb, 0x5, 0xff, 0xfa, 0x0,
    0x0, 0x0, 0x0, 0x9, 0xff, 0xf6, 0xef, 0xfe,
    0x0, 0x0, 0x0, 0x0, 0x0, 0xd, 0xff, 0xff,
    0xff, 0x40, 0x0, 0x0, 0x0, 0x0, 0x0, 0x3f,
    0xff, 0xff, 0x80, 0x0, 0x0, 0x0, 0x0, 0x0,
    0x0, 0x9f, 0xff, 0xe0, 0x0, 0x0, 0x0, 0x0,
    0x0, 0x0, 0xd, 0xff, 0xff, 0x50, 0x0, 0x0,
    0x0, 0x0, 0x0, 0x9, 0xff, 0xff, 0xfe, 0x10,
    0x0, 0x0, 0x0, 0x0, 0x4, 0xff, 0xfc, 0xff,
    0xfb, 0x0, 0x0, 0x0, 0x0, 0x1, 0xef, 0xfe,
    0x1a, 0xff, 0xf6, 0x0, 0x0, 0x0, 0x0, 0xbf,
    0xff, 0x40, 0x1e, 0xff, 0xf2, 0x0, 0x0, 0x0,
    0x7f, 0xff, 0x90, 0x0, 0x5f, 0xff, 0xc0, 0x0,
    0x0, 0x3f, 0xff, 0xd0, 0x0, 0x0, 0xaf, 0xff,
    0x80, 0x0, 0xd, 0xff, 0xf3, 0x0, 0x0, 0x1,
    0xef, 0xff, 0x30, 0x9, 0xff, 0xf8, 0x0, 0x0,
    0x0, 0x4, 0xff, 0xfd, 0x5, 0xff, 0xfc, 0x0,
    0x0, 0x0, 0x0, 0x9, 0xff, 0xf9,

    /* U+0059 "Y" */
    0x6f, 0xff, 0xc0, 0x0, 0x0, 0x0, 0x0, 0x9f,
    0xff, 0x80, 0xcf, 0xff, 0x50, 0x0, 0x0, 0x0,
    0x3f, 0xff, 0xe0, 0x3, 0xff, 0xfe, 0x0, 0x0,
    0x0, 0xc, 0xff, 0xf5, 0x0, 0x9, 0xff, 0xf8,
    0x0, 0x0, 0x5, 0xff, 0xfb, 0x0, 0x0, 0xe,
    0xff, 0xf2, 0x0, 0x0, 0xef, 0xff, 0x20, 0x0,
    0x0, 0x5f, 0xff, 0xb0, 0x0, 0x8f, 0xff, 0x80,
    0x0, 0x0, 0x0, 0xbf, 0xff, 0x50, 0x1f, 0xff,
    0xd0, 0x0, 0x0, 0x0, 0x2, 0xff, 0xfd, 0xa,
    0xff, 0xf4, 0x0, 0x0, 0x0, 0x0, 0x7, 0xff,
    0xf9, 0xff, 0xfa, 0x0, 0x0, 0x0, 0x0, 0x0,
    0xd, 0xff, 0xff, 0xff, 0x10, 0x0, 0x0, 0x0,
    0x0, 0x0, 0x4f, 0xff, 0xff, 0x70, 0x0, 0x0,
    0x0, 0x0, 0x0, 0x0, 0xaf, 0xff, 0xd0, 0x0,
    0x0, 0x0, 0x0, 0x0, 0x0, 0x3, 0xff, 0xf6,
    0x0, 0x0, 0x0, 0x0, 0x0, 0x0, 0x0, 0x2f,
    0xff, 0x60, 0x0, 0x0, 0x0, 0x0, 0x0, 0x0,
    0x2, 0xff, 0xf6, 0x0, 0x0, 0x0, 0x0, 0x0,
    0x0, 0x0, 0x2f, 0xff, 0x60, 0x0, 0x0, 0x0,
    0x0, 0x0, 0x0, 0x2, 0xff, 0xf6, 0x0, 0x0,
    0x0, 0x0, 0x0, 0x0, 0x0, 0x2f, 0xff, 0x60,
    0x0, 0x0, 0x0, 0x0, 0x0, 0x0, 0x2, 0xff,
    0xf6, 0x0, 0x0, 0x0, 0x0, 0x0, 0x0, 0x0,
    0x2f, 0xff, 0x60, 0x0, 0x0, 0x0,

    /* U+005A "Z" */
    0xc, 0xff, 0xff, 0xff, 0xff, 0xff, 0xff, 0xff,
    0xb0, 0xcf, 0xff, 0xff, 0xff, 0xff, 0xff, 0xff,
    0xfb, 0xc, 0xff, 0xff, 0xff, 0xff, 0xff, 0xff,
    0xff, 0xa0, 0x11, 0x11, 0x11, 0x11, 0x11, 0x3f,
    0xff, 0xf2, 0x0, 0x0, 0x0, 0x0, 0x0, 0xd,
    0xff, 0xf4, 0x0, 0x0, 0x0, 0x0, 0x0, 0xa,
    0xff, 0xf7, 0x0, 0x0, 0x0, 0x0, 0x0, 0x7,
    0xff, 0xfb, 0x0, 0x0, 0x0, 0x0, 0x0, 0x4,
    0xff, 0xfd, 0x0, 0x0, 0x0, 0x0, 0x0, 0x2,
    0xff, 0xff, 0x20, 0x0, 0x0, 0x0, 0x0, 0x0,
    0xdf, 0xff, 0x50, 0x0, 0x0, 0x0, 0x0, 0x0,
    0xaf, 0xff, 0x80, 0x0, 0x0, 0x0, 0x0, 0x0,
    0x7f, 0xff, 0xb0, 0x0, 0x0, 0x0, 0x0, 0x0,
    0x4f, 0xff, 0xd1, 0x0, 0x0, 0x0, 0x0, 0x0,
    0x2e, 0xff, 0xf3, 0x0, 0x0, 0x0, 0x0, 0x0,
    0xd, 0xff, 0xf5, 0x0, 0x0, 0x0, 0x0, 0x0,
    0xa, 0xff, 0xf8, 0x0, 0x0, 0x0, 0x0, 0x0,
    0x7, 0xff, 0xfc, 0x11, 0x11, 0x11, 0x11, 0x11,
    0x10, 0xff, 0xff, 0xff, 0xff, 0xff, 0xff, 0xff,
    0xfc, 0xf, 0xff, 0xff, 0xff, 0xff, 0xff, 0xff,
    0xff, 0xc0, 0xff, 0xff, 0xff, 0xff, 0xff, 0xff,
    0xff, 0xfc,

    /* U+005B "[" */
    0xbc, 0xcc, 0xcc, 0x2e, 0xff, 0xff, 0xf3, 0xef,
    0xff, 0xff, 0x3e, 0xff, 0x80, 0x0, 0xef, 0xf8,
    0x0, 0xe, 0xff, 0x80, 0x0, 0xef, 0xf8, 0x0,
    0xe, 0xff, 0x80, 0x0, 0xef, 0xf8, 0x0, 0xe,
    0xff, 0x80, 0x0, 0xef, 0xf8, 0x0, 0xe, 0xff,
    0x80, 0x0, 0xef, 0xf8, 0x0, 0xe, 0xff, 0x80,
    0x0, 0xef, 0xf8, 0x0, 0xe, 0xff, 0x80, 0x0,
    0xef, 0xf8, 0x0, 0xe, 0xff, 0x80, 0x0, 0xef,
    0xf8, 0x0, 0xe, 0xff, 0x80, 0x0, 0xef, 0xf8,
    0x0, 0xe, 0xff, 0x80, 0x0, 0xef, 0xf8, 0x0,
    0xe, 0xff, 0xec, 0xc2, 0xef, 0xff, 0xff, 0x3e,
    0xff, 0xff, 0xf3,

    /* U+005C "\\" */
    0x68, 0x82, 0x0, 0x0, 0x0, 0x8f, 0xf8, 0x0,
    0x0, 0x0, 0x4f, 0xfc, 0x0, 0x0, 0x0, 0xf,
    0xff, 0x10, 0x0, 0x0, 0xc, 0xff, 0x50, 0x0,
    0x0, 0x7, 0xff, 0x90, 0x0, 0x0, 0x3, 0xff,
    0xd0, 0x0, 0x0, 0x0, 0xff, 0xf2, 0x0, 0x0,
    0x0, 0xaf, 0xf6, 0x0, 0x0, 0x0, 0x6f, 0xfa,
    0x0, 0x0, 0x0, 0x2f, 0xfe, 0x0, 0x0, 0x0,
    0xe, 0xff, 0x30, 0x0, 0x0, 0x9, 0xff, 0x70,
    0x0, 0x0, 0x5, 0xff, 0xb0, 0x0, 0x0, 0x1,
    0xff, 0xf0, 0x0, 0x0, 0x0, 0xcf, 0xf4, 0x0,
    0x0, 0x0, 0x8f, 0xf8, 0x0, 0x0, 0x0, 0x4f,
    0xfc, 0x0, 0x0, 0x0, 0xf, 0xff, 0x10, 0x0,
    0x0, 0xb, 0xff, 0x50, 0x0, 0x0, 0x7, 0xff,
    0x90, 0x0, 0x0, 0x3, 0xff, 0xe0, 0x0, 0x0,
    0x0, 0xef, 0xf2, 0x0, 0x0, 0x0, 0xaf, 0xf6,
    0x0, 0x0, 0x0, 0x6f, 0xfa,

    /* U+005D "]" */
    0xbc, 0xcc, 0xcc, 0x2e, 0xff, 0xff, 0xf3, 0xef,
    0xff, 0xff, 0x30, 0x3, 0xff, 0xf3, 0x0, 0x3f,
    0xff, 0x30, 0x3, 0xff, 0xf3, 0x0, 0x3f, 0xff,
    0x30, 0x3, 0xff, 0xf3, 0x0, 0x3f, 0xff, 0x30,
    0x3, 0xff, 0xf3, 0x0, 0x3f, 0xff, 0x30, 0x3,
    0xff, 0xf3, 0x0, 0x3f, 0xff, 0x30, 0x3, 0xff,
    0xf3, 0x0, 0x3f, 0xff, 0x30, 0x3, 0xff, 0xf3,
    0x0, 0x3f, 0xff, 0x30, 0x3, 0xff, 0xf3, 0x0,
    0x3f, 0xff, 0x30, 0x3, 0xff, 0xf3, 0x0, 0x3f,
    0xff, 0x30, 0x3, 0xff, 0xf3, 0x0, 0x3f, 0xff,
    0x3b, 0xcd, 0xff, 0xf3, 0xef, 0xff, 0xff, 0x3e,
    0xff, 0xff, 0xf3,

    /* U+005E "^" */
    0x0, 0x0, 0x16, 0x66, 0x0, 0x0, 0x0, 0x0,
    0x8, 0xff, 0xf7, 0x0, 0x0, 0x0, 0x1, 0xff,
    0xff, 0xe0, 0x0, 0x0, 0x0, 0x8f, 0xf8, 0xff,
    0x60, 0x0, 0x0, 0x1f, 0xfb, 0xd, 0xfe, 0x0,
    0x0, 0x8, 0xff, 0x40, 0x6f, 0xf6, 0x0, 0x1,
    0xff, 0xd0, 0x0, 0xef, 0xd0, 0x0, 0x7f, 0xf5,
    0x0, 0x7, 0xff, 0x60, 0xe, 0xfe, 0x0, 0x0,
    0xf, 0xfd, 0x0, 0x22, 0x10, 0x0, 0x0, 0x12,
    0x20,

    /* U+005F "_" */
    0xdd, 0xdd, 0xdd, 0xdd, 0xdd, 0xdd, 0xd1, 0xff,
    0xff, 0xff, 0xff, 0xff, 0xff, 0xf1, 0xff, 0xff,
    0xff, 0xff, 0xff, 0xff, 0xf1,

    /* U+0060 "`" */
    0x23, 0x32, 0x0, 0x4f, 0xff, 0x10, 0x8, 0xff,
    0x90, 0x0, 0xcf, 0xf1, 0x0, 0x2f, 0xf9,

    /* U+0061 "a" */
    0x0, 0x0, 0x6b, 0xef, 0xfd, 0x82, 0x0, 0x0,
    0x1d, 0xff, 0xff, 0xff, 0xff, 0x50, 0x0, 0xdf,
    0xff, 0xdb, 0xcf, 0xff, 0xf2, 0x5, 0xff, 0xf6,
    0x0, 0x4, 0xff, 0xf8, 0x6, 0xaa, 0x80, 0x0,
    0x0, 0xbf, 0xfb, 0x0, 0x0, 0x0, 0x0, 0x2,
    0xdf, 0xfc, 0x0, 0x1, 0x59, 0xbd, 0xff, 0xff,
    0xfc, 0x0, 0x7f, 0xff, 0xff, 0xff, 0xff, 0xfc,
    0x7, 0xff, 0xff, 0xa7, 0x51, 0xaf, 0xfc, 0xe,
    0xff, 0xc0, 0x0, 0x0, 0xaf, 0xfc, 0xf, 0xff,
    0x50, 0x0, 0x0, 0xef, 0xfc, 0xf, 0xff, 0xa0,
    0x0, 0x9, 0xff, 0xfc, 0xa, 0xff, 0xfd, 0x9a,
    0xef, 0xff, 0xfc, 0x1, 0xef, 0xff, 0xff, 0xfb,
    0xaf, 0xfc, 0x0, 0x18, 0xdf, 0xfd, 0x70, 0xaf,
    0xfc,

    /* U+0062 "b" */
    0x6f, 0xff, 0x10, 0x0, 0x0, 0x0, 0x0, 0x6,
    0xff, 0xf1, 0x0, 0x0, 0x0, 0x0, 0x0, 0x6f,
    0xff, 0x10, 0x0, 0x0, 0x0, 0x0, 0x6, 0xff,
    0xf1, 0x0, 0x0, 0x0, 0x0, 0x0, 0x6f, 0xff,
    0x10, 0x0, 0x0, 0x0, 0x0, 0x6, 0xff, 0xf1,
    0x29, 0xef, 0xea, 0x30, 0x0, 0x6f, 0xff, 0x4f,
    0xff, 0xff, 0xff, 0x60, 0x6, 0xff, 0xfe, 0xff,
    0xef, 0xff, 0xff, 0x40, 0x6f, 0xff, 0xf9, 0x10,
    0x7, 0xff, 0xfd, 0x6, 0xff, 0xfb, 0x0, 0x0,
    0x8, 0xff, 0xf4, 0x6f, 0xff, 0x30, 0x0, 0x0,
    0x1f, 0xff, 0x86, 0xff, 0xf0, 0x0, 0x0, 0x0,
    0xdf, 0xfa, 0x6f, 0xfe, 0x0, 0x0, 0x0, 0xc,
    0xff, 0xb6, 0xff, 0xf0, 0x0, 0x0, 0x0, 0xdf,
    0xfa, 0x6f, 0xff, 0x30, 0x0, 0x0, 0x1f, 0xff,
    0x86, 0xff, 0xfb, 0x0, 0x0, 0x8, 0xff, 0xf4,
    0x6f, 0xff, 0xf9, 0x10, 0x7, 0xff, 0xfe, 0x6,
    0xff, 0xfe, 0xff, 0xef, 0xff, 0xff, 0x50, 0x6f,
    0xff, 0x3f, 0xff, 0xff, 0xff, 0x70, 0x6, 0xff,
    0xf0, 0x2a, 0xef, 0xea, 0x30, 0x0,

    /* U+0063 "c" */
    0x0, 0x0, 0x29, 0xdf, 0xfd, 0x92, 0x0, 0x0,
    0x0, 0x7f, 0xff, 0xff, 0xff, 0xf8, 0x0, 0x0,
    0x7f, 0xff, 0xff, 0xef, 0xff, 0xf7, 0x0, 0x2f,
    0xff, 0xe4, 0x0, 0x3c, 0xff, 0xf1, 0x8, 0xff,
    0xf3, 0x0, 0x0, 0x1f, 0xff, 0x60, 0xdf, 0xfc,
    0x0, 0x0, 0x0, 0x45, 0x53, 0xf, 0xff, 0x80,
    0x0, 0x0, 0x0, 0x0, 0x0, 0xff, 0xf7, 0x0,
    0x0, 0x0, 0x0, 0x0, 0xf, 0xff, 0x80, 0x0,
    0x0, 0x0, 0x0, 0x0, 0xdf, 0xfb, 0x0, 0x0,
    0x0, 0x56, 0x63, 0x9, 0xff, 0xf3, 0x0, 0x0,
    0x2f, 0xff, 0x70, 0x2f, 0xff, 0xe4, 0x0, 0x2c,
    0xff, 0xf1, 0x0, 0x7f, 0xff, 0xff, 0xef, 0xff,
    0xf7, 0x0, 0x0, 0x7f, 0xff, 0xff, 0xff, 0xf7,
    0x0, 0x0, 0x0, 0x29, 0xdf, 0xfd, 0x92, 0x0,
    0x0,

    /* U+0064 "d" */
    0x0, 0x0, 0x0, 0x0, 0x0, 0x6, 0xff, 0xf1,
    0x0, 0x0, 0x0, 0x0, 0x0, 0x6, 0xff, 0xf1,
    0x0, 0x0, 0x0, 0x0, 0x0, 0x6, 0xff, 0xf1,
    0x0, 0x0, 0x0, 0x0, 0x0, 0x6, 0xff, 0xf1,
    0x0, 0x0, 0x0, 0x0, 0x0, 0x6, 0xff, 0xf1,
    0x0, 0x0, 0x5c, 0xff, 0xd7, 0x6, 0xff, 0xf1,
    0x0, 0xb, 0xff, 0xff, 0xff, 0xc7, 0xff, 0xf1,
    0x0, 0xaf, 0xff, 0xff, 0xff, 0xfe, 0xff, 0xf1,
    0x3, 0xff, 0xfe, 0x40, 0x3, 0xdf, 0xff, 0xf1,
    0xa, 0xff, 0xf3, 0x0, 0x0, 0x1e, 0xff, 0xf1,
    0xe, 0xff, 0xb0, 0x0, 0x0, 0x8, 0xff, 0xf1,
    0xf, 0xff, 0x80, 0x0, 0x0, 0x5, 0xff, 0xf1,
    0xf, 0xff, 0x70, 0x0, 0x0, 0x4, 0xff, 0xf1,
    0xf, 0xff, 0x80, 0x0, 0x0, 0x5, 0xff, 0xf1,
    0xe, 0xff, 0xb0, 0x0, 0x0, 0x8, 0xff, 0xf1,
    0xa, 0xff, 0xf3, 0x0, 0x0, 0x1f, 0xff, 0xf1,
    0x3, 0xff, 0xfe, 0x40, 0x3, 0xdf, 0xff, 0xf1,
    0x0, 0xaf, 0xff, 0xff, 0xef, 0xfe, 0xff, 0xf1,
    0x0, 0xb, 0xff, 0xff, 0xff, 0xc6, 0xff, 0xf1,
    0x0, 0x0, 0x6c, 0xff, 0xd7, 0x5, 0xff, 0xf1,

    /* U+0065 "e" */
    0x0, 0x0, 0x29, 0xdf, 0xfd, 0x81, 0x0, 0x0,
    0x0, 0x7f, 0xff, 0xff, 0xff, 0xf5, 0x0, 0x0,
    0x7f, 0xff, 0xfc, 0xcf, 0xff, 0xf4, 0x0, 0x2f,
    0xff, 0xa1, 0x0, 0x1b, 0xff, 0xe0, 0x8, 0xff,
    0xd0, 0x0, 0x0, 0xe, 0xff, 0x60, 0xdf, 0xf7,
    0x0, 0x0, 0x0, 0x9f, 0xfa, 0xf, 0xff, 0xff,
    0xff, 0xff, 0xff, 0xff, 0xc0, 0xff, 0xff, 0xff,
    0xff, 0xff, 0xff, 0xfd, 0xf, 0xff, 0xa6, 0x66,
    0x66, 0x66, 0x66, 0x50, 0xdf, 0xf8, 0x0, 0x0,
    0x0, 0x0, 0x0, 0x9, 0xff, 0xe0, 0x0, 0x0,
    0x7, 0xaa, 0x50, 0x2f, 0xff, 0xb1, 0x0, 0x7,
    0xff, 0xf4, 0x0, 0x7f, 0xff, 0xfc, 0xcf, 0xff,
    0xfa, 0x0, 0x0, 0x7f, 0xff, 0xff, 0xff, 0xfa,
    0x0, 0x0, 0x0, 0x29, 0xdf, 0xfe, 0xa3, 0x0,
    0x0,

    /* U+0066 "f" */
    0x0, 0x0, 0x4b, 0xff, 0xf7, 0x0, 0x5, 0xff,
    0xff, 0xf7, 0x0, 0xe, 0xff, 0xfe, 0xd5, 0x0,
    0x1f, 0xff, 0x90, 0x0, 0x0, 0x1f, 0xff, 0x50,
    0x0, 0xcf, 0xff, 0xff, 0xff, 0xf6, 0xcf, 0xff,
    0xff, 0xff, 0xf6, 0x9c, 0xcf, 0xff, 0xdc, 0xc4,
    0x0, 0x1f, 0xff, 0x50, 0x0, 0x0, 0x1f, 0xff,
    0x50, 0x0, 0x0, 0x1f, 0xff, 0x50, 0x0, 0x0,
    0x1f, 0xff, 0x50, 0x0, 0x0, 0x1f, 0xff, 0x50,
    0x0, 0x0, 0x1f, 0xff, 0x50, 0x0, 0x0, 0x1f,
    0xff, 0x50, 0x0, 0x0, 0x1f, 0xff, 0x50, 0x0,
    0x0, 0x1f, 0xff, 0x50, 0x0, 0x0, 0x1f, 0xff,
    0x50, 0x0, 0x0, 0x1f, 0xff, 0x50, 0x0, 0x0,
    0x1f, 0xff, 0x50, 0x0,

    /* U+0067 "g" */
    0x0, 0x0, 0x5c, 0xff, 0xd7, 0x5, 0xff, 0xf1,
    0x0, 0xb, 0xff, 0xff, 0xff, 0xc6, 0xff, 0xf1,
    0x0, 0x9f, 0xff, 0xfe, 0xef, 0xfe, 0xff, 0xf1,
    0x3, 0xff, 0xfe, 0x40, 0x3, 0xcf, 0xff, 0xf1,
    0x9, 0xff, 0xf3, 0x0, 0x0, 0x1e, 0xff, 0xf1,
    0xd, 0xff, 0xb0, 0x0, 0x0, 0x8, 0xff, 0xf1,
    0xf, 0xff, 0x80, 0x0, 0x0, 0x5, 0xff, 0xf1,
    0xf, 0xff, 0x70, 0x0, 0x0, 0x4, 0xff, 0xf1,
    0xf, 0xff, 0x80, 0x0, 0x0, 0x5, 0xff, 0xf1,
    0xe, 0xff, 0xb0, 0x0, 0x0, 0x8, 0xff, 0xf1,
    0xa, 0xff, 0xf2, 0x0, 0x0, 0x1e, 0xff, 0xf1,
    0x4, 0xff, 0xfd, 0x30, 0x2, 0xcf, 0xff, 0xf1,
    0x0, 0xaf, 0xff, 0xfe, 0xef, 0xfe, 0xff, 0xf1,
    0x0, 0xb, 0xff, 0xff, 0xff, 0xc6, 0xff, 0xf1,
    0x0, 0x0, 0x6c, 0xff, 0xd8, 0x6, 0xff, 0xf0,
    0x0, 0x0, 0x0, 0x0, 0x0, 0x6, 0xff, 0xf0,
    0x2, 0x78, 0x90, 0x0, 0x0, 0xa, 0xff, 0xd0,
    0x2, 0xff, 0xfa, 0x0, 0x0, 0x6f, 0xff, 0x90,
    0x0, 0x9f, 0xff, 0xfb, 0xbd, 0xff, 0xfe, 0x10,
    0x0, 0xa, 0xff, 0xff, 0xff, 0xff, 0xe3, 0x0,
    0x0, 0x0, 0x4a, 0xdf, 0xfe, 0xb6, 0x0, 0x0,

    /* U+0068 "h" */
    0x6f, 0xff, 0x10, 0x0, 0x0, 0x0, 0x0, 0x6f,
    0xff, 0x10, 0x0, 0x0, 0x0, 0x0, 0x6f, 0xff,
    0x10, 0x0, 0x0, 0x0, 0x0, 0x6f, 0xff, 0x10,
    0x0, 0x0, 0x0, 0x0, 0x6f, 0xff, 0x10, 0x0,
    0x0, 0x0, 0x0, 0x6f, 0xff, 0x11, 0x9e, 0xfe,
    0xa2, 0x0, 0x6f, 0xff, 0x2d, 0xff, 0xff, 0xff,
    0x40, 0x6f, 0xff, 0xcf, 0xff, 0xff, 0xff, 0xe0,
    0x6f, 0xff, 0xf8, 0x21, 0x4d, 0xff, 0xf5, 0x6f,
    0xff, 0x90, 0x0, 0x3, 0xff, 0xf9, 0x6f, 0xff,
    0x30, 0x0, 0x0, 0xef, 0xfa, 0x6f, 0xff, 0x10,
    0x0, 0x0, 0xcf, 0xfa, 0x6f, 0xff, 0x10, 0x0,
    0x0, 0xcf, 0xfa, 0x6f, 0xff, 0x10, 0x0, 0x0,
    0xcf, 0xfa, 0x6f, 0xff, 0x10, 0x0, 0x0, 0xcf,
    0xfa, 0x6f, 0xff, 0x10, 0x0, 0x0, 0xcf, 0xfa,
    0x6f, 0xff, 0x10, 0x0, 0x0, 0xcf, 0xfa, 0x6f,
    0xff, 0x10, 0x0, 0x0, 0xcf, 0xfa, 0x6f, 0xff,
    0x10, 0x0, 0x0, 0xcf, 0xfa, 0x6f, 0xff, 0x10,
    0x0, 0x0, 0xcf, 0xfa,

    /* U+0069 "i" */
    0x2c, 0xfa, 0xa, 0xff, 0xf5, 0x9f, 0xff, 0x51,
    0xbe, 0x90, 0x0, 0x0, 0x6, 0xff, 0xf1, 0x6f,
    0xff, 0x16, 0xff, 0xf1, 0x6f, 0xff, 0x16, 0xff,
    0xf1, 0x6f, 0xff, 0x16, 0xff, 0xf1, 0x6f, 0xff,
    0x16, 0xff, 0xf1, 0x6f, 0xff, 0x16, 0xff, 0xf1,
    0x6f, 0xff, 0x16, 0xff, 0xf1, 0x6f, 0xff, 0x16,
    0xff, 0xf1,

    /* U+006A "j" */
    0x0, 0x2c, 0xfa, 0x0, 0xa, 0xff, 0xf5, 0x0,
    0x9f, 0xff, 0x50, 0x1, 0xbe, 0x90, 0x0, 0x0,
    0x0, 0x0, 0x6, 0xff, 0xf1, 0x0, 0x6f, 0xff,
    0x10, 0x6, 0xff, 0xf1, 0x0, 0x6f, 0xff, 0x10,
    0x6, 0xff, 0xf1, 0x0, 0x6f, 0xff, 0x10, 0x6,
    0xff, 0xf1, 0x0, 0x6f, 0xff, 0x10, 0x6, 0xff,
    0xf1, 0x0, 0x6f, 0xff, 0x10, 0x6, 0xff, 0xf1,
    0x0, 0x6f, 0xff, 0x10, 0x6, 0xff, 0xf1, 0x0,
    0x6f, 0xff, 0x10, 0x6, 0xff, 0xf1, 0x0, 0x6f,
    0xff, 0x10, 0x6, 0xff, 0xf1, 0x0, 0xbf, 0xff,
    0xb, 0xef, 0xff, 0xb0, 0xdf, 0xff, 0xf3, 0xd,
    0xfe, 0xa2, 0x0,

    /* U+006B "k" */
    0x6f, 0xff, 0x10, 0x0, 0x0, 0x0, 0x0, 0x6,
    0xff, 0xf1, 0x0, 0x0, 0x0, 0x0, 0x0, 0x6f,
    0xff, 0x10, 0x0, 0x0, 0x0, 0x0, 0x6, 0xff,
    0xf1, 0x0, 0x0, 0x0, 0x0, 0x0, 0x6f, 0xff,
    0x10, 0x0, 0x0, 0x0, 0x0, 0x6, 0xff, 0xf1,
    0x0, 0x0, 0xaf, 0xff, 0x70, 0x6f, 0xff, 0x10,
    0x0, 0x9f, 0xff, 0x90, 0x6, 0xff, 0xf1, 0x0,
    0x7f, 0xff, 0xb0, 0x0, 0x6f, 0xff, 0x10, 0x5f,
    0xff, 0xc0, 0x0, 0x6, 0xff, 0xf1, 0x4f, 0xff,
    0xd1, 0x0, 0x0, 0x6f, 0xff, 0x4f, 0xff, 0xe2,
    0x0, 0x0, 0x6, 0xff, 0xff, 0xff, 0xf4, 0x0,
    0x0, 0x0, 0x6f, 0xff, 0xff, 0xff, 0xa0, 0x0,
    0x0, 0x6, 0xff, 0xff, 0xef, 0xff, 0x60, 0x0,
    0x0, 0x6f, 0xff, 0xa1, 0xef, 0xff, 0x30, 0x0,
    0x6, 0xff, 0xf1, 0x4, 0xff, 0xfd, 0x0, 0x0,
    0x6f, 0xff, 0x10, 0x8, 0xff, 0xfa, 0x0, 0x6,
    0xff, 0xf1, 0x0, 0xc, 0xff, 0xf6, 0x0, 0x6f,
    0xff, 0x10, 0x0, 0x1e, 0xff, 0xf2, 0x6, 0xff,
    0xf1, 0x0, 0x0, 0x4f, 0xff, 0xd0,

    /* U+006C "l" */
    0x6f, 0xff, 0x16, 0xff, 0xf1, 0x6f, 0xff, 0x16,
    0xff, 0xf1, 0x6f, 0xff, 0x16, 0xff, 0xf1, 0x6f,
    0xff, 0x16, 0xff, 0xf1, 0x6f, 0xff, 0x16, 0xff,
    0xf1, 0x6f, 0xff, 0x16, 0xff, 0xf1, 0x6f, 0xff,
    0x16, 0xff, 0xf1, 0x6f, 0xff, 0x16, 0xff, 0xf1,
    0x6f, 0xff, 0x16, 0xff, 0xf1, 0x6f, 0xff, 0x16,
    0xff, 0xf1,

    /* U+006D "m" */
    0x6f, 0xff, 0x2, 0xae, 0xfd, 0x70, 0x0, 0x5c,
    0xff, 0xc6, 0x0, 0x6f, 0xff, 0x3f, 0xff, 0xff,
    0xf9, 0xa, 0xff, 0xff, 0xff, 0xa0, 0x6f, 0xff,
    0xdf, 0xff, 0xff, 0xff, 0xaf, 0xff, 0xff, 0xff,
    0xf5, 0x6f, 0xff, 0xf5, 0x0, 0x7f, 0xff, 0xfe,
    0x40, 0x18, 0xff, 0xfb, 0x6f, 0xff, 0x70, 0x0,
    0xa, 0xff, 0xf4, 0x0, 0x0, 0xcf, 0xfe, 0x6f,
    0xff, 0x20, 0x0, 0x7, 0xff, 0xf0, 0x0, 0x0,
    0x9f, 0xfe, 0x6f, 0xff, 0x10, 0x0, 0x7, 0xff,
    0xf0, 0x0, 0x0, 0x9f, 0xfe, 0x6f, 0xff, 0x10,
    0x0, 0x7, 0xff, 0xf0, 0x0, 0x0, 0x9f, 0xfe,
    0x6f, 0xff, 0x10, 0x0, 0x7, 0xff, 0xf0, 0x0,
    0x0, 0x9f, 0xfe, 0x6f, 0xff, 0x10, 0x0, 0x7,
    0xff, 0xf0, 0x0, 0x0, 0x9f, 0xfe, 0x6f, 0xff,
    0x10, 0x0, 0x7, 0xff, 0xf0, 0x0, 0x0, 0x9f,
    0xfe, 0x6f, 0xff, 0x10, 0x0, 0x7, 0xff, 0xf0,
    0x0, 0x0, 0x9f, 0xfe, 0x6f, 0xff, 0x10, 0x0,
    0x7, 0xff, 0xf0, 0x0, 0x0, 0x9f, 0xfe, 0x6f,
    0xff, 0x10, 0x0, 0x7, 0xff, 0xf0, 0x0, 0x0,
    0x9f, 0xfe, 0x6f, 0xff, 0x10, 0x0, 0x7, 0xff,
    0xf0, 0x0, 0x0, 0x9f, 0xfe,

    /* U+006E "n" */
    0x6f, 0xff, 0x2, 0xae, 0xfe, 0xa2, 0x0, 0x6f,
    0xff, 0x4f, 0xff, 0xff, 0xff, 0x40, 0x6f, 0xff,
    0xef, 0xff, 0xff, 0xff, 0xe0, 0x6f, 0xff, 0xf8,
    0x21, 0x4d, 0xff, 0xf5, 0x6f, 0xff, 0x90, 0x0,
    0x3, 0xff, 0xf9, 0x6f, 0xff, 0x30, 0x0, 0x0,
    0xef, 0xfa, 0x6f, 0xff, 0x10, 0x0, 0x0, 0xcf,
    0xfa, 0x6f, 0xff, 0x10, 0x0, 0x0, 0xcf, 0xfa,
    0x6f, 0xff, 0x10, 0x0, 0x0, 0xcf, 0xfa, 0x6f,
    0xff, 0x10, 0x0, 0x0, 0xcf, 0xfa, 0x6f, 0xff,
    0x10, 0x0, 0x0, 0xcf, 0xfa, 0x6f, 0xff, 0x10,
    0x0, 0x0, 0xcf, 0xfa, 0x6f, 0xff, 0x10, 0x0,
    0x0, 0xcf, 0xfa, 0x6f, 0xff, 0x10, 0x0, 0x0,
    0xcf, 0xfa, 0x6f, 0xff, 0x10, 0x0, 0x0, 0xcf,
    0xfa,

    /* U+006F "o" */
    0x0, 0x0, 0x29, 0xdf, 0xfe, 0xa3, 0x0, 0x0,
    0x0, 0x7, 0xff, 0xff, 0xff, 0xff, 0x90, 0x0,
    0x0, 0x7f, 0xff, 0xff, 0xef, 0xff, 0xfa, 0x0,
    0x2, 0xff, 0xfe, 0x40, 0x2, 0xcf, 0xff, 0x40,
    0x8, 0xff, 0xf3, 0x0, 0x0, 0x1e, 0xff, 0xc0,
    0xd, 0xff, 0xc0, 0x0, 0x0, 0x8, 0xff, 0xf0,
    0xf, 0xff, 0x80, 0x0, 0x0, 0x5, 0xff, 0xf3,
    0xf, 0xff, 0x70, 0x0, 0x0, 0x4, 0xff, 0xf4,
    0xf, 0xff, 0x80, 0x0, 0x0, 0x5, 0xff, 0xf3,
    0xd, 0xff, 0xc0, 0x0, 0x0, 0x8, 0xff, 0xf0,
    0x9, 0xff, 0xf3, 0x0, 0x0, 0x1e, 0xff, 0xc0,
    0x2, 0xff, 0xfe, 0x40, 0x2, 0xcf, 0xff, 0x40,
    0x0, 0x7f, 0xff, 0xff, 0xef, 0xff, 0xfa, 0x0,
    0x0, 0x7, 0xff, 0xff, 0xff, 0xff, 0x90, 0x0,
    0x0, 0x0, 0x29, 0xdf, 0xfe, 0xa3, 0x0, 0x0,

    /* U+0070 "p" */
    0x6f, 0xff, 0x2, 0xae, 0xfe, 0xa3, 0x0, 0x6,
    0xff, 0xf4, 0xff, 0xff, 0xff, 0xf6, 0x0, 0x6f,
    0xff, 0xef, 0xfe, 0xff, 0xff, 0xf4, 0x6, 0xff,
    0xff, 0x91, 0x0, 0x7f, 0xff, 0xd0, 0x6f, 0xff,
    0xb0, 0x0, 0x0, 0x8f, 0xff, 0x46, 0xff, 0xf3,
    0x0, 0x0, 0x1, 0xff, 0xf8, 0x6f, 0xff, 0x0,
    0x0, 0x0, 0xd, 0xff, 0xa6, 0xff, 0xe0, 0x0,
    0x0, 0x0, 0xcf, 0xfb, 0x6f, 0xff, 0x0, 0x0,
    0x0, 0xd, 0xff, 0xa6, 0xff, 0xf3, 0x0, 0x0,
    0x1, 0xff, 0xf8, 0x6f, 0xff, 0xb0, 0x0, 0x0,
    0x8f, 0xff, 0x46, 0xff, 0xff, 0x91, 0x0, 0x7f,
    0xff, 0xe0, 0x6f, 0xff, 0xef, 0xfe, 0xff, 0xff,
    0xf5, 0x6, 0xff, 0xf4, 0xef, 0xff, 0xff, 0xf7,
    0x0, 0x6f, 0xff, 0x11, 0x9e, 0xfe, 0xa3, 0x0,
    0x6, 0xff, 0xf1, 0x0, 0x0, 0x0, 0x0, 0x0,
    0x6f, 0xff, 0x10, 0x0, 0x0, 0x0, 0x0, 0x6,
    0xff, 0xf1, 0x0, 0x0, 0x0, 0x0, 0x0, 0x6f,
    0xff, 0x10, 0x0, 0x0, 0x0, 0x0, 0x6, 0xff,
    0xf1, 0x0, 0x0, 0x0, 0x0, 0x0, 0x6f, 0xff,
    0x10, 0x0, 0x0, 0x0, 0x0, 0x0,

    /* U+0071 "q" */
    0x0, 0x0, 0x5c, 0xff, 0xd7, 0x5, 0xff, 0xf1,
    0x0, 0xb, 0xff, 0xff, 0xff, 0xd6, 0xff, 0xf1,
    0x0, 0xaf, 0xff, 0xff, 0xff, 0xfe, 0xff, 0xf1,
    0x3, 0xff, 0xfe, 0x40, 0x3, 0xdf, 0xff, 0xf1,
    0xa, 0xff, 0xf3, 0x0, 0x0, 0x1e, 0xff, 0xf1,
    0xe, 0xff, 0xb0, 0x0, 0x0, 0x8, 0xff, 0xf1,
    0xf, 0xff, 0x80, 0x0, 0x0, 0x5, 0xff, 0xf1,
    0xf, 0xff, 0x70, 0x0, 0x0, 0x4, 0xff, 0xf1,
    0xf, 0xff, 0x80, 0x0, 0x0, 0x5, 0xff, 0xf1,
    0xe, 0xff, 0xb0, 0x0, 0x0, 0x8, 0xff, 0xf1,
    0xa, 0xff, 0xf3, 0x0, 0x0, 0x1f, 0xff, 0xf1,
    0x3, 0xff, 0xfe, 0x40, 0x3, 0xdf, 0xff, 0xf1,
    0x0, 0xaf, 0xff, 0xff, 0xef, 0xfe, 0xff, 0xf1,
    0x0, 0xb, 0xff, 0xff, 0xff, 0xb7, 0xff, 0xf1,
    0x0, 0x0, 0x6c, 0xff, 0xd7, 0x6, 0xff, 0xf1,
    0x0, 0x0, 0x0, 0x0, 0x0, 0x6, 0xff, 0xf1,
    0x0, 0x0, 0x0, 0x0, 0x0, 0x6, 0xff, 0xf1,
    0x0, 0x0, 0x0, 0x0, 0x0, 0x6, 0xff, 0xf1,
    0x0, 0x0, 0x0, 0x0, 0x0, 0x6, 0xff, 0xf1,
    0x0, 0x0, 0x0, 0x0, 0x0, 0x6, 0xff, 0xf1,
    0x0, 0x0, 0x0, 0x0, 0x0, 0x6, 0xff, 0xf1,

    /* U+0072 "r" */
    0x6f, 0xff, 0x7, 0xdf, 0xb6, 0xff, 0xf8, 0xff,
    0xfc, 0x6f, 0xff, 0xff, 0xfe, 0xb6, 0xff, 0xff,
    0x50, 0x0, 0x6f, 0xff, 0x70, 0x0, 0x6, 0xff,
    0xf2, 0x0, 0x0, 0x6f, 0xff, 0x10, 0x0, 0x6,
    0xff, 0xf1, 0x0, 0x0, 0x6f, 0xff, 0x10, 0x0,
    0x6, 0xff, 0xf1, 0x0, 0x0, 0x6f, 0xff, 0x10,
    0x0, 0x6, 0xff, 0xf1, 0x0, 0x0, 0x6f, 0xff,
    0x10, 0x0, 0x6, 0xff, 0xf1, 0x0, 0x0, 0x6f,
    0xff, 0x10, 0x0, 0x0,

    /* U+0073 "s" */
    0x0, 0x2, 0x9d, 0xff, 0xea, 0x40, 0x0, 0x0,
    0x7f, 0xff, 0xff, 0xff, 0xfa, 0x0, 0x3, 0xff,
    0xff, 0xba, 0xdf, 0xff, 0x80, 0x9, 0xff, 0xf2,
    0x0, 0x9, 0xff, 0xe0, 0xb, 0xff, 0xc0, 0x0,
    0x1, 0xaa, 0xa1, 0x9, 0xff, 0xf7, 0x10, 0x0,
    0x0, 0x0, 0x2, 0xff, 0xff, 0xfd, 0xa7, 0x20,
    0x0, 0x0, 0x3c, 0xff, 0xff, 0xff, 0xfb, 0x20,
    0x0, 0x0, 0x37, 0xbe, 0xff, 0xff, 0xe1, 0x0,
    0x0, 0x0, 0x0, 0x2a, 0xff, 0xf6, 0xb, 0xbb,
    0x40, 0x0, 0x0, 0xff, 0xf8, 0xc, 0xff, 0xd1,
    0x0, 0x6, 0xff, 0xf5, 0x5, 0xff, 0xff, 0xba,
    0xcf, 0xff, 0xe0, 0x0, 0x6f, 0xff, 0xff, 0xff,
    0xfd, 0x20, 0x0, 0x2, 0x9d, 0xff, 0xeb, 0x60,
    0x0,

    /* U+0074 "t" */
    0x0, 0x28, 0x88, 0x10, 0x0, 0x0, 0x5f, 0xff,
    0x20, 0x0, 0x0, 0x5f, 0xff, 0x20, 0x0, 0x0,
    0x5f, 0xff, 0x20, 0x0, 0xcf, 0xff, 0xff, 0xff,
    0xf1, 0xcf, 0xff, 0xff, 0xff, 0xf1, 0x9c, 0xdf,
    0xff, 0xdc, 0xc1, 0x0, 0x5f, 0xff, 0x20, 0x0,
    0x0, 0x5f, 0xff, 0x20, 0x0, 0x0, 0x5f, 0xff,
    0x20, 0x0, 0x0, 0x5f, 0xff, 0x20, 0x0, 0x0,
    0x5f, 0xff, 0x20, 0x0, 0x0, 0x5f, 0xff, 0x20,
    0x0, 0x0, 0x5f, 0xff, 0x20, 0x0, 0x0, 0x5f,
    0xff, 0x20, 0x0, 0x0, 0x4f, 0xff, 0x50, 0x0,
    0x0, 0x2f, 0xff, 0xfd, 0xd1, 0x0, 0xb, 0xff,
    0xff, 0xf2, 0x0, 0x0, 0x8d, 0xff, 0xf2,

    /* U+0075 "u" */
    0x6f, 0xff, 0x10, 0x0, 0x0, 0xcf, 0xfa, 0x6f,
    0xff, 0x10, 0x0, 0x0, 0xcf, 0xfa, 0x6f, 0xff,
    0x10, 0x0, 0x0, 0xcf, 0xfa, 0x6f, 0xff, 0x10,
    0x0, 0x0, 0xcf, 0xfa, 0x6f, 0xff, 0x10, 0x0,
    0x0, 0xcf, 0xfa, 0x6f, 0xff, 0x10, 0x0, 0x0,
    0xcf, 0xfa, 0x6f, 0xff, 0x10, 0x0, 0x0, 0xcf,
    0xfa, 0x6f, 0xff, 0x10, 0x0, 0x0, 0xcf, 0xfa,
    0x6f, 0xff, 0x10, 0x0, 0x0, 0xcf, 0xfa, 0x6f,
    0xff, 0x20, 0x0, 0x0, 0xef, 0xfa, 0x4f, 0xff,
    0x70, 0x0, 0x4, 0xff, 0xfa, 0x1f, 0xff, 0xf6,
    0x11, 0x6f, 0xff, 0xfa, 0xa, 0xff, 0xff, 0xff,
    0xff, 0xef, 0xfa, 0x1, 0xdf, 0xff, 0xff, 0xf7,
    0xbf, 0xfa, 0x0, 0x8, 0xdf, 0xfb, 0x40, 0xbf,
    0xfa,

    /* U+0076 "v" */
    0x8f, 0xff, 0x20, 0x0, 0x0, 0xb, 0xff, 0xe0,
    0x2f, 0xff, 0x80, 0x0, 0x0, 0x1f, 0xff, 0x90,
    0xc, 0xff, 0xd0, 0x0, 0x0, 0x6f, 0xff, 0x30,
    0x6, 0xff, 0xf2, 0x0, 0x0, 0xbf, 0xfd, 0x0,
    0x1, 0xff, 0xf8, 0x0, 0x1, 0xff, 0xf7, 0x0,
    0x0, 0xbf, 0xfd, 0x0, 0x6, 0xff, 0xf1, 0x0,
    0x0, 0x5f, 0xff, 0x30, 0xb, 0xff, 0xb0, 0x0,
    0x0, 0xe, 0xff, 0x80, 0x1f, 0xff, 0x50, 0x0,
    0x0, 0x9, 0xff, 0xd0, 0x5f, 0xff, 0x0, 0x0,
    0x0, 0x3, 0xff, 0xf2, 0xaf, 0xfa, 0x0, 0x0,
    0x0, 0x0, 0xdf, 0xf7, 0xff, 0xf4, 0x0, 0x0,
    0x0, 0x0, 0x7f, 0xfe, 0xff, 0xe0, 0x0, 0x0,
    0x0, 0x0, 0x2f, 0xff, 0xff, 0x80, 0x0, 0x0,
    0x0, 0x0, 0xc, 0xff, 0xff, 0x20, 0x0, 0x0,
    0x0, 0x0, 0x6, 0xff, 0xfc, 0x0, 0x0, 0x0,

    /* U+0077 "w" */
    0x8f, 0xff, 0x10, 0x0, 0x7, 0xff, 0xf0, 0x0,
    0x0, 0x9f, 0xff, 0x13, 0xff, 0xf6, 0x0, 0x0,
    0xbf, 0xff, 0x40, 0x0, 0xd, 0xff, 0xc0, 0xe,
    0xff, 0xa0, 0x0, 0xf, 0xff, 0xf9, 0x0, 0x1,
    0xff, 0xf8, 0x0, 0xaf, 0xfe, 0x0, 0x4, 0xff,
    0xff, 0xd0, 0x0, 0x5f, 0xff, 0x30, 0x5, 0xff,
    0xf2, 0x0, 0x8f, 0xfe, 0xff, 0x10, 0xa, 0xff,
    0xe0, 0x0, 0xf, 0xff, 0x60, 0xc, 0xff, 0x7f,
    0xf5, 0x0, 0xef, 0xf9, 0x0, 0x0, 0xbf, 0xfa,
    0x1, 0xff, 0xc3, 0xff, 0x90, 0x2f, 0xff, 0x40,
    0x0, 0x6, 0xff, 0xe0, 0x5f, 0xf7, 0xe, 0xfd,
    0x5, 0xff, 0xf0, 0x0, 0x0, 0x2f, 0xff, 0x29,
    0xff, 0x30, 0xaf, 0xf1, 0x9f, 0xfb, 0x0, 0x0,
    0x0, 0xdf, 0xf5, 0xcf, 0xe0, 0x6, 0xff, 0x5d,
    0xff, 0x60, 0x0, 0x0, 0x8, 0xff, 0xaf, 0xfa,
    0x0, 0x1f, 0xfa, 0xff, 0xf1, 0x0, 0x0, 0x0,
    0x3f, 0xff, 0xff, 0x50, 0x0, 0xdf, 0xff, 0xfc,
    0x0, 0x0, 0x0, 0x0, 0xef, 0xff, 0xf1, 0x0,
    0x8, 0xff, 0xff, 0x80, 0x0, 0x0, 0x0, 0xa,
    0xff, 0xfc, 0x0, 0x0, 0x4f, 0xff, 0xf3, 0x0,
    0x0, 0x0, 0x0, 0x5f, 0xff, 0x80, 0x0, 0x0,
    0xff, 0xfe, 0x0, 0x0, 0x0,

    /* U+0078 "x" */
    0x1e, 0xff, 0xd0, 0x0, 0x0, 0xaf, 0xff, 0x20,
    0x5f, 0xff, 0x70, 0x0, 0x5f, 0xff, 0x60, 0x0,
    0xaf, 0xff, 0x20, 0xe, 0xff, 0xc0, 0x0, 0x1,
    0xef, 0xfa, 0x8, 0xff, 0xf2, 0x0, 0x0, 0x5,
    0xff, 0xf6, 0xff, 0xf6, 0x0, 0x0, 0x0, 0xa,
    0xff, 0xff, 0xfb, 0x0, 0x0, 0x0, 0x0, 0x1e,
    0xff, 0xff, 0x10, 0x0, 0x0, 0x0, 0x0, 0xaf,
    0xff, 0xb0, 0x0, 0x0, 0x0, 0x0, 0x4f, 0xff,
    0xff, 0x50, 0x0, 0x0, 0x0, 0xe, 0xff, 0xef,
    0xfe, 0x10, 0x0, 0x0, 0x9, 0xff, 0xe2, 0xef,
    0xfa, 0x0, 0x0, 0x4, 0xff, 0xf6, 0x6, 0xff,
    0xf5, 0x0, 0x1, 0xef, 0xfc, 0x0, 0xc, 0xff,
    0xe1, 0x0, 0xaf, 0xff, 0x20, 0x0, 0x2f, 0xff,
    0xa0, 0x5f, 0xff, 0x80, 0x0, 0x0, 0x8f, 0xff,
    0x50,

    /* U+0079 "y" */
    0x8f, 0xff, 0x20, 0x0, 0x0, 0xb, 0xff, 0xe0,
    0x2f, 0xff, 0x80, 0x0, 0x0, 0xf, 0xff, 0x80,
    0xc, 0xff, 0xd0, 0x0, 0x0, 0x6f, 0xff, 0x20,
    0x6, 0xff, 0xf2, 0x0, 0x0, 0xbf, 0xfd, 0x0,
    0x1, 0xff, 0xf8, 0x0, 0x1, 0xff, 0xf7, 0x0,
    0x0, 0xaf, 0xfd, 0x0, 0x6, 0xff, 0xf1, 0x0,
    0x0, 0x4f, 0xff, 0x20, 0xb, 0xff, 0xb0, 0x0,
    0x0, 0xe, 0xff, 0x80, 0x1f, 0xff, 0x50, 0x0,
    0x0, 0x8, 0xff, 0xd0, 0x6f, 0xfe, 0x0, 0x0,
    0x0, 0x2, 0xff, 0xf2, 0xbf, 0xf9, 0x0, 0x0,
    0x0, 0x0, 0xcf, 0xf7, 0xff, 0xf3, 0x0, 0x0,
    0x0, 0x0, 0x6f, 0xfe, 0xff, 0xd0, 0x0, 0x0,
    0x0, 0x0, 0x1f, 0xff, 0xff, 0x70, 0x0, 0x0,
    0x0, 0x0, 0xb, 0xff, 0xff, 0x10, 0x0, 0x0,
    0x0, 0x0, 0x5, 0xff, 0xfb, 0x0, 0x0, 0x0,
    0x0, 0x0, 0x3, 0xff, 0xf5, 0x0, 0x0, 0x0,
    0x0, 0x0, 0x8, 0xff, 0xf0, 0x0, 0x0, 0x0,
    0x0, 0x0, 0x1e, 0xff, 0x90, 0x0, 0x0, 0x0,
    0x0, 0xdd, 0xff, 0xff, 0x20, 0x0, 0x0, 0x0,
    0x1, 0xff, 0xff, 0xf7, 0x0, 0x0, 0x0, 0x0,
    0x2, 0xff, 0xfc, 0x50, 0x0, 0x0, 0x0, 0x0,

    /* U+007A "z" */
    0x9f, 0xff, 0xff, 0xff, 0xff, 0xff, 0x19, 0xff,
    0xff, 0xff, 0xff, 0xff, 0xf1, 0x8e, 0xee, 0xee,
    0xee, 0xff, 0xff, 0x0, 0x0, 0x0, 0x0, 0x8f,
    0xff, 0x50, 0x0, 0x0, 0x0, 0x5f, 0xff, 0x80,
    0x0, 0x0, 0x0, 0x2f, 0xff, 0xc0, 0x0, 0x0,
    0x0, 0xd, 0xff, 0xe1, 0x0, 0x0, 0x0, 0xa,
    0xff, 0xf4, 0x0, 0x0, 0x0, 0x6, 0xff, 0xf8,
    0x0, 0x0, 0x0, 0x3, 0xff, 0xfb, 0x0, 0x0,
    0x0, 0x1, 0xef, 0xfe, 0x10, 0x0, 0x0, 0x0,
    0xbf, 0xff, 0x30, 0x0, 0x0, 0x0, 0x7f, 0xff,
    0xfe, 0xee, 0xee, 0xee, 0x2a, 0xff, 0xff, 0xff,
    0xff, 0xff, 0xf3, 0xaf, 0xff, 0xff, 0xff, 0xff,
    0xff, 0x30,

    /* U+007B "{" */
    0x0, 0x0, 0x0, 0x48, 0xaa, 0x0, 0x0, 0x1c,
    0xff, 0xfe, 0x0, 0x0, 0x9f, 0xff, 0xfe, 0x0,
    0x0, 0xff, 0xfc, 0x30, 0x0, 0x3, 0xff, 0xf4,
    0x0, 0x0, 0x5, 0xff, 0xf1, 0x0, 0x0, 0x5,
    0xff, 0xf0, 0x0, 0x0, 0x5, 0xff, 0xf0, 0x0,
    0x0, 0x5, 0xff, 0xf0, 0x0, 0x0, 0x6, 0xff,
    0xf0, 0x0, 0x0, 0xa, 0xff, 0xf0, 0x0, 0x15,
    0xaf, 0xff, 0xa0, 0x0, 0x6f, 0xff, 0xfd, 0x10,
    0x0, 0x7f, 0xff, 0xb0, 0x0, 0x0, 0x6f, 0xff,
    0xfd, 0x20, 0x0, 0x1, 0x5f, 0xff, 0xb0, 0x0,
    0x0, 0x8, 0xff, 0xf0, 0x0, 0x0, 0x5, 0xff,
    0xf0, 0x0, 0x0, 0x5, 0xff, 0xf0, 0x0, 0x0,
    0x5, 0xff, 0xf0, 0x0, 0x0, 0x5, 0xff, 0xf0,
    0x0, 0x0, 0x4, 0xff, 0xf2, 0x0, 0x0, 0x2,
    0xff, 0xf9, 0x0, 0x0, 0x0, 0xcf, 0xff, 0xea,
    0x0, 0x0, 0x3f, 0xff, 0xfe, 0x0, 0x0, 0x1,
    0x8c, 0xee,

    /* U+007C "|" */
    0x78, 0x82, 0xef, 0xf5, 0xef, 0xf5, 0xef, 0xf5,
    0xef, 0xf5, 0xef, 0xf5, 0xef, 0xf5, 0xef, 0xf5,
    0xef, 0xf5, 0xef, 0xf5, 0xef, 0xf5, 0xef, 0xf5,
    0xef, 0xf5, 0xef, 0xf5, 0xef, 0xf5, 0xef, 0xf5,
    0xef, 0xf5, 0xef, 0xf5, 0xef, 0xf5, 0xef, 0xf5,
    0xef, 0xf5, 0xef, 0xf5, 0xef, 0xf5, 0xef, 0xf5,
    0xef, 0xf5, 0xef, 0xf5, 0xef, 0xf5, 0xef, 0xf5,
    0xef, 0xf5, 0xef, 0xf5, 0xef, 0xf5, 0xef, 0xf5,
    0xef, 0xf5, 0xef, 0xf5,

    /* U+007D "}" */
    0xaa, 0x84, 0x0, 0x0, 0x0, 0xef, 0xff, 0xb1,
    0x0, 0x0, 0xef, 0xff, 0xf9, 0x0, 0x0, 0x3,
    0xcf, 0xff, 0x0, 0x0, 0x0, 0x3f, 0xff, 0x30,
    0x0, 0x0, 0xf, 0xff, 0x40, 0x0, 0x0, 0xf,
    0xff, 0x50, 0x0, 0x0, 0xf, 0xff, 0x50, 0x0,
    0x0, 0xf, 0xff, 0x50, 0x0, 0x0, 0xf, 0xff,
    0x60, 0x0, 0x0, 0xe, 0xff, 0xa0, 0x0, 0x0,
    0xa, 0xff, 0xfa, 0x51, 0x0, 0x1, 0xdf, 0xff,
    0xf7, 0x0, 0x0, 0xb, 0xff, 0xf7, 0x0, 0x2,
    0xdf, 0xff, 0xf7, 0x0, 0xb, 0xff, 0xf5, 0x10,
    0x0, 0xf, 0xff, 0x80, 0x0, 0x0, 0xf, 0xff,
    0x50, 0x0, 0x0, 0xf, 0xff, 0x50, 0x0, 0x0,
    0xf, 0xff, 0x50, 0x0, 0x0, 0xf, 0xff, 0x40,
    0x0, 0x0, 0x2f, 0xff, 0x40, 0x0, 0x0, 0x9f,
    0xff, 0x10, 0x0, 0xbe, 0xff, 0xfc, 0x0, 0x0,
    0xef, 0xff, 0xe3, 0x0, 0x0, 0xee, 0xc8, 0x10,
    0x0, 0x0,

    /* U+007E "~" */
    0x0, 0x2a, 0xff, 0xb3, 0x0, 0x0, 0x37, 0x72,
    0x1, 0xef, 0xff, 0xff, 0x60, 0x0, 0x9f, 0xf4,
    0x9, 0xff, 0xff, 0xff, 0xf9, 0x13, 0xef, 0xf2,
    0xe, 0xff, 0x60, 0x6f, 0xff, 0xff, 0xff, 0xd0,
    0xf, 0xfd, 0x0, 0x4, 0xef, 0xff, 0xff, 0x40,
    0x7, 0x75, 0x0, 0x0, 0x1a, 0xef, 0xc4, 0x0,

    /* U+00A0 " " */

    /* U+00A1 "¡" */
    0xa, 0xfc, 0x26, 0xff, 0xfa, 0x8f, 0xff, 0xc2,
    0xef, 0xf5, 0x1, 0x52, 0x0, 0x0, 0x0, 0x4,
    0x44, 0x10, 0xff, 0xf4, 0xf, 0xff, 0x40, 0xff,
    0xf4, 0x1f, 0xff, 0x51, 0xff, 0xf5, 0x1f, 0xff,
    0x52, 0xff, 0xf6, 0x2f, 0xff, 0x62, 0xff, 0xf6,
    0x3f, 0xff, 0x73, 0xff, 0xf7, 0x3f, 0xff, 0x74,
    0xff, 0xf8, 0x4f, 0xff, 0x80,

    /* U+00A2 "¢" */
    0x0, 0x0, 0x0, 0xd, 0xe0, 0x0, 0x0, 0x0,
    0x0, 0x0, 0x0, 0xde, 0x0, 0x0, 0x0, 0x0,
    0x0, 0x17, 0xbf, 0xfc, 0x71, 0x0, 0x0, 0x0,
    0x5f, 0xff, 0xff, 0xff, 0xf6, 0x0, 0x0, 0x6f,
    0xff, 0xff, 0xff, 0xff, 0xf6, 0x0, 0x1f, 0xff,
    0xf6, 0xee, 0x4d, 0xff, 0xf1, 0x8, 0xff, 0xf4,
    0xd, 0xe0, 0x2f, 0xff, 0x60, 0xdf, 0xfc, 0x0,
    0xde, 0x0, 0x57, 0x74, 0xf, 0xff, 0x80, 0xd,
    0xe0, 0x0, 0x0, 0x0, 0xff, 0xf7, 0x0, 0xde,
    0x0, 0x0, 0x0, 0xf, 0xff, 0x80, 0xd, 0xe0,
    0x0, 0x0, 0x0, 0xdf, 0xfb, 0x0, 0xde, 0x0,
    0x56, 0x63, 0x9, 0xff, 0xf3, 0xd, 0xe0, 0x1f,
    0xff, 0x70, 0x2f, 0xff, 0xe4, 0xde, 0x2c, 0xff,
    0xf1, 0x0, 0x7f, 0xff, 0xff, 0xff, 0xff, 0xf7,
    0x0, 0x0, 0x7f, 0xff, 0xff, 0xff, 0xf8, 0x0,
    0x0, 0x0, 0x29, 0xdf, 0xfd, 0x92, 0x0, 0x0,
    0x0, 0x0, 0x0, 0xde, 0x0, 0x0, 0x0, 0x0,
    0x0, 0x0, 0xd, 0xe0, 0x0, 0x0, 0x0, 0x0,
    0x0, 0x0, 0xde, 0x0, 0x0, 0x0,

    /* U+00A3 "£" */
    0x0, 0x0, 0x6, 0xce, 0xfe, 0xb6, 0x0, 0x0,
    0x0, 0x2d, 0xff, 0xff, 0xff, 0xfc, 0x10, 0x0,
    0x1e, 0xff, 0xff, 0xff, 0xff, 0xfc, 0x0, 0xa,
    0xff, 0xfa, 0x21, 0x2a, 0xff, 0xf6, 0x0, 0xff,
    0xfb, 0x0, 0x0, 0xc, 0xff, 0xb0, 0x1f, 0xff,
    0x60, 0x0, 0x0, 0x6e, 0xec, 0x2, 0xff, 0xf5,
    0x0, 0x0, 0x0, 0x0, 0x0, 0x1f, 0xff, 0x50,
    0x0, 0x0, 0x0, 0x0, 0xab, 0xff, 0xfd, 0xbb,
    0xbb, 0x70, 0x0, 0xf, 0xff, 0xff, 0xff, 0xff,
    0xfb, 0x0, 0x0, 0xff, 0xff, 0xff, 0xff, 0xff,
    0xb0, 0x0, 0x0, 0xe, 0xff, 0x80, 0x0, 0x0,
    0x0, 0x0, 0x0, 0xdf, 0xf9, 0x0, 0x0, 0x0,
    0x0, 0x0, 0xc, 0xff, 0x90, 0x0, 0x0, 0x0,
    0x0, 0x0, 0xbf, 0xfa, 0x0, 0x0, 0x0, 0x0,
    0x0, 0xc, 0xff, 0x80, 0x0, 0x0, 0x4d, 0xdc,
    0x17, 0xff, 0xd1, 0x0, 0x0, 0x7, 0xff, 0xff,
    0xff, 0xff, 0xff, 0xff, 0xff, 0xff, 0xfc, 0xff,
    0xff, 0xff, 0xff, 0xff, 0xff, 0xff, 0x4f, 0xff,
    0xff, 0xff, 0xff, 0xff, 0xfc, 0x50,

    /* U+00A4 "¤" */
    0x1, 0x70, 0x0, 0x3, 0x56, 0x41, 0x0, 0x3,
    0x60, 0x1d, 0xf8, 0x8, 0xef, 0xff, 0xff, 0xa2,
    0x3e, 0xf6, 0x2e, 0xff, 0xef, 0xff, 0xff, 0xff,
    0xff, 0xff, 0xf8, 0x2, 0xef, 0xff, 0xb4, 0x0,
    0x28, 0xff, 0xff, 0x80, 0x0, 0xcf, 0xf6, 0x0,
    0x0, 0x0, 0x2e, 0xff, 0x20, 0x4, 0xff, 0x70,
    0x0, 0x0, 0x0, 0x3, 0xff, 0xa0, 0xa, 0xfe,
    0x0, 0x0, 0x0, 0x0, 0x0, 0x9f, 0xf0, 0xe,
    0xf8, 0x0, 0x0, 0x0, 0x0, 0x0, 0x3f, 0xf4,
    0xf, 0xf5, 0x0, 0x0, 0x0, 0x0, 0x0, 0xf,
    0xf6, 0x1f, 0xf5, 0x0, 0x0, 0x0, 0x0, 0x0,
    0xf, 0xf7, 0xf, 0xf6, 0x0, 0x0, 0x0, 0x0,
    0x0, 0x1f, 0xf5, 0xd, 0xfa, 0x0, 0x0, 0x0,
    0x0, 0x0, 0x5f, 0xf3, 0x8, 0xff, 0x20, 0x0,
    0x0, 0x0, 0x0, 0xdf, 0xd0, 0x1, 0xff, 0xc0,
    0x0, 0x0, 0x0, 0x8, 0xff, 0x60, 0x1, 0xef,
    0xfc, 0x20, 0x0, 0x0, 0x9f, 0xff, 0x50, 0x1c,
    0xff, 0xff, 0xfb, 0x87, 0xae, 0xff, 0xff, 0xf5,
    0x3f, 0xfb, 0x8f, 0xff, 0xff, 0xff, 0xfb, 0x7f,
    0xf9, 0x3, 0xb0, 0x2, 0x8d, 0xff, 0xea, 0x40,
    0x6, 0x90,

    /* U+00A5 "¥" */
    0x9f, 0xff, 0x20, 0x0, 0x0, 0xe, 0xff, 0xd0,
    0x2f, 0xff, 0x80, 0x0, 0x0, 0x5f, 0xff, 0x50,
    0xa, 0xff, 0xf0, 0x0, 0x0, 0xcf, 0xfd, 0x0,
    0x3, 0xff, 0xf6, 0x0, 0x3, 0xff, 0xf6, 0x0,
    0x0, 0xbf, 0xfd, 0x0, 0xa, 0xff, 0xe0, 0x0,
    0x0, 0x3f, 0xff, 0x40, 0x1f, 0xff, 0x70, 0x0,
    0x0, 0xb, 0xff, 0xb0, 0x8f, 0xfe, 0x0, 0x0,
    0x0, 0x4, 0xff, 0xf3, 0xef, 0xf7, 0x0, 0x0,
    0x0, 0x0, 0xcf, 0xfe, 0xff, 0xf0, 0x0, 0x0,
    0x1, 0x33, 0x7f, 0xff, 0xff, 0xa3, 0x31, 0x0,
    0x9, 0xff, 0xff, 0xff, 0xff, 0xff, 0xf8, 0x0,
    0x9, 0xff, 0xff, 0xff, 0xff, 0xff, 0xf8, 0x0,
    0x0, 0x0, 0x3, 0xff, 0xf5, 0x0, 0x0, 0x0,
    0x1, 0x33, 0x35, 0xff, 0xf7, 0x33, 0x31, 0x0,
    0x9, 0xff, 0xff, 0xff, 0xff, 0xff, 0xf8, 0x0,
    0x9, 0xff, 0xff, 0xff, 0xff, 0xff, 0xf8, 0x0,
    0x0, 0x0, 0x3, 0xff, 0xf5, 0x0, 0x0, 0x0,
    0x0, 0x0, 0x3, 0xff, 0xf5, 0x0, 0x0, 0x0,
    0x0, 0x0, 0x3, 0xff, 0xf5, 0x0, 0x0, 0x0,
    0x0, 0x0, 0x3, 0xff, 0xf5, 0x0, 0x0, 0x0,

    /* U+00A6 "¦" */
    0x7f, 0xfb, 0x7f, 0xfb, 0x7f, 0xfb, 0x7f, 0xfb,
    0x7f, 0xfb, 0x7f, 0xfb, 0x7f, 0xfb, 0x7f, 0xfb,
    0x7f, 0xfb, 0x36, 0x64, 0x0, 0x0, 0x0, 0x0,
    0x0, 0x0, 0x0, 0x0, 0x0, 0x0, 0x7f, 0xfb,
    0x7f, 0xfb, 0x7f, 0xfb, 0x7f, 0xfb, 0x7f, 0xfb,
    0x7f, 0xfb, 0x7f, 0xfb, 0x7f, 0xfb, 0x7f, 0xfb,
    0x37, 0x75,

    /* U+00A7 "§" */
    0x0, 0x5, 0xbe, 0xff, 0xc6, 0x0, 0x0, 0x0,
    0xaf, 0xff, 0xff, 0xff, 0xb0, 0x0, 0x6, 0xff,
    0xff, 0xef, 0xff, 0xf7, 0x0, 0xc, 0xff, 0xc1,
    0x0, 0xaf, 0xfe, 0x0, 0xe, 0xff, 0x50, 0x0,
    0x1f, 0xff, 0x20, 0xd, 0xff, 0x70, 0x0, 0x1,
    0x11, 0x0, 0x8, 0xff, 0xf6, 0x0, 0x0, 0x0,
    0x0, 0x1, 0xdf, 0xff, 0xd5, 0x0, 0x0, 0x0,
    0x1, 0x9f, 0xff, 0xff, 0xe6, 0x0, 0x0, 0x2e,
    0xfd, 0x8c, 0xff, 0xff, 0xe4, 0x0, 0xaf, 0xf2,
    0x0, 0x4b, 0xff, 0xff, 0x40, 0xef, 0xf0, 0x0,
    0x0, 0x3c, 0xff, 0xd0, 0xdf, 0xf4, 0x0, 0x0,
    0x1, 0xef, 0xf1, 0x8f, 0xfe, 0x50, 0x0, 0x0,
    0xbf, 0xf2, 0x1d, 0xff, 0xfd, 0x60, 0x1, 0xef,
    0xd0, 0x1, 0xbf, 0xff, 0xfe, 0x9d, 0xff, 0x30,
    0x0, 0x3, 0xbf, 0xff, 0xff, 0xb2, 0x0, 0x0,
    0x0, 0x3, 0xaf, 0xff, 0xf4, 0x0, 0x0, 0x0,
    0x0, 0x2, 0xdf, 0xfd, 0x0, 0x13, 0x32, 0x0,
    0x0, 0x3f, 0xff, 0x10, 0x5f, 0xfe, 0x0, 0x0,
    0x1f, 0xff, 0x20, 0x1f, 0xff, 0x91, 0x2, 0xbf,
    0xff, 0x0, 0x9, 0xff, 0xff, 0xff, 0xff, 0xf9,
    0x0, 0x0, 0xbf, 0xff, 0xff, 0xff, 0xb0, 0x0,
    0x0, 0x4, 0xad, 0xed, 0xa4, 0x0, 0x0,

    /* U+00A8 "¨" */
    0x2b, 0xd5, 0x0, 0x2c, 0xd5, 0xb, 0xff, 0xf0,
    0xc, 0xff, 0xf0, 0xcf, 0xff, 0x10, 0xcf, 0xff,
    0x3, 0xdf, 0x70, 0x3, 0xef, 0x60,

    /* U+00A9 "©" */
    0x0, 0x0, 0x0, 0x38, 0xcf, 0xff, 0xc9, 0x30,
    0x0, 0x0, 0x0, 0x0, 0x0, 0x2b, 0xff, 0xff,
    0xff, 0xff, 0xfb, 0x20, 0x0, 0x0, 0x0, 0x4,
    0xff, 0xff, 0xff, 0xef, 0xff, 0xff, 0xf5, 0x0,
    0x0, 0x0, 0x4f, 0xff, 0xf8, 0x30, 0x0, 0x38,
    0xff, 0xff, 0x50, 0x0, 0x2, 0xff, 0xfc, 0x10,
    0x0, 0x0, 0x0, 0x1c, 0xff, 0xf2, 0x0, 0xb,
    0xff, 0xc0, 0x2, 0x9e, 0xfe, 0xa3, 0x0, 0xcf,
    0xfc, 0x0, 0x2f, 0xff, 0x10, 0x5f, 0xff, 0xff,
    0xff, 0x70, 0x1f, 0xff, 0x30, 0x8f, 0xf8, 0x3,
    0xff, 0xfd, 0xac, 0xff, 0xf5, 0x8, 0xff, 0x90,
    0xcf, 0xf3, 0xb, 0xff, 0x60, 0x0, 0x4f, 0xfc,
    0x2, 0xff, 0xd0, 0xef, 0xf0, 0xf, 0xfb, 0x0,
    0x0, 0x5, 0x76, 0x0, 0xff, 0xf0, 0xff, 0xe0,
    0x1f, 0xf8, 0x0, 0x0, 0x0, 0x0, 0x0, 0xef,
    0xf0, 0xef, 0xf0, 0xf, 0xfb, 0x0, 0x0, 0x6,
    0x75, 0x0, 0xff, 0xf0, 0xcf, 0xf3, 0xb, 0xff,
    0x70, 0x0, 0x5f, 0xfa, 0x2, 0xff, 0xd0, 0x8f,
    0xf8, 0x3, 0xff, 0xfd, 0xac, 0xff, 0xf3, 0x8,
    0xff, 0x90, 0x2f, 0xff, 0x10, 0x5f, 0xff, 0xff,
    0xff, 0x60, 0x1f, 0xff, 0x30, 0xb, 0xff, 0xc0,
    0x2, 0x9e, 0xfe, 0xa3, 0x0, 0xcf, 0xfb, 0x0,
    0x2, 0xff, 0xfc, 0x20, 0x0, 0x0, 0x0, 0x1c,
    0xff, 0xf2, 0x0, 0x0, 0x4f, 0xff, 0xf8, 0x30,
    0x0, 0x38, 0xff, 0xff, 0x50, 0x0, 0x0, 0x4,
    0xff, 0xff, 0xff, 0xef, 0xff, 0xff, 0xf5, 0x0,
    0x0, 0x0, 0x0, 0x2b, 0xff, 0xff, 0xff, 0xff,
    0xfb, 0x20, 0x0, 0x0, 0x0, 0x0, 0x0, 0x38,
    0xcf, 0xff, 0xc9, 0x30, 0x0, 0x0, 0x0,

    /* U+00AA "ª" */
    0x0, 0x7, 0xcf, 0xfe, 0xa3, 0x0, 0x1, 0xdf,
    0xff, 0xff, 0xff, 0x50, 0x9, 0xff, 0xa4, 0x38,
    0xff, 0xe0, 0x7, 0x88, 0x0, 0x0, 0xdf, 0xf1,
    0x0, 0x0, 0x35, 0x7a, 0xff, 0xf1, 0x2, 0xbf,
    0xff, 0xff, 0xff, 0xf1, 0xe, 0xff, 0x94, 0x20,
    0xcf, 0xf1, 0x3f, 0xfa, 0x0, 0x0, 0xef, 0xf1,
    0x2f, 0xfe, 0x41, 0x3b, 0xff, 0xf1, 0xc, 0xff,
    0xff, 0xfe, 0xdf, 0xf1, 0x0, 0x8d, 0xff, 0xb2,
    0xbf, 0xf1,

    /* U+00AB "«" */
    0x0, 0x0, 0x5, 0xff, 0xf8, 0x4, 0xff, 0xfa,
    0x0, 0x0, 0x3, 0xff, 0xfa, 0x2, 0xef, 0xfc,
    0x0, 0x0, 0x1, 0xef, 0xfd, 0x1, 0xdf, 0xfe,
    0x10, 0x0, 0x0, 0xdf, 0xfe, 0x10, 0xbf, 0xff,
    0x30, 0x0, 0x0, 0xbf, 0xff, 0x30, 0x9f, 0xff,
    0x50, 0x0, 0x0, 0x8f, 0xff, 0x60, 0x6f, 0xff,
    0x80, 0x0, 0x0, 0xb, 0xff, 0xf3, 0xa, 0xff,
    0xf5, 0x0, 0x0, 0x0, 0x1d, 0xff, 0xe1, 0xc,
    0xff, 0xf2, 0x0, 0x0, 0x0, 0x2f, 0xff, 0xc0,
    0x1e, 0xff, 0xd1, 0x0, 0x0, 0x0, 0x4f, 0xff,
    0xa0, 0x2f, 0xff, 0xc0, 0x0, 0x0, 0x0, 0x6f,
    0xff, 0x70, 0x4f, 0xff, 0x90, 0x0, 0x0, 0x0,
    0x9f, 0xff, 0x40, 0x7f, 0xff, 0x60, 0x0, 0x0,
    0x0, 0x44, 0x43, 0x0, 0x34, 0x43, 0x0,

    /* U+00AC "¬" */
    0x1e, 0xee, 0xee, 0xee, 0xee, 0xee, 0xd2, 0xff,
    0xff, 0xff, 0xff, 0xff, 0xff, 0x2f, 0xff, 0xff,
    0xff, 0xff, 0xff, 0xf0, 0x0, 0x0, 0x0, 0x0,
    0x1f, 0xff, 0x0, 0x0, 0x0, 0x0, 0x1, 0xff,
    0xf0, 0x0, 0x0, 0x0, 0x0, 0x1f, 0xff, 0x0,
    0x0, 0x0, 0x0, 0x0, 0x88, 0x70,

    /* U+00AE "®" */
    0x0, 0x0, 0x39, 0xdf, 0xfd, 0x92, 0x0, 0x0,
    0x0, 0x9, 0xff, 0xff, 0xff, 0xff, 0x90, 0x0,
    0x0, 0xbf, 0xf9, 0x31, 0x14, 0x9f, 0xfb, 0x0,
    0x9, 0xfe, 0x30, 0x0, 0x0, 0x3, 0xef, 0x80,
    0x2f, 0xf3, 0x9, 0x99, 0x96, 0x0, 0x4f, 0xf2,
    0x9f, 0x90, 0xf, 0xff, 0xff, 0xb0, 0xa, 0xf8,
    0xdf, 0x40, 0xf, 0xf0, 0x1e, 0xf2, 0x4, 0xfc,
    0xff, 0x10, 0xf, 0xf0, 0x1e, 0xf2, 0x1, 0xfe,
    0xff, 0x10, 0xf, 0xff, 0xff, 0xa0, 0x1, 0xfe,
    0xdf, 0x40, 0xf, 0xf8, 0xdf, 0x40, 0x4, 0xfc,
    0x9f, 0x90, 0xf, 0xf0, 0x4f, 0xc0, 0xa, 0xf8,
    0x2f, 0xf3, 0xb, 0xb0, 0x9, 0xb3, 0x3f, 0xf2,
    0x9, 0xfe, 0x30, 0x0, 0x0, 0x3, 0xef, 0x80,
    0x0, 0xbf, 0xf9, 0x31, 0x14, 0x9f, 0xfb, 0x0,
    0x0, 0x9, 0xff, 0xff, 0xff, 0xff, 0x90, 0x0,
    0x0, 0x0, 0x39, 0xdf, 0xfd, 0x92, 0x0, 0x0,

    /* U+00AF "¯" */
    0x16, 0x66, 0x66, 0x66, 0x33, 0xff, 0xff, 0xff,
    0xf9, 0x3f, 0xff, 0xff, 0xff, 0x90,

    /* U+00B0 "°" */
    0x0, 0x3, 0x78, 0x50, 0x0, 0x0, 0xbf, 0xff,
    0xfd, 0x20, 0xb, 0xff, 0xff, 0xff, 0xe1, 0x4f,
    0xfb, 0x10, 0x8f, 0xf8, 0x8f, 0xf0, 0x0, 0xc,
    0xfd, 0x9f, 0xe0, 0x0, 0xa, 0xfd, 0x7f, 0xf4,
    0x0, 0x1e, 0xfb, 0x1f, 0xff, 0x98, 0xef, 0xf4,
    0x5, 0xff, 0xff, 0xff, 0x90, 0x0, 0x3b, 0xff,
    0xc5, 0x0,

    /* U+00B1 "±" */
    0x0, 0x0, 0x6, 0xff, 0xa0, 0x0, 0x0, 0x0,
    0x0, 0x6, 0xff, 0xa0, 0x0, 0x0, 0x0, 0x0,
    0x6, 0xff, 0xa0, 0x0, 0x0, 0x0, 0x0, 0x6,
    0xff, 0xa0, 0x0, 0x0, 0xaf, 0xff, 0xff, 0xff,
    0xff, 0xff, 0xfe, 0xaf, 0xff, 0xff, 0xff, 0xff,
    0xff, 0xfe, 0x9e, 0xee, 0xef, 0xff, 0xfe, 0xee,
    0xec, 0x0, 0x0, 0x6, 0xff, 0xa0, 0x0, 0x0,
    0x0, 0x0, 0x6, 0xff, 0xa0, 0x0, 0x0, 0x0,
    0x0, 0x6, 0xff, 0xa0, 0x0, 0x0, 0x0, 0x0,
    0x3, 0x88, 0x50, 0x0, 0x0, 0x0, 0x0, 0x0,
    0x0, 0x0, 0x0, 0x0, 0x9f, 0xff, 0xff, 0xff,
    0xff, 0xff, 0xfd, 0xaf, 0xff, 0xff, 0xff, 0xff,
    0xff, 0xfe, 0xaf, 0xff, 0xff, 0xff, 0xff, 0xff,
    0xfe,

    /* U+00B2 "²" */
    0x2, 0xae, 0xff, 0xb5, 0x0, 0x2f, 0xff, 0xff,
    0xff, 0x80, 0xbf, 0xf8, 0x36, 0xef, 0xf1, 0xef,
    0xb0, 0x0, 0x9f, 0xf2, 0x0, 0x0, 0x0, 0xdf,
    0xf0, 0x0, 0x0, 0x2d, 0xff, 0x60, 0x0, 0x6,
    0xff, 0xf5, 0x0, 0x1, 0xbf, 0xfc, 0x20, 0x0,
    0x4e, 0xff, 0xb4, 0x44, 0x41, 0xef, 0xff, 0xff,
    0xff, 0xf4, 0xef, 0xff, 0xff, 0xff, 0xf4,

    /* U+00B3 "³" */
    0x1, 0x9d, 0xff, 0xd8, 0x10, 0x2e, 0xff, 0xff,
    0xff, 0xd0, 0x9f, 0xf8, 0x23, 0xbf, 0xf5, 0x23,
    0x30, 0x0, 0x8f, 0xf3, 0x0, 0x7, 0xff, 0xfc,
    0x50, 0x0, 0x7, 0xff, 0xff, 0x90, 0x0, 0x0,
    0x1, 0x9f, 0xf8, 0xdf, 0xe0, 0x0, 0x2f, 0xfc,
    0xaf, 0xfa, 0x34, 0xcf, 0xf9, 0x1d, 0xff, 0xff,
    0xff, 0xe1, 0x1, 0x8d, 0xff, 0xd8, 0x10,

    /* U+00B4 "´" */
    0x0, 0x23, 0x33, 0x0, 0xd, 0xff, 0x70, 0x5,
    0xff, 0xb0, 0x0, 0xdf, 0xe1, 0x0, 0x6f, 0xf4,
    0x0, 0x0,

    /* U+00B5 "µ" */
    0x6f, 0xff, 0x10, 0x0, 0x0, 0xcf, 0xfa, 0x0,
    0x6f, 0xff, 0x10, 0x0, 0x0, 0xcf, 0xfa, 0x0,
    0x6f, 0xff, 0x10, 0x0, 0x0, 0xcf, 0xfa, 0x0,
    0x6f, 0xff, 0x10, 0x0, 0x0, 0xcf, 0xfa, 0x0,
    0x6f, 0xff, 0x10, 0x0, 0x0, 0xcf, 0xfa, 0x0,
    0x6f, 0xff, 0x10, 0x0, 0x0, 0xcf, 0xfa, 0x0,
    0x6f, 0xff, 0x10, 0x0, 0x0, 0xcf, 0xfa, 0x0,
    0x6f, 0xff, 0x10, 0x0, 0x0, 0xcf, 0xfa, 0x0,
    0x6f, 0xff, 0x10, 0x0, 0x0, 0xcf, 0xfa, 0x0,
    0x6f, 0xff, 0x20, 0x0, 0x0, 0xdf, 0xfa, 0x0,
    0x6f, 0xff, 0x60, 0x0, 0x1, 0xff, 0xfa, 0x0,
    0x6f, 0xff, 0xe2, 0x0, 0xb, 0xff, 0xfb, 0x0,
    0x6f, 0xff, 0xff, 0xcb, 0xef, 0xff, 0xff, 0xb5,
    0x6f, 0xff, 0xcf, 0xff, 0xff, 0x4f, 0xff, 0xf7,
    0x6f, 0xff, 0x28, 0xef, 0xb3, 0x3, 0xbf, 0xf7,
    0x6f, 0xff, 0x10, 0x0, 0x0, 0x0, 0x0, 0x0,
    0x6f, 0xff, 0x10, 0x0, 0x0, 0x0, 0x0, 0x0,
    0x6f, 0xff, 0x10, 0x0, 0x0, 0x0, 0x0, 0x0,
    0x6f, 0xff, 0x10, 0x0, 0x0, 0x0, 0x0, 0x0,
    0x6f, 0xff, 0x10, 0x0, 0x0, 0x0, 0x0, 0x0,
    0x6f, 0xff, 0x10, 0x0, 0x0, 0x0, 0x0, 0x0,

    /* U+00B6 "¶" */
    0x0, 0x0, 0x6b, 0xef, 0xff, 0xff, 0xff, 0x50,
    0x2, 0xdf, 0xff, 0xff, 0xff, 0xff, 0xf5, 0x1,
    0xef, 0xff, 0xff, 0xfd, 0xdf, 0xff, 0x50, 0x9f,
    0xff, 0xff, 0xfd, 0x0, 0xbf, 0xf5, 0xe, 0xff,
    0xff, 0xff, 0xd0, 0xb, 0xff, 0x51, 0xff, 0xff,
    0xff, 0xfd, 0x0, 0xbf, 0xf5, 0x2f, 0xff, 0xff,
    0xff, 0xd0, 0xb, 0xff, 0x50, 0xff, 0xff, 0xff,
    0xfd, 0x0, 0xbf, 0xf5, 0xc, 0xff, 0xff, 0xff,
    0xd0, 0xb, 0xff, 0x50, 0x5f, 0xff, 0xff, 0xfd,
    0x0, 0xbf, 0xf5, 0x0, 0xaf, 0xff, 0xff, 0xd0,
    0xb, 0xff, 0x50, 0x0, 0x7f, 0xff, 0xfd, 0x0,
    0xbf, 0xf5, 0x0, 0x0, 0x15, 0x89, 0x80, 0xb,
    0xff, 0x50, 0x0, 0x0, 0x0, 0x0, 0x0, 0xbf,
    0xf5, 0x0, 0x0, 0x0, 0x0, 0x0, 0xb, 0xff,
    0x50, 0x0, 0x0, 0x0, 0x0, 0x0, 0xbf, 0xf5,
    0x0, 0x0, 0x0, 0x0, 0x0, 0xb, 0xff, 0x50,
    0x0, 0x0, 0x0, 0x0, 0x0, 0xbf, 0xf5, 0x0,
    0x0, 0x0, 0x0, 0x0, 0xb, 0xff, 0x50, 0x0,
    0x0, 0x0, 0x0, 0x0, 0xbf, 0xf5,

    /* U+00B7 "·" */
    0x0, 0x41, 0x2, 0xef, 0xf3, 0x8f, 0xff, 0xa6,
    0xff, 0xf9, 0xa, 0xfc, 0x10,

    /* U+00B8 "¸" */
    0x0, 0x10, 0x0, 0x7, 0xf1, 0x0, 0xa, 0xf5,
    0x0, 0xc, 0xff, 0xf3, 0x0, 0x9, 0xfa, 0x39,
    0x9e, 0xf9, 0x5f, 0xfe, 0x91,

    /* U+00B9 "¹" */
    0x0, 0x4d, 0xff, 0x81, 0xbf, 0xff, 0xf8, 0x2f,
    0xfc, 0xff, 0x82, 0xb2, 0x4f, 0xf8, 0x0, 0x4,
    0xff, 0x80, 0x0, 0x4f, 0xf8, 0x0, 0x4, 0xff,
    0x80, 0x0, 0x4f, 0xf8, 0x0, 0x4, 0xff, 0x80,
    0x0, 0x4f, 0xf8, 0x0, 0x4, 0xff, 0x80,

    /* U+00BA "º" */
    0x0, 0x4, 0xbe, 0xfe, 0xb5, 0x0, 0x0, 0x9,
    0xff, 0xff, 0xff, 0xfa, 0x0, 0x7, 0xff, 0xf8,
    0x68, 0xff, 0xf7, 0x0, 0xef, 0xf4, 0x0, 0x3,
    0xff, 0xf0, 0x3f, 0xfc, 0x0, 0x0, 0xc, 0xff,
    0x34, 0xff, 0xb0, 0x0, 0x0, 0xaf, 0xf4, 0x3f,
    0xfd, 0x0, 0x0, 0xc, 0xff, 0x30, 0xef, 0xf4,
    0x0, 0x4, 0xff, 0xf0, 0x7, 0xff, 0xf9, 0x69,
    0xff, 0xf7, 0x0, 0x9, 0xff, 0xff, 0xff, 0xfa,
    0x0, 0x0, 0x4, 0xbe, 0xfe, 0xb5, 0x0, 0x0,

    /* U+00BB "»" */
    0x1d, 0xff, 0xd1, 0xc, 0xff, 0xe2, 0x0, 0x0,
    0x2, 0xff, 0xfc, 0x1, 0xef, 0xfd, 0x10, 0x0,
    0x0, 0x4f, 0xff, 0xa0, 0x3f, 0xff, 0xb0, 0x0,
    0x0, 0x7, 0xff, 0xf7, 0x5, 0xff, 0xf9, 0x0,
    0x0, 0x0, 0xaf, 0xff, 0x50, 0x8f, 0xff, 0x60,
    0x0, 0x0, 0xc, 0xff, 0xf3, 0xa, 0xff, 0xf4,
    0x0, 0x0, 0x9, 0xff, 0xf5, 0x7, 0xff, 0xf7,
    0x0, 0x0, 0x6f, 0xff, 0x80, 0x4f, 0xff, 0xa0,
    0x0, 0x4, 0xff, 0xfa, 0x2, 0xff, 0xfc, 0x0,
    0x0, 0x2e, 0xff, 0xc0, 0x1d, 0xff, 0xe1, 0x0,
    0x0, 0xdf, 0xfe, 0x10, 0xcf, 0xff, 0x20, 0x0,
    0xb, 0xff, 0xf3, 0x9, 0xff, 0xf4, 0x0, 0x0,
    0x14, 0x44, 0x20, 0x4, 0x44, 0x30, 0x0, 0x0,

    /* U+00BC "¼" */
    0x0, 0x4, 0x44, 0x0, 0x0, 0x0, 0x0, 0x1,
    0x44, 0x20, 0x0, 0x1, 0xbf, 0xfd, 0x0, 0x0,
    0x0, 0x0, 0xb, 0xff, 0x10, 0x0, 0x2e, 0xff,
    0xfd, 0x0, 0x0, 0x0, 0x0, 0x6f, 0xf5, 0x0,
    0x0, 0x4f, 0x9b, 0xfd, 0x0, 0x0, 0x0, 0x2,
    0xff, 0xa0, 0x0, 0x0, 0x24, 0xa, 0xfd, 0x0,
    0x0, 0x0, 0xc, 0xfe, 0x10, 0x0, 0x0, 0x0,
    0xa, 0xfd, 0x0, 0x0, 0x0, 0x7f, 0xf4, 0x0,
    0x0, 0x0, 0x0, 0xa, 0xfd, 0x0, 0x0, 0x2,
    0xff, 0x90, 0x0, 0x0, 0x0, 0x0, 0xa, 0xfd,
    0x0, 0x0, 0xd, 0xfd, 0x0, 0x0, 0x0, 0x0,
    0x0, 0xa, 0xfd, 0x0, 0x0, 0x8f, 0xf3, 0x0,
    0x0, 0x0, 0x0, 0x0, 0xa, 0xfd, 0x0, 0x3,
    0xff, 0x80, 0x0, 0x0, 0x0, 0x0, 0x0, 0xa,
    0xfd, 0x0, 0xd, 0xfd, 0x0, 0x0, 0xdf, 0xfa,
    0x0, 0x0, 0xa, 0xfd, 0x0, 0x9f, 0xf3, 0x0,
    0x8, 0xff, 0xfa, 0x0, 0x0, 0x0, 0x0, 0x4,
    0xff, 0x70, 0x0, 0x3f, 0xfe, 0xfa, 0x0, 0x0,
    0x0, 0x0, 0x1e, 0xfc, 0x0, 0x0, 0xdf, 0x9c,
    0xfa, 0x0, 0x0, 0x0, 0x0, 0xaf, 0xf2, 0x0,
    0x9, 0xfd, 0xc, 0xfa, 0x0, 0x0, 0x0, 0x5,
    0xff, 0x60, 0x0, 0x3f, 0xf3, 0xc, 0xfa, 0x0,
    0x0, 0x0, 0x1f, 0xfb, 0x0, 0x0, 0xdf, 0x80,
    0xc, 0xfa, 0x0, 0x0, 0x0, 0xbf, 0xe1, 0x0,
    0x4, 0xff, 0xff, 0xff, 0xff, 0xf0, 0x0, 0x6,
    0xff, 0x50, 0x0, 0x4, 0xff, 0xff, 0xff, 0xff,
    0xf0, 0x0, 0x2f, 0xfa, 0x0, 0x0, 0x0, 0x0,
    0x0, 0xc, 0xfa, 0x0, 0x0, 0xcf, 0xe1, 0x0,
    0x0, 0x0, 0x0, 0x0, 0xc, 0xfa, 0x0,

    /* U+00BD "½" */
    0x0, 0x3, 0x44, 0x0, 0x0, 0x0, 0x0, 0x1,
    0x44, 0x20, 0x0, 0x1, 0xbf, 0xfd, 0x0, 0x0,
    0x0, 0x0, 0xb, 0xff, 0x10, 0x0, 0x2e, 0xff,
    0xfd, 0x0, 0x0, 0x0, 0x0, 0x6f, 0xf5, 0x0,
    0x0, 0x4f, 0xab, 0xfd, 0x0, 0x0, 0x0, 0x2,
    0xff, 0xa0, 0x0, 0x0, 0x35, 0xa, 0xfd, 0x0,
    0x0, 0x0, 0xc, 0xfe, 0x10, 0x0, 0x0, 0x0,
    0xa, 0xfd, 0x0, 0x0, 0x0, 0x7f, 0xf4, 0x0,
    0x0, 0x0, 0x0, 0xa, 0xfd, 0x0, 0x0, 0x2,
    0xff, 0x90, 0x0, 0x0, 0x0, 0x0, 0xa, 0xfd,
    0x0, 0x0, 0xd, 0xfd, 0x0, 0x0, 0x0, 0x0,
    0x0, 0xa, 0xfd, 0x0, 0x0, 0x8f, 0xf3, 0x0,
    0x0, 0x0, 0x0, 0x0, 0xa, 0xfd, 0x0, 0x3,
    0xff, 0x80, 0x0, 0x0, 0x0, 0x0, 0x0, 0xa,
    0xfd, 0x0, 0xd, 0xfd, 0x0, 0x8, 0xef, 0xfb,
    0x30, 0x0, 0xa, 0xfd, 0x0, 0x9f, 0xf3, 0x0,
    0xbf, 0xff, 0xff, 0xf3, 0x0, 0x0, 0x0, 0x4,
    0xff, 0x70, 0x3, 0xff, 0x70, 0x3e, 0xfa, 0x0,
    0x0, 0x0, 0x1e, 0xfc, 0x0, 0x3, 0x99, 0x0,
    0xa, 0xfc, 0x0, 0x0, 0x0, 0xaf, 0xf2, 0x0,
    0x0, 0x0, 0x0, 0x1e, 0xf8, 0x0, 0x0, 0x5,
    0xff, 0x60, 0x0, 0x0, 0x0, 0x1, 0xdf, 0xd0,
    0x0, 0x0, 0x1f, 0xfb, 0x0, 0x0, 0x0, 0x0,
    0x3e, 0xfd, 0x10, 0x0, 0x0, 0xbf, 0xe1, 0x0,
    0x0, 0x0, 0x5, 0xff, 0xc1, 0x0, 0x0, 0x6,
    0xff, 0x50, 0x0, 0x0, 0x0, 0x8f, 0xfb, 0x11,
    0x11, 0x0, 0x2f, 0xfa, 0x0, 0x0, 0x0, 0x4,
    0xff, 0xff, 0xff, 0xfd, 0x0, 0xcf, 0xe1, 0x0,
    0x0, 0x0, 0x5, 0xff, 0xff, 0xff, 0xfd,

    /* U+00BE "¾" */
    0x0, 0x3b, 0xff, 0xe9, 0x10, 0x0, 0x0, 0x0,
    0x3, 0xff, 0x90, 0x0, 0x4, 0xff, 0xff, 0xff,
    0xd0, 0x0, 0x0, 0x0, 0xd, 0xfd, 0x0, 0x0,
    0xb, 0xfd, 0x20, 0x6f, 0xf4, 0x0, 0x0, 0x0,
    0x9f, 0xf3, 0x0, 0x0, 0x1, 0x21, 0x0, 0x5f,
    0xf2, 0x0, 0x0, 0x4, 0xff, 0x70, 0x0, 0x0,
    0x0, 0x0, 0xde, 0xfd, 0x50, 0x0, 0x0, 0x1e,
    0xfc, 0x0, 0x0, 0x0, 0x0, 0x0, 0xff, 0xff,
    0x80, 0x0, 0x0, 0xaf, 0xf2, 0x0, 0x0, 0x0,
    0x0, 0x0, 0x0, 0x6f, 0xf6, 0x0, 0x6, 0xff,
    0x60, 0x0, 0x0, 0x0, 0x9, 0x94, 0x0, 0xe,
    0xfa, 0x0, 0x2f, 0xfa, 0x0, 0x0, 0x0, 0x0,
    0xd, 0xfd, 0x20, 0x6f, 0xf8, 0x0, 0xcf, 0xe1,
    0x0, 0x0, 0x0, 0x0, 0x5, 0xff, 0xff, 0xff,
    0xe1, 0x7, 0xff, 0x40, 0x0, 0x8f, 0xff, 0x0,
    0x0, 0x4b, 0xff, 0xe9, 0x10, 0x3f, 0xf9, 0x0,
    0x3, 0xff, 0xff, 0x0, 0x0, 0x0, 0x0, 0x0,
    0x0, 0xdf, 0xd0, 0x0, 0xd, 0xfe, 0xff, 0x0,
    0x0, 0x0, 0x0, 0x0, 0x9, 0xff, 0x30, 0x0,
    0x9f, 0xd7, 0xff, 0x0, 0x0, 0x0, 0x0, 0x0,
    0x4f, 0xf7, 0x0, 0x4, 0xff, 0x37, 0xff, 0x0,
    0x0, 0x0, 0x0, 0x1, 0xef, 0xc0, 0x0, 0xe,
    0xf8, 0x7, 0xff, 0x0, 0x0, 0x0, 0x0, 0xa,
    0xff, 0x20, 0x0, 0x9f, 0xd0, 0x7, 0xff, 0x0,
    0x0, 0x0, 0x0, 0x6f, 0xf6, 0x0, 0x0, 0xff,
    0xff, 0xff, 0xff, 0xf5, 0x0, 0x0, 0x2, 0xff,
    0xa0, 0x0, 0x0, 0xff, 0xff, 0xff, 0xff, 0xf5,
    0x0, 0x0, 0xc, 0xfe, 0x10, 0x0, 0x0, 0x0,
    0x0, 0x7, 0xff, 0x0, 0x0, 0x0, 0x7f, 0xf4,
    0x0, 0x0, 0x0, 0x0, 0x0, 0x7, 0xff, 0x0,

    /* U+00BF "¿" */
    0x0, 0x0, 0x4, 0xef, 0x70, 0x0, 0x0, 0x0,
    0x0, 0xe, 0xff, 0xf2, 0x0, 0x0, 0x0, 0x0,
    0xf, 0xff, 0xf3, 0x0, 0x0, 0x0, 0x0, 0x7,
    0xff, 0xb0, 0x0, 0x0, 0x0, 0x0, 0x0, 0x23,
    0x0, 0x0, 0x0, 0x0, 0x0, 0x0, 0x0, 0x0,
    0x0, 0x0, 0x0, 0x0, 0x5, 0xdd, 0xa0, 0x0,
    0x0, 0x0, 0x0, 0x7, 0xff, 0xc0, 0x0, 0x0,
    0x0, 0x0, 0xb, 0xff, 0xb0, 0x0, 0x0, 0x0,
    0x0, 0x8f, 0xff, 0x70, 0x0, 0x0, 0x0, 0x1b,
    0xff, 0xfd, 0x0, 0x0, 0x0, 0x2, 0xef, 0xff,
    0xb1, 0x0, 0x0, 0x0, 0xd, 0xff, 0xf6, 0x0,
    0x0, 0x0, 0x0, 0x6f, 0xff, 0x50, 0x0, 0x0,
    0x0, 0x0, 0xaf, 0xfd, 0x0, 0x0, 0x0, 0x45,
    0x52, 0xcf, 0xfb, 0x0, 0x0, 0x0, 0xff, 0xf7,
    0xbf, 0xfe, 0x0, 0x0, 0x5, 0xff, 0xf4, 0x6f,
    0xff, 0xb2, 0x0, 0x5f, 0xff, 0xd0, 0xd, 0xff,
    0xff, 0xff, 0xff, 0xff, 0x40, 0x1, 0xcf, 0xff,
    0xff, 0xff, 0xf5, 0x0, 0x0, 0x5, 0xbe, 0xff,
    0xd8, 0x10, 0x0,

    /* U+00C0 "À" */
    0x0, 0x0, 0x1, 0x33, 0x30, 0x0, 0x0, 0x0,
    0x0, 0x0, 0x0, 0x0, 0x0, 0xdf, 0xf7, 0x0,
    0x0, 0x0, 0x0, 0x0, 0x0, 0x0, 0x0, 0x2f,
    0xfe, 0x0, 0x0, 0x0, 0x0, 0x0, 0x0, 0x0,
    0x0, 0x6, 0xff, 0x70, 0x0, 0x0, 0x0, 0x0,
    0x0, 0x0, 0x0, 0x0, 0xbf, 0xe0, 0x0, 0x0,
    0x0, 0x0, 0x0, 0x0, 0x0, 0x0, 0x0, 0x0,
    0x0, 0x0, 0x0, 0x0, 0x0, 0x0, 0x0, 0x0,
    0x0, 0x0, 0x0, 0x0, 0x0, 0x0, 0x0, 0x0,
    0x0, 0xa, 0xff, 0xff, 0x40, 0x0, 0x0, 0x0,
    0x0, 0x0, 0x0, 0xf, 0xff, 0xff, 0xa0, 0x0,
    0x0, 0x0, 0x0, 0x0, 0x0, 0x6f, 0xff, 0xff,
    0xf0, 0x0, 0x0, 0x0, 0x0, 0x0, 0x0, 0xcf,
    0xfc, 0xff, 0xf5, 0x0, 0x0, 0x0, 0x0, 0x0,
    0x1, 0xff, 0xf6, 0xcf, 0xfb, 0x0, 0x0, 0x0,
    0x0, 0x0, 0x7, 0xff, 0xf1, 0x7f, 0xff, 0x10,
    0x0, 0x0, 0x0, 0x0, 0xd, 0xff, 0xc0, 0x2f,
    0xff, 0x70, 0x0, 0x0, 0x0, 0x0, 0x3f, 0xff,
    0x70, 0xd, 0xff, 0xc0, 0x0, 0x0, 0x0, 0x0,
    0x9f, 0xff, 0x20, 0x8, 0xff, 0xf2, 0x0, 0x0,
    0x0, 0x0, 0xef, 0xfd, 0x0, 0x3, 0xff, 0xf8,
    0x0, 0x0, 0x0, 0x4, 0xff, 0xf7, 0x0, 0x0,
    0xef, 0xfe, 0x0, 0x0, 0x0, 0xa, 0xff, 0xf2,
    0x0, 0x0, 0x8f, 0xff, 0x40, 0x0, 0x0, 0xf,
    0xff, 0xff, 0xff, 0xff, 0xff, 0xff, 0x90, 0x0,
    0x0, 0x5f, 0xff, 0xff, 0xff, 0xff, 0xff, 0xff,
    0xf0, 0x0, 0x0, 0xbf, 0xff, 0xff, 0xff, 0xff,
    0xff, 0xff, 0xf5, 0x0, 0x1, 0xff, 0xfc, 0x0,
    0x0, 0x0, 0x2, 0xff, 0xfb, 0x0, 0x7, 0xff,
    0xf6, 0x0, 0x0, 0x0, 0x0, 0xdf, 0xff, 0x10,
    0xd, 0xff, 0xf1, 0x0, 0x0, 0x0, 0x0, 0x8f,
    0xff, 0x60, 0x2f, 0xff, 0xb0, 0x0, 0x0, 0x0,
    0x0, 0x2f, 0xff, 0xc0, 0x8f, 0xff, 0x60, 0x0,
    0x0, 0x0, 0x0, 0xd, 0xff, 0xf2,

    /* U+00C1 "Á" */
    0x0, 0x0, 0x0, 0x0, 0x0, 0x13, 0x33, 0x0,
    0x0, 0x0, 0x0, 0x0, 0x0, 0x0, 0x0, 0xcf,
    0xf8, 0x0, 0x0, 0x0, 0x0, 0x0, 0x0, 0x0,
    0x4, 0xff, 0xc0, 0x0, 0x0, 0x0, 0x0, 0x0,
    0x0, 0x0, 0xc, 0xff, 0x20, 0x0, 0x0, 0x0,
    0x0, 0x0, 0x0, 0x0, 0x5f, 0xf5, 0x0, 0x0,
    0x0, 0x0, 0x0, 0x0, 0x0, 0x0, 0x0, 0x0,
    0x0, 0x0, 0x0, 0x0, 0x0, 0x0, 0x0, 0x0,
    0x0, 0x0, 0x0, 0x0, 0x0, 0x0, 0x0, 0x0,
    0x0, 0xa, 0xff, 0xff, 0x40, 0x0, 0x0, 0x0,
    0x0, 0x0, 0x0, 0xf, 0xff, 0xff, 0xa0, 0x0,
    0x0, 0x0, 0x0, 0x0, 0x0, 0x6f, 0xff, 0xff,
    0xf0, 0x0, 0x0, 0x0, 0x0, 0x0, 0x0, 0xcf,
    0xfc, 0xff, 0xf5, 0x0, 0x0, 0x0, 0x0, 0x0,
    0x1, 0xff, 0xf6, 0xcf, 0xfb, 0x0, 0x0, 0x0,
    0x0, 0x0, 0x7, 0xff, 0xf1, 0x7f, 0xff, 0x10,
    0x0, 0x0, 0x0, 0x0, 0xd, 0xff, 0xc0, 0x2f,
    0xff, 0x70, 0x0, 0x0, 0x0, 0x0, 0x3f, 0xff,
    0x70, 0xd, 0xff, 0xc0, 0x0, 0x0, 0x0, 0x0,
    0x9f, 0xff, 0x20, 0x8, 0xff, 0xf2, 0x0, 0x0,
    0x0, 0x0, 0xef, 0xfd, 0x0, 0x3, 0xff, 0xf8,
    0x0, 0x0, 0x0, 0x4, 0xff, 0xf7, 0x0, 0x0,
    0xef, 0xfe, 0x0, 0x0, 0x0, 0xa, 0xff, 0xf2,
    0x0, 0x0, 0x8f, 0xff, 0x40, 0x0, 0x0, 0xf,
    0xff, 0xff, 0xff, 0xff, 0xff, 0xff, 0x90, 0x0,
    0x0, 0x5f, 0xff, 0xff, 0xff, 0xff, 0xff, 0xff,
    0xf0, 0x0, 0x0, 0xbf, 0xff, 0xff, 0xff, 0xff,
    0xff, 0xff, 0xf5, 0x0, 0x1, 0xff, 0xfc, 0x0,
    0x0, 0x0, 0x2, 0xff, 0xfb, 0x0, 0x7, 0xff,
    0xf6, 0x0, 0x0, 0x0, 0x0, 0xdf, 0xff, 0x10,
    0xd, 0xff, 0xf1, 0x0, 0x0, 0x0, 0x0, 0x8f,
    0xff, 0x60, 0x2f, 0xff, 0xb0, 0x0, 0x0, 0x0,
    0x0, 0x2f, 0xff, 0xc0, 0x8f, 0xff, 0x60, 0x0,
    0x0, 0x0, 0x0, 0xd, 0xff, 0xf2,

    /* U+00C2 "Â" */
    0x0, 0x0, 0x0, 0x0, 0x68, 0x83, 0x0, 0x0,
    0x0, 0x0, 0x0, 0x0, 0x0, 0x7, 0xff, 0xff,
    0x20, 0x0, 0x0, 0x0, 0x0, 0x0, 0x0, 0x5f,
    0xf9, 0xdf, 0xe1, 0x0, 0x0, 0x0, 0x0, 0x0,
    0x3, 0xff, 0xb0, 0x2f, 0xfc, 0x0, 0x0, 0x0,
    0x0, 0x0, 0x6, 0x88, 0x10, 0x4, 0x88, 0x30,
    0x0, 0x0, 0x0, 0x0, 0x0, 0x0, 0x0, 0x0,
    0x0, 0x0, 0x0, 0x0, 0x0, 0x0, 0x0, 0x0,
    0x0, 0x0, 0x0, 0x0, 0x0, 0x0, 0x0, 0x0,
    0x0, 0xa, 0xff, 0xff, 0x40, 0x0, 0x0, 0x0,
    0x0, 0x0, 0x0, 0xf, 0xff, 0xff, 0xa0, 0x0,
    0x0, 0x0, 0x0, 0x0, 0x0, 0x6f, 0xff, 0xff,
    0xf0, 0x0, 0x0, 0x0, 0x0, 0x0, 0x0, 0xcf,
    0xfc, 0xff, 0xf5, 0x0, 0x0, 0x0, 0x0, 0x0,
    0x1, 0xff, 0xf6, 0xcf, 0xfb, 0x0, 0x0, 0x0,
    0x0, 0x0, 0x7, 0xff, 0xf1, 0x7f, 0xff, 0x10,
    0x0, 0x0, 0x0, 0x0, 0xd, 0xff, 0xc0, 0x2f,
    0xff, 0x70, 0x0, 0x0, 0x0, 0x0, 0x3f, 0xff,
    0x70, 0xd, 0xff, 0xc0, 0x0, 0x0, 0x0, 0x0,
    0x9f, 0xff, 0x20, 0x8, 0xff, 0xf2, 0x0, 0x0,
    0x0, 0x0, 0xef, 0xfd, 0x0, 0x3, 0xff, 0xf8,
    0x0, 0x0, 0x0, 0x4, 0xff, 0xf7, 0x0, 0x0,
    0xef, 0xfe, 0x0, 0x0, 0x0, 0xa, 0xff, 0xf2,
    0x0, 0x0, 0x8f, 0xff, 0x40, 0x0, 0x0, 0xf,
    0xff, 0xff, 0xff, 0xff, 0xff, 0xff, 0x90, 0x0,
    0x0, 0x5f, 0xff, 0xff, 0xff, 0xff, 0xff, 0xff,
    0xf0, 0x0, 0x0, 0xbf, 0xff, 0xff, 0xff, 0xff,
    0xff, 0xff, 0xf5, 0x0, 0x1, 0xff, 0xfc, 0x0,
    0x0, 0x0, 0x2, 0xff, 0xfb, 0x0, 0x7, 0xff,
    0xf6, 0x0, 0x0, 0x0, 0x0, 0xdf, 0xff, 0x10,
    0xd, 0xff, 0xf1, 0x0, 0x0, 0x0, 0x0, 0x8f,
    0xff, 0x60, 0x2f, 0xff, 0xb0, 0x0, 0x0, 0x0,
    0x0, 0x2f, 0xff, 0xc0, 0x8f, 0xff, 0x60, 0x0,
    0x0, 0x0, 0x0, 0xd, 0xff, 0xf2,

    /* U+00C3 "Ã" */
    0x0, 0x0, 0x0, 0x0, 0x0, 0x0, 0x11, 0x0,
    0x0, 0x0, 0x0, 0x0, 0x0, 0x9f, 0xfc, 0x40,
    0xdf, 0x30, 0x0, 0x0, 0x0, 0x0, 0x4, 0xff,
    0xff, 0xff, 0xfe, 0x0, 0x0, 0x0, 0x0, 0x0,
    0x9, 0xf9, 0x17, 0xef, 0xe4, 0x0, 0x0, 0x0,
    0x0, 0x0, 0x0, 0x10, 0x0, 0x1, 0x0, 0x0,
    0x0, 0x0, 0x0, 0x0, 0x0, 0x0, 0x0, 0x0,
    0x0, 0x0, 0x0, 0x0, 0x0, 0x0, 0x0, 0x0,
    0x0, 0x0, 0x0, 0x0, 0x0, 0x0, 0x0, 0x0,
    0x0, 0xa, 0xff, 0xff, 0x40, 0x0, 0x0, 0x0,
    0x0, 0x0, 0x0, 0xf, 0xff, 0xff, 0xa0, 0x0,
    0x0, 0x0, 0x0, 0x0, 0x0, 0x6f, 0xff, 0xff,
    0xf0, 0x0, 0x0, 0x0, 0x0, 0x0, 0x0, 0xcf,
    0xfc, 0xff, 0xf5, 0x0, 0x0, 0x0, 0x0, 0x0,
    0x1, 0xff, 0xf6, 0xcf, 0xfb, 0x0, 0x0, 0x0,
    0x0, 0x0, 0x7, 0xff, 0xf1, 0x7f, 0xff, 0x10,
    0x0, 0x0, 0x0, 0x0, 0xd, 0xff, 0xc0, 0x2f,
    0xff, 0x70, 0x0, 0x0, 0x0, 0x0, 0x3f, 0xff,
    0x70, 0xd, 0xff, 0xc0, 0x0, 0x0, 0x0, 0x0,
    0x9f, 0xff, 0x20, 0x8, 0xff, 0xf2, 0x0, 0x0,
    0x0, 0x0, 0xef, 0xfd, 0x0, 0x3, 0xff, 0xf8,
    0x0, 0x0, 0x0, 0x4, 0xff, 0xf7, 0x0, 0x0,
    0xef, 0xfe, 0x0, 0x0, 0x0, 0xa, 0xff, 0xf2,
    0x0, 0x0, 0x8f, 0xff, 0x40, 0x0, 0x0, 0xf,
    0xff, 0xff, 0xff, 0xff, 0xff, 0xff, 0x90, 0x0,
    0x0, 0x5f, 0xff, 0xff, 0xff, 0xff, 0xff, 0xff,
    0xf0, 0x0, 0x0, 0xbf, 0xff, 0xff, 0xff, 0xff,
    0xff, 0xff, 0xf5, 0x0, 0x1, 0xff, 0xfc, 0x0,
    0x0, 0x0, 0x2, 0xff, 0xfb, 0x0, 0x7, 0xff,
    0xf6, 0x0, 0x0, 0x0, 0x0, 0xdf, 0xff, 0x10,
    0xd, 0xff, 0xf1, 0x0, 0x0, 0x0, 0x0, 0x8f,
    0xff, 0x60, 0x2f, 0xff, 0xb0, 0x0, 0x0, 0x0,
    0x0, 0x2f, 0xff, 0xc0, 0x8f, 0xff, 0x60, 0x0,
    0x0, 0x0, 0x0, 0xd, 0xff, 0xf2,

    /* U+00C4 "Ä" */
    0x0, 0x0, 0x5, 0xdb, 0x20, 0x5, 0xdb, 0x20,
    0x0, 0x0, 0x0, 0x0, 0xf, 0xff, 0xb0, 0x1f,
    0xff, 0xa0, 0x0, 0x0, 0x0, 0x0, 0x1f, 0xff,
    0xc0, 0x1f, 0xff, 0xb0, 0x0, 0x0, 0x0, 0x0,
    0x7, 0xfe, 0x30, 0x7, 0xfd, 0x30, 0x0, 0x0,
    0x0, 0x0, 0x0, 0x0, 0x0, 0x0, 0x0, 0x0,
    0x0, 0x0, 0x0, 0x0, 0x0, 0x0, 0x0, 0x0,
    0x0, 0x0, 0x0, 0x0, 0x0, 0x0, 0x0, 0x0,
    0x0, 0x0, 0x0, 0x0, 0x0, 0x0, 0x0, 0x0,
    0x0, 0xa, 0xff, 0xff, 0x40, 0x0, 0x0, 0x0,
    0x0, 0x0, 0x0, 0xf, 0xff, 0xff, 0xa0, 0x0,
    0x0, 0x0, 0x0, 0x0, 0x0, 0x6f, 0xff, 0xff,
    0xf0, 0x0, 0x0, 0x0, 0x0, 0x0, 0x0, 0xcf,
    0xfc, 0xff, 0xf5, 0x0, 0x0, 0x0, 0x0, 0x0,
    0x1, 0xff, 0xf6, 0xcf, 0xfb, 0x0, 0x0, 0x0,
    0x0, 0x0, 0x7, 0xff, 0xf1, 0x7f, 0xff, 0x10,
    0x0, 0x0, 0x0, 0x0, 0xd, 0xff, 0xc0, 0x2f,
    0xff, 0x70, 0x0, 0x0, 0x0, 0x0, 0x3f, 0xff,
    0x70, 0xd, 0xff, 0xc0, 0x0, 0x0, 0x0, 0x0,
    0x9f, 0xff, 0x20, 0x8, 0xff, 0xf2, 0x0, 0x0,
    0x0, 0x0, 0xef, 0xfd, 0x0, 0x3, 0xff, 0xf8,
    0x0, 0x0, 0x0, 0x4, 0xff, 0xf7, 0x0, 0x0,
    0xef, 0xfe, 0x0, 0x0, 0x0, 0xa, 0xff, 0xf2,
    0x0, 0x0, 0x8f, 0xff, 0x40, 0x0, 0x0, 0xf,
    0xff, 0xff, 0xff, 0xff, 0xff, 0xff, 0x90, 0x0,
    0x0, 0x5f, 0xff, 0xff, 0xff, 0xff, 0xff, 0xff,
    0xf0, 0x0, 0x0, 0xbf, 0xff, 0xff, 0xff, 0xff,
    0xff, 0xff, 0xf5, 0x0, 0x1, 0xff, 0xfc, 0x0,
    0x0, 0x0, 0x2, 0xff, 0xfb, 0x0, 0x7, 0xff,
    0xf6, 0x0, 0x0, 0x0, 0x0, 0xdf, 0xff, 0x10,
    0xd, 0xff, 0xf1, 0x0, 0x0, 0x0, 0x0, 0x8f,
    0xff, 0x60, 0x2f, 0xff, 0xb0, 0x0, 0x0, 0x0,
    0x0, 0x2f, 0xff, 0xc0, 0x8f, 0xff, 0x60, 0x0,
    0x0, 0x0, 0x0, 0xd, 0xff, 0xf2,

    /* U+00C5 "Å" */
    0x0, 0x0, 0x0, 0x2, 0xbf, 0xe9, 0x0, 0x0,
    0x0, 0x0, 0x0, 0x0, 0x0, 0x1f, 0xfd, 0xef,
    0xb0, 0x0, 0x0, 0x0, 0x0, 0x0, 0x0, 0x8f,
    0xa0, 0x1e, 0xf2, 0x0, 0x0, 0x0, 0x0, 0x0,
    0x0, 0xaf, 0x50, 0xb, 0xf4, 0x0, 0x0, 0x0,
    0x0, 0x0, 0x0, 0x7f, 0xc1, 0x3f, 0xf1, 0x0,
    0x0, 0x0, 0x0, 0x0, 0x0, 0xd, 0xff, 0xff,
    0x80, 0x0, 0x0, 0x0, 0x0, 0x0, 0x0, 0x1,
    0x8c, 0xb5, 0x0, 0x0, 0x0, 0x0, 0x0, 0x0,
    0x0, 0x0, 0x0, 0x0, 0x0, 0x0, 0x0, 0x0,
    0x0, 0x0, 0x0, 0xa, 0xff, 0xff, 0x40, 0x0,
    0x0, 0x0, 0x0, 0x0, 0x0, 0xf, 0xff, 0xff,
    0xa0, 0x0, 0x0, 0x0, 0x0, 0x0, 0x0, 0x6f,
    0xff, 0xff, 0xf0, 0x0, 0x0, 0x0, 0x0, 0x0,
    0x0, 0xcf, 0xfc, 0xff, 0xf5, 0x0, 0x0, 0x0,
    0x0, 0x0, 0x1, 0xff, 0xf6, 0xcf, 0xfb, 0x0,
    0x0, 0x0, 0x0, 0x0, 0x7, 0xff, 0xf1, 0x7f,
    0xff, 0x10, 0x0, 0x0, 0x0, 0x0, 0xd, 0xff,
    0xc0, 0x2f, 0xff, 0x70, 0x0, 0x0, 0x0, 0x0,
    0x3f, 0xff, 0x70, 0xd, 0xff, 0xc0, 0x0, 0x0,
    0x0, 0x0, 0x9f, 0xff, 0x20, 0x8, 0xff, 0xf2,
    0x0, 0x0, 0x0, 0x0, 0xef, 0xfd, 0x0, 0x3,
    0xff, 0xf8, 0x0, 0x0, 0x0, 0x4, 0xff, 0xf7,
    0x0, 0x0, 0xef, 0xfe, 0x0, 0x0, 0x0, 0xa,
    0xff, 0xf2, 0x0, 0x0, 0x8f, 0xff, 0x40, 0x0,
    0x0, 0xf, 0xff, 0xff, 0xff, 0xff, 0xff, 0xff,
    0x90, 0x0, 0x0, 0x5f, 0xff, 0xff, 0xff, 0xff,
    0xff, 0xff, 0xf0, 0x0, 0x0, 0xbf, 0xff, 0xff,
    0xff, 0xff, 0xff, 0xff, 0xf5, 0x0, 0x1, 0xff,
    0xfc, 0x0, 0x0, 0x0, 0x2, 0xff, 0xfb, 0x0,
    0x7, 0xff, 0xf6, 0x0, 0x0, 0x0, 0x0, 0xdf,
    0xff, 0x10, 0xd, 0xff, 0xf1, 0x0, 0x0, 0x0,
    0x0, 0x8f, 0xff, 0x60, 0x2f, 0xff, 0xb0, 0x0,
    0x0, 0x0, 0x0, 0x2f, 0xff, 0xc0, 0x8f, 0xff,
    0x60, 0x0, 0x0, 0x0, 0x0, 0xd, 0xff, 0xf2,

    /* U+00C6 "Æ" */
    0x0, 0x0, 0x0, 0x0, 0x1f, 0xff, 0xff, 0xff,
    0xff, 0xff, 0xff, 0xff, 0xff, 0xf0, 0x0, 0x0,
    0x0, 0x0, 0x8f, 0xff, 0xff, 0xff, 0xff, 0xff,
    0xff, 0xff, 0xff, 0xf0, 0x0, 0x0, 0x0, 0x0,
    0xef, 0xff, 0xff, 0xff, 0xff, 0xff, 0xff, 0xff,
    0xff, 0xf0, 0x0, 0x0, 0x0, 0x6, 0xff, 0xf6,
    0x2d, 0xff, 0xb2, 0x22, 0x22, 0x22, 0x22, 0x20,
    0x0, 0x0, 0x0, 0xd, 0xff, 0xd0, 0xd, 0xff,
    0xb0, 0x0, 0x0, 0x0, 0x0, 0x0, 0x0, 0x0,
    0x0, 0x4f, 0xff, 0x70, 0xd, 0xff, 0xb0, 0x0,
    0x0, 0x0, 0x0, 0x0, 0x0, 0x0, 0x0, 0xbf,
    0xff, 0x0, 0xd, 0xff, 0xb0, 0x0, 0x0, 0x0,
    0x0, 0x0, 0x0, 0x0, 0x2, 0xff, 0xf9, 0x0,
    0xd, 0xff, 0xb0, 0x0, 0x0, 0x0, 0x0, 0x0,
    0x0, 0x0, 0xa, 0xff, 0xf2, 0x0, 0xd, 0xff,
    0xff, 0xff, 0xff, 0xff, 0xff, 0x30, 0x0, 0x0,
    0x1f, 0xff, 0xb0, 0x0, 0xd, 0xff, 0xff, 0xff,
    0xff, 0xff, 0xff, 0x30, 0x0, 0x0, 0x8f, 0xff,
    0x40, 0x0, 0xd, 0xff, 0xff, 0xff, 0xff, 0xff,
    0xff, 0x30, 0x0, 0x0, 0xef, 0xfd, 0x0, 0x0,
    0xd, 0xff, 0xb1, 0x11, 0x11, 0x11, 0x11, 0x0,
    0x0, 0x6, 0xff, 0xff, 0xff, 0xff, 0xff, 0xff,
    0xb0, 0x0, 0x0, 0x0, 0x0, 0x0, 0x0, 0xd,
    0xff, 0xff, 0xff, 0xff, 0xff, 0xff, 0xb0, 0x0,
    0x0, 0x0, 0x0, 0x0, 0x0, 0x4f, 0xff, 0xed,
    0xdd, 0xdd, 0xdf, 0xff, 0xb0, 0x0, 0x0, 0x0,
    0x0, 0x0, 0x0, 0xbf, 0xff, 0x10, 0x0, 0x0,
    0xd, 0xff, 0xb0, 0x0, 0x0, 0x0, 0x0, 0x0,
    0x2, 0xff, 0xfa, 0x0, 0x0, 0x0, 0xd, 0xff,
    0xb2, 0x22, 0x22, 0x22, 0x22, 0x20, 0x9, 0xff,
    0xf3, 0x0, 0x0, 0x0, 0xd, 0xff, 0xff, 0xff,
    0xff, 0xff, 0xff, 0xf0, 0x1f, 0xff, 0xc0, 0x0,
    0x0, 0x0, 0xd, 0xff, 0xff, 0xff, 0xff, 0xff,
    0xff, 0xf0, 0x7f, 0xff, 0x50, 0x0, 0x0, 0x0,
    0xd, 0xff, 0xff, 0xff, 0xff, 0xff, 0xff, 0xf0,

    /* U+00C7 "Ç" */
    0x0, 0x0, 0x2, 0x8c, 0xff, 0xfd, 0x93, 0x0,
    0x0, 0x0, 0x0, 0x1a, 0xff, 0xff, 0xff, 0xff,
    0xfb, 0x20, 0x0, 0x0, 0x2e, 0xff, 0xff, 0xff,
    0xff, 0xff, 0xfe, 0x30, 0x0, 0xd, 0xff, 0xff,
    0xa5, 0x45, 0x8e, 0xff, 0xfe, 0x10, 0x9, 0xff,
    0xfd, 0x20, 0x0, 0x0, 0xb, 0xff, 0xf8, 0x1,
    0xff, 0xfe, 0x10, 0x0, 0x0, 0x0, 0xe, 0xff,
    0xf0, 0x7f, 0xff, 0x70, 0x0, 0x0, 0x0, 0x0,
    0x7f, 0xff, 0x3b, 0xff, 0xf1, 0x0, 0x0, 0x0,
    0x0, 0x0, 0x0, 0x0, 0xdf, 0xfd, 0x0, 0x0,
    0x0, 0x0, 0x0, 0x0, 0x0, 0xe, 0xff, 0xc0,
    0x0, 0x0, 0x0, 0x0, 0x0, 0x0, 0x0, 0xef,
    0xfc, 0x0, 0x0, 0x0, 0x0, 0x0, 0x0, 0x0,
    0xd, 0xff, 0xd0, 0x0, 0x0, 0x0, 0x0, 0x0,
    0x0, 0x0, 0xbf, 0xff, 0x10, 0x0, 0x0, 0x0,
    0x0, 0x0, 0x0, 0x7, 0xff, 0xf6, 0x0, 0x0,
    0x0, 0x0, 0x7, 0xff, 0xf3, 0x1f, 0xff, 0xe1,
    0x0, 0x0, 0x0, 0x0, 0xef, 0xff, 0x0, 0x9f,
    0xff, 0xd2, 0x0, 0x0, 0x1, 0xbf, 0xff, 0x90,
    0x0, 0xdf, 0xff, 0xfa, 0x54, 0x58, 0xef, 0xff,
    0xe1, 0x0, 0x2, 0xef, 0xff, 0xff, 0xff, 0xff,
    0xff, 0xe2, 0x0, 0x0, 0x1, 0xaf, 0xff, 0xff,
    0xff, 0xff, 0xb1, 0x0, 0x0, 0x0, 0x0, 0x28,
    0xcf, 0xff, 0xd9, 0x30, 0x0, 0x0, 0x0, 0x0,
    0x0, 0x0, 0x8f, 0x30, 0x0, 0x0, 0x0, 0x0,
    0x0, 0x0, 0x0, 0xa, 0xff, 0xc1, 0x0, 0x0,
    0x0, 0x0, 0x0, 0x0, 0x0, 0x57, 0xdf, 0x90,
    0x0, 0x0, 0x0, 0x0, 0x0, 0x0, 0x0, 0x6,
    0xfb, 0x0, 0x0, 0x0, 0x0, 0x0, 0x0, 0x2,
    0x99, 0xef, 0x80, 0x0, 0x0, 0x0, 0x0, 0x0,
    0x0, 0x4f, 0xfe, 0x90, 0x0, 0x0, 0x0,

    /* U+00C8 "È" */
    0x0, 0x1, 0x33, 0x30, 0x0, 0x0, 0x0, 0x0,
    0x0, 0x1e, 0xff, 0x50, 0x0, 0x0, 0x0, 0x0,
    0x0, 0x3f, 0xfd, 0x0, 0x0, 0x0, 0x0, 0x0,
    0x0, 0x8f, 0xf6, 0x0, 0x0, 0x0, 0x0, 0x0,
    0x0, 0xcf, 0xd0, 0x0, 0x0, 0x0, 0x0, 0x0,
    0x0, 0x0, 0x0, 0x0, 0x0, 0x0, 0x0, 0x0,
    0x0, 0x0, 0x0, 0x0, 0x3, 0xff, 0xff, 0xff,
    0xff, 0xff, 0xff, 0xfb, 0x3f, 0xff, 0xff, 0xff,
    0xff, 0xff, 0xff, 0xb3, 0xff, 0xff, 0xff, 0xff,
    0xff, 0xff, 0xfb, 0x3f, 0xff, 0x72, 0x22, 0x22,
    0x22, 0x22, 0x13, 0xff, 0xf6, 0x0, 0x0, 0x0,
    0x0, 0x0, 0x3f, 0xff, 0x60, 0x0, 0x0, 0x0,
    0x0, 0x3, 0xff, 0xf6, 0x0, 0x0, 0x0, 0x0,
    0x0, 0x3f, 0xff, 0x60, 0x0, 0x0, 0x0, 0x0,
    0x3, 0xff, 0xff, 0xff, 0xff, 0xff, 0xff, 0xf0,
    0x3f, 0xff, 0xff, 0xff, 0xff, 0xff, 0xff, 0x3,
    0xff, 0xff, 0xff, 0xff, 0xff, 0xff, 0xf0, 0x3f,
    0xff, 0x71, 0x11, 0x11, 0x11, 0x11, 0x3, 0xff,
    0xf6, 0x0, 0x0, 0x0, 0x0, 0x0, 0x3f, 0xff,
    0x60, 0x0, 0x0, 0x0, 0x0, 0x3, 0xff, 0xf6,
    0x0, 0x0, 0x0, 0x0, 0x0, 0x3f, 0xff, 0x60,
    0x0, 0x0, 0x0, 0x0, 0x3, 0xff, 0xf7, 0x22,
    0x22, 0x22, 0x22, 0x21, 0x3f, 0xff, 0xff, 0xff,
    0xff, 0xff, 0xff, 0xb3, 0xff, 0xff, 0xff, 0xff,
    0xff, 0xff, 0xfb, 0x3f, 0xff, 0xff, 0xff, 0xff,
    0xff, 0xff, 0xb0,

    /* U+00C9 "É" */
    0x0, 0x0, 0x0, 0x0, 0x23, 0x33, 0x0, 0x0,
    0x0, 0x0, 0x0, 0xd, 0xff, 0x70, 0x0, 0x0,
    0x0, 0x0, 0x6, 0xff, 0xb0, 0x0, 0x0, 0x0,
    0x0, 0x0, 0xdf, 0xe1, 0x0, 0x0, 0x0, 0x0,
    0x0, 0x6f, 0xf4, 0x0, 0x0, 0x0, 0x0, 0x0,
    0x0, 0x0, 0x0, 0x0, 0x0, 0x0, 0x0, 0x0,
    0x0, 0x0, 0x0, 0x0, 0x3, 0xff, 0xff, 0xff,
    0xff, 0xff, 0xff, 0xfb, 0x3f, 0xff, 0xff, 0xff,
    0xff, 0xff, 0xff, 0xb3, 0xff, 0xff, 0xff, 0xff,
    0xff, 0xff, 0xfb, 0x3f, 0xff, 0x72, 0x22, 0x22,
    0x22, 0x22, 0x13, 0xff, 0xf6, 0x0, 0x0, 0x0,
    0x0, 0x0, 0x3f, 0xff, 0x60, 0x0, 0x0, 0x0,
    0x0, 0x3, 0xff, 0xf6, 0x0, 0x0, 0x0, 0x0,
    0x0, 0x3f, 0xff, 0x60, 0x0, 0x0, 0x0, 0x0,
    0x3, 0xff, 0xff, 0xff, 0xff, 0xff, 0xff, 0xf0,
    0x3f, 0xff, 0xff, 0xff, 0xff, 0xff, 0xff, 0x3,
    0xff, 0xff, 0xff, 0xff, 0xff, 0xff, 0xf0, 0x3f,
    0xff, 0x71, 0x11, 0x11, 0x11, 0x11, 0x3, 0xff,
    0xf6, 0x0, 0x0, 0x0, 0x0, 0x0, 0x3f, 0xff,
    0x60, 0x0, 0x0, 0x0, 0x0, 0x3, 0xff, 0xf6,
    0x0, 0x0, 0x0, 0x0, 0x0, 0x3f, 0xff, 0x60,
    0x0, 0x0, 0x0, 0x0, 0x3, 0xff, 0xf7, 0x22,
    0x22, 0x22, 0x22, 0x21, 0x3f, 0xff, 0xff, 0xff,
    0xff, 0xff, 0xff, 0xb3, 0xff, 0xff, 0xff, 0xff,
    0xff, 0xff, 0xfb, 0x3f, 0xff, 0xff, 0xff, 0xff,
    0xff, 0xff, 0xb0,

    /* U+00CA "Ê" */
    0x0, 0x0, 0x0, 0x78, 0x83, 0x0, 0x0, 0x0,
    0x0, 0x0, 0x9f, 0xff, 0xe2, 0x0, 0x0, 0x0,
    0x0, 0x6f, 0xf8, 0xef, 0xd1, 0x0, 0x0, 0x0,
    0x4f, 0xfa, 0x3, 0xff, 0xb0, 0x0, 0x0, 0x7,
    0x87, 0x0, 0x4, 0x88, 0x30, 0x0, 0x0, 0x0,
    0x0, 0x0, 0x0, 0x0, 0x0, 0x0, 0x0, 0x0,
    0x0, 0x0, 0x0, 0x0, 0x3, 0xff, 0xff, 0xff,
    0xff, 0xff, 0xff, 0xfb, 0x3f, 0xff, 0xff, 0xff,
    0xff, 0xff, 0xff, 0xb3, 0xff, 0xff, 0xff, 0xff,
    0xff, 0xff, 0xfb, 0x3f, 0xff, 0x72, 0x22, 0x22,
    0x22, 0x22, 0x13, 0xff, 0xf6, 0x0, 0x0, 0x0,
    0x0, 0x0, 0x3f, 0xff, 0x60, 0x0, 0x0, 0x0,
    0x0, 0x3, 0xff, 0xf6, 0x0, 0x0, 0x0, 0x0,
    0x0, 0x3f, 0xff, 0x60, 0x0, 0x0, 0x0, 0x0,
    0x3, 0xff, 0xff, 0xff, 0xff, 0xff, 0xff, 0xf0,
    0x3f, 0xff, 0xff, 0xff, 0xff, 0xff, 0xff, 0x3,
    0xff, 0xff, 0xff, 0xff, 0xff, 0xff, 0xf0, 0x3f,
    0xff, 0x71, 0x11, 0x11, 0x11, 0x11, 0x3, 0xff,
    0xf6, 0x0, 0x0, 0x0, 0x0, 0x0, 0x3f, 0xff,
    0x60, 0x0, 0x0, 0x0, 0x0, 0x3, 0xff, 0xf6,
    0x0, 0x0, 0x0, 0x0, 0x0, 0x3f, 0xff, 0x60,
    0x0, 0x0, 0x0, 0x0, 0x3, 0xff, 0xf7, 0x22,
    0x22, 0x22, 0x22, 0x21, 0x3f, 0xff, 0xff, 0xff,
    0xff, 0xff, 0xff, 0xb3, 0xff, 0xff, 0xff, 0xff,
    0xff, 0xff, 0xfb, 0x3f, 0xff, 0xff, 0xff, 0xff,
    0xff, 0xff, 0xb0,

    /* U+00CB "Ë" */
    0x0, 0x6, 0xdb, 0x10, 0x6, 0xdb, 0x10, 0x0,
    0x1, 0xff, 0xfa, 0x2, 0xff, 0xf9, 0x0, 0x0,
    0x2f, 0xff, 0xa0, 0x2f, 0xff, 0xa0, 0x0, 0x0,
    0x8f, 0xd2, 0x0, 0x8f, 0xd2, 0x0, 0x0, 0x0,
    0x0, 0x0, 0x0, 0x0, 0x0, 0x0, 0x0, 0x0,
    0x0, 0x0, 0x0, 0x0, 0x0, 0x0, 0x0, 0x0,
    0x0, 0x0, 0x0, 0x0, 0x3, 0xff, 0xff, 0xff,
    0xff, 0xff, 0xff, 0xfb, 0x3f, 0xff, 0xff, 0xff,
    0xff, 0xff, 0xff, 0xb3, 0xff, 0xff, 0xff, 0xff,
    0xff, 0xff, 0xfb, 0x3f, 0xff, 0x72, 0x22, 0x22,
    0x22, 0x22, 0x13, 0xff, 0xf6, 0x0, 0x0, 0x0,
    0x0, 0x0, 0x3f, 0xff, 0x60, 0x0, 0x0, 0x0,
    0x0, 0x3, 0xff, 0xf6, 0x0, 0x0, 0x0, 0x0,
    0x0, 0x3f, 0xff, 0x60, 0x0, 0x0, 0x0, 0x0,
    0x3, 0xff, 0xff, 0xff, 0xff, 0xff, 0xff, 0xf0,
    0x3f, 0xff, 0xff, 0xff, 0xff, 0xff, 0xff, 0x3,
    0xff, 0xff, 0xff, 0xff, 0xff, 0xff, 0xf0, 0x3f,
    0xff, 0x71, 0x11, 0x11, 0x11, 0x11, 0x3, 0xff,
    0xf6, 0x0, 0x0, 0x0, 0x0, 0x0, 0x3f, 0xff,
    0x60, 0x0, 0x0, 0x0, 0x0, 0x3, 0xff, 0xf6,
    0x0, 0x0, 0x0, 0x0, 0x0, 0x3f, 0xff, 0x60,
    0x0, 0x0, 0x0, 0x0, 0x3, 0xff, 0xf7, 0x22,
    0x22, 0x22, 0x22, 0x21, 0x3f, 0xff, 0xff, 0xff,
    0xff, 0xff, 0xff, 0xb3, 0xff, 0xff, 0xff, 0xff,
    0xff, 0xff, 0xfb, 0x3f, 0xff, 0xff, 0xff, 0xff,
    0xff, 0xff, 0xb0,

    /* U+00CC "Ì" */
    0x23, 0x33, 0x0, 0x2, 0xff, 0xf3, 0x0, 0x6,
    0xff, 0xb0, 0x0, 0xa, 0xff, 0x30, 0x0, 0x1e,
    0xfb, 0x0, 0x0, 0x0, 0x0, 0x0, 0x0, 0x0,
    0x0, 0x3, 0xff, 0xf6, 0x0, 0x3f, 0xff, 0x60,
    0x3, 0xff, 0xf6, 0x0, 0x3f, 0xff, 0x60, 0x3,
    0xff, 0xf6, 0x0, 0x3f, 0xff, 0x60, 0x3, 0xff,
    0xf6, 0x0, 0x3f, 0xff, 0x60, 0x3, 0xff, 0xf6,
    0x0, 0x3f, 0xff, 0x60, 0x3, 0xff, 0xf6, 0x0,
    0x3f, 0xff, 0x60, 0x3, 0xff, 0xf6, 0x0, 0x3f,
    0xff, 0x60, 0x3, 0xff, 0xf6, 0x0, 0x3f, 0xff,
    0x60, 0x3, 0xff, 0xf6, 0x0, 0x3f, 0xff, 0x60,
    0x3, 0xff, 0xf6, 0x0, 0x3f, 0xff, 0x60,

    /* U+00CD "Í" */
    0x0, 0x2, 0x33, 0x20, 0x1, 0xff, 0xf4, 0x0,
    0x8f, 0xf8, 0x0, 0x1f, 0xfc, 0x0, 0x9, 0xff,
    0x20, 0x0, 0x0, 0x0, 0x0, 0x0, 0x0, 0x0,
    0x3, 0xff, 0xf6, 0x0, 0x3f, 0xff, 0x60, 0x3,
    0xff, 0xf6, 0x0, 0x3f, 0xff, 0x60, 0x3, 0xff,
    0xf6, 0x0, 0x3f, 0xff, 0x60, 0x3, 0xff, 0xf6,
    0x0, 0x3f, 0xff, 0x60, 0x3, 0xff, 0xf6, 0x0,
    0x3f, 0xff, 0x60, 0x3, 0xff, 0xf6, 0x0, 0x3f,
    0xff, 0x60, 0x3, 0xff, 0xf6, 0x0, 0x3f, 0xff,
    0x60, 0x3, 0xff, 0xf6, 0x0, 0x3f, 0xff, 0x60,
    0x3, 0xff, 0xf6, 0x0, 0x3f, 0xff, 0x60, 0x3,
    0xff, 0xf6, 0x0, 0x3f, 0xff, 0x60, 0x0,

    /* U+00CE "Î" */
    0x0, 0x1, 0x78, 0x81, 0x0, 0x0, 0x0, 0xbf,
    0xff, 0xd0, 0x0, 0x0, 0x9f, 0xf7, 0xff, 0xb0,
    0x0, 0x6f, 0xf8, 0x5, 0xff, 0x90, 0x7, 0x87,
    0x0, 0x6, 0x88, 0x10, 0x0, 0x0, 0x0, 0x0,
    0x0, 0x0, 0x0, 0x0, 0x0, 0x0, 0x0, 0x0,
    0x3f, 0xff, 0x60, 0x0, 0x0, 0x3, 0xff, 0xf6,
    0x0, 0x0, 0x0, 0x3f, 0xff, 0x60, 0x0, 0x0,
    0x3, 0xff, 0xf6, 0x0, 0x0, 0x0, 0x3f, 0xff,
    0x60, 0x0, 0x0, 0x3, 0xff, 0xf6, 0x0, 0x0,
    0x0, 0x3f, 0xff, 0x60, 0x0, 0x0, 0x3, 0xff,
    0xf6, 0x0, 0x0, 0x0, 0x3f, 0xff, 0x60, 0x0,
    0x0, 0x3, 0xff, 0xf6, 0x0, 0x0, 0x0, 0x3f,
    0xff, 0x60, 0x0, 0x0, 0x3, 0xff, 0xf6, 0x0,
    0x0, 0x0, 0x3f, 0xff, 0x60, 0x0, 0x0, 0x3,
    0xff, 0xf6, 0x0, 0x0, 0x0, 0x3f, 0xff, 0x60,
    0x0, 0x0, 0x3, 0xff, 0xf6, 0x0, 0x0, 0x0,
    0x3f, 0xff, 0x60, 0x0, 0x0, 0x3, 0xff, 0xf6,
    0x0, 0x0, 0x0, 0x3f, 0xff, 0x60, 0x0, 0x0,
    0x3, 0xff, 0xf6, 0x0, 0x0,

    /* U+00CF "Ï" */
    0x8, 0xda, 0x0, 0x8, 0xd9, 0x4, 0xff, 0xf7,
    0x5, 0xff, 0xf6, 0x4f, 0xff, 0x80, 0x5f, 0xff,
    0x70, 0xaf, 0xc1, 0x0, 0xaf, 0xc1, 0x0, 0x0,
    0x0, 0x0, 0x0, 0x0, 0x0, 0x0, 0x0, 0x0,
    0x0, 0x0, 0x0, 0x0, 0x0, 0x0, 0x0, 0x0,
    0x3f, 0xff, 0x60, 0x0, 0x0, 0x3, 0xff, 0xf6,
    0x0, 0x0, 0x0, 0x3f, 0xff, 0x60, 0x0, 0x0,
    0x3, 0xff, 0xf6, 0x0, 0x0, 0x0, 0x3f, 0xff,
    0x60, 0x0, 0x0, 0x3, 0xff, 0xf6, 0x0, 0x0,
    0x0, 0x3f, 0xff, 0x60, 0x0, 0x0, 0x3, 0xff,
    0xf6, 0x0, 0x0, 0x0, 0x3f, 0xff, 0x60, 0x0,
    0x0, 0x3, 0xff, 0xf6, 0x0, 0x0, 0x0, 0x3f,
    0xff, 0x60, 0x0, 0x0, 0x3, 0xff, 0xf6, 0x0,
    0x0, 0x0, 0x3f, 0xff, 0x60, 0x0, 0x0, 0x3,
    0xff, 0xf6, 0x0, 0x0, 0x0, 0x3f, 0xff, 0x60,
    0x0, 0x0, 0x3, 0xff, 0xf6, 0x0, 0x0, 0x0,
    0x3f, 0xff, 0x60, 0x0, 0x0, 0x3, 0xff, 0xf6,
    0x0, 0x0, 0x0, 0x3f, 0xff, 0x60, 0x0, 0x0,
    0x3, 0xff, 0xf6, 0x0, 0x0,

    /* U+00D0 "Ð" */
    0x0, 0x1f, 0xff, 0xff, 0xff, 0xfe, 0xb7, 0x20,
    0x0, 0x0, 0x0, 0x1f, 0xff, 0xff, 0xff, 0xff,
    0xff, 0xf9, 0x0, 0x0, 0x0, 0x1f, 0xff, 0xff,
    0xff, 0xff, 0xff, 0xff, 0xd1, 0x0, 0x0, 0x1f,
    0xff, 0x91, 0x11, 0x24, 0x9f, 0xff, 0xfc, 0x0,
    0x0, 0x1f, 0xff, 0x80, 0x0, 0x0, 0x2, 0xdf,
    0xff, 0x70, 0x0, 0x1f, 0xff, 0x80, 0x0, 0x0,
    0x0, 0x1f, 0xff, 0xe0, 0x0, 0x1f, 0xff, 0x80,
    0x0, 0x0, 0x0, 0x8, 0xff, 0xf4, 0x0, 0x1f,
    0xff, 0x80, 0x0, 0x0, 0x0, 0x3, 0xff, 0xf7,
    0x7a, 0xbf, 0xff, 0xda, 0xaa, 0xa1, 0x0, 0x0,
    0xff, 0xfa, 0xbf, 0xff, 0xff, 0xff, 0xff, 0xf2,
    0x0, 0x0, 0xff, 0xfb, 0xbf, 0xff, 0xff, 0xff,
    0xff, 0xf2, 0x0, 0x0, 0xff, 0xfb, 0x0, 0x1f,
    0xff, 0x80, 0x0, 0x0, 0x0, 0x0, 0xff, 0xfa,
    0x0, 0x1f, 0xff, 0x80, 0x0, 0x0, 0x0, 0x3,
    0xff, 0xf7, 0x0, 0x1f, 0xff, 0x80, 0x0, 0x0,
    0x0, 0x8, 0xff, 0xf4, 0x0, 0x1f, 0xff, 0x80,
    0x0, 0x0, 0x0, 0x2f, 0xff, 0xe0, 0x0, 0x1f,
    0xff, 0x80, 0x0, 0x0, 0x2, 0xdf, 0xff, 0x60,
    0x0, 0x1f, 0xff, 0x91, 0x11, 0x25, 0x9f, 0xff,
    0xfc, 0x0, 0x0, 0x1f, 0xff, 0xff, 0xff, 0xff,
    0xff, 0xff, 0xc1, 0x0, 0x0, 0x1f, 0xff, 0xff,
    0xff, 0xff, 0xff, 0xf9, 0x0, 0x0, 0x0, 0x1f,
    0xff, 0xff, 0xff, 0xfe, 0xb7, 0x10, 0x0, 0x0,

    /* U+00D1 "Ñ" */
    0x0, 0x0, 0x0, 0x1, 0x0, 0x0, 0x11, 0x0,
    0x0, 0x0, 0x0, 0x4, 0xef, 0xe7, 0x18, 0xf9,
    0x0, 0x0, 0x0, 0x0, 0xe, 0xff, 0xff, 0xff,
    0xf5, 0x0, 0x0, 0x0, 0x0, 0x3f, 0xe1, 0x4b,
    0xff, 0x90, 0x0, 0x0, 0x0, 0x0, 0x1, 0x10,
    0x0, 0x0, 0x0, 0x0, 0x0, 0x0, 0x0, 0x0,
    0x0, 0x0, 0x0, 0x0, 0x0, 0x0, 0x0, 0x0,
    0x0, 0x0, 0x0, 0x0, 0x0, 0x0, 0x0, 0x3f,
    0xff, 0xf1, 0x0, 0x0, 0x0, 0x0, 0xff, 0xfa,
    0x3f, 0xff, 0xfa, 0x0, 0x0, 0x0, 0x0, 0xff,
    0xfa, 0x3f, 0xff, 0xff, 0x50, 0x0, 0x0, 0x0,
    0xff, 0xfa, 0x3f, 0xff, 0xff, 0xe1, 0x0, 0x0,
    0x0, 0xff, 0xfa, 0x3f, 0xff, 0xff, 0xf9, 0x0,
    0x0, 0x0, 0xff, 0xfa, 0x3f, 0xff, 0xbf, 0xff,
    0x40, 0x0, 0x0, 0xff, 0xfa, 0x3f, 0xff, 0x5d,
    0xff, 0xd0, 0x0, 0x0, 0xff, 0xfa, 0x3f, 0xff,
    0x54, 0xff, 0xf8, 0x0, 0x0, 0xff, 0xfa, 0x3f,
    0xff, 0x60, 0xaf, 0xff, 0x30, 0x0, 0xff, 0xfa,
    0x3f, 0xff, 0x60, 0x1f, 0xff, 0xc0, 0x0, 0xff,
    0xfa, 0x3f, 0xff, 0x60, 0x6, 0xff, 0xf7, 0x0,
    0xff, 0xfa, 0x3f, 0xff, 0x60, 0x0, 0xcf, 0xff,
    0x20, 0xff, 0xfa, 0x3f, 0xff, 0x60, 0x0, 0x2f,
    0xff, 0xb0, 0xff, 0xfa, 0x3f, 0xff, 0x60, 0x0,
    0x7, 0xff, 0xf4, 0xff, 0xfa, 0x3f, 0xff, 0x60,
    0x0, 0x0, 0xdf, 0xfc, 0xef, 0xfa, 0x3f, 0xff,
    0x60, 0x0, 0x0, 0x3f, 0xff, 0xff, 0xfa, 0x3f,
    0xff, 0x60, 0x0, 0x0, 0x9, 0xff, 0xff, 0xfa,
    0x3f, 0xff, 0x60, 0x0, 0x0, 0x0, 0xef, 0xff,
    0xfa, 0x3f, 0xff, 0x60, 0x0, 0x0, 0x0, 0x4f,
    0xff, 0xfa, 0x3f, 0xff, 0x60, 0x0, 0x0, 0x0,
    0xa, 0xff, 0xfa,

    /* U+00D2 "Ò" */
    0x0, 0x0, 0x5, 0xff, 0xf1, 0x0, 0x0, 0x0,
    0x0, 0x0, 0x0, 0x0, 0x9, 0xff, 0x80, 0x0,
    0x0, 0x0, 0x0, 0x0, 0x0, 0x0, 0xd, 0xff,
    0x10, 0x0, 0x0, 0x0, 0x0, 0x0, 0x0, 0x0,
    0x3f, 0xf9, 0x0, 0x0, 0x0, 0x0, 0x0, 0x0,
    0x0, 0x0, 0x23, 0x30, 0x0, 0x0, 0x0, 0x0,
    0x0, 0x0, 0x0, 0x0, 0x0, 0x0, 0x0, 0x0,
    0x0, 0x0, 0x0, 0x0, 0x0, 0x0, 0x0, 0x0,
    0x0, 0x0, 0x0, 0x0, 0x0, 0x28, 0xcf, 0xff,
    0xd9, 0x30, 0x0, 0x0, 0x0, 0x1, 0xaf, 0xff,
    0xff, 0xff, 0xff, 0xb1, 0x0, 0x0, 0x2, 0xdf,
    0xff, 0xff, 0xff, 0xff, 0xff, 0xe2, 0x0, 0x0,
    0xdf, 0xff, 0xf9, 0x54, 0x59, 0xff, 0xff, 0xe1,
    0x0, 0x9f, 0xff, 0xd2, 0x0, 0x0, 0x1, 0xcf,
    0xff, 0xa0, 0x1f, 0xff, 0xe1, 0x0, 0x0, 0x0,
    0x1, 0xef, 0xff, 0x26, 0xff, 0xf6, 0x0, 0x0,
    0x0, 0x0, 0x5, 0xff, 0xf7, 0xaf, 0xff, 0x10,
    0x0, 0x0, 0x0, 0x0, 0xf, 0xff, 0xbd, 0xff,
    0xd0, 0x0, 0x0, 0x0, 0x0, 0x0, 0xcf, 0xfe,
    0xef, 0xfc, 0x0, 0x0, 0x0, 0x0, 0x0, 0xa,
    0xff, 0xfe, 0xff, 0xc0, 0x0, 0x0, 0x0, 0x0,
    0x0, 0xaf, 0xff, 0xdf, 0xfd, 0x0, 0x0, 0x0,
    0x0, 0x0, 0xc, 0xff, 0xea, 0xff, 0xf1, 0x0,
    0x0, 0x0, 0x0, 0x0, 0xff, 0xfb, 0x6f, 0xff,
    0x60, 0x0, 0x0, 0x0, 0x0, 0x5f, 0xff, 0x81,
    0xff, 0xfe, 0x10, 0x0, 0x0, 0x0, 0x1e, 0xff,
    0xf2, 0x8, 0xff, 0xfd, 0x20, 0x0, 0x0, 0x1c,
    0xff, 0xfa, 0x0, 0xd, 0xff, 0xff, 0x95, 0x45,
    0x9f, 0xff, 0xfe, 0x10, 0x0, 0x1d, 0xff, 0xff,
    0xff, 0xff, 0xff, 0xfe, 0x20, 0x0, 0x0, 0x1a,
    0xff, 0xff, 0xff, 0xff, 0xfb, 0x10, 0x0, 0x0,
    0x0, 0x2, 0x8c, 0xff, 0xfd, 0x93, 0x0, 0x0,
    0x0,

    /* U+00D3 "Ó" */
    0x0, 0x0, 0x0, 0x0, 0x0, 0xef, 0xf6, 0x0,
    0x0, 0x0, 0x0, 0x0, 0x0, 0x0, 0x7f, 0xfb,
    0x0, 0x0, 0x0, 0x0, 0x0, 0x0, 0x0, 0xe,
    0xfe, 0x10, 0x0, 0x0, 0x0, 0x0, 0x0, 0x0,
    0x7, 0xff, 0x30, 0x0, 0x0, 0x0, 0x0, 0x0,
    0x0, 0x0, 0x33, 0x20, 0x0, 0x0, 0x0, 0x0,
    0x0, 0x0, 0x0, 0x0, 0x0, 0x0, 0x0, 0x0,
    0x0, 0x0, 0x0, 0x0, 0x0, 0x0, 0x0, 0x0,
    0x0, 0x0, 0x0, 0x0, 0x0, 0x28, 0xcf, 0xff,
    0xd9, 0x30, 0x0, 0x0, 0x0, 0x1, 0xaf, 0xff,
    0xff, 0xff, 0xff, 0xb1, 0x0, 0x0, 0x2, 0xdf,
    0xff, 0xff, 0xff, 0xff, 0xff, 0xe2, 0x0, 0x0,
    0xdf, 0xff, 0xf9, 0x54, 0x59, 0xff, 0xff, 0xe1,
    0x0, 0x9f, 0xff, 0xd2, 0x0, 0x0, 0x1, 0xcf,
    0xff, 0xa0, 0x1f, 0xff, 0xe1, 0x0, 0x0, 0x0,
    0x1, 0xef, 0xff, 0x26, 0xff, 0xf6, 0x0, 0x0,
    0x0, 0x0, 0x5, 0xff, 0xf7, 0xaf, 0xff, 0x10,
    0x0, 0x0, 0x0, 0x0, 0xf, 0xff, 0xbd, 0xff,
    0xd0, 0x0, 0x0, 0x0, 0x0, 0x0, 0xcf, 0xfe,
    0xef, 0xfc, 0x0, 0x0, 0x0, 0x0, 0x0, 0xa,
    0xff, 0xfe, 0xff, 0xc0, 0x0, 0x0, 0x0, 0x0,
    0x0, 0xaf, 0xff, 0xdf, 0xfd, 0x0, 0x0, 0x0,
    0x0, 0x0, 0xc, 0xff, 0xea, 0xff, 0xf1, 0x0,
    0x0, 0x0, 0x0, 0x0, 0xff, 0xfb, 0x6f, 0xff,
    0x60, 0x0, 0x0, 0x0, 0x0, 0x5f, 0xff, 0x81,
    0xff, 0xfe, 0x10, 0x0, 0x0, 0x0, 0x1e, 0xff,
    0xf2, 0x8, 0xff, 0xfd, 0x20, 0x0, 0x0, 0x1c,
    0xff, 0xfa, 0x0, 0xd, 0xff, 0xff, 0x95, 0x45,
    0x9f, 0xff, 0xfe, 0x10, 0x0, 0x1d, 0xff, 0xff,
    0xff, 0xff, 0xff, 0xfe, 0x20, 0x0, 0x0, 0x1a,
    0xff, 0xff, 0xff, 0xff, 0xfb, 0x10, 0x0, 0x0,
    0x0, 0x2, 0x8c, 0xff, 0xfd, 0x93, 0x0, 0x0,
    0x0,

    /* U+00D4 "Ô" */
    0x0, 0x0, 0x0, 0x5, 0xff, 0xf6, 0x0, 0x0,
    0x0, 0x0, 0x0, 0x0, 0x3, 0xff, 0xef, 0xf4,
    0x0, 0x0, 0x0, 0x0, 0x0, 0x2, 0xef, 0xd1,
    0xcf, 0xf2, 0x0, 0x0, 0x0, 0x0, 0x0, 0xdf,
    0xe2, 0x1, 0xef, 0xd1, 0x0, 0x0, 0x0, 0x0,
    0x0, 0x0, 0x0, 0x0, 0x0, 0x0, 0x0, 0x0,
    0x0, 0x0, 0x0, 0x0, 0x0, 0x0, 0x0, 0x0,
    0x0, 0x0, 0x0, 0x0, 0x0, 0x0, 0x0, 0x0,
    0x0, 0x0, 0x0, 0x0, 0x0, 0x28, 0xcf, 0xff,
    0xd9, 0x30, 0x0, 0x0, 0x0, 0x1, 0xaf, 0xff,
    0xff, 0xff, 0xff, 0xb1, 0x0, 0x0, 0x2, 0xdf,
    0xff, 0xff, 0xff, 0xff, 0xff, 0xe2, 0x0, 0x0,
    0xdf, 0xff, 0xf9, 0x54, 0x59, 0xff, 0xff, 0xe1,
    0x0, 0x9f, 0xff, 0xd2, 0x0, 0x0, 0x1, 0xcf,
    0xff, 0xa0, 0x1f, 0xff, 0xe1, 0x0, 0x0, 0x0,
    0x1, 0xef, 0xff, 0x26, 0xff, 0xf6, 0x0, 0x0,
    0x0, 0x0, 0x5, 0xff, 0xf7, 0xaf, 0xff, 0x10,
    0x0, 0x0, 0x0, 0x0, 0xf, 0xff, 0xbd, 0xff,
    0xd0, 0x0, 0x0, 0x0, 0x0, 0x0, 0xcf, 0xfe,
    0xef, 0xfc, 0x0, 0x0, 0x0, 0x0, 0x0, 0xa,
    0xff, 0xfe, 0xff, 0xc0, 0x0, 0x0, 0x0, 0x0,
    0x0, 0xaf, 0xff, 0xdf, 0xfd, 0x0, 0x0, 0x0,
    0x0, 0x0, 0xc, 0xff, 0xea, 0xff, 0xf1, 0x0,
    0x0, 0x0, 0x0, 0x0, 0xff, 0xfb, 0x6f, 0xff,
    0x60, 0x0, 0x0, 0x0, 0x0, 0x5f, 0xff, 0x81,
    0xff, 0xfe, 0x10, 0x0, 0x0, 0x0, 0x1e, 0xff,
    0xf2, 0x8, 0xff, 0xfd, 0x20, 0x0, 0x0, 0x1c,
    0xff, 0xfa, 0x0, 0xd, 0xff, 0xff, 0x95, 0x45,
    0x9f, 0xff, 0xfe, 0x10, 0x0, 0x1d, 0xff, 0xff,
    0xff, 0xff, 0xff, 0xfe, 0x20, 0x0, 0x0, 0x1a,
    0xff, 0xff, 0xff, 0xff, 0xfb, 0x10, 0x0, 0x0,
    0x0, 0x2, 0x8c, 0xff, 0xfd, 0x93, 0x0, 0x0,
    0x0,

    /* U+00D5 "Õ" */
    0x0, 0x0, 0x0, 0x9f, 0xd3, 0x0, 0xff, 0x0,
    0x0, 0x0, 0x0, 0x0, 0x6f, 0xff, 0xf5, 0x6f,
    0xd0, 0x0, 0x0, 0x0, 0x0, 0xb, 0xf8, 0x5f,
    0xff, 0xf7, 0x0, 0x0, 0x0, 0x0, 0x0, 0xef,
    0x30, 0x2c, 0xfa, 0x0, 0x0, 0x0, 0x0, 0x0,
    0x0, 0x0, 0x0, 0x0, 0x0, 0x0, 0x0, 0x0,
    0x0, 0x0, 0x0, 0x0, 0x0, 0x0, 0x0, 0x0,
    0x0, 0x0, 0x0, 0x0, 0x0, 0x0, 0x0, 0x0,
    0x0, 0x0, 0x0, 0x0, 0x0, 0x28, 0xcf, 0xff,
    0xd9, 0x30, 0x0, 0x0, 0x0, 0x1, 0xaf, 0xff,
    0xff, 0xff, 0xff, 0xb1, 0x0, 0x0, 0x2, 0xdf,
    0xff, 0xff, 0xff, 0xff, 0xff, 0xe2, 0x0, 0x0,
    0xdf, 0xff, 0xf9, 0x54, 0x59, 0xff, 0xff, 0xe1,
    0x0, 0x9f, 0xff, 0xd2, 0x0, 0x0, 0x1, 0xcf,
    0xff, 0xa0, 0x1f, 0xff, 0xe1, 0x0, 0x0, 0x0,
    0x1, 0xef, 0xff, 0x26, 0xff, 0xf6, 0x0, 0x0,
    0x0, 0x0, 0x5, 0xff, 0xf7, 0xaf, 0xff, 0x10,
    0x0, 0x0, 0x0, 0x0, 0xf, 0xff, 0xbd, 0xff,
    0xd0, 0x0, 0x0, 0x0, 0x0, 0x0, 0xcf, 0xfe,
    0xef, 0xfc, 0x0, 0x0, 0x0, 0x0, 0x0, 0xa,
    0xff, 0xfe, 0xff, 0xc0, 0x0, 0x0, 0x0, 0x0,
    0x0, 0xaf, 0xff, 0xdf, 0xfd, 0x0, 0x0, 0x0,
    0x0, 0x0, 0xc, 0xff, 0xea, 0xff, 0xf1, 0x0,
    0x0, 0x0, 0x0, 0x0, 0xff, 0xfb, 0x6f, 0xff,
    0x60, 0x0, 0x0, 0x0, 0x0, 0x5f, 0xff, 0x81,
    0xff, 0xfe, 0x10, 0x0, 0x0, 0x0, 0x1e, 0xff,
    0xf2, 0x8, 0xff, 0xfd, 0x20, 0x0, 0x0, 0x1c,
    0xff, 0xfa, 0x0, 0xd, 0xff, 0xff, 0x95, 0x45,
    0x9f, 0xff, 0xfe, 0x10, 0x0, 0x1d, 0xff, 0xff,
    0xff, 0xff, 0xff, 0xfe, 0x20, 0x0, 0x0, 0x1a,
    0xff, 0xff, 0xff, 0xff, 0xfb, 0x10, 0x0, 0x0,
    0x0, 0x2, 0x8c, 0xff, 0xfd, 0x93, 0x0, 0x0,
    0x0,

    /* U+00D6 "Ö" */
    0x0, 0x0, 0x8, 0xd9, 0x0, 0x9, 0xd9, 0x0,
    0x0, 0x0, 0x0, 0x5, 0xff, 0xf6, 0x5, 0xff,
    0xf6, 0x0, 0x0, 0x0, 0x0, 0x5f, 0xff, 0x70,
    0x6f, 0xff, 0x60, 0x0, 0x0, 0x0, 0x0, 0xaf,
    0xb1, 0x0, 0xbf, 0xb0, 0x0, 0x0, 0x0, 0x0,
    0x0, 0x0, 0x0, 0x0, 0x0, 0x0, 0x0, 0x0,
    0x0, 0x0, 0x0, 0x0, 0x0, 0x0, 0x0, 0x0,
    0x0, 0x0, 0x0, 0x0, 0x0, 0x0, 0x0, 0x0,
    0x0, 0x0, 0x0, 0x0, 0x0, 0x28, 0xcf, 0xff,
    0xd9, 0x30, 0x0, 0x0, 0x0, 0x1, 0xaf, 0xff,
    0xff, 0xff, 0xff, 0xb1, 0x0, 0x0, 0x2, 0xdf,
    0xff, 0xff, 0xff, 0xff, 0xff, 0xe2, 0x0, 0x0,
    0xdf, 0xff, 0xf9, 0x54, 0x59, 0xff, 0xff, 0xe1,
    0x0, 0x9f, 0xff, 0xd2, 0x0, 0x0, 0x1, 0xcf,
    0xff, 0xa0, 0x1f, 0xff, 0xe1, 0x0, 0x0, 0x0,
    0x1, 0xef, 0xff, 0x26, 0xff, 0xf6, 0x0, 0x0,
    0x0, 0x0, 0x5, 0xff, 0xf7, 0xaf, 0xff, 0x10,
    0x0, 0x0, 0x0, 0x0, 0xf, 0xff, 0xbd, 0xff,
    0xd0, 0x0, 0x0, 0x0, 0x0, 0x0, 0xcf, 0xfe,
    0xef, 0xfc, 0x0, 0x0, 0x0, 0x0, 0x0, 0xa,
    0xff, 0xfe, 0xff, 0xc0, 0x0, 0x0, 0x0, 0x0,
    0x0, 0xaf, 0xff, 0xdf, 0xfd, 0x0, 0x0, 0x0,
    0x0, 0x0, 0xc, 0xff, 0xea, 0xff, 0xf1, 0x0,
    0x0, 0x0, 0x0, 0x0, 0xff, 0xfb, 0x6f, 0xff,
    0x60, 0x0, 0x0, 0x0, 0x0, 0x5f, 0xff, 0x81,
    0xff, 0xfe, 0x10, 0x0, 0x0, 0x0, 0x1e, 0xff,
    0xf2, 0x8, 0xff, 0xfd, 0x20, 0x0, 0x0, 0x1c,
    0xff, 0xfa, 0x0, 0xd, 0xff, 0xff, 0x95, 0x45,
    0x9f, 0xff, 0xfe, 0x10, 0x0, 0x1d, 0xff, 0xff,
    0xff, 0xff, 0xff, 0xfe, 0x20, 0x0, 0x0, 0x1a,
    0xff, 0xff, 0xff, 0xff, 0xfb, 0x10, 0x0, 0x0,
    0x0, 0x2, 0x8c, 0xff, 0xfd, 0x93, 0x0, 0x0,
    0x0,

    /* U+00D7 "×" */
    0x0, 0x0, 0x0, 0x0, 0x0, 0x0, 0x0, 0x0,
    0x3c, 0x10, 0x0, 0x0, 0x0, 0xa6, 0x0, 0x2e,
    0xfd, 0x10, 0x0, 0x0, 0xaf, 0xf6, 0x6, 0xff,
    0xfd, 0x10, 0x0, 0xaf, 0xff, 0xa0, 0x7, 0xff,
    0xfd, 0x10, 0xaf, 0xff, 0xb0, 0x0, 0x7, 0xff,
    0xfd, 0xaf, 0xff, 0xb0, 0x0, 0x0, 0x7, 0xff,
    0xff, 0xff, 0xb0, 0x0, 0x0, 0x0, 0x7, 0xff,
    0xff, 0xb0, 0x0, 0x0, 0x0, 0x0, 0xaf, 0xff,
    0xfd, 0x10, 0x0, 0x0, 0x0, 0x9f, 0xff, 0xff,
    0xfd, 0x10, 0x0, 0x0, 0x9f, 0xff, 0xb7, 0xff,
    0xfd, 0x10, 0x0, 0x9f, 0xff, 0xb0, 0x7, 0xff,
    0xfc, 0x10, 0x8f, 0xff, 0xb0, 0x0, 0x7, 0xff,
    0xfc, 0x1, 0xdf, 0xb0, 0x0, 0x0, 0x7, 0xff,
    0x30, 0x1, 0x90, 0x0, 0x0, 0x0, 0x7, 0x30,
    0x0,

    /* U+00D8 "Ø" */
    0x0, 0x0, 0x0, 0x0, 0x0, 0x0, 0x0, 0x0,
    0x32, 0x0, 0x0, 0x0, 0x28, 0xcf, 0xff, 0xd9,
    0x30, 0x2e, 0xe3, 0x0, 0x1, 0xaf, 0xff, 0xff,
    0xff, 0xff, 0xbd, 0xff, 0xa0, 0x2, 0xdf, 0xff,
    0xff, 0xff, 0xff, 0xff, 0xff, 0xc0, 0x0, 0xdf,
    0xff, 0xf9, 0x54, 0x59, 0xff, 0xff, 0xf2, 0x0,
    0x9f, 0xff, 0xd2, 0x0, 0x0, 0x9, 0xff, 0xff,
    0xa0, 0x1f, 0xff, 0xe1, 0x0, 0x0, 0x6, 0xff,
    0xff, 0xff, 0x26, 0xff, 0xf6, 0x0, 0x0, 0x4,
    0xff, 0xfa, 0xff, 0xf7, 0xaf, 0xff, 0x10, 0x0,
    0x2, 0xff, 0xf7, 0xf, 0xff, 0xbd, 0xff, 0xd0,
    0x0, 0x1, 0xef, 0xfa, 0x0, 0xcf, 0xfe, 0xef,
    0xfc, 0x0, 0x0, 0xcf, 0xfb, 0x0, 0xa, 0xff,
    0xfe, 0xff, 0xc0, 0x0, 0xaf, 0xfd, 0x10, 0x0,
    0xaf, 0xff, 0xdf, 0xfd, 0x0, 0x8f, 0xfe, 0x20,
    0x0, 0xc, 0xff, 0xea, 0xff, 0xf1, 0x6f, 0xff,
    0x30, 0x0, 0x0, 0xff, 0xfb, 0x6f, 0xff, 0xaf,
    0xff, 0x50, 0x0, 0x0, 0x5f, 0xff, 0x81, 0xff,
    0xff, 0xff, 0x70, 0x0, 0x0, 0x1e, 0xff, 0xf2,
    0x8, 0xff, 0xff, 0xa0, 0x0, 0x0, 0x1c, 0xff,
    0xfa, 0x0, 0x1f, 0xff, 0xff, 0x95, 0x45, 0x9f,
    0xff, 0xfe, 0x10, 0xb, 0xff, 0xff, 0xff, 0xff,
    0xff, 0xff, 0xfe, 0x20, 0x8, 0xff, 0xea, 0xff,
    0xff, 0xff, 0xff, 0xfb, 0x10, 0x0, 0x3e, 0xf3,
    0x2, 0x8c, 0xff, 0xfd, 0x93, 0x0, 0x0, 0x0,
    0x13, 0x0, 0x0, 0x0, 0x0, 0x0, 0x0, 0x0,
    0x0,

    /* U+00D9 "Ù" */
    0x0, 0x0, 0xd, 0xff, 0x70, 0x0, 0x0, 0x0,
    0x0, 0x0, 0x0, 0x3, 0xff, 0xe0, 0x0, 0x0,
    0x0, 0x0, 0x0, 0x0, 0x0, 0x7f, 0xf7, 0x0,
    0x0, 0x0, 0x0, 0x0, 0x0, 0x0, 0xb, 0xfe,
    0x0, 0x0, 0x0, 0x0, 0x0, 0x0, 0x0, 0x1,
    0x33, 0x10, 0x0, 0x0, 0x0, 0x0, 0x0, 0x0,
    0x0, 0x0, 0x0, 0x0, 0x0, 0x0, 0x0, 0x0,
    0x0, 0x0, 0x0, 0x0, 0x0, 0x0, 0x0, 0x4f,
    0xff, 0x40, 0x0, 0x0, 0x0, 0x6, 0xff, 0xf3,
    0x4f, 0xff, 0x40, 0x0, 0x0, 0x0, 0x6, 0xff,
    0xf3, 0x4f, 0xff, 0x40, 0x0, 0x0, 0x0, 0x6,
    0xff, 0xf3, 0x4f, 0xff, 0x40, 0x0, 0x0, 0x0,
    0x6, 0xff, 0xf3, 0x4f, 0xff, 0x40, 0x0, 0x0,
    0x0, 0x6, 0xff, 0xf3, 0x4f, 0xff, 0x40, 0x0,
    0x0, 0x0, 0x6, 0xff, 0xf3, 0x4f, 0xff, 0x40,
    0x0, 0x0, 0x0, 0x6, 0xff, 0xf3, 0x4f, 0xff,
    0x40, 0x0, 0x0, 0x0, 0x6, 0xff, 0xf3, 0x4f,
    0xff, 0x40, 0x0, 0x0, 0x0, 0x6, 0xff, 0xf3,
    0x4f, 0xff, 0x40, 0x0, 0x0, 0x0, 0x6, 0xff,
    0xf3, 0x4f, 0xff, 0x40, 0x0, 0x0, 0x0, 0x6,
    0xff, 0xf3, 0x4f, 0xff, 0x40, 0x0, 0x0, 0x0,
    0x6, 0xff, 0xf3, 0x4f, 0xff, 0x40, 0x0, 0x0,
    0x0, 0x6, 0xff, 0xf3, 0x4f, 0xff, 0x60, 0x0,
    0x0, 0x0, 0x8, 0xff, 0xf2, 0x1f, 0xff, 0xc0,
    0x0, 0x0, 0x0, 0xd, 0xff, 0xf0, 0xc, 0xff,
    0xf8, 0x0, 0x0, 0x0, 0x9f, 0xff, 0xb0, 0x4,
    0xff, 0xff, 0xc6, 0x34, 0x6d, 0xff, 0xff, 0x30,
    0x0, 0x8f, 0xff, 0xff, 0xff, 0xff, 0xff, 0xf7,
    0x0, 0x0, 0x6, 0xff, 0xff, 0xff, 0xff, 0xfe,
    0x50, 0x0, 0x0, 0x0, 0x17, 0xbe, 0xff, 0xeb,
    0x60, 0x0, 0x0,

    /* U+00DA "Ú" */
    0x0, 0x0, 0x0, 0x0, 0x8, 0xff, 0xc0, 0x0,
    0x0, 0x0, 0x0, 0x0, 0x0, 0x1f, 0xff, 0x20,
    0x0, 0x0, 0x0, 0x0, 0x0, 0x0, 0x9f, 0xf6,
    0x0, 0x0, 0x0, 0x0, 0x0, 0x0, 0x1, 0xff,
    0xa0, 0x0, 0x0, 0x0, 0x0, 0x0, 0x0, 0x1,
    0x33, 0x0, 0x0, 0x0, 0x0, 0x0, 0x0, 0x0,
    0x0, 0x0, 0x0, 0x0, 0x0, 0x0, 0x0, 0x0,
    0x0, 0x0, 0x0, 0x0, 0x0, 0x0, 0x0, 0x4f,
    0xff, 0x40, 0x0, 0x0, 0x0, 0x6, 0xff, 0xf3,
    0x4f, 0xff, 0x40, 0x0, 0x0, 0x0, 0x6, 0xff,
    0xf3, 0x4f, 0xff, 0x40, 0x0, 0x0, 0x0, 0x6,
    0xff, 0xf3, 0x4f, 0xff, 0x40, 0x0, 0x0, 0x0,
    0x6, 0xff, 0xf3, 0x4f, 0xff, 0x40, 0x0, 0x0,
    0x0, 0x6, 0xff, 0xf3, 0x4f, 0xff, 0x40, 0x0,
    0x0, 0x0, 0x6, 0xff, 0xf3, 0x4f, 0xff, 0x40,
    0x0, 0x0, 0x0, 0x6, 0xff, 0xf3, 0x4f, 0xff,
    0x40, 0x0, 0x0, 0x0, 0x6, 0xff, 0xf3, 0x4f,
    0xff, 0x40, 0x0, 0x0, 0x0, 0x6, 0xff, 0xf3,
    0x4f, 0xff, 0x40, 0x0, 0x0, 0x0, 0x6, 0xff,
    0xf3, 0x4f, 0xff, 0x40, 0x0, 0x0, 0x0, 0x6,
    0xff, 0xf3, 0x4f, 0xff, 0x40, 0x0, 0x0, 0x0,
    0x6, 0xff, 0xf3, 0x4f, 0xff, 0x40, 0x0, 0x0,
    0x0, 0x6, 0xff, 0xf3, 0x4f, 0xff, 0x60, 0x0,
    0x0, 0x0, 0x8, 0xff, 0xf2, 0x1f, 0xff, 0xc0,
    0x0, 0x0, 0x0, 0xd, 0xff, 0xf0, 0xc, 0xff,
    0xf8, 0x0, 0x0, 0x0, 0x9f, 0xff, 0xb0, 0x4,
    0xff, 0xff, 0xc6, 0x34, 0x6d, 0xff, 0xff, 0x30,
    0x0, 0x8f, 0xff, 0xff, 0xff, 0xff, 0xff, 0xf7,
    0x0, 0x0, 0x6, 0xff, 0xff, 0xff, 0xff, 0xfe,
    0x50, 0x0, 0x0, 0x0, 0x17, 0xbe, 0xff, 0xeb,
    0x60, 0x0, 0x0,

    /* U+00DB "Û" */
    0x0, 0x0, 0x0, 0x1d, 0xff, 0xc0, 0x0, 0x0,
    0x0, 0x0, 0x0, 0x0, 0xcf, 0xff, 0xfa, 0x0,
    0x0, 0x0, 0x0, 0x0, 0xa, 0xff, 0x46, 0xff,
    0x80, 0x0, 0x0, 0x0, 0x0, 0x7f, 0xf7, 0x0,
    0x9f, 0xf5, 0x0, 0x0, 0x0, 0x0, 0x0, 0x0,
    0x0, 0x0, 0x0, 0x0, 0x0, 0x0, 0x0, 0x0,
    0x0, 0x0, 0x0, 0x0, 0x0, 0x0, 0x0, 0x0,
    0x0, 0x0, 0x0, 0x0, 0x0, 0x0, 0x0, 0x4f,
    0xff, 0x40, 0x0, 0x0, 0x0, 0x6, 0xff, 0xf3,
    0x4f, 0xff, 0x40, 0x0, 0x0, 0x0, 0x6, 0xff,
    0xf3, 0x4f, 0xff, 0x40, 0x0, 0x0, 0x0, 0x6,
    0xff, 0xf3, 0x4f, 0xff, 0x40, 0x0, 0x0, 0x0,
    0x6, 0xff, 0xf3, 0x4f, 0xff, 0x40, 0x0, 0x0,
    0x0, 0x6, 0xff, 0xf3, 0x4f, 0xff, 0x40, 0x0,
    0x0, 0x0, 0x6, 0xff, 0xf3, 0x4f, 0xff, 0x40,
    0x0, 0x0, 0x0, 0x6, 0xff, 0xf3, 0x4f, 0xff,
    0x40, 0x0, 0x0, 0x0, 0x6, 0xff, 0xf3, 0x4f,
    0xff, 0x40, 0x0, 0x0, 0x0, 0x6, 0xff, 0xf3,
    0x4f, 0xff, 0x40, 0x0, 0x0, 0x0, 0x6, 0xff,
    0xf3, 0x4f, 0xff, 0x40, 0x0, 0x0, 0x0, 0x6,
    0xff, 0xf3, 0x4f, 0xff, 0x40, 0x0, 0x0, 0x0,
    0x6, 0xff, 0xf3, 0x4f, 0xff, 0x40, 0x0, 0x0,
    0x0, 0x6, 0xff, 0xf3, 0x4f, 0xff, 0x60, 0x0,
    0x0, 0x0, 0x8, 0xff, 0xf2, 0x1f, 0xff, 0xc0,
    0x0, 0x0, 0x0, 0xd, 0xff, 0xf0, 0xc, 0xff,
    0xf8, 0x0, 0x0, 0x0, 0x9f, 0xff, 0xb0, 0x4,
    0xff, 0xff, 0xc6, 0x34, 0x6d, 0xff, 0xff, 0x30,
    0x0, 0x8f, 0xff, 0xff, 0xff, 0xff, 0xff, 0xf7,
    0x0, 0x0, 0x6, 0xff, 0xff, 0xff, 0xff, 0xfe,
    0x50, 0x0, 0x0, 0x0, 0x17, 0xbe, 0xff, 0xeb,
    0x60, 0x0, 0x0,

    /* U+00DC "Ü" */
    0x0, 0x0, 0x4c, 0xc3, 0x0, 0x4c, 0xc3, 0x0,
    0x0, 0x0, 0x0, 0xef, 0xfd, 0x0, 0xef, 0xfd,
    0x0, 0x0, 0x0, 0x0, 0xef, 0xfe, 0x0, 0xff,
    0xfd, 0x0, 0x0, 0x0, 0x0, 0x5e, 0xe5, 0x0,
    0x6e, 0xe4, 0x0, 0x0, 0x0, 0x0, 0x0, 0x0,
    0x0, 0x0, 0x0, 0x0, 0x0, 0x0, 0x0, 0x0,
    0x0, 0x0, 0x0, 0x0, 0x0, 0x0, 0x0, 0x0,
    0x0, 0x0, 0x0, 0x0, 0x0, 0x0, 0x0, 0x4f,
    0xff, 0x40, 0x0, 0x0, 0x0, 0x6, 0xff, 0xf3,
    0x4f, 0xff, 0x40, 0x0, 0x0, 0x0, 0x6, 0xff,
    0xf3, 0x4f, 0xff, 0x40, 0x0, 0x0, 0x0, 0x6,
    0xff, 0xf3, 0x4f, 0xff, 0x40, 0x0, 0x0, 0x0,
    0x6, 0xff, 0xf3, 0x4f, 0xff, 0x40, 0x0, 0x0,
    0x0, 0x6, 0xff, 0xf3, 0x4f, 0xff, 0x40, 0x0,
    0x0, 0x0, 0x6, 0xff, 0xf3, 0x4f, 0xff, 0x40,
    0x0, 0x0, 0x0, 0x6, 0xff, 0xf3, 0x4f, 0xff,
    0x40, 0x0, 0x0, 0x0, 0x6, 0xff, 0xf3, 0x4f,
    0xff, 0x40, 0x0, 0x0, 0x0, 0x6, 0xff, 0xf3,
    0x4f, 0xff, 0x40, 0x0, 0x0, 0x0, 0x6, 0xff,
    0xf3, 0x4f, 0xff, 0x40, 0x0, 0x0, 0x0, 0x6,
    0xff, 0xf3, 0x4f, 0xff, 0x40, 0x0, 0x0, 0x0,
    0x6, 0xff, 0xf3, 0x4f, 0xff, 0x40, 0x0, 0x0,
    0x0, 0x6, 0xff, 0xf3, 0x4f, 0xff, 0x60, 0x0,
    0x0, 0x0, 0x8, 0xff, 0xf2, 0x1f, 0xff, 0xc0,
    0x0, 0x0, 0x0, 0xd, 0xff, 0xf0, 0xc, 0xff,
    0xf8, 0x0, 0x0, 0x0, 0x9f, 0xff, 0xb0, 0x4,
    0xff, 0xff, 0xc6, 0x34, 0x6d, 0xff, 0xff, 0x30,
    0x0, 0x8f, 0xff, 0xff, 0xff, 0xff, 0xff, 0xf7,
    0x0, 0x0, 0x6, 0xff, 0xff, 0xff, 0xff, 0xfe,
    0x50, 0x0, 0x0, 0x0, 0x17, 0xbe, 0xff, 0xeb,
    0x60, 0x0, 0x0,

    /* U+00DD "Ý" */
    0x0, 0x0, 0x0, 0x0, 0x0, 0x23, 0x32, 0x0,
    0x0, 0x0, 0x0, 0x0, 0x0, 0x0, 0x1f, 0xff,
    0x40, 0x0, 0x0, 0x0, 0x0, 0x0, 0x0, 0x9,
    0xff, 0x80, 0x0, 0x0, 0x0, 0x0, 0x0, 0x0,
    0x1, 0xff, 0xc0, 0x0, 0x0, 0x0, 0x0, 0x0,
    0x0, 0x0, 0x9f, 0xf2, 0x0, 0x0, 0x0, 0x0,
    0x0, 0x0, 0x0, 0x0, 0x0, 0x0, 0x0, 0x0,
    0x0, 0x0, 0x0, 0x0, 0x0, 0x0, 0x0, 0x0,
    0x0, 0x0, 0x6, 0xff, 0xfc, 0x0, 0x0, 0x0,
    0x0, 0x9, 0xff, 0xf8, 0xc, 0xff, 0xf5, 0x0,
    0x0, 0x0, 0x3, 0xff, 0xfe, 0x0, 0x3f, 0xff,
    0xe0, 0x0, 0x0, 0x0, 0xcf, 0xff, 0x50, 0x0,
    0x9f, 0xff, 0x80, 0x0, 0x0, 0x5f, 0xff, 0xb0,
    0x0, 0x0, 0xef, 0xff, 0x20, 0x0, 0xe, 0xff,
    0xf2, 0x0, 0x0, 0x5, 0xff, 0xfb, 0x0, 0x8,
    0xff, 0xf8, 0x0, 0x0, 0x0, 0xb, 0xff, 0xf5,
    0x1, 0xff, 0xfd, 0x0, 0x0, 0x0, 0x0, 0x2f,
    0xff, 0xd0, 0xaf, 0xff, 0x40, 0x0, 0x0, 0x0,
    0x0, 0x7f, 0xff, 0x9f, 0xff, 0xa0, 0x0, 0x0,
    0x0, 0x0, 0x0, 0xdf, 0xff, 0xff, 0xf1, 0x0,
    0x0, 0x0, 0x0, 0x0, 0x4, 0xff, 0xff, 0xf7,
    0x0, 0x0, 0x0, 0x0, 0x0, 0x0, 0xa, 0xff,
    0xfd, 0x0, 0x0, 0x0, 0x0, 0x0, 0x0, 0x0,
    0x3f, 0xff, 0x60, 0x0, 0x0, 0x0, 0x0, 0x0,
    0x0, 0x2, 0xff, 0xf6, 0x0, 0x0, 0x0, 0x0,
    0x0, 0x0, 0x0, 0x2f, 0xff, 0x60, 0x0, 0x0,
    0x0, 0x0, 0x0, 0x0, 0x2, 0xff, 0xf6, 0x0,
    0x0, 0x0, 0x0, 0x0, 0x0, 0x0, 0x2f, 0xff,
    0x60, 0x0, 0x0, 0x0, 0x0, 0x0, 0x0, 0x2,
    0xff, 0xf6, 0x0, 0x0, 0x0, 0x0, 0x0, 0x0,
    0x0, 0x2f, 0xff, 0x60, 0x0, 0x0, 0x0, 0x0,
    0x0, 0x0, 0x2, 0xff, 0xf6, 0x0, 0x0, 0x0,
    0x0,

    /* U+00DE "Þ" */
    0x5f, 0xff, 0x40, 0x0, 0x0, 0x0, 0x0, 0x5,
    0xff, 0xf4, 0x0, 0x0, 0x0, 0x0, 0x0, 0x5f,
    0xff, 0x40, 0x0, 0x0, 0x0, 0x0, 0x5, 0xff,
    0xfe, 0xee, 0xed, 0xb7, 0x10, 0x0, 0x5f, 0xff,
    0xff, 0xff, 0xff, 0xff, 0x70, 0x5, 0xff, 0xff,
    0xff, 0xff, 0xff, 0xff, 0x70, 0x5f, 0xff, 0x40,
    0x0, 0x15, 0xef, 0xff, 0x25, 0xff, 0xf4, 0x0,
    0x0, 0x2, 0xff, 0xf9, 0x5f, 0xff, 0x40, 0x0,
    0x0, 0xa, 0xff, 0xc5, 0xff, 0xf4, 0x0, 0x0,
    0x0, 0x8f, 0xfe, 0x5f, 0xff, 0x40, 0x0, 0x0,
    0xa, 0xff, 0xc5, 0xff, 0xf4, 0x0, 0x0, 0x1,
    0xff, 0xf9, 0x5f, 0xff, 0x40, 0x0, 0x15, 0xdf,
    0xff, 0x25, 0xff, 0xff, 0xff, 0xff, 0xff, 0xff,
    0x70, 0x5f, 0xff, 0xff, 0xff, 0xff, 0xff, 0x70,
    0x5, 0xff, 0xfe, 0xee, 0xdd, 0xb7, 0x10, 0x0,
    0x5f, 0xff, 0x40, 0x0, 0x0, 0x0, 0x0, 0x5,
    0xff, 0xf4, 0x0, 0x0, 0x0, 0x0, 0x0, 0x5f,
    0xff, 0x40, 0x0, 0x0, 0x0, 0x0, 0x5, 0xff,
    0xf4, 0x0, 0x0, 0x0, 0x0, 0x0,

    /* U+00DF "ß" */
    0x0, 0x2, 0x9d, 0xff, 0xec, 0x71, 0x0, 0x0,
    0x0, 0x7f, 0xff, 0xff, 0xff, 0xff, 0x60, 0x0,
    0x5, 0xff, 0xff, 0xff, 0xff, 0xff, 0xf5, 0x0,
    0xe, 0xff, 0xf9, 0x20, 0x2a, 0xff, 0xfd, 0x0,
    0x2f, 0xff, 0xa0, 0x0, 0x0, 0xbf, 0xff, 0x0,
    0x3f, 0xff, 0x50, 0x0, 0x0, 0x7f, 0xff, 0x0,
    0x3f, 0xff, 0x40, 0x0, 0x0, 0xaf, 0xfc, 0x0,
    0x3f, 0xff, 0x40, 0x0, 0x7, 0xff, 0xf4, 0x0,
    0x3f, 0xff, 0x40, 0x4e, 0xff, 0xfc, 0x40, 0x0,
    0x3f, 0xff, 0x40, 0x5f, 0xff, 0xfb, 0x70, 0x0,
    0x3f, 0xff, 0x40, 0x5f, 0xff, 0xff, 0xfd, 0x10,
    0x3f, 0xff, 0x40, 0x0, 0x2, 0x9f, 0xff, 0xb0,
    0x3f, 0xff, 0x40, 0x0, 0x0, 0x9, 0xff, 0xf2,
    0x3f, 0xff, 0x40, 0x0, 0x0, 0x3, 0xff, 0xf5,
    0x3f, 0xff, 0x40, 0x0, 0x0, 0x2, 0xff, 0xf6,
    0x3f, 0xff, 0x40, 0x0, 0x0, 0x8, 0xff, 0xf4,
    0x3f, 0xff, 0x40, 0x0, 0x1, 0x7f, 0xff, 0xf0,
    0x3f, 0xff, 0x40, 0x6f, 0xff, 0xff, 0xff, 0x70,
    0x3f, 0xff, 0x40, 0x6f, 0xff, 0xff, 0xf9, 0x0,
    0x3f, 0xff, 0x40, 0x6f, 0xff, 0xea, 0x30, 0x0,

    /* U+00E0 "à" */
    0x0, 0x4, 0xff, 0xf1, 0x0, 0x0, 0x0, 0x0,
    0x0, 0x9f, 0xf9, 0x0, 0x0, 0x0, 0x0, 0x0,
    0xc, 0xff, 0x20, 0x0, 0x0, 0x0, 0x0, 0x2,
    0xff, 0x90, 0x0, 0x0, 0x0, 0x0, 0x0, 0x23,
    0x30, 0x0, 0x0, 0x0, 0x0, 0x6b, 0xef, 0xfd,
    0x82, 0x0, 0x0, 0x1d, 0xff, 0xff, 0xff, 0xff,
    0x50, 0x0, 0xdf, 0xff, 0xdb, 0xcf, 0xff, 0xf2,
    0x5, 0xff, 0xf6, 0x0, 0x4, 0xff, 0xf8, 0x6,
    0xaa, 0x80, 0x0, 0x0, 0xbf, 0xfb, 0x0, 0x0,
    0x0, 0x0, 0x2, 0xdf, 0xfc, 0x0, 0x1, 0x59,
    0xbd, 0xff, 0xff, 0xfc, 0x0, 0x7f, 0xff, 0xff,
    0xff, 0xff, 0xfc, 0x7, 0xff, 0xff, 0xa7, 0x51,
    0xaf, 0xfc, 0xe, 0xff, 0xc0, 0x0, 0x0, 0xaf,
    0xfc, 0xf, 0xff, 0x50, 0x0, 0x0, 0xef, 0xfc,
    0xf, 0xff, 0xa0, 0x0, 0x9, 0xff, 0xfc, 0xa,
    0xff, 0xfd, 0x9a, 0xef, 0xff, 0xfc, 0x1, 0xef,
    0xff, 0xff, 0xfb, 0xaf, 0xfc, 0x0, 0x18, 0xdf,
    0xfd, 0x70, 0xaf, 0xfc,

    /* U+00E1 "á" */
    0x0, 0x0, 0x0, 0x0, 0xef, 0xf7, 0x0, 0x0,
    0x0, 0x0, 0x6, 0xff, 0xb0, 0x0, 0x0, 0x0,
    0x0, 0xe, 0xfe, 0x10, 0x0, 0x0, 0x0, 0x0,
    0x7f, 0xf4, 0x0, 0x0, 0x0, 0x0, 0x0, 0x23,
    0x30, 0x0, 0x0, 0x0, 0x0, 0x6b, 0xef, 0xfd,
    0x82, 0x0, 0x0, 0x1d, 0xff, 0xff, 0xff, 0xff,
    0x50, 0x0, 0xdf, 0xff, 0xdb, 0xcf, 0xff, 0xf2,
    0x5, 0xff, 0xf6, 0x0, 0x4, 0xff, 0xf8, 0x6,
    0xaa, 0x80, 0x0, 0x0, 0xbf, 0xfb, 0x0, 0x0,
    0x0, 0x0, 0x2, 0xdf, 0xfc, 0x0, 0x1, 0x59,
    0xbd, 0xff, 0xff, 0xfc, 0x0, 0x7f, 0xff, 0xff,
    0xff, 0xff, 0xfc, 0x7, 0xff, 0xff, 0xa7, 0x51,
    0xaf, 0xfc, 0xe, 0xff, 0xc0, 0x0, 0x0, 0xaf,
    0xfc, 0xf, 0xff, 0x50, 0x0, 0x0, 0xef, 0xfc,
    0xf, 0xff, 0xa0, 0x0, 0x9, 0xff, 0xfc, 0xa,
    0xff, 0xfd, 0x9a, 0xef, 0xff, 0xfc, 0x1, 0xef,
    0xff, 0xff, 0xfb, 0xaf, 0xfc, 0x0, 0x18, 0xdf,
    0xfd, 0x70, 0xaf, 0xfc,

    /* U+00E2 "â" */
    0x0, 0x0, 0x6, 0xff, 0xf8, 0x0, 0x0, 0x0,
    0x0, 0x5f, 0xfb, 0xff, 0x70, 0x0, 0x0, 0x5,
    0xff, 0x90, 0x7f, 0xf7, 0x0, 0x0, 0x7, 0x77,
    0x0, 0x5, 0x77, 0x10, 0x0, 0x0, 0x0, 0x0,
    0x0, 0x0, 0x0, 0x0, 0x0, 0x6b, 0xef, 0xfd,
    0x82, 0x0, 0x0, 0x1d, 0xff, 0xff, 0xff, 0xff,
    0x50, 0x0, 0xdf, 0xff, 0xdb, 0xcf, 0xff, 0xf2,
    0x5, 0xff, 0xf6, 0x0, 0x4, 0xff, 0xf8, 0x6,
    0xaa, 0x80, 0x0, 0x0, 0xbf, 0xfb, 0x0, 0x0,
    0x0, 0x0, 0x2, 0xdf, 0xfc, 0x0, 0x1, 0x59,
    0xbd, 0xff, 0xff, 0xfc, 0x0, 0x7f, 0xff, 0xff,
    0xff, 0xff, 0xfc, 0x7, 0xff, 0xff, 0xa7, 0x51,
    0xaf, 0xfc, 0xe, 0xff, 0xc0, 0x0, 0x0, 0xaf,
    0xfc, 0xf, 0xff, 0x50, 0x0, 0x0, 0xef, 0xfc,
    0xf, 0xff, 0xa0, 0x0, 0x9, 0xff, 0xfc, 0xa,
    0xff, 0xfd, 0x9a, 0xef, 0xff, 0xfc, 0x1, 0xef,
    0xff, 0xff, 0xfb, 0xaf, 0xfc, 0x0, 0x18, 0xdf,
    0xfd, 0x70, 0xaf, 0xfc,

    /* U+00E3 "ã" */
    0x0, 0x0, 0xaf, 0xea, 0x33, 0xff, 0x0, 0x0,
    0x8, 0xff, 0xff, 0xff, 0xfb, 0x0, 0x0, 0xd,
    0xf6, 0x39, 0xef, 0xc1, 0x0, 0x0, 0x0, 0x0,
    0x0, 0x0, 0x0, 0x0, 0x0, 0x0, 0x0, 0x0,
    0x0, 0x0, 0x0, 0x0, 0x0, 0x6b, 0xef, 0xfd,
    0x82, 0x0, 0x0, 0x1d, 0xff, 0xff, 0xff, 0xff,
    0x50, 0x0, 0xdf, 0xff, 0xdb, 0xcf, 0xff, 0xf2,
    0x5, 0xff, 0xf6, 0x0, 0x4, 0xff, 0xf8, 0x6,
    0xaa, 0x80, 0x0, 0x0, 0xbf, 0xfb, 0x0, 0x0,
    0x0, 0x0, 0x2, 0xdf, 0xfc, 0x0, 0x1, 0x59,
    0xbd, 0xff, 0xff, 0xfc, 0x0, 0x7f, 0xff, 0xff,
    0xff, 0xff, 0xfc, 0x7, 0xff, 0xff, 0xa7, 0x51,
    0xaf, 0xfc, 0xe, 0xff, 0xc0, 0x0, 0x0, 0xaf,
    0xfc, 0xf, 0xff, 0x50, 0x0, 0x0, 0xef, 0xfc,
    0xf, 0xff, 0xa0, 0x0, 0x9, 0xff, 0xfc, 0xa,
    0xff, 0xfd, 0x9a, 0xef, 0xff, 0xfc, 0x1, 0xef,
    0xff, 0xff, 0xfb, 0xaf, 0xfc, 0x0, 0x18, 0xdf,
    0xfd, 0x70, 0xaf, 0xfc,

    /* U+00E4 "ä" */
    0x0, 0xa, 0xfc, 0x10, 0xa, 0xfc, 0x10, 0x0,
    0x4f, 0xff, 0x80, 0x5f, 0xff, 0x70, 0x0, 0x4f,
    0xff, 0x70, 0x4f, 0xff, 0x70, 0x0, 0x8, 0xda,
    0x0, 0x8, 0xda, 0x0, 0x0, 0x0, 0x0, 0x0,
    0x0, 0x0, 0x0, 0x0, 0x0, 0x6b, 0xef, 0xfd,
    0x82, 0x0, 0x0, 0x1d, 0xff, 0xff, 0xff, 0xff,
    0x50, 0x0, 0xdf, 0xff, 0xdb, 0xcf, 0xff, 0xf2,
    0x5, 0xff, 0xf6, 0x0, 0x4, 0xff, 0xf8, 0x6,
    0xaa, 0x80, 0x0, 0x0, 0xbf, 0xfb, 0x0, 0x0,
    0x0, 0x0, 0x2, 0xdf, 0xfc, 0x0, 0x1, 0x59,
    0xbd, 0xff, 0xff, 0xfc, 0x0, 0x7f, 0xff, 0xff,
    0xff, 0xff, 0xfc, 0x7, 0xff, 0xff, 0xa7, 0x51,
    0xaf, 0xfc, 0xe, 0xff, 0xc0, 0x0, 0x0, 0xaf,
    0xfc, 0xf, 0xff, 0x50, 0x0, 0x0, 0xef, 0xfc,
    0xf, 0xff, 0xa0, 0x0, 0x9, 0xff, 0xfc, 0xa,
    0xff, 0xfd, 0x9a, 0xef, 0xff, 0xfc, 0x1, 0xef,
    0xff, 0xff, 0xfb, 0xaf, 0xfc, 0x0, 0x18, 0xdf,
    0xfd, 0x70, 0xaf, 0xfc,

    /* U+00E5 "å" */
    0x0, 0x0, 0x2, 0x9c, 0xa3, 0x0, 0x0, 0x0,
    0x0, 0x2f, 0xff, 0xff, 0x50, 0x0, 0x0, 0x0,
    0xbf, 0x90, 0x6f, 0xd0, 0x0, 0x0, 0x0, 0xef,
    0x10, 0xf, 0xf0, 0x0, 0x0, 0x0, 0xcf, 0x60,
    0x3f, 0xe0, 0x0, 0x0, 0x0, 0x4f, 0xfd, 0xff,
    0x70, 0x0, 0x0, 0x0, 0x5, 0xdf, 0xe7, 0x0,
    0x0, 0x0, 0x0, 0x0, 0x0, 0x0, 0x0, 0x0,
    0x0, 0x0, 0x6b, 0xef, 0xfd, 0x82, 0x0, 0x0,
    0x1d, 0xff, 0xff, 0xff, 0xff, 0x50, 0x0, 0xdf,
    0xff, 0xdb, 0xcf, 0xff, 0xf2, 0x5, 0xff, 0xf6,
    0x0, 0x4, 0xff, 0xf8, 0x6, 0xaa, 0x80, 0x0,
    0x0, 0xbf, 0xfb, 0x0, 0x0, 0x0, 0x0, 0x2,
    0xdf, 0xfc, 0x0, 0x1, 0x59, 0xbd, 0xff, 0xff,
    0xfc, 0x0, 0x7f, 0xff, 0xff, 0xff, 0xff, 0xfc,
    0x7, 0xff, 0xff, 0xa7, 0x51, 0xaf, 0xfc, 0xe,
    0xff, 0xc0, 0x0, 0x0, 0xaf, 0xfc, 0xf, 0xff,
    0x50, 0x0, 0x0, 0xef, 0xfc, 0xf, 0xff, 0xa0,
    0x0, 0x9, 0xff, 0xfc, 0xa, 0xff, 0xfd, 0x9a,
    0xef, 0xff, 0xfc, 0x1, 0xef, 0xff, 0xff, 0xfb,
    0xaf, 0xfc, 0x0, 0x18, 0xdf, 0xfd, 0x70, 0xaf,
    0xfc,

    /* U+00E6 "æ" */
    0x0, 0x0, 0x6b, 0xef, 0xfc, 0x60, 0x1, 0x8d,
    0xff, 0xd9, 0x20, 0x0, 0x0, 0x1c, 0xff, 0xff,
    0xff, 0xfb, 0x3e, 0xff, 0xff, 0xff, 0xf7, 0x0,
    0x0, 0xcf, 0xff, 0xec, 0xdf, 0xff, 0xff, 0xff,
    0xcc, 0xff, 0xff, 0x60, 0x5, 0xff, 0xf6, 0x0,
    0x4, 0xff, 0xff, 0xc1, 0x0, 0xa, 0xff, 0xf1,
    0x5, 0xaa, 0x70, 0x0, 0x0, 0xbf, 0xfe, 0x10,
    0x0, 0x0, 0xdf, 0xf8, 0x0, 0x0, 0x0, 0x0,
    0x0, 0xbf, 0xf9, 0x0, 0x0, 0x0, 0x7f, 0xfc,
    0x0, 0x2, 0x8c, 0xef, 0xff, 0xff, 0xff, 0xff,
    0xff, 0xff, 0xff, 0xfe, 0x0, 0x8f, 0xff, 0xff,
    0xff, 0xff, 0xff, 0xff, 0xff, 0xff, 0xff, 0xff,
    0x7, 0xff, 0xfd, 0x86, 0x66, 0xdf, 0xfb, 0x66,
    0x66, 0x66, 0x66, 0x66, 0xe, 0xff, 0xb0, 0x0,
    0x0, 0xbf, 0xfa, 0x0, 0x0, 0x0, 0x0, 0x0,
    0xf, 0xff, 0x60, 0x0, 0x0, 0xef, 0xfe, 0x10,
    0x0, 0x0, 0x6a, 0xa7, 0xf, 0xff, 0xb0, 0x0,
    0xa, 0xff, 0xff, 0xb1, 0x0, 0x5, 0xff, 0xf6,
    0xa, 0xff, 0xfe, 0xab, 0xef, 0xfc, 0xff, 0xff,
    0xba, 0xdf, 0xff, 0xc0, 0x1, 0xdf, 0xff, 0xff,
    0xff, 0xc1, 0x4e, 0xff, 0xff, 0xff, 0xfb, 0x10,
    0x0, 0x7, 0xcf, 0xfe, 0xb5, 0x0, 0x1, 0x8d,
    0xff, 0xea, 0x40, 0x0,

    /* U+00E7 "ç" */
    0x0, 0x0, 0x29, 0xdf, 0xfd, 0x92, 0x0, 0x0,
    0x0, 0x7f, 0xff, 0xff, 0xff, 0xf8, 0x0, 0x0,
    0x7f, 0xff, 0xff, 0xef, 0xff, 0xf7, 0x0, 0x2f,
    0xff, 0xe4, 0x0, 0x3c, 0xff, 0xf1, 0x8, 0xff,
    0xf3, 0x0, 0x0, 0x1f, 0xff, 0x60, 0xdf, 0xfc,
    0x0, 0x0, 0x0, 0x45, 0x53, 0xf, 0xff, 0x80,
    0x0, 0x0, 0x0, 0x0, 0x0, 0xff, 0xf7, 0x0,
    0x0, 0x0, 0x0, 0x0, 0xf, 0xff, 0x80, 0x0,
    0x0, 0x0, 0x0, 0x0, 0xdf, 0xfb, 0x0, 0x0,
    0x0, 0x56, 0x63, 0x9, 0xff, 0xf3, 0x0, 0x0,
    0x2f, 0xff, 0x70, 0x2f, 0xff, 0xe4, 0x0, 0x2c,
    0xff, 0xf1, 0x0, 0x7f, 0xff, 0xff, 0xef, 0xff,
    0xf7, 0x0, 0x0, 0x7f, 0xff, 0xff, 0xff, 0xf7,
    0x0, 0x0, 0x0, 0x29, 0xdf, 0xfd, 0x92, 0x0,
    0x0, 0x0, 0x0, 0x0, 0xdd, 0x0, 0x0, 0x0,
    0x0, 0x0, 0x0, 0xf, 0xff, 0x80, 0x0, 0x0,
    0x0, 0x0, 0x0, 0x78, 0xff, 0x40, 0x0, 0x0,
    0x0, 0x0, 0x0, 0xc, 0xf6, 0x0, 0x0, 0x0,
    0x0, 0x5, 0x9a, 0xff, 0x30, 0x0, 0x0, 0x0,
    0x0, 0x9f, 0xfd, 0x50, 0x0, 0x0,

    /* U+00E8 "è" */
    0x0, 0x1, 0xef, 0xf6, 0x0, 0x0, 0x0, 0x0,
    0x0, 0x4, 0xff, 0xd0, 0x0, 0x0, 0x0, 0x0,
    0x0, 0x8, 0xff, 0x60, 0x0, 0x0, 0x0, 0x0,
    0x0, 0xc, 0xfe, 0x0, 0x0, 0x0, 0x0, 0x0,
    0x0, 0x13, 0x30, 0x0, 0x0, 0x0, 0x0, 0x2,
    0x9d, 0xff, 0xd8, 0x10, 0x0, 0x0, 0x7, 0xff,
    0xff, 0xff, 0xff, 0x50, 0x0, 0x7, 0xff, 0xff,
    0xcc, 0xff, 0xff, 0x40, 0x2, 0xff, 0xfa, 0x10,
    0x1, 0xbf, 0xfe, 0x0, 0x8f, 0xfd, 0x0, 0x0,
    0x0, 0xef, 0xf6, 0xd, 0xff, 0x70, 0x0, 0x0,
    0x9, 0xff, 0xa0, 0xff, 0xff, 0xff, 0xff, 0xff,
    0xff, 0xfc, 0xf, 0xff, 0xff, 0xff, 0xff, 0xff,
    0xff, 0xd0, 0xff, 0xfa, 0x66, 0x66, 0x66, 0x66,
    0x65, 0xd, 0xff, 0x80, 0x0, 0x0, 0x0, 0x0,
    0x0, 0x9f, 0xfe, 0x0, 0x0, 0x0, 0x7a, 0xa5,
    0x2, 0xff, 0xfb, 0x10, 0x0, 0x7f, 0xff, 0x40,
    0x7, 0xff, 0xff, 0xcc, 0xff, 0xff, 0xa0, 0x0,
    0x7, 0xff, 0xff, 0xff, 0xff, 0xa0, 0x0, 0x0,
    0x2, 0x9d, 0xff, 0xea, 0x30, 0x0,

    /* U+00E9 "é" */
    0x0, 0x0, 0x0, 0x0, 0x9f, 0xfc, 0x0, 0x0,
    0x0, 0x0, 0x0, 0x2f, 0xfe, 0x10, 0x0, 0x0,
    0x0, 0x0, 0xa, 0xff, 0x40, 0x0, 0x0, 0x0,
    0x0, 0x2, 0xff, 0x90, 0x0, 0x0, 0x0, 0x0,
    0x0, 0x13, 0x30, 0x0, 0x0, 0x0, 0x0, 0x2,
    0x9d, 0xff, 0xd8, 0x10, 0x0, 0x0, 0x7, 0xff,
    0xff, 0xff, 0xff, 0x50, 0x0, 0x7, 0xff, 0xff,
    0xcc, 0xff, 0xff, 0x40, 0x2, 0xff, 0xfa, 0x10,
    0x1, 0xbf, 0xfe, 0x0, 0x8f, 0xfd, 0x0, 0x0,
    0x0, 0xef, 0xf6, 0xd, 0xff, 0x70, 0x0, 0x0,
    0x9, 0xff, 0xa0, 0xff, 0xff, 0xff, 0xff, 0xff,
    0xff, 0xfc, 0xf, 0xff, 0xff, 0xff, 0xff, 0xff,
    0xff, 0xd0, 0xff, 0xfa, 0x66, 0x66, 0x66, 0x66,
    0x65, 0xd, 0xff, 0x80, 0x0, 0x0, 0x0, 0x0,
    0x0, 0x9f, 0xfe, 0x0, 0x0, 0x0, 0x7a, 0xa5,
    0x2, 0xff, 0xfb, 0x10, 0x0, 0x7f, 0xff, 0x40,
    0x7, 0xff, 0xff, 0xcc, 0xff, 0xff, 0xa0, 0x0,
    0x7, 0xff, 0xff, 0xff, 0xff, 0xa0, 0x0, 0x0,
    0x2, 0x9d, 0xff, 0xea, 0x30, 0x0,

    /* U+00EA "ê" */
    0x0, 0x0, 0x2, 0xef, 0xfc, 0x0, 0x0, 0x0,
    0x0, 0x2, 0xef, 0xde, 0xfc, 0x0, 0x0, 0x0,
    0x2, 0xef, 0xd1, 0x3f, 0xfb, 0x0, 0x0, 0x0,
    0x57, 0x71, 0x0, 0x37, 0x73, 0x0, 0x0, 0x0,
    0x0, 0x0, 0x0, 0x0, 0x0, 0x0, 0x0, 0x2,
    0x9d, 0xff, 0xd8, 0x10, 0x0, 0x0, 0x7, 0xff,
    0xff, 0xff, 0xff, 0x50, 0x0, 0x7, 0xff, 0xff,
    0xcc, 0xff, 0xff, 0x40, 0x2, 0xff, 0xfa, 0x10,
    0x1, 0xbf, 0xfe, 0x0, 0x8f, 0xfd, 0x0, 0x0,
    0x0, 0xef, 0xf6, 0xd, 0xff, 0x70, 0x0, 0x0,
    0x9, 0xff, 0xa0, 0xff, 0xff, 0xff, 0xff, 0xff,
    0xff, 0xfc, 0xf, 0xff, 0xff, 0xff, 0xff, 0xff,
    0xff, 0xd0, 0xff, 0xfa, 0x66, 0x66, 0x66, 0x66,
    0x65, 0xd, 0xff, 0x80, 0x0, 0x0, 0x0, 0x0,
    0x0, 0x9f, 0xfe, 0x0, 0x0, 0x0, 0x7a, 0xa5,
    0x2, 0xff, 0xfb, 0x10, 0x0, 0x7f, 0xff, 0x40,
    0x7, 0xff, 0xff, 0xcc, 0xff, 0xff, 0xa0, 0x0,
    0x7, 0xff, 0xff, 0xff, 0xff, 0xa0, 0x0, 0x0,
    0x2, 0x9d, 0xff, 0xea, 0x30, 0x0,

    /* U+00EB "ë" */
    0x0, 0x6, 0xee, 0x40, 0x6, 0xfe, 0x30, 0x0,
    0x0, 0xff, 0xfd, 0x0, 0xff, 0xfc, 0x0, 0x0,
    0xf, 0xff, 0xc0, 0xf, 0xff, 0xc0, 0x0, 0x0,
    0x4c, 0xc3, 0x0, 0x5d, 0xc2, 0x0, 0x0, 0x0,
    0x0, 0x0, 0x0, 0x0, 0x0, 0x0, 0x0, 0x2,
    0x9d, 0xff, 0xd8, 0x10, 0x0, 0x0, 0x7, 0xff,
    0xff, 0xff, 0xff, 0x50, 0x0, 0x7, 0xff, 0xff,
    0xcc, 0xff, 0xff, 0x40, 0x2, 0xff, 0xfa, 0x10,
    0x1, 0xbf, 0xfe, 0x0, 0x8f, 0xfd, 0x0, 0x0,
    0x0, 0xef, 0xf6, 0xd, 0xff, 0x70, 0x0, 0x0,
    0x9, 0xff, 0xa0, 0xff, 0xff, 0xff, 0xff, 0xff,
    0xff, 0xfc, 0xf, 0xff, 0xff, 0xff, 0xff, 0xff,
    0xff, 0xd0, 0xff, 0xfa, 0x66, 0x66, 0x66, 0x66,
    0x65, 0xd, 0xff, 0x80, 0x0, 0x0, 0x0, 0x0,
    0x0, 0x9f, 0xfe, 0x0, 0x0, 0x0, 0x7a, 0xa5,
    0x2, 0xff, 0xfb, 0x10, 0x0, 0x7f, 0xff, 0x40,
    0x7, 0xff, 0xff, 0xcc, 0xff, 0xff, 0xa0, 0x0,
    0x7, 0xff, 0xff, 0xff, 0xff, 0xa0, 0x0, 0x0,
    0x2, 0x9d, 0xff, 0xea, 0x30, 0x0,

    /* U+00EC "ì" */
    0x8f, 0xfd, 0x0, 0x0, 0xcf, 0xf5, 0x0, 0x2,
    0xff, 0xd0, 0x0, 0x5, 0xff, 0x60, 0x0, 0x3,
    0x32, 0x0, 0x6, 0xff, 0xf1, 0x0, 0x6f, 0xff,
    0x10, 0x6, 0xff, 0xf1, 0x0, 0x6f, 0xff, 0x10,
    0x6, 0xff, 0xf1, 0x0, 0x6f, 0xff, 0x10, 0x6,
    0xff, 0xf1, 0x0, 0x6f, 0xff, 0x10, 0x6, 0xff,
    0xf1, 0x0, 0x6f, 0xff, 0x10, 0x6, 0xff, 0xf1,
    0x0, 0x6f, 0xff, 0x10, 0x6, 0xff, 0xf1, 0x0,
    0x6f, 0xff, 0x10, 0x6, 0xff, 0xf1,

    /* U+00ED "í" */
    0x0, 0x2f, 0xff, 0x40, 0xa, 0xff, 0x80, 0x2,
    0xff, 0xc0, 0x0, 0xaf, 0xe1, 0x0, 0x3, 0x32,
    0x0, 0x6, 0xff, 0xf1, 0x0, 0x6f, 0xff, 0x10,
    0x6, 0xff, 0xf1, 0x0, 0x6f, 0xff, 0x10, 0x6,
    0xff, 0xf1, 0x0, 0x6f, 0xff, 0x10, 0x6, 0xff,
    0xf1, 0x0, 0x6f, 0xff, 0x10, 0x6, 0xff, 0xf1,
    0x0, 0x6f, 0xff, 0x10, 0x6, 0xff, 0xf1, 0x0,
    0x6f, 0xff, 0x10, 0x6, 0xff, 0xf1, 0x0, 0x6f,
    0xff, 0x10, 0x6, 0xff, 0xf1, 0x0,

    /* U+00EE "î" */
    0x0, 0xa, 0xff, 0xf4, 0x0, 0x0, 0xa, 0xff,
    0xaf, 0xf5, 0x0, 0xa, 0xff, 0x40, 0x9f, 0xf5,
    0x1, 0x55, 0x30, 0x0, 0x45, 0x40, 0x0, 0x0,
    0x0, 0x0, 0x0, 0x0, 0x0, 0x6f, 0xff, 0x10,
    0x0, 0x0, 0x6, 0xff, 0xf1, 0x0, 0x0, 0x0,
    0x6f, 0xff, 0x10, 0x0, 0x0, 0x6, 0xff, 0xf1,
    0x0, 0x0, 0x0, 0x6f, 0xff, 0x10, 0x0, 0x0,
    0x6, 0xff, 0xf1, 0x0, 0x0, 0x0, 0x6f, 0xff,
    0x10, 0x0, 0x0, 0x6, 0xff, 0xf1, 0x0, 0x0,
    0x0, 0x6f, 0xff, 0x10, 0x0, 0x0, 0x6, 0xff,
    0xf1, 0x0, 0x0, 0x0, 0x6f, 0xff, 0x10, 0x0,
    0x0, 0x6, 0xff, 0xf1, 0x0, 0x0, 0x0, 0x6f,
    0xff, 0x10, 0x0, 0x0, 0x6, 0xff, 0xf1, 0x0,
    0x0, 0x0, 0x6f, 0xff, 0x10, 0x0,

    /* U+00EF "ï" */
    0x1c, 0xf9, 0x0, 0x1c, 0xf9, 0x8, 0xff, 0xf4,
    0x9, 0xff, 0xf3, 0x8f, 0xff, 0x30, 0x9f, 0xff,
    0x31, 0xad, 0x70, 0x1, 0xad, 0x70, 0x0, 0x0,
    0x0, 0x0, 0x0, 0x0, 0x0, 0x6f, 0xff, 0x10,
    0x0, 0x0, 0x6, 0xff, 0xf1, 0x0, 0x0, 0x0,
    0x6f, 0xff, 0x10, 0x0, 0x0, 0x6, 0xff, 0xf1,
    0x0, 0x0, 0x0, 0x6f, 0xff, 0x10, 0x0, 0x0,
    0x6, 0xff, 0xf1, 0x0, 0x0, 0x0, 0x6f, 0xff,
    0x10, 0x0, 0x0, 0x6, 0xff, 0xf1, 0x0, 0x0,
    0x0, 0x6f, 0xff, 0x10, 0x0, 0x0, 0x6, 0xff,
    0xf1, 0x0, 0x0, 0x0, 0x6f, 0xff, 0x10, 0x0,
    0x0, 0x6, 0xff, 0xf1, 0x0, 0x0, 0x0, 0x6f,
    0xff, 0x10, 0x0, 0x0, 0x6, 0xff, 0xf1, 0x0,
    0x0, 0x0, 0x6f, 0xff, 0x10, 0x0,

    /* U+00F0 "ð" */
    0x0, 0x0, 0x20, 0x0, 0x0, 0x0, 0x0, 0x0,
    0x0, 0x0, 0xfd, 0x60, 0x0, 0x6, 0x50, 0x0,
    0x0, 0x3, 0xff, 0xfd, 0x35, 0xdf, 0xb0, 0x0,
    0x0, 0x0, 0x2a, 0xff, 0xff, 0xf9, 0x20, 0x0,
    0x0, 0x0, 0x5, 0xef, 0xff, 0xa0, 0x0, 0x0,
    0x0, 0x3, 0xdf, 0xfa, 0xef, 0xf8, 0x0, 0x0,
    0x0, 0x4, 0xfa, 0x20, 0x1e, 0xff, 0x50, 0x0,
    0x0, 0x0, 0x20, 0x0, 0x2, 0xff, 0xe1, 0x0,
    0x0, 0x0, 0x5c, 0xff, 0xc6, 0x6f, 0xf9, 0x0,
    0x0, 0xa, 0xff, 0xff, 0xff, 0xad, 0xff, 0x10,
    0x0, 0x9f, 0xff, 0xc7, 0x7b, 0xff, 0xff, 0x60,
    0x3, 0xff, 0xf8, 0x0, 0x0, 0x7f, 0xff, 0xb0,
    0x9, 0xff, 0xd0, 0x0, 0x0, 0xc, 0xff, 0xe0,
    0xd, 0xff, 0x80, 0x0, 0x0, 0x7, 0xff, 0xf0,
    0xf, 0xff, 0x60, 0x0, 0x0, 0x4, 0xff, 0xf1,
    0xf, 0xff, 0x50, 0x0, 0x0, 0x3, 0xff, 0xf0,
    0xf, 0xff, 0x60, 0x0, 0x0, 0x4, 0xff, 0xf0,
    0xd, 0xff, 0xa0, 0x0, 0x0, 0x8, 0xff, 0xc0,
    0x8, 0xff, 0xf1, 0x0, 0x0, 0x1e, 0xff, 0x70,
    0x2, 0xff, 0xfd, 0x20, 0x2, 0xcf, 0xff, 0x10,
    0x0, 0x7f, 0xff, 0xfd, 0xdf, 0xff, 0xf6, 0x0,
    0x0, 0x7, 0xff, 0xff, 0xff, 0xff, 0x60, 0x0,
    0x0, 0x0, 0x29, 0xdf, 0xfd, 0x92, 0x0, 0x0,

    /* U+00F1 "ñ" */
    0x0, 0x4, 0xdf, 0xd7, 0x2a, 0xf8, 0x0, 0x0,
    0xf, 0xff, 0xff, 0xff, 0xf4, 0x0, 0x0, 0x4f,
    0xe2, 0x5b, 0xfe, 0x70, 0x0, 0x0, 0x0, 0x0,
    0x0, 0x0, 0x0, 0x0, 0x0, 0x0, 0x0, 0x0,
    0x0, 0x0, 0x0, 0x6f, 0xff, 0x2, 0xae, 0xfe,
    0xa2, 0x0, 0x6f, 0xff, 0x4f, 0xff, 0xff, 0xff,
    0x40, 0x6f, 0xff, 0xef, 0xff, 0xff, 0xff, 0xe0,
    0x6f, 0xff, 0xf8, 0x21, 0x4d, 0xff, 0xf5, 0x6f,
    0xff, 0x90, 0x0, 0x3, 0xff, 0xf9, 0x6f, 0xff,
    0x30, 0x0, 0x0, 0xef, 0xfa, 0x6f, 0xff, 0x10,
    0x0, 0x0, 0xcf, 0xfa, 0x6f, 0xff, 0x10, 0x0,
    0x0, 0xcf, 0xfa, 0x6f, 0xff, 0x10, 0x0, 0x0,
    0xcf, 0xfa, 0x6f, 0xff, 0x10, 0x0, 0x0, 0xcf,
    0xfa, 0x6f, 0xff, 0x10, 0x0, 0x0, 0xcf, 0xfa,
    0x6f, 0xff, 0x10, 0x0, 0x0, 0xcf, 0xfa, 0x6f,
    0xff, 0x10, 0x0, 0x0, 0xcf, 0xfa, 0x6f, 0xff,
    0x10, 0x0, 0x0, 0xcf, 0xfa, 0x6f, 0xff, 0x10,
    0x0, 0x0, 0xcf, 0xfa,

    /* U+00F2 "ò" */
    0x0, 0x0, 0xcf, 0xf9, 0x0, 0x0, 0x0, 0x0,
    0x0, 0x0, 0x2e, 0xff, 0x10, 0x0, 0x0, 0x0,
    0x0, 0x0, 0x5, 0xff, 0x90, 0x0, 0x0, 0x0,
    0x0, 0x0, 0x0, 0x9f, 0xf2, 0x0, 0x0, 0x0,
    0x0, 0x0, 0x0, 0x3, 0x31, 0x0, 0x0, 0x0,
    0x0, 0x0, 0x29, 0xdf, 0xfe, 0xa3, 0x0, 0x0,
    0x0, 0x7, 0xff, 0xff, 0xff, 0xff, 0x90, 0x0,
    0x0, 0x7f, 0xff, 0xff, 0xef, 0xff, 0xfa, 0x0,
    0x2, 0xff, 0xfe, 0x40, 0x2, 0xcf, 0xff, 0x40,
    0x8, 0xff, 0xf3, 0x0, 0x0, 0x1e, 0xff, 0xc0,
    0xd, 0xff, 0xc0, 0x0, 0x0, 0x8, 0xff, 0xf0,
    0xf, 0xff, 0x80, 0x0, 0x0, 0x5, 0xff, 0xf3,
    0xf, 0xff, 0x70, 0x0, 0x0, 0x4, 0xff, 0xf4,
    0xf, 0xff, 0x80, 0x0, 0x0, 0x5, 0xff, 0xf3,
    0xd, 0xff, 0xc0, 0x0, 0x0, 0x8, 0xff, 0xf0,
    0x9, 0xff, 0xf3, 0x0, 0x0, 0x1e, 0xff, 0xc0,
    0x2, 0xff, 0xfe, 0x40, 0x2, 0xcf, 0xff, 0x40,
    0x0, 0x7f, 0xff, 0xff, 0xef, 0xff, 0xfa, 0x0,
    0x0, 0x7, 0xff, 0xff, 0xff, 0xff, 0x90, 0x0,
    0x0, 0x0, 0x29, 0xdf, 0xfe, 0xa3, 0x0, 0x0,

    /* U+00F3 "ó" */
    0x0, 0x0, 0x0, 0x0, 0x6f, 0xfe, 0x10, 0x0,
    0x0, 0x0, 0x0, 0x0, 0xef, 0xf4, 0x0, 0x0,
    0x0, 0x0, 0x0, 0x6, 0xff, 0x80, 0x0, 0x0,
    0x0, 0x0, 0x0, 0xe, 0xfc, 0x0, 0x0, 0x0,
    0x0, 0x0, 0x0, 0x3, 0x31, 0x0, 0x0, 0x0,
    0x0, 0x0, 0x29, 0xdf, 0xfe, 0xa3, 0x0, 0x0,
    0x0, 0x7, 0xff, 0xff, 0xff, 0xff, 0x90, 0x0,
    0x0, 0x7f, 0xff, 0xff, 0xef, 0xff, 0xfa, 0x0,
    0x2, 0xff, 0xfe, 0x40, 0x2, 0xcf, 0xff, 0x40,
    0x8, 0xff, 0xf3, 0x0, 0x0, 0x1e, 0xff, 0xc0,
    0xd, 0xff, 0xc0, 0x0, 0x0, 0x8, 0xff, 0xf0,
    0xf, 0xff, 0x80, 0x0, 0x0, 0x5, 0xff, 0xf3,
    0xf, 0xff, 0x70, 0x0, 0x0, 0x4, 0xff, 0xf4,
    0xf, 0xff, 0x80, 0x0, 0x0, 0x5, 0xff, 0xf3,
    0xd, 0xff, 0xc0, 0x0, 0x0, 0x8, 0xff, 0xf0,
    0x9, 0xff, 0xf3, 0x0, 0x0, 0x1e, 0xff, 0xc0,
    0x2, 0xff, 0xfe, 0x40, 0x2, 0xcf, 0xff, 0x40,
    0x0, 0x7f, 0xff, 0xff, 0xef, 0xff, 0xfa, 0x0,
    0x0, 0x7, 0xff, 0xff, 0xff, 0xff, 0x90, 0x0,
    0x0, 0x0, 0x29, 0xdf, 0xfe, 0xa3, 0x0, 0x0,

    /* U+00F4 "ô" */
    0x0, 0x0, 0x0, 0xcf, 0xfe, 0x20, 0x0, 0x0,
    0x0, 0x0, 0xc, 0xfe, 0xdf, 0xe1, 0x0, 0x0,
    0x0, 0x0, 0xcf, 0xf3, 0x1d, 0xfd, 0x10, 0x0,
    0x0, 0x4, 0x77, 0x30, 0x2, 0x77, 0x50, 0x0,
    0x0, 0x0, 0x0, 0x0, 0x0, 0x0, 0x0, 0x0,
    0x0, 0x0, 0x29, 0xdf, 0xfe, 0xa3, 0x0, 0x0,
    0x0, 0x7, 0xff, 0xff, 0xff, 0xff, 0x90, 0x0,
    0x0, 0x7f, 0xff, 0xff, 0xef, 0xff, 0xfa, 0x0,
    0x2, 0xff, 0xfe, 0x40, 0x2, 0xcf, 0xff, 0x40,
    0x8, 0xff, 0xf3, 0x0, 0x0, 0x1e, 0xff, 0xc0,
    0xd, 0xff, 0xc0, 0x0, 0x0, 0x8, 0xff, 0xf0,
    0xf, 0xff, 0x80, 0x0, 0x0, 0x5, 0xff, 0xf3,
    0xf, 0xff, 0x70, 0x0, 0x0, 0x4, 0xff, 0xf4,
    0xf, 0xff, 0x80, 0x0, 0x0, 0x5, 0xff, 0xf3,
    0xd, 0xff, 0xc0, 0x0, 0x0, 0x8, 0xff, 0xf0,
    0x9, 0xff, 0xf3, 0x0, 0x0, 0x1e, 0xff, 0xc0,
    0x2, 0xff, 0xfe, 0x40, 0x2, 0xcf, 0xff, 0x40,
    0x0, 0x7f, 0xff, 0xff, 0xef, 0xff, 0xfa, 0x0,
    0x0, 0x7, 0xff, 0xff, 0xff, 0xff, 0x90, 0x0,
    0x0, 0x0, 0x29, 0xdf, 0xfe, 0xa3, 0x0, 0x0,

    /* U+00F5 "õ" */
    0x0, 0x0, 0x4e, 0xfc, 0x72, 0xaf, 0x80, 0x0,
    0x0, 0x1, 0xff, 0xff, 0xff, 0xff, 0x30, 0x0,
    0x0, 0x4, 0xfd, 0x25, 0xcf, 0xe7, 0x0, 0x0,
    0x0, 0x0, 0x0, 0x0, 0x0, 0x0, 0x0, 0x0,
    0x0, 0x0, 0x0, 0x0, 0x0, 0x0, 0x0, 0x0,
    0x0, 0x0, 0x29, 0xdf, 0xfe, 0xa3, 0x0, 0x0,
    0x0, 0x7, 0xff, 0xff, 0xff, 0xff, 0x90, 0x0,
    0x0, 0x7f, 0xff, 0xff, 0xef, 0xff, 0xfa, 0x0,
    0x2, 0xff, 0xfe, 0x40, 0x2, 0xcf, 0xff, 0x40,
    0x8, 0xff, 0xf3, 0x0, 0x0, 0x1e, 0xff, 0xc0,
    0xd, 0xff, 0xc0, 0x0, 0x0, 0x8, 0xff, 0xf0,
    0xf, 0xff, 0x80, 0x0, 0x0, 0x5, 0xff, 0xf3,
    0xf, 0xff, 0x70, 0x0, 0x0, 0x4, 0xff, 0xf4,
    0xf, 0xff, 0x80, 0x0, 0x0, 0x5, 0xff, 0xf3,
    0xd, 0xff, 0xc0, 0x0, 0x0, 0x8, 0xff, 0xf0,
    0x9, 0xff, 0xf3, 0x0, 0x0, 0x1e, 0xff, 0xc0,
    0x2, 0xff, 0xfe, 0x40, 0x2, 0xcf, 0xff, 0x40,
    0x0, 0x7f, 0xff, 0xff, 0xef, 0xff, 0xfa, 0x0,
    0x0, 0x7, 0xff, 0xff, 0xff, 0xff, 0x90, 0x0,
    0x0, 0x0, 0x29, 0xdf, 0xfe, 0xa3, 0x0, 0x0,

    /* U+00F6 "ö" */
    0x0, 0x3, 0xef, 0x60, 0x4, 0xee, 0x60, 0x0,
    0x0, 0xc, 0xff, 0xf0, 0xd, 0xff, 0xf0, 0x0,
    0x0, 0xc, 0xff, 0xf0, 0xc, 0xff, 0xf0, 0x0,
    0x0, 0x2, 0xcd, 0x50, 0x3, 0xcc, 0x40, 0x0,
    0x0, 0x0, 0x0, 0x0, 0x0, 0x0, 0x0, 0x0,
    0x0, 0x0, 0x29, 0xdf, 0xfe, 0xa3, 0x0, 0x0,
    0x0, 0x7, 0xff, 0xff, 0xff, 0xff, 0x90, 0x0,
    0x0, 0x7f, 0xff, 0xff, 0xef, 0xff, 0xfa, 0x0,
    0x2, 0xff, 0xfe, 0x40, 0x2, 0xcf, 0xff, 0x40,
    0x8, 0xff, 0xf3, 0x0, 0x0, 0x1e, 0xff, 0xc0,
    0xd, 0xff, 0xc0, 0x0, 0x0, 0x8, 0xff, 0xf0,
    0xf, 0xff, 0x80, 0x0, 0x0, 0x5, 0xff, 0xf3,
    0xf, 0xff, 0x70, 0x0, 0x0, 0x4, 0xff, 0xf4,
    0xf, 0xff, 0x80, 0x0, 0x0, 0x5, 0xff, 0xf3,
    0xd, 0xff, 0xc0, 0x0, 0x0, 0x8, 0xff, 0xf0,
    0x9, 0xff, 0xf3, 0x0, 0x0, 0x1e, 0xff, 0xc0,
    0x2, 0xff, 0xfe, 0x40, 0x2, 0xcf, 0xff, 0x40,
    0x0, 0x7f, 0xff, 0xff, 0xef, 0xff, 0xfa, 0x0,
    0x0, 0x7, 0xff, 0xff, 0xff, 0xff, 0x90, 0x0,
    0x0, 0x0, 0x29, 0xdf, 0xfe, 0xa3, 0x0, 0x0,

    /* U+00F7 "÷" */
    0x0, 0x0, 0x4, 0xef, 0x70, 0x0, 0x0, 0x0,
    0x0, 0xe, 0xff, 0xf2, 0x0, 0x0, 0x0, 0x0,
    0xf, 0xff, 0xf3, 0x0, 0x0, 0x0, 0x0, 0x8,
    0xff, 0xb0, 0x0, 0x0, 0x0, 0x0, 0x0, 0x34,
    0x0, 0x0, 0x0, 0x0, 0x0, 0x0, 0x0, 0x0,
    0x0, 0x0, 0x9f, 0xff, 0xff, 0xff, 0xff, 0xff,
    0xfd, 0x9f, 0xff, 0xff, 0xff, 0xff, 0xff, 0xfd,
    0x9f, 0xff, 0xff, 0xff, 0xff, 0xff, 0xfc, 0x0,
    0x0, 0x0, 0x0, 0x0, 0x0, 0x0, 0x0, 0x0,
    0x0, 0x34, 0x0, 0x0, 0x0, 0x0, 0x0, 0x8,
    0xff, 0xb0, 0x0, 0x0, 0x0, 0x0, 0xf, 0xff,
    0xf3, 0x0, 0x0, 0x0, 0x0, 0xe, 0xff, 0xf2,
    0x0, 0x0, 0x0, 0x0, 0x4, 0xef, 0x70, 0x0,
    0x0,

    /* U+00F8 "ø" */
    0x0, 0x0, 0x0, 0x0, 0x0, 0x0, 0x1, 0x0,
    0x0, 0x0, 0x29, 0xdf, 0xfe, 0xa3, 0xc, 0xc1,
    0x0, 0x7, 0xff, 0xff, 0xff, 0xff, 0xdf, 0xd1,
    0x0, 0x7f, 0xff, 0xff, 0xef, 0xff, 0xff, 0x10,
    0x2, 0xff, 0xfe, 0x40, 0x2, 0xef, 0xff, 0x40,
    0x8, 0xff, 0xf3, 0x0, 0x6, 0xff, 0xff, 0xc0,
    0xd, 0xff, 0xc0, 0x0, 0x4f, 0xfc, 0xff, 0xf0,
    0xf, 0xff, 0x80, 0x3, 0xff, 0x75, 0xff, 0xf3,
    0xf, 0xff, 0x70, 0x2e, 0xf8, 0x4, 0xff, 0xf4,
    0xf, 0xff, 0x81, 0xef, 0xa0, 0x5, 0xff, 0xf3,
    0xd, 0xff, 0xcd, 0xfb, 0x0, 0x8, 0xff, 0xf0,
    0x9, 0xff, 0xff, 0xc0, 0x0, 0x1e, 0xff, 0xc0,
    0x2, 0xff, 0xff, 0x50, 0x2, 0xcf, 0xff, 0x40,
    0x0, 0xbf, 0xff, 0xff, 0xef, 0xff, 0xfa, 0x0,
    0x7, 0xff, 0xff, 0xff, 0xff, 0xff, 0x90, 0x0,
    0xd, 0xf4, 0x29, 0xdf, 0xfe, 0xa3, 0x0, 0x0,
    0x1, 0x50, 0x0, 0x0, 0x0, 0x0, 0x0, 0x0,

    /* U+00F9 "ù" */
    0x0, 0xb, 0xff, 0xa0, 0x0, 0x0, 0x0, 0x0,
    0x1, 0xef, 0xf2, 0x0, 0x0, 0x0, 0x0, 0x0,
    0x4f, 0xfa, 0x0, 0x0, 0x0, 0x0, 0x0, 0x9,
    0xff, 0x20, 0x0, 0x0, 0x0, 0x0, 0x0, 0x33,
    0x10, 0x0, 0x0, 0x6f, 0xff, 0x10, 0x0, 0x0,
    0xcf, 0xfa, 0x6f, 0xff, 0x10, 0x0, 0x0, 0xcf,
    0xfa, 0x6f, 0xff, 0x10, 0x0, 0x0, 0xcf, 0xfa,
    0x6f, 0xff, 0x10, 0x0, 0x0, 0xcf, 0xfa, 0x6f,
    0xff, 0x10, 0x0, 0x0, 0xcf, 0xfa, 0x6f, 0xff,
    0x10, 0x0, 0x0, 0xcf, 0xfa, 0x6f, 0xff, 0x10,
    0x0, 0x0, 0xcf, 0xfa, 0x6f, 0xff, 0x10, 0x0,
    0x0, 0xcf, 0xfa, 0x6f, 0xff, 0x10, 0x0, 0x0,
    0xcf, 0xfa, 0x6f, 0xff, 0x20, 0x0, 0x0, 0xef,
    0xfa, 0x4f, 0xff, 0x70, 0x0, 0x4, 0xff, 0xfa,
    0x1f, 0xff, 0xf6, 0x11, 0x6f, 0xff, 0xfa, 0xa,
    0xff, 0xff, 0xff, 0xff, 0xef, 0xfa, 0x1, 0xdf,
    0xff, 0xff, 0xf7, 0xbf, 0xfa, 0x0, 0x8, 0xdf,
    0xfb, 0x40, 0xbf, 0xfa,

    /* U+00FA "ú" */
    0x0, 0x0, 0x0, 0x5, 0xff, 0xe1, 0x0, 0x0,
    0x0, 0x0, 0xd, 0xff, 0x40, 0x0, 0x0, 0x0,
    0x0, 0x6f, 0xf8, 0x0, 0x0, 0x0, 0x0, 0x0,
    0xdf, 0xc0, 0x0, 0x0, 0x0, 0x0, 0x0, 0x33,
    0x10, 0x0, 0x0, 0x6f, 0xff, 0x10, 0x0, 0x0,
    0xcf, 0xfa, 0x6f, 0xff, 0x10, 0x0, 0x0, 0xcf,
    0xfa, 0x6f, 0xff, 0x10, 0x0, 0x0, 0xcf, 0xfa,
    0x6f, 0xff, 0x10, 0x0, 0x0, 0xcf, 0xfa, 0x6f,
    0xff, 0x10, 0x0, 0x0, 0xcf, 0xfa, 0x6f, 0xff,
    0x10, 0x0, 0x0, 0xcf, 0xfa, 0x6f, 0xff, 0x10,
    0x0, 0x0, 0xcf, 0xfa, 0x6f, 0xff, 0x10, 0x0,
    0x0, 0xcf, 0xfa, 0x6f, 0xff, 0x10, 0x0, 0x0,
    0xcf, 0xfa, 0x6f, 0xff, 0x20, 0x0, 0x0, 0xef,
    0xfa, 0x4f, 0xff, 0x70, 0x0, 0x4, 0xff, 0xfa,
    0x1f, 0xff, 0xf6, 0x11, 0x6f, 0xff, 0xfa, 0xa,
    0xff, 0xff, 0xff, 0xff, 0xef, 0xfa, 0x1, 0xdf,
    0xff, 0xff, 0xf7, 0xbf, 0xfa, 0x0, 0x8, 0xdf,
    0xfb, 0x40, 0xbf, 0xfa,

    /* U+00FB "û" */
    0x0, 0x0, 0x1c, 0xff, 0xe2, 0x0, 0x0, 0x0,
    0x1, 0xcf, 0xeb, 0xfe, 0x30, 0x0, 0x0, 0x1d,
    0xfe, 0x20, 0xbf, 0xe3, 0x0, 0x0, 0x25, 0x52,
    0x0, 0x5, 0x54, 0x0, 0x0, 0x0, 0x0, 0x0,
    0x0, 0x0, 0x0, 0x6f, 0xff, 0x10, 0x0, 0x0,
    0xcf, 0xfa, 0x6f, 0xff, 0x10, 0x0, 0x0, 0xcf,
    0xfa, 0x6f, 0xff, 0x10, 0x0, 0x0, 0xcf, 0xfa,
    0x6f, 0xff, 0x10, 0x0, 0x0, 0xcf, 0xfa, 0x6f,
    0xff, 0x10, 0x0, 0x0, 0xcf, 0xfa, 0x6f, 0xff,
    0x10, 0x0, 0x0, 0xcf, 0xfa, 0x6f, 0xff, 0x10,
    0x0, 0x0, 0xcf, 0xfa, 0x6f, 0xff, 0x10, 0x0,
    0x0, 0xcf, 0xfa, 0x6f, 0xff, 0x10, 0x0, 0x0,
    0xcf, 0xfa, 0x6f, 0xff, 0x20, 0x0, 0x0, 0xef,
    0xfa, 0x4f, 0xff, 0x70, 0x0, 0x4, 0xff, 0xfa,
    0x1f, 0xff, 0xf6, 0x11, 0x6f, 0xff, 0xfa, 0xa,
    0xff, 0xff, 0xff, 0xff, 0xef, 0xfa, 0x1, 0xdf,
    0xff, 0xff, 0xf7, 0xbf, 0xfa, 0x0, 0x8, 0xdf,
    0xfb, 0x40, 0xbf, 0xfa,

    /* U+00FC "ü" */
    0x0, 0x3d, 0xf7, 0x0, 0x3e, 0xf6, 0x0, 0x0,
    0xcf, 0xff, 0x10, 0xcf, 0xff, 0x0, 0x0, 0xbf,
    0xff, 0x0, 0xcf, 0xff, 0x0, 0x0, 0x2b, 0xd5,
    0x0, 0x2c, 0xd5, 0x0, 0x0, 0x0, 0x0, 0x0,
    0x0, 0x0, 0x0, 0x6f, 0xff, 0x10, 0x0, 0x0,
    0xcf, 0xfa, 0x6f, 0xff, 0x10, 0x0, 0x0, 0xcf,
    0xfa, 0x6f, 0xff, 0x10, 0x0, 0x0, 0xcf, 0xfa,
    0x6f, 0xff, 0x10, 0x0, 0x0, 0xcf, 0xfa, 0x6f,
    0xff, 0x10, 0x0, 0x0, 0xcf, 0xfa, 0x6f, 0xff,
    0x10, 0x0, 0x0, 0xcf, 0xfa, 0x6f, 0xff, 0x10,
    0x0, 0x0, 0xcf, 0xfa, 0x6f, 0xff, 0x10, 0x0,
    0x0, 0xcf, 0xfa, 0x6f, 0xff, 0x10, 0x0, 0x0,
    0xcf, 0xfa, 0x6f, 0xff, 0x20, 0x0, 0x0, 0xef,
    0xfa, 0x4f, 0xff, 0x70, 0x0, 0x4, 0xff, 0xfa,
    0x1f, 0xff, 0xf6, 0x11, 0x6f, 0xff, 0xfa, 0xa,
    0xff, 0xff, 0xff, 0xff, 0xef, 0xfa, 0x1, 0xdf,
    0xff, 0xff, 0xf7, 0xbf, 0xfa, 0x0, 0x8, 0xdf,
    0xfb, 0x40, 0xbf, 0xfa,

    /* U+00FD "ý" */
    0x0, 0x0, 0x0, 0x0, 0xef, 0xf7, 0x0, 0x0,
    0x0, 0x0, 0x0, 0x6, 0xff, 0xb0, 0x0, 0x0,
    0x0, 0x0, 0x0, 0xe, 0xfe, 0x10, 0x0, 0x0,
    0x0, 0x0, 0x0, 0x7f, 0xf4, 0x0, 0x0, 0x0,
    0x0, 0x0, 0x0, 0x23, 0x30, 0x0, 0x0, 0x0,
    0x8f, 0xff, 0x20, 0x0, 0x0, 0xb, 0xff, 0xe0,
    0x2f, 0xff, 0x80, 0x0, 0x0, 0xf, 0xff, 0x80,
    0xc, 0xff, 0xd0, 0x0, 0x0, 0x6f, 0xff, 0x20,
    0x6, 0xff, 0xf2, 0x0, 0x0, 0xbf, 0xfd, 0x0,
    0x1, 0xff, 0xf8, 0x0, 0x1, 0xff, 0xf7, 0x0,
    0x0, 0xaf, 0xfd, 0x0, 0x6, 0xff, 0xf1, 0x0,
    0x0, 0x4f, 0xff, 0x20, 0xb, 0xff, 0xb0, 0x0,
    0x0, 0xe, 0xff, 0x80, 0x1f, 0xff, 0x50, 0x0,
    0x0, 0x8, 0xff, 0xd0, 0x6f, 0xfe, 0x0, 0x0,
    0x0, 0x2, 0xff, 0xf2, 0xbf, 0xf9, 0x0, 0x0,
    0x0, 0x0, 0xcf, 0xf7, 0xff, 0xf3, 0x0, 0x0,
    0x0, 0x0, 0x6f, 0xfe, 0xff, 0xd0, 0x0, 0x0,
    0x0, 0x0, 0x1f, 0xff, 0xff, 0x70, 0x0, 0x0,
    0x0, 0x0, 0xb, 0xff, 0xff, 0x10, 0x0, 0x0,
    0x0, 0x0, 0x5, 0xff, 0xfb, 0x0, 0x0, 0x0,
    0x0, 0x0, 0x3, 0xff, 0xf5, 0x0, 0x0, 0x0,
    0x0, 0x0, 0x8, 0xff, 0xf0, 0x0, 0x0, 0x0,
    0x0, 0x0, 0x1e, 0xff, 0x90, 0x0, 0x0, 0x0,
    0x0, 0xdd, 0xff, 0xff, 0x20, 0x0, 0x0, 0x0,
    0x1, 0xff, 0xff, 0xf7, 0x0, 0x0, 0x0, 0x0,
    0x2, 0xff, 0xfc, 0x50, 0x0, 0x0, 0x0, 0x0,

    /* U+00FE "þ" */
    0x6f, 0xff, 0x10, 0x0, 0x0, 0x0, 0x0, 0x6,
    0xff, 0xf1, 0x0, 0x0, 0x0, 0x0, 0x0, 0x6f,
    0xff, 0x10, 0x0, 0x0, 0x0, 0x0, 0x6, 0xff,
    0xf1, 0x0, 0x0, 0x0, 0x0, 0x0, 0x6f, 0xff,
    0x10, 0x0, 0x0, 0x0, 0x0, 0x6, 0xff, 0xf1,
    0x29, 0xef, 0xea, 0x30, 0x0, 0x6f, 0xff, 0x4f,
    0xff, 0xff, 0xff, 0x70, 0x6, 0xff, 0xfe, 0xff,
    0xef, 0xff, 0xff, 0x50, 0x6f, 0xff, 0xf9, 0x10,
    0x7, 0xff, 0xfe, 0x6, 0xff, 0xfb, 0x0, 0x0,
    0x8, 0xff, 0xf4, 0x6f, 0xff, 0x30, 0x0, 0x0,
    0x1f, 0xff, 0x86, 0xff, 0xf0, 0x0, 0x0, 0x0,
    0xdf, 0xfa, 0x6f, 0xfe, 0x0, 0x0, 0x0, 0xc,
    0xff, 0xb6, 0xff, 0xf0, 0x0, 0x0, 0x0, 0xdf,
    0xfa, 0x6f, 0xff, 0x30, 0x0, 0x0, 0x1f, 0xff,
    0x86, 0xff, 0xfb, 0x0, 0x0, 0x8, 0xff, 0xf4,
    0x6f, 0xff, 0xf9, 0x10, 0x7, 0xff, 0xfe, 0x6,
    0xff, 0xfe, 0xff, 0xef, 0xff, 0xff, 0x50, 0x6f,
    0xff, 0x4e, 0xff, 0xff, 0xff, 0x70, 0x6, 0xff,
    0xf1, 0x19, 0xef, 0xea, 0x30, 0x0, 0x6f, 0xff,
    0x10, 0x0, 0x0, 0x0, 0x0, 0x6, 0xff, 0xf1,
    0x0, 0x0, 0x0, 0x0, 0x0, 0x6f, 0xff, 0x10,
    0x0, 0x0, 0x0, 0x0, 0x6, 0xff, 0xf1, 0x0,
    0x0, 0x0, 0x0, 0x0, 0x6f, 0xff, 0x10, 0x0,
    0x0, 0x0, 0x0, 0x6, 0xff, 0xf1, 0x0, 0x0,
    0x0, 0x0, 0x0,

    /* U+00FF "ÿ" */
    0x0, 0xa, 0xfc, 0x10, 0xa, 0xfc, 0x10, 0x0,
    0x0, 0x4f, 0xff, 0x80, 0x5f, 0xff, 0x70, 0x0,
    0x0, 0x4f, 0xff, 0x70, 0x4f, 0xff, 0x70, 0x0,
    0x0, 0x8, 0xda, 0x0, 0x8, 0xda, 0x0, 0x0,
    0x0, 0x0, 0x0, 0x0, 0x0, 0x0, 0x0, 0x0,
    0x8f, 0xff, 0x20, 0x0, 0x0, 0xb, 0xff, 0xe0,
    0x2f, 0xff, 0x80, 0x0, 0x0, 0xf, 0xff, 0x80,
    0xc, 0xff, 0xd0, 0x0, 0x0, 0x6f, 0xff, 0x20,
    0x6, 0xff, 0xf2, 0x0, 0x0, 0xbf, 0xfd, 0x0,
    0x1, 0xff, 0xf8, 0x0, 0x1, 0xff, 0xf7, 0x0,
    0x0, 0xaf, 0xfd, 0x0, 0x6, 0xff, 0xf1, 0x0,
    0x0, 0x4f, 0xff, 0x20, 0xb, 0xff, 0xb0, 0x0,
    0x0, 0xe, 0xff, 0x80, 0x1f, 0xff, 0x50, 0x0,
    0x0, 0x8, 0xff, 0xd0, 0x6f, 0xfe, 0x0, 0x0,
    0x0, 0x2, 0xff, 0xf2, 0xbf, 0xf9, 0x0, 0x0,
    0x0, 0x0, 0xcf, 0xf7, 0xff, 0xf3, 0x0, 0x0,
    0x0, 0x0, 0x6f, 0xfe, 0xff, 0xd0, 0x0, 0x0,
    0x0, 0x0, 0x1f, 0xff, 0xff, 0x70, 0x0, 0x0,
    0x0, 0x0, 0xb, 0xff, 0xff, 0x10, 0x0, 0x0,
    0x0, 0x0, 0x5, 0xff, 0xfb, 0x0, 0x0, 0x0,
    0x0, 0x0, 0x3, 0xff, 0xf5, 0x0, 0x0, 0x0,
    0x0, 0x0, 0x8, 0xff, 0xf0, 0x0, 0x0, 0x0,
    0x0, 0x0, 0x1e, 0xff, 0x90, 0x0, 0x0, 0x0,
    0x0, 0xdd, 0xff, 0xff, 0x20, 0x0, 0x0, 0x0,
    0x1, 0xff, 0xff, 0xf7, 0x0, 0x0, 0x0, 0x0,
    0x2, 0xff, 0xfc, 0x50, 0x0, 0x0, 0x0, 0x0,

    /* U+2010 "‐" */
    0xbe, 0xee, 0xee, 0xee, 0xe5, 0xcf, 0xff, 0xff,
    0xff, 0xf5, 0xcf, 0xff, 0xff, 0xff, 0xf5,

    /* U+2011 "‑" */
    0xbe, 0xee, 0xee, 0xee, 0xe5, 0xcf, 0xff, 0xff,
    0xff, 0xf5, 0xcf, 0xff, 0xff, 0xff, 0xf5,

    /* U+2012 "‒" */
    0xee, 0xee, 0xee, 0xee, 0xee, 0xee, 0xee, 0xee,
    0xf, 0xff, 0xff, 0xff, 0xff, 0xff, 0xff, 0xff,
    0xf0, 0xff, 0xff, 0xff, 0xff, 0xff, 0xff, 0xff,
    0xff, 0x0,

    /* U+2013 "–" */
    0xee, 0xee, 0xee, 0xee, 0xee, 0xee, 0xee, 0xff,
    0xff, 0xff, 0xff, 0xff, 0xff, 0xff, 0xff, 0xff,
    0xff, 0xff, 0xff, 0xff, 0xff,

    /* U+2014 "—" */
    0xee, 0xee, 0xee, 0xee, 0xee, 0xee, 0xee, 0xee,
    0xee, 0xee, 0xee, 0xee, 0xee, 0xee, 0xff, 0xff,
    0xff, 0xff, 0xff, 0xff, 0xff, 0xff, 0xff, 0xff,
    0xff, 0xff, 0xff, 0xff, 0xff, 0xff, 0xff, 0xff,
    0xff, 0xff, 0xff, 0xff, 0xff, 0xff, 0xff, 0xff,
    0xff, 0xff,

    /* U+2015 "―" */
    0xee, 0xee, 0xee, 0xee, 0xee, 0xee, 0xee, 0xee,
    0xee, 0xee, 0xee, 0xee, 0xee, 0xee, 0xff, 0xff,
    0xff, 0xff, 0xff, 0xff, 0xff, 0xff, 0xff, 0xff,
    0xff, 0xff, 0xff, 0xff, 0xff, 0xff, 0xff, 0xff,
    0xff, 0xff, 0xff, 0xff, 0xff, 0xff, 0xff, 0xff,
    0xff, 0xff,

    /* U+2016 "‖" */
    0x78, 0x82, 0x8, 0x88, 0x1e, 0xff, 0x50, 0xff,
    0xf3, 0xef, 0xf5, 0xf, 0xff, 0x3e, 0xff, 0x50,
    0xff, 0xf3, 0xef, 0xf5, 0xf, 0xff, 0x3e, 0xff,
    0x50, 0xff, 0xf3, 0xef, 0xf5, 0xf, 0xff, 0x3e,
    0xff, 0x50, 0xff, 0xf3, 0xef, 0xf5, 0xf, 0xff,
    0x3e, 0xff, 0x50, 0xff, 0xf3, 0xef, 0xf5, 0xf,
    0xff, 0x3e, 0xff, 0x50, 0xff, 0xf3, 0xef, 0xf5,
    0xf, 0xff, 0x3e, 0xff, 0x50, 0xff, 0xf3, 0xef,
    0xf5, 0xf, 0xff, 0x3e, 0xff, 0x50, 0xff, 0xf3,
    0xef, 0xf5, 0xf, 0xff, 0x3e, 0xff, 0x50, 0xff,
    0xf3, 0xef, 0xf5, 0xf, 0xff, 0x3e, 0xff, 0x50,
    0xff, 0xf3, 0xef, 0xf5, 0xf, 0xff, 0x3e, 0xff,
    0x50, 0xff, 0xf3, 0xef, 0xf5, 0xf, 0xff, 0x3e,
    0xff, 0x50, 0xff, 0xf3, 0xef, 0xf5, 0xf, 0xff,
    0x3e, 0xff, 0x50, 0xff, 0xf3, 0xef, 0xf5, 0xf,
    0xff, 0x3e, 0xff, 0x50, 0xff, 0xf3, 0xef, 0xf5,
    0xf, 0xff, 0x3e, 0xff, 0x50, 0xff, 0xf3, 0xef,
    0xf5, 0xf, 0xff, 0x3e, 0xff, 0x50, 0xff, 0xf3,
    0xef, 0xf5, 0xf, 0xff, 0x3e, 0xff, 0x50, 0xff,
    0xf3,

    /* U+2017 "‗" */
    0x2f, 0xff, 0xff, 0xff, 0xff, 0xff, 0xfa, 0x2f,
    0xff, 0xff, 0xff, 0xff, 0xff, 0xfa, 0x2, 0x22,
    0x22, 0x22, 0x22, 0x22, 0x21, 0x1, 0x11, 0x11,
    0x11, 0x11, 0x11, 0x11, 0x2f, 0xff, 0xff, 0xff,
    0xff, 0xff, 0xfa, 0x2f, 0xff, 0xff, 0xff, 0xff,
    0xff, 0xfa,

    /* U+2018 "‘" */
    0x0, 0xbf, 0xc0, 0xf, 0xfa, 0x4, 0xff, 0x70,
    0x9f, 0xf5, 0xd, 0xff, 0x32, 0xff, 0xf0, 0x6f,
    0xfe, 0x5, 0x88, 0x60,

    /* U+2019 "’" */
    0x5, 0x88, 0x60, 0xcf, 0xf9, 0xe, 0xff, 0x40,
    0xff, 0xf0, 0x3f, 0xfb, 0x5, 0xff, 0x70, 0x7f,
    0xf2, 0xa, 0xfe, 0x0,

    /* U+201A "‚" */
    0x1, 0x88, 0x82, 0x3, 0xff, 0xf1, 0x6, 0xff,
    0xc0, 0x8, 0xff, 0x80, 0xa, 0xff, 0x30, 0xd,
    0xfe, 0x0, 0xf, 0xfa, 0x0, 0x2f, 0xf6, 0x0,

    /* U+201B "‛" */
    0x3f, 0xff, 0x20, 0xe, 0xff, 0x50, 0xa, 0xff,
    0x70, 0x5, 0xff, 0x90, 0x1, 0xff, 0xc0, 0x0,
    0xcf, 0xe0, 0x0, 0x8f, 0xf0, 0x0, 0x28, 0x81,

    /* U+201C "“" */
    0x0, 0xbf, 0xc0, 0x5, 0xff, 0x20, 0xf, 0xfa,
    0x0, 0x9f, 0xf0, 0x4, 0xff, 0x70, 0xe, 0xfe,
    0x0, 0x9f, 0xf5, 0x2, 0xff, 0xb0, 0xd, 0xff,
    0x30, 0x7f, 0xf9, 0x2, 0xff, 0xf0, 0xb, 0xff,
    0x70, 0x6f, 0xfe, 0x0, 0xff, 0xf4, 0x5, 0x88,
    0x60, 0x28, 0x88, 0x10,

    /* U+201D "”" */
    0x5, 0x88, 0x60, 0x38, 0x88, 0x0, 0xcf, 0xf9,
    0x7, 0xff, 0xd0, 0xe, 0xff, 0x40, 0xaf, 0xf8,
    0x0, 0xff, 0xf0, 0xc, 0xff, 0x40, 0x3f, 0xfb,
    0x0, 0xef, 0xf0, 0x5, 0xff, 0x70, 0x1f, 0xfb,
    0x0, 0x7f, 0xf2, 0x3, 0xff, 0x60, 0xa, 0xfe,
    0x0, 0x6f, 0xf2, 0x0,

    /* U+201E "„" */
    0x1, 0x88, 0x82, 0x7, 0x88, 0x40, 0x3f, 0xff,
    0x10, 0xff, 0xf5, 0x6, 0xff, 0xc0, 0x2f, 0xff,
    0x10, 0x8f, 0xf8, 0x4, 0xff, 0xc0, 0xa, 0xff,
    0x30, 0x6f, 0xf7, 0x0, 0xdf, 0xe0, 0x9, 0xff,
    0x30, 0xf, 0xfa, 0x0, 0xbf, 0xe0, 0x2, 0xff,
    0x60, 0xd, 0xfa, 0x0,

    /* U+201F "‟" */
    0x3f, 0xff, 0x20, 0xff, 0xf7, 0x0, 0xef, 0xf5,
    0xa, 0xff, 0x90, 0xa, 0xff, 0x70, 0x6f, 0xfb,
    0x0, 0x5f, 0xf9, 0x1, 0xff, 0xe0, 0x1, 0xff,
    0xc0, 0xd, 0xff, 0x0, 0xc, 0xfe, 0x0, 0x8f,
    0xf2, 0x0, 0x8f, 0xf0, 0x4, 0xff, 0x50, 0x2,
    0x88, 0x10, 0x8, 0x83,

    /* U+2020 "†" */
    0x0, 0x0, 0x3f, 0xff, 0x30, 0x0, 0x0, 0x0,
    0x3, 0xff, 0xf3, 0x0, 0x0, 0x0, 0x0, 0x3f,
    0xff, 0x30, 0x0, 0x0, 0x0, 0x3, 0xff, 0xf3,
    0x0, 0x0, 0x4f, 0xff, 0xff, 0xff, 0xff, 0xff,
    0x54, 0xff, 0xff, 0xff, 0xff, 0xff, 0xf5, 0x3c,
    0xcc, 0xcf, 0xff, 0xcc, 0xcc, 0x30, 0x0, 0x3,
    0xff, 0xf3, 0x0, 0x0, 0x0, 0x0, 0x3f, 0xff,
    0x30, 0x0, 0x0, 0x0, 0x2, 0xff, 0xf3, 0x0,
    0x0, 0x0, 0x0, 0x1f, 0xff, 0x10, 0x0, 0x0,
    0x0, 0x0, 0xff, 0xf0, 0x0, 0x0, 0x0, 0x0,
    0xd, 0xfe, 0x0, 0x0, 0x0, 0x0, 0x0, 0xcf,
    0xc0, 0x0, 0x0, 0x0, 0x0, 0xa, 0xfa, 0x0,
    0x0, 0x0,

    /* U+2021 "‡" */
    0x0, 0x0, 0x3f, 0xff, 0x30, 0x0, 0x0, 0x0,
    0x3, 0xff, 0xf3, 0x0, 0x0, 0x0, 0x0, 0x3f,
    0xff, 0x30, 0x0, 0x3, 0xbb, 0xbc, 0xff, 0xfc,
    0xbb, 0xb3, 0x4f, 0xff, 0xff, 0xff, 0xff, 0xff,
    0x54, 0xff, 0xff, 0xff, 0xff, 0xff, 0xf5, 0x0,
    0x0, 0x3f, 0xff, 0x30, 0x0, 0x0, 0x0, 0x3,
    0xff, 0xf3, 0x0, 0x0, 0x0, 0x0, 0x3f, 0xff,
    0x30, 0x0, 0x3, 0xbb, 0xbc, 0xff, 0xfc, 0xbb,
    0xb3, 0x4f, 0xff, 0xff, 0xff, 0xff, 0xff, 0x54,
    0xff, 0xff, 0xff, 0xff, 0xff, 0xf5, 0x0, 0x0,
    0x3f, 0xff, 0x30, 0x0, 0x0, 0x0, 0x3, 0xff,
    0xf3, 0x0, 0x0, 0x0, 0x0, 0x2f, 0xff, 0x30,
    0x0, 0x0, 0x0, 0x1, 0xff, 0xf2, 0x0, 0x0,
    0x0, 0x0, 0xf, 0xff, 0x0, 0x0, 0x0, 0x0,
    0x0, 0xdf, 0xe0, 0x0, 0x0, 0x0, 0x0, 0xc,
    0xfc, 0x0, 0x0, 0x0, 0x0, 0x0, 0xaf, 0xa0,
    0x0, 0x0,

    /* U+2022 "•" */
    0x0, 0x4a, 0xca, 0x40, 0x0, 0x9f, 0xff, 0xff,
    0x90, 0x5f, 0xff, 0xff, 0xff, 0x5b, 0xff, 0xff,
    0xff, 0xfb, 0xdf, 0xff, 0xff, 0xff, 0xdc, 0xff,
    0xff, 0xff, 0xfc, 0x7f, 0xff, 0xff, 0xff, 0x60,
    0xbf, 0xff, 0xff, 0xb0, 0x0, 0x8e, 0xfe, 0x80,
    0x0,

    /* U+2023 "‣" */
    0x31, 0x0, 0x0, 0x0, 0x6f, 0x70, 0x0, 0x0,
    0x6f, 0xfd, 0x40, 0x0, 0x6f, 0xff, 0xfa, 0x10,
    0x6f, 0xff, 0xff, 0xf6, 0x6f, 0xff, 0xff, 0xb2,
    0x6f, 0xff, 0xe5, 0x0, 0x6f, 0xf9, 0x0, 0x0,
    0x6c, 0x30, 0x0, 0x0, 0x10, 0x0, 0x0, 0x0,

    /* U+2024 "․" */
    0x0, 0x41, 0x2, 0xef, 0xf3, 0x8f, 0xff, 0xa6,
    0xff, 0xf9, 0xa, 0xfc, 0x10,

    /* U+2025 "‥" */
    0x0, 0x41, 0x0, 0x0, 0x4, 0x10, 0x2e, 0xff,
    0x30, 0x1, 0xdf, 0xf5, 0x8f, 0xff, 0xa0, 0x6,
    0xff, 0xfc, 0x6f, 0xff, 0x90, 0x5, 0xff, 0xfb,
    0xa, 0xfc, 0x10, 0x0, 0x9f, 0xd2,

    /* U+2026 "…" */
    0x0, 0x41, 0x0, 0x0, 0x4, 0x10, 0x0, 0x0,
    0x32, 0x2, 0xef, 0xf3, 0x0, 0x1d, 0xff, 0x50,
    0x0, 0xcf, 0xf7, 0x8f, 0xff, 0xa0, 0x6, 0xff,
    0xfc, 0x0, 0x3f, 0xff, 0xe6, 0xff, 0xf9, 0x0,
    0x5f, 0xff, 0xb0, 0x2, 0xff, 0xfd, 0xa, 0xfc,
    0x10, 0x0, 0x9f, 0xd2, 0x0, 0x7, 0xfd, 0x30,

    /* U+2190 "←" */
    0x0, 0x0, 0x0, 0x0, 0x0, 0x0, 0x0, 0x0,
    0x0, 0x0, 0x0, 0x0, 0x0, 0x0, 0x0, 0xbc,
    0x0, 0x0, 0x0, 0x0, 0x0, 0x0, 0x0, 0x0,
    0x0, 0xbf, 0xfc, 0x0, 0x0, 0x0, 0x0, 0x0,
    0x0, 0x0, 0x0, 0xbf, 0xff, 0x50, 0x0, 0x0,
    0x0, 0x0, 0x0, 0x0, 0x0, 0xbf, 0xff, 0x40,
    0x0, 0x0, 0x0, 0x0, 0x0, 0x0, 0x0, 0xbf,
    0xff, 0x40, 0x0, 0x0, 0x0, 0x0, 0x0, 0x0,
    0x0, 0xbf, 0xff, 0x40, 0x0, 0x0, 0x0, 0x0,
    0x0, 0x0, 0x0, 0xbf, 0xff, 0x40, 0x0, 0x0,
    0x0, 0x0, 0x0, 0x0, 0x0, 0xbf, 0xfe, 0x41,
    0x22, 0x22, 0x22, 0x22, 0x22, 0x22, 0x20, 0xbf,
    0xff, 0xff, 0xff, 0xff, 0xff, 0xff, 0xff, 0xff,
    0xff, 0x3f, 0xff, 0xff, 0xff, 0xff, 0xff, 0xff,
    0xff, 0xff, 0xff, 0xf0, 0x5f, 0xff, 0xeb, 0xbc,
    0xcc, 0xcc, 0xcc, 0xcc, 0xcc, 0xcb, 0x0, 0x5f,
    0xff, 0x80, 0x0, 0x0, 0x0, 0x0, 0x0, 0x0,
    0x0, 0x0, 0x5f, 0xff, 0x90, 0x0, 0x0, 0x0,
    0x0, 0x0, 0x0, 0x0, 0x0, 0x5f, 0xff, 0xa0,
    0x0, 0x0, 0x0, 0x0, 0x0, 0x0, 0x0, 0x0,
    0x5f, 0xff, 0xa0, 0x0, 0x0, 0x0, 0x0, 0x0,
    0x0, 0x0, 0x0, 0x5f, 0xff, 0xa0, 0x0, 0x0,
    0x0, 0x0, 0x0, 0x0, 0x0, 0x0, 0x5f, 0xff,
    0xa0, 0x0, 0x0, 0x0, 0x0, 0x0, 0x0, 0x0,
    0x0, 0x5f, 0xf7, 0x0, 0x0, 0x0, 0x0, 0x0,
    0x0, 0x0, 0x0, 0x0, 0x57, 0x0, 0x0, 0x0,
    0x0, 0x0,

    /* U+2191 "↑" */
    0x0, 0x0, 0x0, 0x0, 0x1, 0x60, 0x0, 0x0,
    0x0, 0x0, 0x0, 0x0, 0x0, 0x0, 0x1d, 0xf8,
    0x0, 0x0, 0x0, 0x0, 0x0, 0x0, 0x0, 0x1,
    0xdf, 0xff, 0x80, 0x0, 0x0, 0x0, 0x0, 0x0,
    0x0, 0x1d, 0xff, 0xff, 0xf8, 0x0, 0x0, 0x0,
    0x0, 0x0, 0x1, 0xdf, 0xff, 0xff, 0xff, 0x80,
    0x0, 0x0, 0x0, 0x0, 0x1d, 0xff, 0xdf, 0xfd,
    0xff, 0xf8, 0x0, 0x0, 0x0, 0x1, 0xdf, 0xfd,
    0x3f, 0xfa, 0x5f, 0xff, 0x80, 0x0, 0x0, 0x1d,
    0xff, 0xe2, 0x2f, 0xfb, 0x7, 0xff, 0xf7, 0x0,
    0x1, 0xdf, 0xfe, 0x20, 0x2f, 0xfb, 0x0, 0x7f,
    0xff, 0x70, 0x1d, 0xff, 0xe2, 0x0, 0x2f, 0xfb,
    0x0, 0x8, 0xff, 0xf7, 0xa, 0xfe, 0x20, 0x0,
    0x2f, 0xfb, 0x0, 0x0, 0x8f, 0xf4, 0x0, 0x92,
    0x0, 0x0, 0x2f, 0xfb, 0x0, 0x0, 0x7, 0x40,
    0x0, 0x0, 0x0, 0x0, 0x2f, 0xfb, 0x0, 0x0,
    0x0, 0x0, 0x0, 0x0, 0x0, 0x0, 0x2f, 0xfb,
    0x0, 0x0, 0x0, 0x0, 0x0, 0x0, 0x0, 0x0,
    0x2f, 0xfb, 0x0, 0x0, 0x0, 0x0, 0x0, 0x0,
    0x0, 0x0, 0x2f, 0xfb, 0x0, 0x0, 0x0, 0x0,
    0x0, 0x0, 0x0, 0x0, 0x2f, 0xfb, 0x0, 0x0,
    0x0, 0x0, 0x0, 0x0, 0x0, 0x0, 0x2f, 0xfb,
    0x0, 0x0, 0x0, 0x0, 0x0, 0x0, 0x0, 0x0,
    0x2f, 0xfb, 0x0, 0x0, 0x0, 0x0, 0x0, 0x0,
    0x0, 0x0, 0x2f, 0xfb, 0x0, 0x0, 0x0, 0x0,
    0x0, 0x0, 0x0, 0x0, 0x2f, 0xfb, 0x0, 0x0,
    0x0, 0x0,

    /* U+2192 "→" */
    0x0, 0x0, 0x0, 0x0, 0x0, 0x0, 0x0, 0x0,
    0x0, 0x0, 0x0, 0x0, 0x0, 0x0, 0x0, 0xa,
    0xc1, 0x0, 0x0, 0x0, 0x0, 0x0, 0x0, 0x0,
    0x0, 0x9, 0xff, 0xc1, 0x0, 0x0, 0x0, 0x0,
    0x0, 0x0, 0x0, 0x0, 0x3e, 0xff, 0xc1, 0x0,
    0x0, 0x0, 0x0, 0x0, 0x0, 0x0, 0x0, 0x3e,
    0xff, 0xc1, 0x0, 0x0, 0x0, 0x0, 0x0, 0x0,
    0x0, 0x0, 0x3e, 0xff, 0xc1, 0x0, 0x0, 0x0,
    0x0, 0x0, 0x0, 0x0, 0x0, 0x3e, 0xff, 0xc1,
    0x0, 0x0, 0x0, 0x0, 0x0, 0x0, 0x0, 0x0,
    0x2e, 0xff, 0xc1, 0x0, 0x12, 0x22, 0x22, 0x22,
    0x22, 0x22, 0x22, 0x3d, 0xff, 0xc1, 0xc, 0xff,
    0xff, 0xff, 0xff, 0xff, 0xff, 0xff, 0xff, 0xff,
    0xc1, 0xcf, 0xff, 0xff, 0xff, 0xff, 0xff, 0xff,
    0xff, 0xff, 0xff, 0x69, 0xcc, 0xcc, 0xcc, 0xcc,
    0xcc, 0xcc, 0xbb, 0xdf, 0xff, 0x70, 0x0, 0x0,
    0x0, 0x0, 0x0, 0x0, 0x0, 0x6f, 0xff, 0x70,
    0x0, 0x0, 0x0, 0x0, 0x0, 0x0, 0x0, 0x7f,
    0xff, 0x70, 0x0, 0x0, 0x0, 0x0, 0x0, 0x0,
    0x0, 0x8f, 0xff, 0x70, 0x0, 0x0, 0x0, 0x0,
    0x0, 0x0, 0x0, 0x8f, 0xff, 0x70, 0x0, 0x0,
    0x0, 0x0, 0x0, 0x0, 0x0, 0x8f, 0xff, 0x70,
    0x0, 0x0, 0x0, 0x0, 0x0, 0x0, 0x0, 0x8f,
    0xff, 0x70, 0x0, 0x0, 0x0, 0x0, 0x0, 0x0,
    0x0, 0x5, 0xff, 0x70, 0x0, 0x0, 0x0, 0x0,
    0x0, 0x0, 0x0, 0x0, 0x5, 0x70, 0x0, 0x0,
    0x0, 0x0,

    /* U+2193 "↓" */
    0x0, 0x0, 0x0, 0x0, 0x16, 0x64, 0x0, 0x0,
    0x0, 0x0, 0x0, 0x0, 0x0, 0x0, 0x2f, 0xfb,
    0x0, 0x0, 0x0, 0x0, 0x0, 0x0, 0x0, 0x0,
    0x2f, 0xfb, 0x0, 0x0, 0x0, 0x0, 0x0, 0x0,
    0x0, 0x0, 0x2f, 0xfb, 0x0, 0x0, 0x0, 0x0,
    0x0, 0x0, 0x0, 0x0, 0x2f, 0xfb, 0x0, 0x0,
    0x0, 0x0, 0x0, 0x0, 0x0, 0x0, 0x2f, 0xfb,
    0x0, 0x0, 0x0, 0x0, 0x0, 0x0, 0x0, 0x0,
    0x2f, 0xfb, 0x0, 0x0, 0x0, 0x0, 0x0, 0x0,
    0x0, 0x0, 0x2f, 0xfb, 0x0, 0x0, 0x0, 0x0,
    0x0, 0x0, 0x0, 0x0, 0x2f, 0xfb, 0x0, 0x0,
    0x0, 0x0, 0x0, 0x10, 0x0, 0x0, 0x2f, 0xfb,
    0x0, 0x0, 0x0, 0x0, 0x2, 0xe7, 0x0, 0x0,
    0x2f, 0xfb, 0x0, 0x0, 0x1d, 0x90, 0x1e, 0xff,
    0x70, 0x0, 0x2f, 0xfb, 0x0, 0x1, 0xdf, 0xf8,
    0x8, 0xff, 0xf7, 0x0, 0x2f, 0xfb, 0x0, 0x1d,
    0xff, 0xe3, 0x0, 0x8f, 0xff, 0x70, 0x2f, 0xfb,
    0x0, 0xcf, 0xfe, 0x30, 0x0, 0x8, 0xff, 0xf6,
    0x2f, 0xfb, 0xc, 0xff, 0xe3, 0x0, 0x0, 0x0,
    0x8f, 0xff, 0x6f, 0xfa, 0xaf, 0xfe, 0x30, 0x0,
    0x0, 0x0, 0x8, 0xff, 0xff, 0xff, 0xff, 0xe3,
    0x0, 0x0, 0x0, 0x0, 0x0, 0x8f, 0xff, 0xff,
    0xfe, 0x30, 0x0, 0x0, 0x0, 0x0, 0x0, 0x8,
    0xff, 0xff, 0xe3, 0x0, 0x0, 0x0, 0x0, 0x0,
    0x0, 0x0, 0x8f, 0xfe, 0x30, 0x0, 0x0, 0x0,
    0x0, 0x0, 0x0, 0x0, 0x8, 0xe3, 0x0, 0x0,
    0x0, 0x0, 0x0, 0x0, 0x0, 0x0, 0x0, 0x10,
    0x0, 0x0, 0x0, 0x0
};


/*---------------------
 *  GLYPH DESCRIPTION
 *--------------------*/

static const lv_font_fmt_txt_glyph_dsc_t glyph_dsc[] = {
    {.bitmap_index = 0, .adv_w = 0, .box_w = 0, .box_h = 0, .ofs_x = 0, .ofs_y = 0} /* id = 0 reserved */,
    {.bitmap_index = 0, .adv_w = 104, .box_w = 0, .box_h = 0, .ofs_x = 0, .ofs_y = 0},
    {.bitmap_index = 0, .adv_w = 115, .box_w = 5, .box_h = 20, .ofs_x = 1, .ofs_y = 0},
    {.bitmap_index = 50, .adv_w = 209, .box_w = 9, .box_h = 8, .ofs_x = 2, .ofs_y = 12},
    {.bitmap_index = 86, .adv_w = 279, .box_w = 18, .box_h = 20, .ofs_x = 0, .ofs_y = 0},
    {.bitmap_index = 266, .adv_w = 288, .box_w = 16, .box_h = 27, .ofs_x = 1, .ofs_y = -3},
    {.bitmap_index = 482, .adv_w = 416, .box_w = 24, .box_h = 20, .ofs_x = 1, .ofs_y = 0},
    {.bitmap_index = 722, .adv_w = 287, .box_w = 18, .box_h = 20, .ofs_x = 0, .ofs_y = 0},
    {.bitmap_index = 902, .adv_w = 125, .box_w = 4, .box_h = 8, .ofs_x = 2, .ofs_y = 12},
    {.bitmap_index = 918, .adv_w = 149, .box_w = 8, .box_h = 26, .ofs_x = 1, .ofs_y = -4},
    {.bitmap_index = 1022, .adv_w = 149, .box_w = 8, .box_h = 26, .ofs_x = 0, .ofs_y = -4},
    {.bitmap_index = 1126, .adv_w = 233, .box_w = 12, .box_h = 12, .ofs_x = 1, .ofs_y = 8},
    {.bitmap_index = 1198, .adv_w = 292, .box_w = 14, .box_h = 14, .ofs_x = 2, .ofs_y = 1},
    {.bitmap_index = 1296, .adv_w = 114, .box_w = 6, .box_h = 8, .ofs_x = 0, .ofs_y = -4},
    {.bitmap_index = 1320, .adv_w = 200, .box_w = 10, .box_h = 3, .ofs_x = 1, .ofs_y = 7},
    {.bitmap_index = 1335, .adv_w = 114, .box_w = 5, .box_h = 5, .ofs_x = 1, .ofs_y = 0},
    {.bitmap_index = 1348, .adv_w = 160, .box_w = 10, .box_h = 25, .ofs_x = 0, .ofs_y = -3},
    {.bitmap_index = 1473, .adv_w = 288, .box_w = 16, .box_h = 20, .ofs_x = 1, .ofs_y = 0},
    {.bitmap_index = 1633, .adv_w = 175, .box_w = 10, .box_h = 20, .ofs_x = 0, .ofs_y = 0},
    {.bitmap_index = 1733, .adv_w = 266, .box_w = 15, .box_h = 20, .ofs_x = 1, .ofs_y = 0},
    {.bitmap_index = 1883, .adv_w = 277, .box_w = 16, .box_h = 20, .ofs_x = 1, .ofs_y = 0},
    {.bitmap_index = 2043, .adv_w = 291, .box_w = 18, .box_h = 20, .ofs_x = 0, .ofs_y = 0},
    {.bitmap_index = 2223, .adv_w = 267, .box_w = 15, .box_h = 20, .ofs_x = 1, .ofs_y = 0},
    {.bitmap_index = 2373, .adv_w = 275, .box_w = 16, .box_h = 20, .ofs_x = 1, .ofs_y = 0},
    {.bitmap_index = 2533, .adv_w = 245, .box_w = 15, .box_h = 20, .ofs_x = 0, .ofs_y = 0},
    {.bitmap_index = 2683, .adv_w = 274, .box_w = 16, .box_h = 20, .ofs_x = 1, .ofs_y = 0},
    {.bitmap_index = 2843, .adv_w = 275, .box_w = 16, .box_h = 20, .ofs_x = 1, .ofs_y = 0},
    {.bitmap_index = 3003, .adv_w = 114, .box_w = 5, .box_h = 15, .ofs_x = 1, .ofs_y = 0},
    {.bitmap_index = 3041, .adv_w = 116, .box_w = 6, .box_h = 19, .ofs_x = 0, .ofs_y = -4},
    {.bitmap_index = 3098, .adv_w = 292, .box_w = 14, .box_h = 16, .ofs_x = 2, .ofs_y = 0},
    {.bitmap_index = 3210, .adv_w = 292, .box_w = 14, .box_h = 9, .ofs_x = 2, .ofs_y = 3},
    {.bitmap_index = 3273, .adv_w = 292, .box_w = 15, .box_h = 16, .ofs_x = 2, .ofs_y = 0},
    {.bitmap_index = 3393, .adv_w = 247, .box_w = 15, .box_h = 20, .ofs_x = 0, .ofs_y = 0},
    {.bitmap_index = 3543, .adv_w = 446, .box_w = 26, .box_h = 26, .ofs_x = 1, .ofs_y = -6},
    {.bitmap_index = 3881, .adv_w = 314, .box_w = 20, .box_h = 20, .ofs_x = 0, .ofs_y = 0},
    {.bitmap_index = 4081, .adv_w = 289, .box_w = 17, .box_h = 20, .ofs_x = 1, .ofs_y = 0},
    {.bitmap_index = 4251, .adv_w = 326, .box_w = 19, .box_h = 20, .ofs_x = 1, .ofs_y = 0},
    {.bitmap_index = 4441, .adv_w = 315, .box_w = 18, .box_h = 20, .ofs_x = 1, .ofs_y = 0},
    {.bitmap_index = 4621, .adv_w = 269, .box_w = 15, .box_h = 20, .ofs_x = 1, .ofs_y = 0},
    {.bitmap_index = 4771, .adv_w = 258, .box_w = 15, .box_h = 20, .ofs_x = 1, .ofs_y = 0},
    {.bitmap_index = 4921, .adv_w = 330, .box_w = 19, .box_h = 20, .ofs_x = 1, .ofs_y = 0},
    {.bitmap_index = 5111, .adv_w = 323, .box_w = 18, .box_h = 20, .ofs_x = 1, .ofs_y = 0},
    {.bitmap_index = 5291, .adv_w = 115, .box_w = 5, .box_h = 20, .ofs_x = 1, .ofs_y = 0},
    {.bitmap_index = 5341, .adv_w = 250, .box_w = 14, .box_h = 20, .ofs_x = 0, .ofs_y = 0},
    {.bitmap_index = 5481, .adv_w = 303, .box_w = 18, .box_h = 20, .ofs_x = 1, .ofs_y = 0},
    {.bitmap_index = 5661, .adv_w = 248, .box_w = 14, .box_h = 20, .ofs_x = 1, .ofs_y = 0},
    {.bitmap_index = 5801, .adv_w = 399, .box_w = 23, .box_h = 20, .ofs_x = 1, .ofs_y = 0},
    {.bitmap_index = 6031, .adv_w = 327, .box_w = 18, .box_h = 20, .ofs_x = 1, .ofs_y = 0},
    {.bitmap_index = 6211, .adv_w = 337, .box_w = 19, .box_h = 20, .ofs_x = 1, .ofs_y = 0},
    {.bitmap_index = 6401, .adv_w = 282, .box_w = 16, .box_h = 20, .ofs_x = 1, .ofs_y = 0},
    {.bitmap_index = 6561, .adv_w = 338, .box_w = 19, .box_h = 22, .ofs_x = 1, .ofs_y = -2},
    {.bitmap_index = 6770, .adv_w = 289, .box_w = 17, .box_h = 20, .ofs_x = 1, .ofs_y = 0},
    {.bitmap_index = 6940, .adv_w = 288, .box_w = 16, .box_h = 20, .ofs_x = 1, .ofs_y = 0},
    {.bitmap_index = 7100, .adv_w = 284, .box_w = 18, .box_h = 20, .ofs_x = 0, .ofs_y = 0},
    {.bitmap_index = 7280, .adv_w = 319, .box_w = 18, .box_h = 20, .ofs_x = 1, .ofs_y = 0},
    {.bitmap_index = 7460, .adv_w = 312, .box_w = 20, .box_h = 20, .ofs_x = 0, .ofs_y = 0},
    {.bitmap_index = 7660, .adv_w = 443, .box_w = 28, .box_h = 20, .ofs_x = 0, .ofs_y = 0},
    {.bitmap_index = 7940, .adv_w = 309, .box_w = 19, .box_h = 20, .ofs_x = 0, .ofs_y = 0},
    {.bitmap_index = 8130, .adv_w = 306, .box_w = 19, .box_h = 20, .ofs_x = 0, .ofs_y = 0},
    {.bitmap_index = 8320, .adv_w = 284, .box_w = 17, .box_h = 20, .ofs_x = 0, .ofs_y = 0},
    {.bitmap_index = 8490, .adv_w = 149, .box_w = 7, .box_h = 26, .ofs_x = 2, .ofs_y = -4},
    {.bitmap_index = 8581, .adv_w = 160, .box_w = 10, .box_h = 25, .ofs_x = 0, .ofs_y = -3},
    {.bitmap_index = 8706, .adv_w = 149, .box_w = 7, .box_h = 26, .ofs_x = 1, .ofs_y = -4},
    {.bitmap_index = 8797, .adv_w = 206, .box_w = 13, .box_h = 10, .ofs_x = 0, .ofs_y = 10},
    {.bitmap_index = 8862, .adv_w = 210, .box_w = 14, .box_h = 3, .ofs_x = 0, .ofs_y = -3},
    {.bitmap_index = 8883, .adv_w = 131, .box_w = 6, .box_h = 5, .ofs_x = 1, .ofs_y = 17},
    {.bitmap_index = 8898, .adv_w = 246, .box_w = 14, .box_h = 15, .ofs_x = 0, .ofs_y = 0},
    {.bitmap_index = 9003, .adv_w = 267, .box_w = 15, .box_h = 20, .ofs_x = 1, .ofs_y = 0},
    {.bitmap_index = 9153, .adv_w = 248, .box_w = 15, .box_h = 15, .ofs_x = 0, .ofs_y = 0},
    {.bitmap_index = 9266, .adv_w = 267, .box_w = 16, .box_h = 20, .ofs_x = 0, .ofs_y = 0},
    {.bitmap_index = 9426, .adv_w = 252, .box_w = 15, .box_h = 15, .ofs_x = 0, .ofs_y = 0},
    {.bitmap_index = 9539, .adv_w = 160, .box_w = 10, .box_h = 20, .ofs_x = 0, .ofs_y = 0},
    {.bitmap_index = 9639, .adv_w = 267, .box_w = 16, .box_h = 21, .ofs_x = 0, .ofs_y = -6},
    {.bitmap_index = 9807, .adv_w = 261, .box_w = 14, .box_h = 20, .ofs_x = 1, .ofs_y = 0},
    {.bitmap_index = 9947, .adv_w = 107, .box_w = 5, .box_h = 20, .ofs_x = 1, .ofs_y = 0},
    {.bitmap_index = 9997, .adv_w = 107, .box_w = 7, .box_h = 26, .ofs_x = -1, .ofs_y = -6},
    {.bitmap_index = 10088, .adv_w = 243, .box_w = 15, .box_h = 20, .ofs_x = 1, .ofs_y = 0},
    {.bitmap_index = 10238, .adv_w = 107, .box_w = 5, .box_h = 20, .ofs_x = 1, .ofs_y = 0},
    {.bitmap_index = 10288, .adv_w = 392, .box_w = 22, .box_h = 15, .ofs_x = 1, .ofs_y = 0},
    {.bitmap_index = 10453, .adv_w = 260, .box_w = 14, .box_h = 15, .ofs_x = 1, .ofs_y = 0},
    {.bitmap_index = 10558, .adv_w = 259, .box_w = 16, .box_h = 15, .ofs_x = 0, .ofs_y = 0},
    {.bitmap_index = 10678, .adv_w = 267, .box_w = 15, .box_h = 21, .ofs_x = 1, .ofs_y = -6},
    {.bitmap_index = 10836, .adv_w = 267, .box_w = 16, .box_h = 21, .ofs_x = 0, .ofs_y = -6},
    {.bitmap_index = 11004, .adv_w = 164, .box_w = 9, .box_h = 15, .ofs_x = 1, .ofs_y = 0},
    {.bitmap_index = 11072, .adv_w = 231, .box_w = 14, .box_h = 15, .ofs_x = 0, .ofs_y = 0},
    {.bitmap_index = 11177, .adv_w = 157, .box_w = 10, .box_h = 19, .ofs_x = 0, .ofs_y = 0},
    {.bitmap_index = 11272, .adv_w = 261, .box_w = 14, .box_h = 15, .ofs_x = 1, .ofs_y = 0},
    {.bitmap_index = 11377, .adv_w = 247, .box_w = 16, .box_h = 15, .ofs_x = 0, .ofs_y = 0},
    {.bitmap_index = 11497, .adv_w = 361, .box_w = 23, .box_h = 15, .ofs_x = 0, .ofs_y = 0},
    {.bitmap_index = 11670, .adv_w = 240, .box_w = 15, .box_h = 15, .ofs_x = 0, .ofs_y = 0},
    {.bitmap_index = 11783, .adv_w = 247, .box_w = 16, .box_h = 21, .ofs_x = 0, .ofs_y = -6},
    {.bitmap_index = 11951, .adv_w = 233, .box_w = 13, .box_h = 15, .ofs_x = 1, .ofs_y = 0},
    {.bitmap_index = 12049, .adv_w = 192, .box_w = 10, .box_h = 26, .ofs_x = 1, .ofs_y = -4},
    {.bitmap_index = 12179, .adv_w = 151, .box_w = 4, .box_h = 34, .ofs_x = 3, .ofs_y = -7},
    {.bitmap_index = 12247, .adv_w = 192, .box_w = 10, .box_h = 26, .ofs_x = 1, .ofs_y = -4},
    {.bitmap_index = 12377, .adv_w = 292, .box_w = 16, .box_h = 6, .ofs_x = 1, .ofs_y = 5},
    {.bitmap_index = 12425, .adv_w = 104, .box_w = 0, .box_h = 0, .ofs_x = 0, .ofs_y = 0},
    {.bitmap_index = 12425, .adv_w = 116, .box_w = 5, .box_h = 21, .ofs_x = 1, .ofs_y = -6},
    {.bitmap_index = 12478, .adv_w = 248, .box_w = 15, .box_h = 20, .ofs_x = 0, .ofs_y = 0},
    {.bitmap_index = 12628, .adv_w = 272, .box_w = 15, .box_h = 20, .ofs_x = 1, .ofs_y = 0},
    {.bitmap_index = 12778, .adv_w = 326, .box_w = 18, .box_h = 18, .ofs_x = 1, .ofs_y = 0},
    {.bitmap_index = 12940, .adv_w = 243, .box_w = 16, .box_h = 20, .ofs_x = 0, .ofs_y = 0},
    {.bitmap_index = 13100, .adv_w = 132, .box_w = 4, .box_h = 25, .ofs_x = 2, .ofs_y = -5},
    {.bitmap_index = 13150, .adv_w = 244, .box_w = 14, .box_h = 25, .ofs_x = 1, .ofs_y = -5},
    {.bitmap_index = 13325, .adv_w = 260, .box_w = 11, .box_h = 4, .ofs_x = 3, .ofs_y = 17},
    {.bitmap_index = 13347, .adv_w = 401, .box_w = 22, .box_h = 21, .ofs_x = 2, .ofs_y = 0},
    {.bitmap_index = 13578, .adv_w = 198, .box_w = 12, .box_h = 11, .ofs_x = 0, .ofs_y = 9},
    {.bitmap_index = 13644, .adv_w = 267, .box_w = 17, .box_h = 13, .ofs_x = 0, .ofs_y = 2},
    {.bitmap_index = 13755, .adv_w = 292, .box_w = 13, .box_h = 7, .ofs_x = 2, .ofs_y = 4},
    {.bitmap_index = 13801, .adv_w = 287, .box_w = 16, .box_h = 16, .ofs_x = 1, .ofs_y = 5},
    {.bitmap_index = 13929, .adv_w = 183, .box_w = 9, .box_h = 3, .ofs_x = 1, .ofs_y = 17},
    {.bitmap_index = 13943, .adv_w = 196, .box_w = 10, .box_h = 10, .ofs_x = 1, .ofs_y = 11},
    {.bitmap_index = 13993, .adv_w = 292, .box_w = 14, .box_h = 15, .ofs_x = 2, .ofs_y = 1},
    {.bitmap_index = 14098, .adv_w = 182, .box_w = 10, .box_h = 11, .ofs_x = 1, .ofs_y = 12},
    {.bitmap_index = 14153, .adv_w = 187, .box_w = 10, .box_h = 11, .ofs_x = 1, .ofs_y = 12},
    {.bitmap_index = 14208, .adv_w = 131, .box_w = 7, .box_h = 5, .ofs_x = 1, .ofs_y = 17},
    {.bitmap_index = 14226, .adv_w = 264, .box_w = 16, .box_h = 21, .ofs_x = 1, .ofs_y = -6},
    {.bitmap_index = 14394, .adv_w = 258, .box_w = 15, .box_h = 20, .ofs_x = 0, .ofs_y = 0},
    {.bitmap_index = 14544, .adv_w = 114, .box_w = 5, .box_h = 5, .ofs_x = 1, .ofs_y = 8},
    {.bitmap_index = 14557, .adv_w = 140, .box_w = 6, .box_h = 7, .ofs_x = 2, .ofs_y = -6},
    {.bitmap_index = 14578, .adv_w = 125, .box_w = 7, .box_h = 11, .ofs_x = 0, .ofs_y = 12},
    {.bitmap_index = 14617, .adv_w = 208, .box_w = 13, .box_h = 11, .ofs_x = 0, .ofs_y = 9},
    {.bitmap_index = 14689, .adv_w = 267, .box_w = 16, .box_h = 13, .ofs_x = 0, .ofs_y = 2},
    {.bitmap_index = 14793, .adv_w = 350, .box_w = 22, .box_h = 21, .ofs_x = 0, .ofs_y = 0},
    {.bitmap_index = 15024, .adv_w = 365, .box_w = 22, .box_h = 21, .ofs_x = 0, .ofs_y = 0},
    {.bitmap_index = 15255, .adv_w = 387, .box_w = 24, .box_h = 20, .ofs_x = 0, .ofs_y = 0},
    {.bitmap_index = 15495, .adv_w = 247, .box_w = 14, .box_h = 21, .ofs_x = 1, .ofs_y = -6},
    {.bitmap_index = 15642, .adv_w = 314, .box_w = 20, .box_h = 27, .ofs_x = 0, .ofs_y = 0},
    {.bitmap_index = 15912, .adv_w = 314, .box_w = 20, .box_h = 27, .ofs_x = 0, .ofs_y = 0},
    {.bitmap_index = 16182, .adv_w = 314, .box_w = 20, .box_h = 27, .ofs_x = 0, .ofs_y = 0},
    {.bitmap_index = 16452, .adv_w = 314, .box_w = 20, .box_h = 27, .ofs_x = 0, .ofs_y = 0},
    {.bitmap_index = 16722, .adv_w = 314, .box_w = 20, .box_h = 27, .ofs_x = 0, .ofs_y = 0},
    {.bitmap_index = 16992, .adv_w = 314, .box_w = 20, .box_h = 28, .ofs_x = 0, .ofs_y = 0},
    {.bitmap_index = 17272, .adv_w = 449, .box_w = 28, .box_h = 20, .ofs_x = 0, .ofs_y = 0},
    {.bitmap_index = 17552, .adv_w = 326, .box_w = 19, .box_h = 26, .ofs_x = 1, .ofs_y = -6},
    {.bitmap_index = 17799, .adv_w = 269, .box_w = 15, .box_h = 27, .ofs_x = 1, .ofs_y = 0},
    {.bitmap_index = 18002, .adv_w = 269, .box_w = 15, .box_h = 27, .ofs_x = 1, .ofs_y = 0},
    {.bitmap_index = 18205, .adv_w = 269, .box_w = 15, .box_h = 27, .ofs_x = 1, .ofs_y = 0},
    {.bitmap_index = 18408, .adv_w = 269, .box_w = 15, .box_h = 27, .ofs_x = 1, .ofs_y = 0},
    {.bitmap_index = 18611, .adv_w = 115, .box_w = 7, .box_h = 27, .ofs_x = -1, .ofs_y = 0},
    {.bitmap_index = 18706, .adv_w = 115, .box_w = 7, .box_h = 27, .ofs_x = 1, .ofs_y = 0},
    {.bitmap_index = 18801, .adv_w = 115, .box_w = 11, .box_h = 27, .ofs_x = -2, .ofs_y = 0},
    {.bitmap_index = 18950, .adv_w = 115, .box_w = 11, .box_h = 27, .ofs_x = -2, .ofs_y = 0},
    {.bitmap_index = 19099, .adv_w = 333, .box_w = 20, .box_h = 20, .ofs_x = 0, .ofs_y = 0},
    {.bitmap_index = 19299, .adv_w = 327, .box_w = 18, .box_h = 27, .ofs_x = 1, .ofs_y = 0},
    {.bitmap_index = 19542, .adv_w = 337, .box_w = 19, .box_h = 27, .ofs_x = 1, .ofs_y = 0},
    {.bitmap_index = 19799, .adv_w = 337, .box_w = 19, .box_h = 27, .ofs_x = 1, .ofs_y = 0},
    {.bitmap_index = 20056, .adv_w = 337, .box_w = 19, .box_h = 27, .ofs_x = 1, .ofs_y = 0},
    {.bitmap_index = 20313, .adv_w = 337, .box_w = 19, .box_h = 27, .ofs_x = 1, .ofs_y = 0},
    {.bitmap_index = 20570, .adv_w = 337, .box_w = 19, .box_h = 27, .ofs_x = 1, .ofs_y = 0},
    {.bitmap_index = 20827, .adv_w = 292, .box_w = 15, .box_h = 15, .ofs_x = 2, .ofs_y = 1},
    {.bitmap_index = 20940, .adv_w = 337, .box_w = 19, .box_h = 22, .ofs_x = 1, .ofs_y = -1},
    {.bitmap_index = 21149, .adv_w = 319, .box_w = 18, .box_h = 27, .ofs_x = 1, .ofs_y = 0},
    {.bitmap_index = 21392, .adv_w = 319, .box_w = 18, .box_h = 27, .ofs_x = 1, .ofs_y = 0},
    {.bitmap_index = 21635, .adv_w = 319, .box_w = 18, .box_h = 27, .ofs_x = 1, .ofs_y = 0},
    {.bitmap_index = 21878, .adv_w = 319, .box_w = 18, .box_h = 27, .ofs_x = 1, .ofs_y = 0},
    {.bitmap_index = 22121, .adv_w = 306, .box_w = 19, .box_h = 27, .ofs_x = 0, .ofs_y = 0},
    {.bitmap_index = 22378, .adv_w = 285, .box_w = 15, .box_h = 20, .ofs_x = 1, .ofs_y = 0},
    {.bitmap_index = 22528, .adv_w = 278, .box_w = 16, .box_h = 20, .ofs_x = 1, .ofs_y = 0},
    {.bitmap_index = 22688, .adv_w = 246, .box_w = 14, .box_h = 20, .ofs_x = 0, .ofs_y = 0},
    {.bitmap_index = 22828, .adv_w = 246, .box_w = 14, .box_h = 20, .ofs_x = 0, .ofs_y = 0},
    {.bitmap_index = 22968, .adv_w = 246, .box_w = 14, .box_h = 20, .ofs_x = 0, .ofs_y = 0},
    {.bitmap_index = 23108, .adv_w = 246, .box_w = 14, .box_h = 20, .ofs_x = 0, .ofs_y = 0},
    {.bitmap_index = 23248, .adv_w = 246, .box_w = 14, .box_h = 20, .ofs_x = 0, .ofs_y = 0},
    {.bitmap_index = 23388, .adv_w = 246, .box_w = 14, .box_h = 23, .ofs_x = 0, .ofs_y = 0},
    {.bitmap_index = 23549, .adv_w = 397, .box_w = 24, .box_h = 15, .ofs_x = 0, .ofs_y = 0},
    {.bitmap_index = 23729, .adv_w = 248, .box_w = 15, .box_h = 21, .ofs_x = 0, .ofs_y = -6},
    {.bitmap_index = 23887, .adv_w = 252, .box_w = 15, .box_h = 20, .ofs_x = 0, .ofs_y = 0},
    {.bitmap_index = 24037, .adv_w = 252, .box_w = 15, .box_h = 20, .ofs_x = 0, .ofs_y = 0},
    {.bitmap_index = 24187, .adv_w = 252, .box_w = 15, .box_h = 20, .ofs_x = 0, .ofs_y = 0},
    {.bitmap_index = 24337, .adv_w = 252, .box_w = 15, .box_h = 20, .ofs_x = 0, .ofs_y = 0},
    {.bitmap_index = 24487, .adv_w = 107, .box_w = 7, .box_h = 20, .ofs_x = -1, .ofs_y = 0},
    {.bitmap_index = 24557, .adv_w = 107, .box_w = 7, .box_h = 20, .ofs_x = 1, .ofs_y = 0},
    {.bitmap_index = 24627, .adv_w = 107, .box_w = 11, .box_h = 20, .ofs_x = -2, .ofs_y = 0},
    {.bitmap_index = 24737, .adv_w = 107, .box_w = 11, .box_h = 20, .ofs_x = -2, .ofs_y = 0},
    {.bitmap_index = 24847, .adv_w = 256, .box_w = 16, .box_h = 23, .ofs_x = 0, .ofs_y = 0},
    {.bitmap_index = 25031, .adv_w = 260, .box_w = 14, .box_h = 20, .ofs_x = 1, .ofs_y = 0},
    {.bitmap_index = 25171, .adv_w = 259, .box_w = 16, .box_h = 20, .ofs_x = 0, .ofs_y = 0},
    {.bitmap_index = 25331, .adv_w = 259, .box_w = 16, .box_h = 20, .ofs_x = 0, .ofs_y = 0},
    {.bitmap_index = 25491, .adv_w = 259, .box_w = 16, .box_h = 20, .ofs_x = 0, .ofs_y = 0},
    {.bitmap_index = 25651, .adv_w = 259, .box_w = 16, .box_h = 20, .ofs_x = 0, .ofs_y = 0},
    {.bitmap_index = 25811, .adv_w = 259, .box_w = 16, .box_h = 20, .ofs_x = 0, .ofs_y = 0},
    {.bitmap_index = 25971, .adv_w = 292, .box_w = 14, .box_h = 15, .ofs_x = 2, .ofs_y = 1},
    {.bitmap_index = 26076, .adv_w = 259, .box_w = 16, .box_h = 17, .ofs_x = 0, .ofs_y = -1},
    {.bitmap_index = 26212, .adv_w = 261, .box_w = 14, .box_h = 20, .ofs_x = 1, .ofs_y = 0},
    {.bitmap_index = 26352, .adv_w = 261, .box_w = 14, .box_h = 20, .ofs_x = 1, .ofs_y = 0},
    {.bitmap_index = 26492, .adv_w = 261, .box_w = 14, .box_h = 20, .ofs_x = 1, .ofs_y = 0},
    {.bitmap_index = 26632, .adv_w = 261, .box_w = 14, .box_h = 20, .ofs_x = 1, .ofs_y = 0},
    {.bitmap_index = 26772, .adv_w = 247, .box_w = 16, .box_h = 26, .ofs_x = 0, .ofs_y = -6},
    {.bitmap_index = 26980, .adv_w = 267, .box_w = 15, .box_h = 26, .ofs_x = 1, .ofs_y = -6},
    {.bitmap_index = 27175, .adv_w = 247, .box_w = 16, .box_h = 26, .ofs_x = 0, .ofs_y = -6},
    {.bitmap_index = 27383, .adv_w = 180, .box_w = 10, .box_h = 3, .ofs_x = 1, .ofs_y = 7},
    {.bitmap_index = 27398, .adv_w = 180, .box_w = 10, .box_h = 3, .ofs_x = 1, .ofs_y = 7},
    {.bitmap_index = 27413, .adv_w = 289, .box_w = 17, .box_h = 3, .ofs_x = 1, .ofs_y = 8},
    {.bitmap_index = 27439, .adv_w = 224, .box_w = 14, .box_h = 3, .ofs_x = 0, .ofs_y = 7},
    {.bitmap_index = 27460, .adv_w = 448, .box_w = 28, .box_h = 3, .ofs_x = 0, .ofs_y = 7},
    {.bitmap_index = 27502, .adv_w = 448, .box_w = 28, .box_h = 3, .ofs_x = 0, .ofs_y = 7},
    {.bitmap_index = 27544, .adv_w = 229, .box_w = 9, .box_h = 34, .ofs_x = 3, .ofs_y = -7},
    {.bitmap_index = 27697, .adv_w = 201, .box_w = 14, .box_h = 6, .ofs_x = -1, .ofs_y = -6},
    {.bitmap_index = 27739, .adv_w = 104, .box_w = 5, .box_h = 8, .ofs_x = 1, .ofs_y = 12},
    {.bitmap_index = 27759, .adv_w = 104, .box_w = 5, .box_h = 8, .ofs_x = 1, .ofs_y = 13},
    {.bitmap_index = 27779, .adv_w = 96, .box_w = 6, .box_h = 8, .ofs_x = 0, .ofs_y = -4},
    {.bitmap_index = 27803, .adv_w = 104, .box_w = 6, .box_h = 8, .ofs_x = 0, .ofs_y = 12},
    {.bitmap_index = 27827, .adv_w = 190, .box_w = 11, .box_h = 8, .ofs_x = 1, .ofs_y = 12},
    {.bitmap_index = 27871, .adv_w = 188, .box_w = 11, .box_h = 8, .ofs_x = 1, .ofs_y = 13},
    {.bitmap_index = 27915, .adv_w = 180, .box_w = 11, .box_h = 8, .ofs_x = 0, .ofs_y = -4},
    {.bitmap_index = 27959, .adv_w = 188, .box_w = 11, .box_h = 8, .ofs_x = 0, .ofs_y = 12},
    {.bitmap_index = 28003, .adv_w = 241, .box_w = 13, .box_h = 15, .ofs_x = 1, .ofs_y = 5},
    {.bitmap_index = 28101, .adv_w = 241, .box_w = 13, .box_h = 20, .ofs_x = 1, .ofs_y = 0},
    {.bitmap_index = 28231, .adv_w = 208, .box_w = 9, .box_h = 9, .ofs_x = 2, .ofs_y = 4},
    {.bitmap_index = 28272, .adv_w = 208, .box_w = 8, .box_h = 10, .ofs_x = 3, .ofs_y = 3},
    {.bitmap_index = 28312, .adv_w = 114, .box_w = 5, .box_h = 5, .ofs_x = 1, .ofs_y = 0},
    {.bitmap_index = 28325, .adv_w = 228, .box_w = 12, .box_h = 5, .ofs_x = 1, .ofs_y = 0},
    {.bitmap_index = 28355, .adv_w = 342, .box_w = 19, .box_h = 5, .ofs_x = 1, .ofs_y = 0},
    {.bitmap_index = 28403, .adv_w = 418, .box_w = 21, .box_h = 20, .ofs_x = 2, .ofs_y = -1},
    {.bitmap_index = 28613, .adv_w = 386, .box_w = 20, .box_h = 21, .ofs_x = 2, .ofs_y = 0},
    {.bitmap_index = 28823, .adv_w = 418, .box_w = 21, .box_h = 20, .ofs_x = 3, .ofs_y = -1},
    {.bitmap_index = 29033, .adv_w = 386, .box_w = 20, .box_h = 22, .ofs_x = 2, .ofs_y = -1}
};

/*---------------------
 *  CHARACTER MAPPING
 *--------------------*/



/*Collect the unicode lists and glyph_id offsets*/
static const lv_font_fmt_txt_cmap_t cmaps[] =
{
    {
        .range_start = 32, .range_length = 95, .glyph_id_start = 1,
        .unicode_list = NULL, .glyph_id_ofs_list = NULL, .list_length = 0, .type = LV_FONT_FMT_TXT_CMAP_FORMAT0_TINY
    },
    {
        .range_start = 160, .range_length = 13, .glyph_id_start = 96,
        .unicode_list = NULL, .glyph_id_ofs_list = NULL, .list_length = 0, .type = LV_FONT_FMT_TXT_CMAP_FORMAT0_TINY
    },
    {
        .range_start = 174, .range_length = 82, .glyph_id_start = 109,
        .unicode_list = NULL, .glyph_id_ofs_list = NULL, .list_length = 0, .type = LV_FONT_FMT_TXT_CMAP_FORMAT0_TINY
    },
    {
        .range_start = 8208, .range_length = 23, .glyph_id_start = 191,
        .unicode_list = NULL, .glyph_id_ofs_list = NULL, .list_length = 0, .type = LV_FONT_FMT_TXT_CMAP_FORMAT0_TINY
    },
    {
        .range_start = 8592, .range_length = 4, .glyph_id_start = 214,
        .unicode_list = NULL, .glyph_id_ofs_list = NULL, .list_length = 0, .type = LV_FONT_FMT_TXT_CMAP_FORMAT0_TINY
    }
};

/*-----------------
 *    KERNING
 *----------------*/


/*Map glyph_ids to kern left classes*/
static const uint8_t kern_left_class_mapping[] =
{
    0, 0, 0, 1, 0, 2, 0, 3,
    1, 4, 0, 5, 6, 7, 6, 7,
    8, 9, 10, 0, 11, 12, 13, 0,
    14, 11, 9, 15, 15, 0, 16, 17,
    18, 19, 20, 21, 22, 23, 24, 25,
    26, 27, 27, 28, 29, 30, 27, 27,
    23, 31, 23, 32, 33, 34, 28, 35,
    36, 37, 38, 39, 4, 40, 0, 5,
    41, 0, 42, 43, 43, 27, 43, 44,
    45, 42, 46, 46, 47, 27, 42, 42,
    43, 43, 45, 48, 49, 50, 51, 52,
    53, 54, 52, 55, 4, 10, 0, 56,
    0, 57, 58, 0, 0, 59, 0, 0,
    0, 19, 60, 61, 62, 63, 0, 5,
    16, 0, 0, 0, 64, 10, 65, 0,
    0, 60, 66, 0, 0, 0, 67, 20,
    20, 20, 20, 20, 20, 24, 22, 24,
    24, 24, 24, 27, 27, 68, 68, 23,
    27, 23, 23, 23, 23, 23, 69, 23,
    28, 28, 28, 28, 38, 70, 71, 42,
    42, 42, 42, 42, 42, 72, 43, 43,
    43, 43, 43, 46, 46, 73, 74, 43,
    75, 43, 43, 43, 76, 76, 6, 43,
    51, 51, 51, 51, 52, 43, 52, 0,
    0, 0, 0, 0, 0, 0, 0, 77,
    78, 79, 0, 77, 78, 79, 0, 80,
    80, 81, 81, 0, 0, 7, 6, 0,
    0, 0
};

/*Map glyph_ids to kern right classes*/
static const uint8_t kern_right_class_mapping[] =
{
    0, 0, 0, 1, 0, 2, 0, 3,
    1, 0, 4, 5, 6, 7, 8, 9,
    10, 11, 12, 0, 13, 14, 0, 11,
    15, 13, 0, 16, 16, 17, 18, 0,
    19, 20, 21, 22, 23, 22, 22, 22,
    23, 22, 22, 24, 22, 22, 22, 22,
    23, 22, 23, 22, 25, 26, 27, 28,
    29, 30, 31, 32, 0, 33, 4, 34,
    35, 0, 36, 22, 37, 37, 37, 38,
    37, 22, 39, 40, 22, 22, 41, 41,
    37, 41, 37, 41, 42, 43, 44, 45,
    46, 47, 45, 48, 0, 49, 4, 50,
    0, 0, 51, 0, 0, 52, 0, 0,
    0, 53, 54, 55, 56, 57, 0, 58,
    18, 0, 0, 0, 59, 60, 61, 0,
    0, 54, 62, 0, 0, 0, 63, 21,
    21, 21, 21, 21, 21, 21, 23, 22,
    22, 22, 22, 22, 22, 64, 64, 65,
    22, 23, 23, 23, 23, 23, 66, 23,
    27, 27, 27, 27, 31, 22, 22, 36,
    36, 36, 67, 68, 36, 36, 37, 37,
    37, 37, 69, 70, 71, 70, 72, 37,
    41, 37, 37, 37, 73, 69, 6, 37,
    44, 44, 44, 74, 45, 22, 75, 0,
    0, 0, 0, 0, 0, 0, 0, 76,
    77, 78, 79, 76, 77, 78, 79, 80,
    80, 81, 81, 0, 0, 82, 0, 0,
    6, 0
};

/*Kern values between classes*/
static const int8_t kern_class_values[] =
{
    0, 0, 0, 0, 0, 0, 0, 0,
    0, 0, 0, 0, 0, 0, 0, 0,
    0, 0, 0, 0, -35, 0, 0, -74,
    0, 0, 0, 0, 0, 0, 0, 0,
    0, 0, 0, 0, -15, 0, 0, 0,
    0, -10, 0, 0, 0, 0, 0, 0,
    0, 0, 0, 0, 0, 0, 0, 0,
    0, 0, 0, 0, 0, 0, 0, 0,
    0, 0, 0, 0, -15, 0, 0, 0,
    -15, 0, 0, 0, 0, 0, 0, 0,
    0, 0, 0, 0, 0, 0, 0, 0,
    0, 0, 0, 0, 0, 0, 0, 0,
    0, 0, 0, 0, 0, 0, -5, 0,
    0, 0, 0, -6, 0, 0, 0, -9,
    0, 0, 0, 0, 0, 0, 0, 0,
    0, 0, 0, 0, 0, 0, 0, 0,
    0, 0, 0, 0, 0, 0, 0, 0,
    0, 0, 0, 0, 0, 0, 0, 0,
    0, 0, 0, 0, 0, 0, 0, 0,
    0, 20, 0, 0, 0, 0, 0, 0,
    0, 0, 0, 0, 0, 0, 0, 0,
    0, 0, 0, 0, 0, 0, 0, 0,
    0, 0, 0, 0, 0, 0, 0, 0,
    0, 0, 0, 0, 0, -25, 0, -28,
    -18, 0, -33, 0, 0, 0, 0, 0,
    0, 0, 0, 0, 0, 0, 0, 0,
    -15, -15, 0, 0, 0, 0, 0, 0,
    0, -18, 0, 0, 0, 0, 0, 0,
    0, 0, 0, 0, 0, 0, 0, 0,
    0, 0, 0, 0, 0, 0, -15, 0,
    0, 0, 0, 0, 0, 0, 0, 0,
    0, 0, 0, 0, 0, 0, 0, 0,
    0, 0, 0, 0, 0, 0, 0, 0,
    0, 0, 0, 1, 0, 0, 0, 0,
    0, 0, 0, 0, 0, 0, 0, 0,
    0, 0, -3, 0, 0, 8, 1, 0,
    0, 0, 0, 0, 0, 0, 0, 0,
    0, 0, 0, 0, 0, 0, 0, 0,
    0, 0, 0, 0, 0, 0, 0, 0,
    0, 0, -3, 0, 0, 0, -3, 0,
    0, 0, 0, 0, 0, 0, 0, 0,
    0, 0, 0, 0, 0, 0, 0, 0,
    0, 0, 0, 0, 0, 0, 0, 0,
    0, 0, 0, 0, -40, 0, -2, -43,
    0, 0, 0, 0, 0, 0, 0, 0,
    0, 0, 0, 0, 0, 0, 0, 0,
    0, 0, 0, 0, 0, 0, 0, 0,
    0, 0, 0, 0, 0, 0, 0, 0,
    0, 0, 0, 0, 0, 0, 0, 0,
    5, 0, 0, 0, 0, 0, 0, 0,
    0, 0, 0, 0, 0, 0, 0, 0,
    0, 0, 0, 0, 0, 0, 0, 0,
    0, 0, 0, 0, 0, 0, 0, 0,
    0, 0, 0, 0, 0, 0, -15, 0,
    0, -20, 0, -34, 0, -21, -19, -20,
    -31, 0, 0, 0, 0, 0, 0, 0,
    0, 0, 0, 0, 0, 0, -6, 0,
    -10, 0, 0, 0, 0, 0, 0, 0,
    0, 0, 0, 0, 0, 0, 0, 0,
    0, 0, 0, 0, 0, 0, 0, 0,
    0, 0, 0, 0, -6, 0, 0, 0,
    0, 0, 0, 0, 0, 0, 0, 0,
    0, 0, 0, 0, 0, 0, 0, 0,
    0, 0, 0, 0, 0, 0, 0, 0,
    0, 0, -20, 0, 0, -15, 0, 0,
    0, 0, -24, 0, 0, 0, 0, 0,
    0, 0, 0, 0, 0, 0, 0, 0,
    0, 0, 0, 0, 0, 0, 0, 0,
    0, 0, 0, 0, 0, 0, 0, 0,
    0, 0, 0, 0, 0, 0, 0, 0,
    0, 0, 0, 0, 0, 0, 0, 0,
    0, 0, 0, 0, 0, 0, 0, 0,
    0, 0, 0, 0, 0, 0, 0, 0,
    0, 0, 0, 0, 0, 0, 0, 0,
    0, 0, -20, 0, 0, -28, 0, 0,
    0, 2, 2, 0, 0, 0, 0, 0,
    0, 0, 0, 0, 0, 0, 0, 0,
    0, 0, 0, 0, 0, 0, 0, 0,
    0, 0, 0, 0, 0, 0, 0, 0,
    0, 0, 0, 0, 0, 0, 0, 0,
    0, 0, 0, 0, 0, 0, 0, 0,
    0, 0, 0, 0, 0, 0, 0, 0,
    0, 0, 0, 0, 0, 0, 0, 0,
    0, 0, 0, 0, 0, 0, 0, 0,
    0, 0, 0, 0, -10, 0, 0, 0,
    0, 0, 0, -14, 0, -17, -15, 0,
    0, 0, 0, 0, 0, 0, 0, 0,
    0, 0, 9, 0, 0, 0, 0, 0,
    0, 0, 0, 0, 0, 0, 0, 0,
    0, 0, 0, 0, 0, 0, 0, 0,
    0, 0, 0, 0, 0, 0, 0, 0,
    0, 0, 0, 0, 0, 0, 0, 0,
    0, 0, 0, 0, 0, 0, 0, 0,
    0, 0, 0, 0, 0, 0, 0, 0,
    0, 0, 0, 0, 0, 0, 0, 0,
    0, 0, 0, 0, 0, 0, 0, 0,
    0, 0, 0, 0, 0, 0, 0, 0,
    0, 0, 0, 0, 3, 0, 3, 0,
    0, 0, 0, 0, 0, 0, 0, 0,
    0, 0, 0, 0, 0, 0, 0, 0,
    0, 0, 16, 0, 0, 0, 0, 0,
    0, 34, 0, 0, 3, 0, 0, 0,
    0, 0, 0, 0, 0, 0, 0, 0,
    0, 0, 0, 0, 0, 0, 0, 0,
    0, 0, 0, 0, 0, 0, 0, 0,
    0, 0, 0, 0, 0, 0, 0, 0,
    0, -10, 0, 0, 0, 0, 0, 0,
    0, 0, 0, 0, 0, 0, 0, 0,
    0, 0, 0, 0, 0, 0, 0, 0,
    0, 0, 0, 0, 0, 0, 0, 0,
    0, 0, 0, 0, 0, 0, 0, 0,
    0, 0, 0, 0, 0, 0, 0, 0,
    0, 0, 0, 0, 0, 0, 0, 0,
    0, 0, 0, 0, 0, 0, 0, 0,
    0, 0, 0, 0, 0, 0, 0, 0,
    0, 0, -1, 0, 0, 0, 0, 0,
    0, 0, 0, 0, 0, 0, 0, 0,
    0, 0, 0, 0, 0, 0, 0, 0,
    -10, 0, 0, 0, 0, 0, 0, 0,
    0, 0, 0, 0, 0, 0, 0, 0,
    0, 0, 0, 0, 0, 0, 0, 0,
    0, 0, 0, 0, 0, 0, 0, 0,
    0, 0, 0, 0, 0, 0, 0, 0,
    0, 0, 0, 0, 0, 0, 0, 0,
    0, 0, 0, 0, 0, 0, 0, 0,
    0, 0, 0, 0, 0, 0, 0, 0,
    0, 0, 0, 0, 0, 0, 0, 0,
    0, 0, 0, 0, 0, 0, 0, 0,
    0, 0, -5, 0, 0, 0, 0, 0,
    0, 0, 0, 0, 0, 0, 0, 0,
    0, 0, 0, 0, 0, 0, 0, 0,
    0, 0, 0, 0, 0, 0, 0, 0,
    0, 0, 0, 0, 0, 0, 0, 0,
    0, 0, 0, 0, 0, 0, 0, 0,
    0, 0, 0, 0, 0, 0, 0, 0,
    0, 0, 0, 0, 0, 0, -48, 0,
    0, -43, 0, 0, 0, 0, 0, 0,
    0, 0, 0, 0, 0, -20, -23, 0,
    0, 0, -23, -25, 0, 0, 0, 0,
    0, 0, 0, 0, 0, 0, 0, 0,
    0, 0, 0, 0, 0, 0, 0, 0,
    0, 0, 0, 0, -20, -20, -23, 0,
    0, 41, -23, 0, 0, 0, 0, 0,
    0, 0, 0, 0, 0, 0, 0, 0,
    0, 0, 0, 0, 0, 0, 0, 0,
    0, 0, 0, 0, 0, 0, 0, 0,
    0, 0, 0, 0, 0, -15, 0, -28,
    0, 0, 0, 0, 0, 0, 0, 0,
    0, 0, 0, 0, 0, 0, 0, 0,
    0, 0, 0, 0, 0, 0, 0, 0,
    0, 0, 0, 0, 0, 0, 0, 0,
    0, 0, 0, 0, 0, 0, 0, 0,
    0, 0, 0, 0, 0, 0, 0, 0,
    0, 0, 0, 0, 0, 0, 0, 0,
    0, 0, 0, 0, 0, 0, 0, 0,
    0, 0, 0, 0, 0, 0, 0, 0,
    0, 0, -23, 0, 0, 0, 0, -20,
    0, -30, -28, -23, -43, 0, 0, 0,
    0, 0, 0, 0, 0, 0, 0, 0,
    0, 0, -18, 0, -15, 0, 0, 0,
    0, 0, 0, 0, 0, 0, 0, 0,
    0, 0, 0, 0, 0, 0, 0, 0,
    0, 0, 0, 0, 0, 0, 0, 0,
    -18, 0, 0, 0, 0, 0, 0, 0,
    0, 0, 0, 0, 0, 0, 0, 0,
    0, 0, 0, 0, 0, 0, 0, 0,
    0, 0, 0, 0, -11, 0, 0, 0,
    0, -35, 0, -33, -33, -25, -41, -28,
    0, 0, 0, 0, 0, 0, 0, 0,
    0, 0, 0, 0, 0, 0, 0, 0,
    0, 0, 0, 0, 0, 0, 0, 0,
    0, 0, 0, 0, 0, 0, 0, 0,
    0, 0, 0, 0, 0, 0, 0, 0,
    0, 0, 0, 0, 0, 0, 0, 0,
    0, 0, 0, 0, 0, 0, 0, 0,
    0, 0, 0, 0, 0, 0, 0, 0,
    0, 0, 0, 0, 0, 0, -28, 0,
    0, 0, 0, 0, 0, 0, 0, 0,
    0, 0, 0, 0, 0, 0, 0, 0,
    0, 0, 0, 0, 0, 0, 0, 0,
    0, 0, 0, 0, 0, 0, 0, 0,
    0, 0, 0, 0, 0, 0, 0, 0,
    0, 0, 0, 0, 0, 0, 0, 0,
    0, 0, 0, 0, 0, 0, 0, 0,
    0, 0, 0, 0, 0, 0, 0, 0,
    0, 0, 0, 0, 0, 0, 0, 0,
    0, 0, 0, 0, 0, 0, 0, 0,
    -17, 0, 0, 0, 0, -17, 0, -18,
    -11, -26, -22, 0, 0, 0, 0, 0,
    0, 0, 0, 0, 0, 0, 0, 0,
    0, 0, 0, 0, 0, 0, 0, 0,
    0, 0, 0, 0, 0, 0, 0, 0,
    0, 0, 0, 0, 0, 0, 0, 0,
    0, 0, 0, 0, 0, 0, 0, 0,
    0, 0, 0, 0, 0, 0, -35, -5,
    0, 0, -40, -15, 0, -15, 0, 7,
    -10, -37, 0, 0, 0, 0, -11, -23,
    -28, -17, 5, 0, -17, 0, -5, -43,
    -17, -44, -34, 0, -45, 0, -44, -40,
    0, 0, -9, -5, 0, 0, 0, -3,
    -16, 0, -30, -30, 0, 0, 0, -15,
    -9, 0, -17, -33, -15, -15, -32, -40,
    0, -24, -15, -15, 0, 0, 0, -15,
    0, 0, -9, 0, 0, 0, -9, 0,
    -30, -58, -46, 0, 0, -33, -15, 0,
    0, 0, 0, 0, 0, 0, 0, 0,
    0, 0, 0, 0, 0, 0, 0, 0,
    0, 0, 0, 0, 0, 0, 0, 0,
    0, -17, 0, 0, 0, 0, 0, 0,
    0, 0, 0, 0, 0, 0, 0, 0,
    0, 0, 0, 0, 0, 0, 0, 0,
    0, 0, 0, 0, 0, 0, 0, 0,
    0, 0, 0, 0, 0, 0, 0, 0,
    0, 0, 0, 0, 0, 0, 0, 15,
    0, 0, 0, -15, 0, 0, 0, 0,
    0, 0, 0, 0, 0, 0, 0, 0,
    0, 0, 0, 0, 0, 0, 0, 0,
    0, 0, 0, 0, 0, 0, -10, 0,
    0, 0, 0, 0, 0, 0, 0, -5,
    0, 0, 0, 0, -18, 0, 0, 0,
    0, 0, 0, 0, 0, 0, 2, 0,
    0, 0, 0, 0, 0, 0, 0, 0,
    0, 0, 0, 0, 0, 0, 0, 0,
    0, 0, 0, 0, 0, 0, 0, 0,
    0, 15, 0, 0, 2, 0, 0, 0,
    0, 0, 0, 0, 0, 0, 0, 0,
    0, 0, -20, 0, -20, -18, 0, 0,
    0, 0, 0, 0, 0, 0, 0, 0,
    -17, 0, 0, 0, 0, -17, 0, -18,
    -11, -26, -22, 0, -18, 0, -18, 0,
    0, 0, 0, 0, 0, 0, 0, 0,
    0, 0, 0, 0, 0, 0, 0, 0,
    0, 0, 0, 0, -2, 0, 0, 0,
    0, 0, 0, 0, 0, 0, 0, 0,
    0, 0, 0, 0, 0, 0, 0, -15,
    0, -18, 0, 0, 0, -20, 0, 0,
    0, 0, 0, 0, 0, 0, 0, 0,
    0, 0, 0, 0, 0, 0, 0, 0,
    0, 0, 0, 0, 0, 0, 0, 0,
    0, 0, 0, 0, 0, 0, 0, 0,
    0, 0, 0, 0, 0, 0, 0, 0,
    0, 0, 0, 0, 0, 0, 0, 0,
    0, 0, 0, 0, 0, 0, 0, 0,
    0, 0, 0, 0, 0, 0, 0, 0,
    0, 0, 0, 0, 0, 33, 0, 0,
    0, 0, 0, 0, 0, 0, 0, 0,
    0, 0, 0, 0, 0, 0, -18, 0,
    -15, -8, 0, 0, 0, 0, 0, 0,
    0, 0, 0, -2, -41, 0, -2, -30,
    0, 0, 0, 0, 0, 0, 0, 0,
    0, 0, -15, -8, -6, 0, 0, 0,
    -6, 0, 0, -15, -15, 0, 0, -15,
    0, 0, -6, 0, -2, 0, 0, 0,
    0, 0, -15, 0, 0, 0, 0, 0,
    0, 0, -8, -8, -6, 0, 0, 0,
    -6, -15, -15, 0, 0, -53, 0, 0,
    0, -38, 0, 0, 0, 0, 0, 0,
    0, 0, 0, 0, 0, 0, 0, 0,
    0, 0, 0, 0, 0, 0, -13, 0,
    0, 0, 0, -14, 0, -10, 0, -5,
    -12, 0, -10, 0, 0, 0, 0, 0,
    0, 0, 0, 0, 0, 0, 0, 0,
    0, 0, 0, 0, 0, 0, 0, 0,
    0, 0, 0, 0, 0, 0, 0, 0,
    0, 0, 0, 0, 0, 0, 0, 0,
    0, 15, 0, 0, 0, 0, 0, 0,
    0, 0, 0, 0, 0, 0, 0, 1,
    0, 0, 0, 0, 0, 0, 0, 0,
    0, 0, 0, 0, 0, 0, 0, 0,
    0, 0, 0, 0, 0, 0, 0, 0,
    0, 0, 0, 0, 0, 0, 1, 0,
    0, 0, 0, 0, 0, 0, 3, 0,
    3, 0, 0, 0, 0, 0, 0, 0,
    0, 0, 0, 0, 0, 0, 0, 0,
    0, 0, 0, 0, 16, 0, 0, 0,
    0, 0, 0, 34, 0, 0, 3, 0,
    0, 0, 0, 0, 0, 0, 0, 0,
    0, 0, 0, 0, -15, 0, -15, -25,
    0, 0, 0, 0, 0, 0, 0, 0,
    0, 0, -17, 0, 0, 0, 0, 0,
    0, 0, 0, 0, 0, 0, 0, 0,
    -23, 0, 0, 0, 0, 0, 0, 0,
    0, 0, 0, 0, 0, 0, 0, 0,
    0, 0, 0, 0, 0, 0, 0, 0,
    0, 0, 0, 0, 0, 0, 0, 0,
    0, 0, 0, 0, 0, 0, 0, 0,
    0, 0, 0, -35, 0, 0, 0, -15,
    0, -11, 0, 0, 0, -39, 0, -39,
    0, 0, 0, 0, 0, 0, 0, 0,
    -30, -15, 0, -20, 0, 0, -20, 0,
    -11, 0, 0, 0, 0, 0, 0, 0,
    0, 0, 0, 0, -18, 0, 1, 0,
    0, 0, 0, -15, -18, -28, 0, 0,
    0, -39, -18, 0, -20, 0, -23, -23,
    -7, 0, -15, 0, -20, 0, 0, 0,
    0, -15, 0, 0, -18, 1, 1, 38,
    -18, -15, -18, 0, 0, 0, 0, 0,
    -15, 0, -41, 0, 0, 0, -18, -33,
    0, -23, 0, 0, 0, -20, 0, 0,
    0, 0, 0, 0, -17, -13, 0, 0,
    -13, 0, 0, -42, 0, -33, -11, 0,
    -54, 0, -33, -58, 0, 0, 0, 0,
    0, 0, 0, 0, -10, 0, -30, 0,
    0, 0, 0, -18, 0, 0, -13, -43,
    -28, -58, -36, -20, 0, -38, -28, 0,
    0, 0, 0, -15, 0, 0, 0, 0,
    0, 0, 0, 0, -30, -38, -28, 0,
    -20, -43, -15, 0, 0, 0, -15, 0,
    0, -13, -18, -13, -15, 0, 0, 0,
    0, 0, 0, 0, 0, 0, 0, 0,
    -36, 0, 0, -43, 0, -3, 0, 0,
    0, 0, 0, 0, 0, 0, 0, -9,
    -10, 0, 0, 0, -2, 0, 0, 0,
    0, 0, 0, 0, 0, -13, -10, 0,
    0, 0, 0, -13, 0, 0, 0, 0,
    -13, 0, 0, 0, 0, 0, -9, -9,
    -10, 0, 0, 0, -10, 0, 0, 0,
    0, -63, 0, 0, 0, -43, 0, 0,
    0, 0, 0, 0, 0, 0, 0, 0,
    0, 0, 0, 0, 0, 0, 0, 0,
    0, -1, 0, 0, -1, 0, 0, -7,
    0, -8, 0, 0, -12, 0, -8, 0,
    0, -5, -9, 0, 0, 0, 0, 0,
    0, 0, 0, 0, 0, 0, 0, 0,
    -9, 0, -1, 0, 0, 0, 0, 0,
    0, 0, 0, 0, 0, 0, 0, 0,
    -5, -5, -9, 0, 0, 20, -9, 0,
    0, 0, 0, 0, 0, 0, 0, 0,
    0, 0, 0, 0, 0, 0, 0, 0,
    0, 0, 0, 0, 0, 0, -2, 0,
    0, 0, 0, 0, -5, 0, 0, 0,
    0, -6, 0, 0, 0, -9, 0, 0,
    0, 0, 0, 0, 0, 0, 0, 0,
    0, 0, 0, 0, 0, 0, 0, 0,
    0, 0, 0, 0, 0, 0, 0, 0,
    0, 0, 0, 0, 0, 0, 0, 0,
    0, 0, 0, 0, 0, 0, 0, 20,
    0, 0, 0, 0, 0, 0, 0, 0,
    0, 0, 0, -2, -15, 0, 0, -32,
    -15, -32, -15, -23, -15, 0, 0, -30,
    -35, -15, -35, -15, 0, -17, -43, 0,
    -17, -41, -2, 0, 0, 0, 0, 0,
    1, 0, 0, 0, -25, -45, -50, -3,
    0, 0, -33, -42, -25, -42, -39, -38,
    -27, -33, 0, -32, -50, 0, -17, 0,
    -58, -32, 0, 0, -46, 0, -35, -23,
    0, 0, 0, -15, -18, -18, -23, 0,
    0, 41, -23, -40, -15, 0, 0, -53,
    0, 0, -15, -38, 0, 0, -23, 0,
    0, -25, -43, -25, -43, -28, -14, 0,
    0, -15, 0, -28, -33, -28, 0, -15,
    -44, 0, -18, -43, 0, 0, 0, 9,
    0, 0, 0, 0, 9, 0, -35, -30,
    -32, 0, 0, 0, -14, -20, 0, 0,
    0, 0, 0, 0, 0, -25, -32, 0,
    -18, 0, -25, -28, 0, 0, 0, 0,
    -18, 0, -9, 0, 0, -18, -30, -18,
    -32, 0, 0, 38, -20, 0, 0, 0,
    0, -51, 0, 0, -18, -43, 0, -2,
    -23, 0, 0, -20, -43, -20, -43, -9,
    0, 0, 0, -15, 0, -23, -33, -28,
    0, -11, -34, 0, -11, -28, -2, 0,
    0, 0, 8, 0, 0, 0, 0, 0,
    0, -25, -24, 0, 0, 0, -11, -15,
    0, 0, 0, 0, 0, 0, 0, -20,
    -24, 0, -11, 0, -25, -20, 0, 0,
    0, 0, -15, 0, -9, 0, 0, 0,
    -25, -25, -24, 0, 0, 0, -24, 0,
    0, 0, 0, -48, 0, 0, 0, -43,
    0, -9, 0, 0, 0, -20, 0, -20,
    0, 0, -17, 0, -10, -18, 0, 0,
    -25, -23, 0, -26, 0, 0, -26, 0,
    -9, -4, 0, 0, 0, 0, 0, 0,
    0, 0, 0, -25, -13, 0, 0, 0,
    0, 0, 0, 0, 0, 0, 0, 0,
    0, -15, -13, 0, -26, 0, -18, -23,
    -3, 0, 0, 0, -20, 0, 0, 0,
    0, -20, -25, -25, -13, 0, 0, 0,
    -13, 0, 0, 0, 0, 0, 0, 0,
    -20, 0, 0, 0, -28, 0, 0, -31,
    -24, -31, -24, 0, 0, 0, 0, -30,
    0, -28, -46, -43, 0, -22, -45, 0,
    -22, -15, 0, 1, 0, 0, 0, 0,
    0, 0, 0, 0, 0, -48, -49, 0,
    -10, 0, -30, -30, 0, -18, 0, 0,
    0, 0, 0, -31, -49, 0, -22, 0,
    -41, -23, -4, 0, -18, 0, -23, -28,
    0, 0, 0, -20, -30, -20, -49, -10,
    -15, 0, -49, -18, 0, 0, 0, -48,
    0, 0, -18, -43, 0, 0, 0, 0,
    0, -17, 0, -17, 0, 0, 0, 0,
    0, 0, 0, 0, -28, 0, 0, -15,
    0, 0, -15, 0, 0, 0, 0, 0,
    0, 0, 0, 0, 0, 0, 0, 0,
    0, 0, 0, 0, 0, 0, 0, 0,
    0, 0, 0, 0, 0, -17, 0, 0,
    -15, 0, -15, -17, 0, 0, 0, 0,
    -15, 0, 0, 0, 0, 0, 0, 0,
    0, 0, 0, 38, 0, 0, 0, 0,
    0, 0, 0, 0, 0, 0, 0, 0,
    0, 0, 0, 0, 0, 0, 0, 0,
    0, 0, 0, 0, 0, 0, 0, 0,
    0, 0, 5, 0, -17, 0, -5, -18,
    -17, -28, -26, 0, -45, 0, 0, 0,
    0, 0, -9, -5, 0, 0, 0, -3,
    -16, 0, -23, -30, 0, 0, 0, 0,
    0, 0, 0, -33, 0, 0, 0, 0,
    0, 0, 0, 0, 0, 0, 0, 0,
    0, 0, -9, 0, 0, 0, -9, 0,
    -23, 0, 0, 0, 0, 0, 0, 0,
    0, 0, 0, 0, 0, 0, 0, 0,
    0, 0, 0, 0, 0, 0, 0, 0,
    0, 0, 0, 0, 0, 3, -18, 0,
    0, -25, -18, -35, 0, 0, 0, 0,
    0, 0, 0, 0, 0, 0, 2, 43,
    8, 0, 0, 0, -35, 0, 0, 0,
    0, 0, 0, 0, 0, 0, 0, 0,
    0, 0, 0, 0, 0, 0, 0, 0,
    0, 0, 0, 0, 0, 2, 2, 0,
    0, 0, -35, 0, 0, 0, 0, 0,
    0, 0, -16, 0, 0, 0, 0, 0,
    0, 0, 0, 0, 0, -18, 0, 0,
    0, 0, 0, 0, 0, 0, 0, 0,
    0, 0, 0, -41, 0, -23, -23, 0,
    -40, 0, -23, 0, 0, 0, 0, 0,
    0, 0, 0, 0, 0, 0, -10, 0,
    0, 0, 0, 0, 0, 0, 0, 0,
    0, 0, -4, 0, 0, 0, 0, 0,
    0, 0, 0, 0, 0, 0, 0, 0,
    0, 0, 0, 0, -10, -20, -14, 0,
    0, 0, 0, 0, -16, 0, 0, -5,
    0, 0, 0, 0, 0, 0, 0, -15,
    0, 0, 0, 0, 0, 0, 0, 0,
    -11, 0, 0, 0, 0, -50, 0, -32,
    -24, -13, -49, 0, -32, 0, 0, 3,
    0, 0, 0, 0, 0, 0, 0, 0,
    -8, -7, -12, -9, 0, 0, 0, 0,
    0, -15, 0, 0, -3, 0, 0, 0,
    0, 0, 0, 0, 0, 0, 3, 3,
    0, 0, 0, 0, 0, 0, -8, -28,
    -9, 0, 0, -15, 0, 0, 0, 0,
    0, 0, 0, -10, -25, -10, -25, -8,
    0, 0, 0, -28, 0, 0, 0, 0,
    0, 0, -15, 0, 0, -28, 0, 0,
    0, 0, 0, 0, 3, 0, 0, 0,
    -6, -8, -6, -20, 1, 2, 0, -9,
    -17, 0, 2, 11, 0, 0, 0, -10,
    -6, 0, 0, 0, -18, -10, 0, 0,
    0, 0, -10, 0, 0, 0, 0, -9,
    -8, -8, -6, 1, 1, 45, -6, 0,
    2, 0, 0, -41, 0, 0, -9, -25,
    0, 0, 0, 0, 0, 0, 0, 0,
    0, 0, 0, 0, 0, 0, 0, 0,
    0, 0, 0, 0, 0, 0, 0, 0,
    0, -23, 0, 0, 0, 0, 0, 0,
    0, 0, 0, 0, 0, 0, 0, 3,
    0, 0, 0, 0, 0, 0, 0, 0,
    0, 0, 0, 0, 0, 0, 0, 0,
    0, 0, 0, 0, 0, 0, 0, 0,
    0, 0, 0, 0, 0, 0, 0, 0,
    0, 0, 0, 0, 0, 0, 0, 0,
    0, 0, 0, 0, 0, 7, 0, 0,
    0, 0, 0, 0, 0, 0, 0, 0,
    0, 0, 0, 0, 0, 0, 0, 0,
    0, 0, 0, 0, 0, 0, 0, 0,
    0, 0, 0, 0, 0, 0, 0, 0,
    0, 0, 0, 0, 3, 0, 0, 0,
    0, 0, 0, 0, 0, 7, 0, 0,
    0, 0, 0, 0, 0, 0, 0, 0,
    0, 0, 0, 0, 0, 0, 0, 0,
    0, 35, 0, 0, 0, 0, 0, 0,
    0, 0, 0, 0, 0, 0, 0, 0,
    0, -24, 0, -24, 0, 0, 0, 0,
    0, -20, 0, 0, -38, 0, 0, 0,
    0, 0, 0, 0, 0, -25, 0, 0,
    0, 0, 0, 0, 0, 0, 0, 0,
    -10, 0, 0, 0, 0, 0, 0, 0,
    2, 0, 0, 0, 0, -24, -10, 0,
    0, 0, -23, -30, 0, 0, 0, 0,
    -24, 0, 0, 0, 0, 0, 0, 0,
    -10, 0, 0, 0, -10, 0, 2, 0,
    0, 0, 0, 0, 0, 0, 0, 0,
    0, 0, 0, -13, -28, -13, -28, -14,
    0, 0, 0, 0, 0, 0, -14, 0,
    0, 0, -18, 1, 0, -25, 0, -25,
    0, 0, 0, 0, 0, -15, 0, 0,
    0, -4, -4, 8, 2, 3, 3, 0,
    8, 0, 6, 5, 4, 0, 1, -13,
    -4, 0, 0, 0, 0, -11, 0, 0,
    0, 0, -13, 0, 0, 0, 0, 0,
    -4, -4, -4, 2, 2, 2, -4, 0,
    6, -18, 7, -35, 0, 0, 0, -28,
    -9, 0, 0, 0, 0, 0, 0, 0,
    0, 0, 0, 0, 0, 0, 0, 0,
    0, 0, 0, 0, 0, 0, 0, 0,
    0, -33, 0, -20, -15, 0, -33, 0,
    -20, 0, 0, 0, 0, 0, 0, 0,
    0, 0, 4, 0, -5, 0, 0, 0,
    0, 0, 0, 0, 0, 0, 0, 0,
    -4, 0, 0, 0, 0, 0, 0, 0,
    0, 0, 0, 0, 0, 0, 0, 0,
    0, 0, -5, -23, 0, -1, 0, 0,
    0, 0, 0, 0, 0, 0, 0, -8,
    0, -8, 0, 0, 0, 0, 0, -4,
    0, 0, -13, 0, 0, 0, 0, 0,
    0, 0, 0, -15, 0, -3, -3, 0,
    -4, 0, -3, 0, 0, 4, -4, -13,
    0, 3, 0, -4, -14, 0, 11, 10,
    0, 0, 0, -8, -4, 0, 0, 0,
    0, -8, 0, 0, 0, 0, -8, 0,
    0, 0, 0, -3, 4, 4, -4, 0,
    0, 0, -4, 0, 11, -18, 10, 0,
    0, 0, -3, 0, 0, 0, 0, 0,
    0, -17, 0, -17, 0, -15, 0, 0,
    0, 0, 0, 0, -18, 0, 0, 0,
    0, 0, 0, 0, 0, -23, 0, 0,
    0, 0, -25, 0, 0, 0, -15, 0,
    0, 0, 0, 0, 0, 0, 0, 0,
    0, 0, 0, 0, 0, -17, 0, 0,
    0, 0, 0, -15, 0, 0, 0, 0,
    -17, 0, 0, 0, 4, 0, 0, 0,
    0, 0, 0, 0, 0, 0, 0, -18,
    6, 0, 0, 0, 0, 0, 0, 0,
    0, 0, 0, -10, -28, -10, -28, -25,
    0, 0, 0, 0, 0, 0, -15, -18,
    0, 0, -30, 3, 0, -28, 0, -15,
    0, 0, 0, 0, -15, 0, 0, 0,
    -35, -7, -8, 8, 0, 0, 0, -3,
    8, 0, 0, 0, 0, 0, 3, -10,
    -8, 0, 0, 0, -18, -10, 0, 0,
    0, 0, -10, 0, 0, 0, 0, 0,
    -7, -7, -8, 0, 0, 2, -8, 0,
    0, 0, 11, -35, 0, 0, 0, -33,
    0, 0, -15, 0, 0, 0, -33, 0,
    -33, 0, 0, 0, 0, 0, 0, 0,
    0, 0, 0, 0, -30, 0, 0, -25,
    0, -23, 0, 0, 0, 0, 0, -15,
    0, 0, 0, -3, -7, 0, 0, 0,
    0, 0, 0, 0, 0, 0, 0, 0,
    0, 0, -7, 0, 0, 0, -15, 0,
    0, 0, 0, 0, 0, 0, 0, 0,
    0, 0, -3, -3, -7, 0, 0, 0,
    -7, 0, 0, 0, 15, -35, 0, 0,
    0, -33, 0, 0, 0, 0, 0, -10,
    0, -10, 0, 0, 0, 0, 0, 0,
    0, 0, 0, -15, 0, 0, 0, 0,
    0, 0, 0, -19, 0, 0, 0, 0,
    0, 0, 0, 0, 0, -3, -12, 7,
    0, 0, 0, 0, 7, 0, 0, 0,
    0, 0, 0, -10, -12, 0, 0, 0,
    -15, -10, 0, 0, 0, 0, -10, 0,
    0, 0, 0, 0, -3, -3, -12, 0,
    0, 0, -12, 0, 0, 0, 0, 0,
    0, 0, 0, 0, 0, 0, 0, 0,
    0, 0, 0, 0, 0, 0, 0, 0,
    0, 0, 0, 0, 0, 0, 0, 0,
    0, 0, 0, 0, 0, -15, 0, 0,
    0, 0, 0, 0, 0, 0, 0, 0,
    -9, 0, 0, 0, 0, 0, 0, 0,
    0, 0, 0, 0, 0, 0, -9, 0,
    0, 0, 0, 0, 0, 0, 0, 0,
    0, 0, 0, 0, 0, 0, 0, 0,
    -9, 0, 0, 0, -9, 0, 0, 0,
    0, 0, 0, 0, 0, 0, 0, 0,
    0, 0, 0, 0, 0, 0, 0, 0,
    0, 0, 0, 0, 0, 0, 0, 0,
    0, 0, -15, 0, 0, -20, 0, -34,
    0, -21, -19, -17, -31, 0, 0, 0,
    0, 0, 0, 0, 0, 0, 0, 0,
    0, 0, -6, 0, -10, 0, 0, 0,
    0, 0, 0, 0, 0, 0, 0, 0,
    0, 0, 0, 0, 0, 0, 0, 0,
    0, 0, 0, 0, 0, 0, 0, 0,
    -6, 0, 0, 0, 0, 0, 0, 0,
    0, 0, 0, 0, 0, 0, 0, 0,
    0, 0, 0, 0, 0, 0, 0, 0,
    0, 0, 0, 0, 0, 0, 0, 0,
    0, -30, 0, -15, 0, 0, -30, 0,
    0, 0, 0, 0, 0, 0, 0, 0,
    0, 0, 0, 0, 0, 0, 0, 0,
    0, 0, 0, 0, 0, 0, 0, 0,
    0, 0, 0, 0, 0, 0, 0, 0,
    0, 0, 0, 0, 0, 0, 0, 0,
    0, 0, 0, 0, 0, 0, 0, 0,
    0, 0, 0, 0, 0, 0, 0, 0,
    0, 0, 0, 0, 0, 0, 0, 0,
    0, 0, 0, 0, 0, 0, -11, 0,
    0, 0, 0, -50, 0, -32, -24, -13,
    -49, 0, 0, 0, 0, 3, 0, 0,
    0, 0, 0, 0, 0, 0, -8, -7,
    -12, -9, 0, 0, 0, 0, 0, -15,
    0, 0, 0, 0, 0, 0, 0, 0,
    0, 0, 0, 0, 3, 3, 0, 0,
    0, 0, 0, 0, -8, 0, 0, 0,
    0, 0, 0, 0, 0, 0, 0, 0,
    0, 0, 0, 0, 0, 0, 0, 0,
    0, 0, 0, 0, 0, 0, 0, 0,
    0, 0, 0, 0, 0, 0, 0, 0,
    0, 0, 0, 0, 0, 0, 0, 0,
    0, 0, 11, 0, 0, 0, 0, 0,
    0, 0, 0, 0, 0, 0, 0, 0,
    0, 0, 0, 0, 0, 0, 0, 0,
    0, 0, 0, 0, 0, 0, 0, 0,
    0, 11, 11, 0, 0, 0, 0, 0,
    0, 0, 0, 0, 0, 0, 0, 0,
    -18, 0, 0, 0, 0, 0, 0, 0,
    0, 0, 0, 0, 0, 0, 0, 0,
    0, 0, -33, 0, 0, -33, 0, 0,
    0, 0, 0, 0, 0, 0, 0, 0,
    0, 0, -15, 0, 0, 0, 0, 0,
    0, 0, 0, 0, 0, 0, 0, 0,
    -15, 0, 0, 0, 0, 0, 0, 0,
    0, 0, 0, 0, 0, 0, 0, 0,
    0, 0, -15, 0, 0, 0, -15, 0,
    0, 0, 0, 0, 0, 0, 0, 0,
    0, 0, 0, 0, 0, 0, 0, 0,
    0, 0, 0, 0, 0, 0, 0, 0,
    0, 0, 0, 0, -15, 0, 0, 0,
    0, -23, 0, 0, 0, 0, -28, 0,
    0, 0, 0, 0, 0, 0, 0, 0,
    0, 0, 0, 0, 0, 0, 0, 0,
    0, 0, 0, 0, 0, 0, 0, 0,
    0, 0, 0, 0, 0, 0, 0, 0,
    0, 0, 0, 0, 0, 0, 0, 0,
    0, 0, 0, 0, 0, 0, 0, 0,
    0, 0, 0, 0, 0, 0, 0, 0,
    0, 0, 0, 0, 0, 0, 0, 0,
    0, 0, 0, 0, 0, 0, 0, 0,
    0, 0, 0, -23, 0, 0, 0, 0,
    0, 0, 0, 0, 0, 0, 0, 0,
    0, 0, 0, 0, 0, 0, 0, 0,
    0, 0, 0, 0, 0, 0, 0, 0,
    0, 0, 0, 0, 0, 0, 0, 0,
    0, 0, 0, 0, 0, 0, 0, 0,
    0, 0, 0, 0, 0, 0, 0, 0,
    0, 0, 0, 0, 0, 0, 0, 0,
    0, 0, 0, 0, 0, 0, 0, 0,
    0, 0, 0, 0, 0, 0, 0, 0,
    -32, 0, -2, -32, 0, 0, 0, 0,
    0, -3, -4, 0, 0, 0, 0, -5,
    -13, 0, 0, 0, 0, -5, 0, 0,
    0, 0, 0, 0, 0, 0, 0, 0,
    0, 0, 0, 0, 0, 0, 0, 0,
    0, 0, 0, 0, 0, 0, -5, -5,
    -13, 0, 0, 0, -13, 0, 0, 0,
    0, 0, 0, 0, 0, 0, 0, 0,
    0, 0, 0, 0, 0, 0, 0, 0,
    0, 0, 0, 0, 0, 0, 0, 0,
    0, 0, 0, 0, 0, 0, 0, -23,
    0, 0, 0, 0, -25, 0, 0, 0,
    0, 0, 0, 0, 0, 0, 0, 0,
    0, 0, 0, 0, 0, 0, 0, 0,
    0, 0, 0, 0, 0, 0, 0, 0,
    0, 0, 0, 0, 0, 0, 4, 0,
    0, 0, 0, 0, 0, 0, 0, 0,
    0, 0, 0, 0, 0, 0, 0, 0,
    0, 0, 0, 0, 0, 0, 0, 0,
    0, 0, 0, 0, 0, 0, 0, 0,
    0, 0, 0, 0, -15, 0, 0, -20,
    0, -35, 0, -18, -19, -20, -23, 0,
    0, 0, 0, 0, 0, 0, 0, 0,
    0, 0, 0, 0, -6, 0, -10, 0,
    0, 0, 0, 0, 0, 0, 0, 0,
    0, 0, 0, 0, 0, 0, 0, 0,
    0, 0, 0, 0, 0, 0, 0, 0,
    0, 0, -6, 0, 0, 0, 0, 0,
    0, 0, 0, 0, 0, 0, 0, 0,
    0, 0, 0, 0, 0, 0, 0, 0,
    0, 0, 0, 0, 0, 0, -15, 0,
    0, 0, 0, -58, 0, -28, -25, -18,
    -41, -15, 0, 0, 0, 0, 0, 0,
    0, 0, 0, 0, 0, 0, -15, -15,
    -15, 0, 0, 0, 0, 0, 0, 0,
    0, 0, 0, 0, 0, 0, 0, 0,
    0, 0, 0, 0, 0, 0, 0, 0,
    0, 0, 0, 0, -15, 0, 0, 0,
    0, 0, 0, 0, 0, 0, 0, 0,
    0, 0, 0, 0, 0, 0, 0, 0,
    0, 0, 0, 0, 0, 0, 0, 0,
    0, 0, 0, 0, 0, -30, 0, -52,
    -42, 0, 0, 0, 0, 0, 0, 0,
    0, 0, 0, 0, 0, 0, 0, 0,
    0, 0, 0, 0, 0, 0, 0, 0,
    0, 0, 0, 0, 0, 0, 0, 0,
    0, 0, 0, 0, 0, 0, 0, 0,
    0, 0, 0, 0, 0, 0, 0, 0,
    0, 0, 0, 0, 0, 0, 0, 0,
    0, 0, 0, 0, 0, 0, 0, 0,
    0, 0, 0, 0, 0, 0, 0, 0,
    0, 0, 0, 0, 0, 0, 0, 0,
    0, 0, 0, 0, 0, 0, 0, 0,
    0, 0, 0, 0, 0, 0, 0, 0,
    0, 0, 0, 0, 0, 0, 0, 0,
    0, 0, 0, 0, 0, 0, 0, 0,
    0, 0, 0, 0, 0, 0, 0, 0,
    0, 0, 0, 0, 0, 18, 0, 0,
    0, 0, 0, 0, 0, 0, 0, 0,
    0, 0, 0, 0, 0, 0, 0, 0,
    0, 0, 0, 0, 0, 0, 0, 0,
    0, 0, 0, 0, -15, 0, 0, 0,
    0, -25, 0, -18, 0, -20, -20, 0,
    0, 0, 0, 0, 0, 0, 0, 0,
    0, 0, 0, 0, 0, 0, 0, 0,
    0, 0, 0, 0, 0, 0, 0, 0,
    0, 0, 0, 0, 0, 0, 0, 0,
    0, 0, 0, 0, 0, 0, 0, 0,
    0, 0, 0, 0, 0, 0, 0, 0,
    0, 0, 0, 0, 0, 0, 0, 0,
    -46, 0, -46, 0, 0, 0, 0, 0,
    0, 0, 0, 0, 0, 0, -18, 0,
    0, -18, 0, -25, 0, -23, 0, 0,
    0, -18, -23, 0, 0, 0, 0, 0,
    0, 0, 0, 0, 0, 0, 0, 0,
    0, 0, 0, 0, 0, 0, 0, 0,
    0, 0, 0, 0, 0, 0, 0, 0,
    0, 0, 0, 0, 0, 0, 0, 0,
    0, 0, 0, 0, 0, -25, 0, -56,
    0, 0, 0, -46, 0, 0, 0, 0,
    0, 0, 0, 0, 0, 0, 0, 0,
    0, 0, 0, 0, 0, 0, 0, 0,
    0, 0, 0, 0, 0, -17, 0, 0,
    0, 0, 0, 0, 0, 0, 0, 0,
    0, 0, 0, 0, 0, 0, 0, 0,
    0, 0, 0, 0, 0, 0, 0, 0,
    0, 0, 0, 0, 0, 0, 0, 0,
    0, 0, 0, 0, 0, 0, 0, 0,
    0, 0, 0, 15, 0, 0, 0, -30,
    0, 0, 0, 0, 0, 0, 0, 0,
    0, 0, 0, 0, 0, 0, 0, 0,
    0, 0, 0, 0, 0, 0, 0, 0,
    0, 0, 0, 0, 0, 0, 0, -35,
    0, 0, 0, 0, 0, 0, 0, 0,
    0, 0, 0, 0, 0, 0, 0, 0,
    0, 0, 0, 0, 0, 0, 0, 0,
    0, 0, 0, 0, 0, 0, 0, 0,
    0, 0, 0, 0, 0, 0, 0, 0,
    0, 0, 0, 0, 0, 0, 0, 0,
    0, 0, 0, 0, 0, 0, 0, 0,
    0, 0, 0, 7, 0, 0, 0, 0,
    0, 0, 0, 0, 0, 0, 0, 0,
    0, 0, 0, 0, 0, 0, 0, 0,
    0, 0, 0, 0, 0, 0, 0, 0,
    0, 0, 0, 0, 0, 0, 0, 0,
    0, 0, 3, 0, 0, 0, 0, 0,
    0, 0, 0, 7, 0, 0, 0, 0,
    0, 0, 0, 0, 0, 0, 0, 0,
    0, 0, 0, 0, 0, 0, 0, 19,
    0, 0, 0, 0, 0, 0, 0, 0,
    0, 0, 0, 0, 0, 0, 0, 0,
    0, 0, 0, 0, 0, 20, 0, 0,
    41, 0, 0, 0, 0, 0, 0, 34,
    0, 0, 0, 41, 0, 38, 0, 0,
    0, 41, 38, 0, 0, 0, 0, 18,
    35, 35, 2, 0, 23, 0, 0, 0,
    0, 0, 34, 0, 0, 0, 0, 0,
    0, 0, 0, 0, 0, 0, 0, 0,
    0, 18, 0, 0, 0, 0, 0, 15,
    35, 82, 0, 0, 0, 0, 0, 0,
    0, 0, 0, 0, -16, 0, 0, 0,
    0, 0, 0, 0, 0, 0, 0, -18,
    0, 0, 0, 0, 0, 0, 0, 0,
    0, 0, 0, 0, 0, -23, 0, -23,
    -23, 0, -40, 0, -23, 0, 0, 0,
    0, 0, 0, 0, 0, 0, 0, 0,
    -10, 0, 0, 0, 0, 0, 0, 0,
    0, 0, 0, 0, -4, 0, 0, 0,
    0, 0, 0, 0, 0, 0, 0, 0,
    0, 0, 0, 0, 0, 0, -10, -20,
    -14, 0, 0, 0, 0, 0, -16, 0,
    0, -5, 0, 0, 0, 0, 0, 0,
    0, -15, 0, 0, 0, 0, 0, 0,
    0, 0, -11, 0, 0, 0, 0, -23,
    0, -32, -24, -13, -49, 0, -32, 0,
    0, 3, 0, 0, 0, 0, 0, 0,
    0, 0, -8, -7, -12, -9, 0, 0,
    0, 0, 0, -15, 0, 0, -3, 0,
    0, 0, 0, 0, 0, 0, 0, 0,
    3, 3, 0, 0, 0, 0, 0, 0,
    -8, -28, -9, 0, 0, -15, 0, 0,
    0, 0, 0, 0, 0, 0, 0, 0,
    0, 0, 0, 0, 0, 0, 0, 0,
    0, 0, 0, 0, -43, 0, 0, -66,
    0, 0, 0, 0, 0, 0, 0, 0,
    0, 0, 0, 0, -20, 0, 0, 0,
    0, -14, 0, 0, 0, 0, 0, 0,
    0, 0, 0, 0, 0, 0, 0, 0,
    0, 0, 0, 0, 0, 0, 0, 0,
    0, 0, 0, 0, -20, 0, 0, 0,
    -20, 0, 0, 0, 0, 0, 0, 0,
    0, 0, 0, 0, 0, 0, 0, 0,
    0, 0, 0, 0, 0, 0, 0, 0,
    0, 0, 0, 0, 0, 0, -61, 0,
    -25, -56, 0, 0, 0, 0, 0, 0,
    0, 0, 0, 0, 0, -25, -28, 0,
    0, 0, -12, -32, 7, -18, 8, 0,
    0, 0, 0, 0, 0, 0, 0, 0,
    0, 0, 0, 0, 0, 0, 0, 0,
    0, 0, 0, 0, -25, -25, -28, 0,
    0, 0, -28, -18, 8, 0, 0, 0,
    0, 0, 0, 0, 0, 0, 0, 0,
    0, 0, 0, 0, 0, 0, 0, 0,
    0, 0, 0, 0, 0, 0, 0, 0,
    0, 0, 0, 0, 0, -43, 0, -41,
    -28, 0, -48, 0, 0, 0, 0, -15,
    0, 0, 0, 0, 0, 0, 0, 0,
    -23, 0, 0, 0, 0, 0, 0, 0,
    0, 0, 0, 0, 0, 0, 0, 0,
    0, 0, 0, 0, 0, 0, -15, -15,
    0, 0, 0, 0, 0, 0, -23, 0,
    0, 0, 0, 0, 0, 0, 0, 0,
    0, 0, 0, 0, 0, 0, 0, 0,
    0, 0, 0, 0, 0, 0, 0, 0,
    0, 0, -33, 0, 0, -33, 0, 0,
    0, 0, 0, 0, 0, 0, 0, 0,
    0, 0, -15, 0, 0, 0, 0, 0,
    0, 0, 0, 0, 0, 0, 0, 0,
    0, 0, 0, 0, 0, 0, 0, 0,
    0, 0, 0, 0, 0, 0, 0, 0,
    0, 0, -15, 0, 0, 0, -15, 0,
    0, 0, 0, 0, 0, 0, 0, 0,
    0, 0, 0, 0, 0, 0, 0, 0,
    0, 0, 0, 0, 0, 0, 0, 0,
    0, 0, 0, 0, -15, 0, 0, 0,
    0, -15, 0, -18, 0, -20, -20, 0,
    0, 0, 0, 0, 0, 0, 0, 0,
    0, 0, 0, 0, 0, 0, 0, 0,
    0, 0, 0, 0, 0, 0, 0, 0,
    0, 0, 0, 0, 0, 0, 0, 0,
    0, 0, 0, 0, 0, 0, 0, 0,
    0, 0, 0, 0, 0, 0, 0, 0,
    0, 0
};


/*Collect the kern class' data in one place*/
static const lv_font_fmt_txt_kern_classes_t kern_classes =
{
    .class_pair_values   = kern_class_values,
    .left_class_mapping  = kern_left_class_mapping,
    .right_class_mapping = kern_right_class_mapping,
    .left_class_cnt      = 81,
    .right_class_cnt     = 82,
};

/*--------------------
 *  ALL CUSTOM DATA
 *--------------------*/

#if LVGL_VERSION_MAJOR == 8
/*Store all the custom data of the font*/
static  lv_font_fmt_txt_glyph_cache_t cache;
#endif

#if LVGL_VERSION_MAJOR >= 8
static const lv_font_fmt_txt_dsc_t font_dsc = {
#else
static lv_font_fmt_txt_dsc_t font_dsc = {
#endif
    .glyph_bitmap = glyph_bitmap,
    .glyph_dsc = glyph_dsc,
    .cmaps = cmaps,
    .kern_dsc = &kern_classes,
    .kern_scale = 16,
    .cmap_num = 5,
    .bpp = 4,
    .kern_classes = 1,
    .bitmap_format = 0,
#if LVGL_VERSION_MAJOR == 8
    .cache = &cache
#endif
};



/*-----------------
 *  PUBLIC FONT
 *----------------*/

/*Initialize a public general font descriptor*/
#if LVGL_VERSION_MAJOR >= 8
const lv_font_t inter_28 = {
#else
lv_font_t inter_28 = {
#endif
    .get_glyph_dsc = lv_font_get_glyph_dsc_fmt_txt,    /*Function pointer to get glyph's data*/
    .get_glyph_bitmap = lv_font_get_bitmap_fmt_txt,    /*Function pointer to get glyph's bitmap*/
    .line_height = 35,          /*The maximum line height required by the font*/
    .base_line = 7,             /*Baseline measured from the bottom of the line*/
#if !(LVGL_VERSION_MAJOR == 6 && LVGL_VERSION_MINOR == 0)
    .subpx = LV_FONT_SUBPX_NONE,
#endif
#if LV_VERSION_CHECK(7, 4, 0) || LVGL_VERSION_MAJOR >= 8
    .underline_position = -3,
    .underline_thickness = 2,
#endif
    .dsc = &font_dsc,          /*The custom font data. Will be accessed by `get_glyph_bitmap/dsc` */
#if LV_VERSION_CHECK(8, 2, 0) || LVGL_VERSION_MAJOR >= 9
    .fallback = NULL,
#endif
    .user_data = NULL,
};



#endif /*#if INTER_28*/
