/*******************************************************************************
 * Size: 18 px
 * Bpp: 4
 * Opts: --font /tmp/alfred-fonts/inter_18.ttf --size 18 --bpp 4 --format lvgl --no-compress --range 0x20-0x7E,0xA0-0xFF,0x2010-0x2026,0x2190-0x2193 --lv-font-name inter_18 -o apps/companion/firmware/src/ui/fonts/inter_18.c
 ******************************************************************************/

#ifdef LV_LVGL_H_INCLUDE_SIMPLE
#include "lvgl.h"
#else
#include "lvgl.h"
#endif

#ifndef INTER_18
#define INTER_18 1
#endif

#if INTER_18

/*-----------------
 *    BITMAPS
 *----------------*/

/*Store the image of the glyphs*/
static LV_ATTRIBUTE_LARGE_CONST const uint8_t glyph_bitmap[] = {
    /* U+0020 " " */

    /* U+0021 "!" */
    0x8f, 0xf0, 0x7f, 0xe0, 0x7f, 0xe0, 0x7f, 0xe0,
    0x6f, 0xd0, 0x6f, 0xd0, 0x6f, 0xd0, 0x6f, 0xd0,
    0x5f, 0xc0, 0x2, 0x10, 0x3c, 0x80, 0xaf, 0xf1,
    0x5f, 0xb0,

    /* U+0022 "\"" */
    0x4f, 0xe0, 0xcf, 0x63, 0xfd, 0xb, 0xf5, 0x3f,
    0xc0, 0xbf, 0x42, 0xfc, 0xa, 0xf4, 0x1f, 0xb0,
    0x9f, 0x30, 0x42, 0x2, 0x40,

    /* U+0023 "#" */
    0x0, 0x7, 0xf4, 0x0, 0xde, 0x0, 0x0, 0xa,
    0xf2, 0x0, 0xfc, 0x0, 0x0, 0xc, 0xf0, 0x2,
    0xf9, 0x0, 0xd, 0xff, 0xff, 0xff, 0xff, 0xf3,
    0xc, 0xdf, 0xec, 0xce, 0xfd, 0xc0, 0x0, 0x4f,
    0x70, 0xa, 0xf1, 0x0, 0x0, 0x7f, 0x50, 0xd,
    0xe0, 0x0, 0x0, 0x9f, 0x20, 0xf, 0xc0, 0x0,
    0x9f, 0xff, 0xff, 0xff, 0xff, 0x70, 0x9c, 0xff,
    0xcc, 0xef, 0xdc, 0x30, 0x1, 0xfa, 0x0, 0x8f,
    0x40, 0x0, 0x4, 0xf7, 0x0, 0xaf, 0x10, 0x0,
    0x6, 0xf5, 0x0, 0xde, 0x0, 0x0,

    /* U+0024 "$" */
    0x0, 0x0, 0x5, 0x30, 0x0, 0x0, 0x0, 0x0,
    0xb7, 0x0, 0x0, 0x0, 0x0, 0xb, 0x70, 0x0,
    0x0, 0x1, 0x8d, 0xff, 0xc7, 0x0, 0x2, 0xef,
    0xff, 0xff, 0xfb, 0x0, 0xaf, 0xe4, 0xb8, 0x6f,
    0xf6, 0xd, 0xf8, 0xb, 0x70, 0x8c, 0x70, 0xbf,
    0xc1, 0xb7, 0x0, 0x0, 0x4, 0xff, 0xfe, 0xa2,
    0x0, 0x0, 0x2, 0xbf, 0xff, 0xfd, 0x40, 0x0,
    0x0, 0xc, 0xcd, 0xff, 0x40, 0x11, 0x0, 0xb7,
    0xb, 0xfc, 0x2f, 0xf3, 0xb, 0x70, 0x8f, 0xd0,
    0xdf, 0xd4, 0xb8, 0x6f, 0xfa, 0x4, 0xff, 0xff,
    0xff, 0xfe, 0x20, 0x2, 0x9e, 0xff, 0xd8, 0x10,
    0x0, 0x0, 0xb, 0x70, 0x0, 0x0, 0x0, 0x0,
    0x53, 0x0, 0x0,

    /* U+0025 "%" */
    0x5, 0xdf, 0xd4, 0x0, 0x0, 0xd, 0xc0, 0x0,
    0x2f, 0xd7, 0xef, 0x10, 0x0, 0x9f, 0x20, 0x0,
    0x5f, 0x50, 0x7f, 0x30, 0x4, 0xf7, 0x0, 0x0,
    0x4f, 0x92, 0xbf, 0x20, 0x1e, 0xb0, 0x0, 0x0,
    0xb, 0xff, 0xf8, 0x0, 0xaf, 0x10, 0x0, 0x0,
    0x0, 0x35, 0x20, 0x5, 0xf5, 0x0, 0x0, 0x0,
    0x0, 0x0, 0x0, 0x2f, 0xa0, 0x0, 0x10, 0x0,
    0x0, 0x0, 0x0, 0xbe, 0x10, 0x8f, 0xfe, 0x30,
    0x0, 0x0, 0x7, 0xf4, 0x4, 0xfa, 0x6e, 0xd0,
    0x0, 0x0, 0x2f, 0x90, 0x8, 0xf2, 0xa, 0xf0,
    0x0, 0x0, 0xcd, 0x0, 0x8, 0xf3, 0xa, 0xf0,
    0x0, 0x8, 0xf3, 0x0, 0x3, 0xfc, 0x8f, 0xc0,
    0x0, 0x3f, 0x80, 0x0, 0x0, 0x6e, 0xfb, 0x20,

    /* U+0026 "&" */
    0x0, 0x9, 0xef, 0xd4, 0x0, 0x0, 0x0, 0xaf,
    0xfe, 0xff, 0x30, 0x0, 0x1, 0xff, 0x20, 0x9f,
    0x80, 0x0, 0x2, 0xff, 0x0, 0x7f, 0x80, 0x0,
    0x0, 0xdf, 0x66, 0xff, 0x10, 0x0, 0x0, 0x4f,
    0xff, 0xe3, 0x0, 0x0, 0x0, 0x5f, 0xff, 0x30,
    0x7, 0x60, 0x7, 0xff, 0xbf, 0xd1, 0x1f, 0xe0,
    0x1f, 0xf4, 0xb, 0xfc, 0x7f, 0xb0, 0x3f, 0xf0,
    0x0, 0xcf, 0xff, 0x60, 0x1f, 0xf7, 0x0, 0x5f,
    0xfe, 0x0, 0x8, 0xff, 0xfe, 0xff, 0xff, 0x60,
    0x0, 0x6c, 0xff, 0xc6, 0x4f, 0xf4,

    /* U+0027 "'" */
    0x4f, 0xe3, 0xfd, 0x3f, 0xc2, 0xfc, 0x1f, 0xb0,
    0x42,

    /* U+0028 "(" */
    0x0, 0x49, 0x70, 0xd, 0xf6, 0x4, 0xff, 0x10,
    0x9f, 0xb0, 0xd, 0xf7, 0x1, 0xff, 0x30, 0x4f,
    0xf0, 0x6, 0xfe, 0x0, 0x7f, 0xd0, 0x7, 0xfd,
    0x0, 0x6f, 0xe0, 0x4, 0xff, 0x0, 0x1f, 0xf4,
    0x0, 0xcf, 0x80, 0x7, 0xfe, 0x0, 0x1f, 0xf4,
    0x0, 0x8f, 0xa0,

    /* U+0029 ")" */
    0x29, 0x80, 0x0, 0xef, 0x50, 0x8, 0xfc, 0x0,
    0x3f, 0xf1, 0x0, 0xef, 0x50, 0xb, 0xf9, 0x0,
    0x8f, 0xc0, 0x6, 0xfe, 0x0, 0x5f, 0xf0, 0x5,
    0xff, 0x0, 0x6f, 0xe0, 0x8, 0xfc, 0x0, 0xcf,
    0x90, 0x1f, 0xf4, 0x5, 0xfe, 0x0, 0xcf, 0x80,
    0x2f, 0xf1, 0x0,

    /* U+002A "*" */
    0x0, 0xf, 0x80, 0x0, 0x37, 0xe, 0x72, 0x80,
    0x8f, 0xce, 0xcf, 0xf2, 0x3, 0xdf, 0xf9, 0x10,
    0x3b, 0xff, 0xff, 0x81, 0x7e, 0x4d, 0x88, 0xf1,
    0x1, 0xe, 0x80, 0x10, 0x0, 0x7, 0x40, 0x0,

    /* U+002B "+" */
    0x0, 0x0, 0xff, 0x0, 0x0, 0x0, 0x0, 0xff,
    0x0, 0x0, 0x0, 0x0, 0xff, 0x0, 0x0, 0x5e,
    0xee, 0xff, 0xee, 0xe6, 0x6f, 0xff, 0xff, 0xff,
    0xf6, 0x0, 0x0, 0xff, 0x0, 0x0, 0x0, 0x0,
    0xff, 0x0, 0x0, 0x0, 0x0, 0xff, 0x0, 0x0,
    0x0, 0x0, 0xff, 0x0, 0x0,

    /* U+002C "," */
    0x1, 0x43, 0x0, 0x6f, 0xc0, 0x9, 0xf8, 0x0,
    0xbf, 0x30, 0xd, 0xe0, 0x0, 0xfa, 0x0,

    /* U+002D "-" */
    0xbe, 0xee, 0xee, 0x1c, 0xff, 0xff, 0xf1,

    /* U+002E "." */
    0x3c, 0x80, 0xaf, 0xf1, 0x5f, 0xb0,

    /* U+002F "/" */
    0x0, 0x0, 0xaf, 0x50, 0x0, 0xe, 0xf1, 0x0,
    0x3, 0xfc, 0x0, 0x0, 0x7f, 0x80, 0x0, 0xb,
    0xf4, 0x0, 0x0, 0xff, 0x0, 0x0, 0x3f, 0xb0,
    0x0, 0x8, 0xf7, 0x0, 0x0, 0xcf, 0x30, 0x0,
    0xf, 0xf0, 0x0, 0x4, 0xfa, 0x0, 0x0, 0x9f,
    0x60, 0x0, 0xd, 0xf2, 0x0, 0x1, 0xfe, 0x0,
    0x0, 0x5f, 0xa0, 0x0, 0x9, 0xf5, 0x0, 0x0,

    /* U+0030 "0" */
    0x0, 0x6, 0xcf, 0xfb, 0x40, 0x0, 0x9, 0xff,
    0xff, 0xff, 0x60, 0x4, 0xff, 0x70, 0x1a, 0xff,
    0x10, 0xbf, 0xb0, 0x0, 0xe, 0xf8, 0xf, 0xf6,
    0x0, 0x0, 0x9f, 0xc1, 0xff, 0x30, 0x0, 0x6,
    0xfe, 0x2f, 0xf2, 0x0, 0x0, 0x6f, 0xe1, 0xff,
    0x30, 0x0, 0x6, 0xfe, 0xf, 0xf6, 0x0, 0x0,
    0x9f, 0xc0, 0xbf, 0xb0, 0x0, 0xe, 0xf8, 0x4,
    0xff, 0x80, 0x1a, 0xff, 0x10, 0x9, 0xff, 0xff,
    0xff, 0x60, 0x0, 0x6, 0xcf, 0xfc, 0x40, 0x0,

    /* U+0031 "1" */
    0x0, 0x3d, 0xff, 0x20, 0x7f, 0xff, 0xf2, 0x4f,
    0xe7, 0xff, 0x24, 0xb1, 0x2f, 0xf2, 0x0, 0x2,
    0xff, 0x20, 0x0, 0x2f, 0xf2, 0x0, 0x2, 0xff,
    0x20, 0x0, 0x2f, 0xf2, 0x0, 0x2, 0xff, 0x20,
    0x0, 0x2f, 0xf2, 0x0, 0x2, 0xff, 0x20, 0x0,
    0x2f, 0xf2, 0x0, 0x2, 0xff, 0x20,

    /* U+0032 "2" */
    0x1, 0x9e, 0xfe, 0xa2, 0x0, 0x2e, 0xff, 0xff,
    0xfe, 0x20, 0xaf, 0xd2, 0x2, 0xdf, 0xa0, 0xef,
    0x50, 0x0, 0x6f, 0xe0, 0x22, 0x0, 0x0, 0x6f,
    0xd0, 0x0, 0x0, 0x1, 0xdf, 0x70, 0x0, 0x0,
    0xc, 0xfc, 0x0, 0x0, 0x1, 0xcf, 0xd1, 0x0,
    0x0, 0x1d, 0xfd, 0x10, 0x0, 0x2, 0xef, 0xc1,
    0x0, 0x0, 0x3e, 0xfc, 0x10, 0x0, 0x0, 0xef,
    0xff, 0xff, 0xff, 0xf1, 0xef, 0xff, 0xff, 0xff,
    0xf1,

    /* U+0033 "3" */
    0x0, 0x19, 0xef, 0xfb, 0x40, 0x0, 0x2e, 0xff,
    0xff, 0xff, 0x50, 0xa, 0xfd, 0x20, 0x1a, 0xfe,
    0x0, 0x78, 0x30, 0x0, 0x4f, 0xf0, 0x0, 0x0,
    0x0, 0xa, 0xfc, 0x0, 0x0, 0x9, 0xdf, 0xfa,
    0x10, 0x0, 0x0, 0xbf, 0xff, 0xb3, 0x0, 0x0,
    0x0, 0x2, 0xaf, 0xf1, 0x0, 0x0, 0x0, 0x0,
    0xff, 0x70, 0xee, 0x40, 0x0, 0xf, 0xf7, 0xc,
    0xfd, 0x30, 0x1a, 0xff, 0x30, 0x3f, 0xff, 0xff,
    0xff, 0x80, 0x0, 0x29, 0xef, 0xfb, 0x50, 0x0,

    /* U+0034 "4" */
    0x0, 0x0, 0x0, 0xdf, 0xf6, 0x0, 0x0, 0x0,
    0x8, 0xff, 0xf6, 0x0, 0x0, 0x0, 0x4f, 0xff,
    0xf6, 0x0, 0x0, 0x1, 0xef, 0x7d, 0xf6, 0x0,
    0x0, 0xa, 0xfb, 0xd, 0xf6, 0x0, 0x0, 0x5f,
    0xe1, 0xd, 0xf6, 0x0, 0x1, 0xef, 0x50, 0xd,
    0xf6, 0x0, 0xb, 0xf9, 0x0, 0xd, 0xf6, 0x0,
    0x2f, 0xff, 0xff, 0xff, 0xff, 0xf1, 0x2f, 0xff,
    0xff, 0xff, 0xff, 0xf1, 0x0, 0x0, 0x0, 0xd,
    0xf6, 0x0, 0x0, 0x0, 0x0, 0xd, 0xf6, 0x0,
    0x0, 0x0, 0x0, 0xd, 0xf6, 0x0,

    /* U+0035 "5" */
    0x5, 0xff, 0xff, 0xff, 0xf6, 0x0, 0x7f, 0xff,
    0xff, 0xff, 0x60, 0x8, 0xf9, 0x0, 0x0, 0x0,
    0x0, 0xaf, 0x80, 0x0, 0x0, 0x0, 0xb, 0xf8,
    0xbf, 0xfb, 0x20, 0x0, 0xdf, 0xff, 0xef, 0xff,
    0x20, 0x9, 0xc8, 0x0, 0x2d, 0xfb, 0x0, 0x0,
    0x0, 0x0, 0x5f, 0xf0, 0x0, 0x0, 0x0, 0x2,
    0xff, 0x11, 0xee, 0x30, 0x0, 0x5f, 0xf0, 0xd,
    0xfc, 0x10, 0x3e, 0xfa, 0x0, 0x3f, 0xff, 0xff,
    0xfd, 0x10, 0x0, 0x2a, 0xef, 0xe9, 0x10, 0x0,

    /* U+0036 "6" */
    0x0, 0x5, 0xcf, 0xfc, 0x60, 0x0, 0x8, 0xff,
    0xff, 0xff, 0x90, 0x3, 0xff, 0x71, 0x17, 0xff,
    0x30, 0xaf, 0x90, 0x0, 0x4, 0x41, 0xe, 0xf4,
    0x7e, 0xfd, 0x60, 0x1, 0xff, 0xbf, 0xee, 0xff,
    0x80, 0x2f, 0xff, 0x40, 0x9, 0xff, 0x22, 0xff,
    0x90, 0x0, 0xe, 0xf7, 0xf, 0xf6, 0x0, 0x0,
    0xcf, 0x80, 0xcf, 0x90, 0x0, 0xe, 0xf6, 0x6,
    0xff, 0x60, 0x1a, 0xff, 0x10, 0xb, 0xff, 0xff,
    0xff, 0x60, 0x0, 0x7, 0xdf, 0xfb, 0x40, 0x0,

    /* U+0037 "7" */
    0x5f, 0xff, 0xff, 0xff, 0xf9, 0x5f, 0xff, 0xff,
    0xff, 0xf9, 0x0, 0x0, 0x0, 0x2f, 0xf5, 0x0,
    0x0, 0x0, 0x9f, 0xd0, 0x0, 0x0, 0x2, 0xff,
    0x50, 0x0, 0x0, 0xa, 0xfc, 0x0, 0x0, 0x0,
    0x2f, 0xf4, 0x0, 0x0, 0x0, 0xaf, 0xc0, 0x0,
    0x0, 0x2, 0xff, 0x40, 0x0, 0x0, 0xa, 0xfc,
    0x0, 0x0, 0x0, 0x2f, 0xf4, 0x0, 0x0, 0x0,
    0xaf, 0xc0, 0x0, 0x0, 0x3, 0xff, 0x30, 0x0,
    0x0,

    /* U+0038 "8" */
    0x0, 0x19, 0xef, 0xfb, 0x40, 0x0, 0x2e, 0xff,
    0xef, 0xff, 0x70, 0x9, 0xfe, 0x20, 0xa, 0xff,
    0x0, 0xaf, 0xa0, 0x0, 0x4f, 0xf0, 0x4, 0xff,
    0x40, 0x2b, 0xfa, 0x0, 0x4, 0xdf, 0xff, 0xf8,
    0x0, 0x1, 0xbf, 0xfd, 0xef, 0xe4, 0x0, 0xbf,
    0xd1, 0x0, 0x9f, 0xf1, 0x1f, 0xf5, 0x0, 0x0,
    0xff, 0x72, 0xff, 0x40, 0x0, 0xe, 0xf8, 0xe,
    0xfc, 0x10, 0x8, 0xff, 0x40, 0x4f, 0xff, 0xde,
    0xff, 0x90, 0x0, 0x2a, 0xef, 0xfc, 0x50, 0x0,

    /* U+0039 "9" */
    0x0, 0x2a, 0xef, 0xe9, 0x10, 0x0, 0x3f, 0xff,
    0xff, 0xfe, 0x20, 0xc, 0xfd, 0x30, 0x2c, 0xfc,
    0x1, 0xff, 0x30, 0x0, 0x1f, 0xf2, 0x2f, 0xf3,
    0x0, 0x1, 0xff, 0x60, 0xef, 0xb1, 0x0, 0xaf,
    0xf8, 0x5, 0xff, 0xfd, 0xfe, 0xdf, 0x80, 0x4,
    0xcf, 0xfa, 0x2c, 0xf7, 0x0, 0x0, 0x0, 0x0,
    0xff, 0x40, 0xde, 0x50, 0x0, 0x5f, 0xf0, 0xa,
    0xfe, 0x30, 0x4e, 0xf9, 0x0, 0x1e, 0xff, 0xff,
    0xfd, 0x0, 0x0, 0x19, 0xef, 0xe8, 0x0, 0x0,

    /* U+003A ":" */
    0x5f, 0xb0, 0xaf, 0xf1, 0x3c, 0x80, 0x0, 0x0,
    0x0, 0x0, 0x0, 0x0, 0x0, 0x0, 0x3c, 0x80,
    0xaf, 0xf1, 0x5f, 0xb0,

    /* U+003B ";" */
    0x3, 0xec, 0x0, 0x8f, 0xf3, 0x2, 0xba, 0x0,
    0x0, 0x0, 0x0, 0x0, 0x0, 0x0, 0x0, 0x0,
    0x0, 0x0, 0x14, 0x30, 0x6, 0xfc, 0x0, 0x9f,
    0x80, 0xb, 0xf3, 0x0, 0xde, 0x0, 0xf, 0xa0,
    0x0,

    /* U+003C "<" */
    0x0, 0x0, 0x0, 0x0, 0x0, 0x0, 0x0, 0x0,
    0x18, 0xf2, 0x0, 0x0, 0x29, 0xff, 0xf2, 0x0,
    0x2a, 0xff, 0xfb, 0x40, 0x2a, 0xff, 0xf9, 0x20,
    0x0, 0x9f, 0xf8, 0x10, 0x0, 0x0, 0x6f, 0xff,
    0x82, 0x0, 0x0, 0x2, 0x9f, 0xff, 0xb4, 0x0,
    0x0, 0x1, 0x8f, 0xff, 0xd1, 0x0, 0x0, 0x1,
    0x7e, 0xf2, 0x0, 0x0, 0x0, 0x0, 0x61,

    /* U+003D "=" */
    0x3f, 0xff, 0xff, 0xff, 0xf4, 0x3f, 0xff, 0xff,
    0xff, 0xf3, 0x0, 0x0, 0x0, 0x0, 0x0, 0x0,
    0x0, 0x0, 0x0, 0x0, 0x3f, 0xff, 0xff, 0xff,
    0xf3, 0x3f, 0xff, 0xff, 0xff, 0xf4,

    /* U+003E ">" */
    0x0, 0x0, 0x0, 0x0, 0x0, 0x2f, 0x81, 0x0,
    0x0, 0x0, 0x2f, 0xff, 0x92, 0x0, 0x0, 0x4,
    0xbf, 0xff, 0xa2, 0x0, 0x0, 0x2, 0x9f, 0xff,
    0xa2, 0x0, 0x0, 0x1, 0x8f, 0xf9, 0x0, 0x0,
    0x28, 0xff, 0xf6, 0x0, 0x4b, 0xff, 0xf9, 0x20,
    0x1d, 0xff, 0xf8, 0x10, 0x0, 0x2f, 0xe8, 0x10,
    0x0, 0x0, 0x17, 0x0, 0x0, 0x0, 0x0,

    /* U+003F "?" */
    0x0, 0x6d, 0xff, 0xc4, 0x0, 0x9f, 0xff, 0xff,
    0xf5, 0x2f, 0xf7, 0x0, 0xbf, 0xd3, 0xba, 0x0,
    0x5, 0xff, 0x0, 0x0, 0x0, 0xbf, 0xc0, 0x0,
    0x2, 0xcf, 0xf3, 0x0, 0x1, 0xef, 0xc2, 0x0,
    0x0, 0x6f, 0xd0, 0x0, 0x0, 0x7, 0xe8, 0x0,
    0x0, 0x0, 0x0, 0x0, 0x0, 0x0, 0x5, 0xc6,
    0x0, 0x0, 0x0, 0xdf, 0xe0, 0x0, 0x0, 0x8,
    0xf8, 0x0, 0x0,

    /* U+0040 "@" */
    0x0, 0x0, 0x5, 0xad, 0xff, 0xeb, 0x60, 0x0,
    0x0, 0x0, 0x2, 0xcf, 0xff, 0xdd, 0xef, 0xfe,
    0x30, 0x0, 0x0, 0x2e, 0xfc, 0x40, 0x0, 0x2,
    0x9f, 0xf4, 0x0, 0x0, 0xdf, 0x90, 0x0, 0x0,
    0x0, 0x5, 0xfe, 0x10, 0x5, 0xfd, 0x0, 0x29,
    0xcb, 0x3b, 0x90, 0x9f, 0x80, 0xb, 0xf5, 0x2,
    0xef, 0xff, 0xff, 0xc0, 0x2f, 0xd0, 0xf, 0xf0,
    0xb, 0xf8, 0x1, 0xaf, 0xc0, 0xe, 0xf0, 0x1f,
    0xe0, 0xf, 0xd0, 0x0, 0x1f, 0xc0, 0xc, 0xf1,
    0x2f, 0xd0, 0x1f, 0xb0, 0x0, 0xf, 0xc0, 0xc,
    0xf1, 0x1f, 0xe0, 0xf, 0xc0, 0x0, 0x1f, 0xc0,
    0xe, 0xf0, 0xf, 0xf0, 0xc, 0xf3, 0x0, 0x6f,
    0xc0, 0x2f, 0xb0, 0xc, 0xf5, 0x4, 0xff, 0xab,
    0xfe, 0xfa, 0xef, 0x40, 0x6, 0xfc, 0x0, 0x5d,
    0xfe, 0x62, 0xcf, 0xe6, 0x0, 0x0, 0xdf, 0x90,
    0x0, 0x0, 0x0, 0x0, 0x0, 0x0, 0x0, 0x3f,
    0xfc, 0x40, 0x0, 0x1, 0x50, 0x0, 0x0, 0x0,
    0x2, 0xdf, 0xff, 0xdd, 0xef, 0xf3, 0x0, 0x0,
    0x0, 0x0, 0x5, 0xad, 0xff, 0xec, 0x81, 0x0,
    0x0,

    /* U+0041 "A" */
    0x0, 0x0, 0x3f, 0xff, 0x10, 0x0, 0x0, 0x0,
    0x9, 0xff, 0xf7, 0x0, 0x0, 0x0, 0x0, 0xef,
    0xaf, 0xd0, 0x0, 0x0, 0x0, 0x4f, 0xf2, 0xff,
    0x20, 0x0, 0x0, 0xa, 0xfb, 0xd, 0xf8, 0x0,
    0x0, 0x0, 0xff, 0x60, 0x8f, 0xe0, 0x0, 0x0,
    0x5f, 0xf1, 0x3, 0xff, 0x40, 0x0, 0xb, 0xfc,
    0x0, 0xd, 0xf9, 0x0, 0x1, 0xff, 0xff, 0xff,
    0xff, 0xf0, 0x0, 0x6f, 0xff, 0xff, 0xff, 0xff,
    0x50, 0xb, 0xfc, 0x0, 0x0, 0xd, 0xfb, 0x1,
    0xff, 0x60, 0x0, 0x0, 0x7f, 0xf1, 0x7f, 0xf1,
    0x0, 0x0, 0x2, 0xff, 0x60,

    /* U+0042 "B" */
    0xbf, 0xff, 0xff, 0xea, 0x20, 0xb, 0xff, 0xff,
    0xff, 0xfe, 0x10, 0xbf, 0x90, 0x0, 0x5f, 0xf6,
    0xb, 0xf9, 0x0, 0x0, 0xdf, 0x80, 0xbf, 0x90,
    0x0, 0x3f, 0xf3, 0xb, 0xfe, 0xcc, 0xcf, 0xd5,
    0x0, 0xbf, 0xff, 0xff, 0xff, 0x90, 0xb, 0xf9,
    0x0, 0x4, 0xef, 0x90, 0xbf, 0x90, 0x0, 0x7,
    0xff, 0xb, 0xf9, 0x0, 0x0, 0x6f, 0xf0, 0xbf,
    0x90, 0x0, 0x3d, 0xfd, 0xb, 0xff, 0xff, 0xff,
    0xff, 0x50, 0xbf, 0xff, 0xff, 0xfb, 0x40, 0x0,

    /* U+0043 "C" */
    0x0, 0x1, 0x8d, 0xff, 0xc7, 0x0, 0x0, 0x3,
    0xef, 0xff, 0xff, 0xfd, 0x10, 0x1, 0xef, 0xe6,
    0x22, 0x7f, 0xfb, 0x0, 0x9f, 0xf2, 0x0, 0x0,
    0x5f, 0xf2, 0xe, 0xf8, 0x0, 0x0, 0x0, 0x77,
    0x21, 0xff, 0x40, 0x0, 0x0, 0x0, 0x0, 0x2f,
    0xf3, 0x0, 0x0, 0x0, 0x0, 0x1, 0xff, 0x40,
    0x0, 0x0, 0x0, 0x0, 0xe, 0xf8, 0x0, 0x0,
    0x0, 0x77, 0x20, 0x9f, 0xf2, 0x0, 0x0, 0x5f,
    0xf2, 0x1, 0xff, 0xe6, 0x23, 0x8f, 0xfb, 0x0,
    0x3, 0xef, 0xff, 0xff, 0xfc, 0x10, 0x0, 0x1,
    0x8d, 0xff, 0xc7, 0x0, 0x0,

    /* U+0044 "D" */
    0xbf, 0xff, 0xff, 0xd8, 0x10, 0x0, 0xbf, 0xff,
    0xff, 0xff, 0xe3, 0x0, 0xbf, 0xa0, 0x1, 0x6e,
    0xfe, 0x10, 0xbf, 0x90, 0x0, 0x2, 0xff, 0x80,
    0xbf, 0x90, 0x0, 0x0, 0x9f, 0xd0, 0xbf, 0x90,
    0x0, 0x0, 0x5f, 0xf0, 0xbf, 0x90, 0x0, 0x0,
    0x4f, 0xf0, 0xbf, 0x90, 0x0, 0x0, 0x5f, 0xf0,
    0xbf, 0x90, 0x0, 0x0, 0x9f, 0xd0, 0xbf, 0x90,
    0x0, 0x2, 0xff, 0x70, 0xbf, 0xa0, 0x2, 0x6e,
    0xfe, 0x0, 0xbf, 0xff, 0xff, 0xff, 0xe2, 0x0,
    0xbf, 0xff, 0xff, 0xc7, 0x10, 0x0,

    /* U+0045 "E" */
    0xbf, 0xff, 0xff, 0xff, 0xeb, 0xff, 0xff, 0xff,
    0xfe, 0xbf, 0x90, 0x0, 0x0, 0xb, 0xf9, 0x0,
    0x0, 0x0, 0xbf, 0x90, 0x0, 0x0, 0xb, 0xff,
    0xff, 0xff, 0xf6, 0xbf, 0xff, 0xff, 0xff, 0x7b,
    0xf9, 0x0, 0x0, 0x0, 0xbf, 0x90, 0x0, 0x0,
    0xb, 0xf9, 0x0, 0x0, 0x0, 0xbf, 0x90, 0x0,
    0x0, 0xb, 0xff, 0xff, 0xff, 0xff, 0xbf, 0xff,
    0xff, 0xff, 0xf0,

    /* U+0046 "F" */
    0xbf, 0xff, 0xff, 0xff, 0xcb, 0xff, 0xff, 0xff,
    0xfc, 0xbf, 0x90, 0x0, 0x0, 0xb, 0xf9, 0x0,
    0x0, 0x0, 0xbf, 0x90, 0x0, 0x0, 0xb, 0xf9,
    0x0, 0x0, 0x0, 0xbf, 0xff, 0xff, 0xff, 0x3b,
    0xff, 0xff, 0xff, 0xf2, 0xbf, 0x90, 0x0, 0x0,
    0xb, 0xf9, 0x0, 0x0, 0x0, 0xbf, 0x90, 0x0,
    0x0, 0xb, 0xf9, 0x0, 0x0, 0x0, 0xbf, 0x90,
    0x0, 0x0, 0x0,

    /* U+0047 "G" */
    0x0, 0x1, 0x8d, 0xff, 0xc7, 0x0, 0x0, 0x3,
    0xef, 0xff, 0xff, 0xfd, 0x10, 0x1, 0xef, 0xe6,
    0x22, 0x7f, 0xfc, 0x0, 0x9f, 0xf2, 0x0, 0x0,
    0x5f, 0xf3, 0xe, 0xf8, 0x0, 0x0, 0x0, 0x33,
    0x11, 0xff, 0x40, 0x0, 0x0, 0x0, 0x0, 0x2f,
    0xf3, 0x0, 0xc, 0xff, 0xff, 0x81, 0xff, 0x40,
    0x0, 0xbe, 0xef, 0xf8, 0xe, 0xf8, 0x0, 0x0,
    0x0, 0xdf, 0x70, 0x9f, 0xf2, 0x0, 0x0, 0x4f,
    0xf3, 0x1, 0xff, 0xe6, 0x22, 0x7f, 0xfb, 0x0,
    0x3, 0xef, 0xff, 0xff, 0xfd, 0x10, 0x0, 0x1,
    0x8d, 0xff, 0xc7, 0x0, 0x0,

    /* U+0048 "H" */
    0xbf, 0x90, 0x0, 0x0, 0x5f, 0xf0, 0xbf, 0x90,
    0x0, 0x0, 0x5f, 0xf0, 0xbf, 0x90, 0x0, 0x0,
    0x5f, 0xf0, 0xbf, 0x90, 0x0, 0x0, 0x5f, 0xf0,
    0xbf, 0x90, 0x0, 0x0, 0x5f, 0xf0, 0xbf, 0xff,
    0xff, 0xff, 0xff, 0xf0, 0xbf, 0xff, 0xff, 0xff,
    0xff, 0xf0, 0xbf, 0x90, 0x0, 0x0, 0x5f, 0xf0,
    0xbf, 0x90, 0x0, 0x0, 0x5f, 0xf0, 0xbf, 0x90,
    0x0, 0x0, 0x5f, 0xf0, 0xbf, 0x90, 0x0, 0x0,
    0x5f, 0xf0, 0xbf, 0x90, 0x0, 0x0, 0x5f, 0xf0,
    0xbf, 0x90, 0x0, 0x0, 0x5f, 0xf0,

    /* U+0049 "I" */
    0xbf, 0x9b, 0xf9, 0xbf, 0x9b, 0xf9, 0xbf, 0x9b,
    0xf9, 0xbf, 0x9b, 0xf9, 0xbf, 0x9b, 0xf9, 0xbf,
    0x9b, 0xf9, 0xbf, 0x90,

    /* U+004A "J" */
    0x0, 0x0, 0x0, 0x4f, 0xf1, 0x0, 0x0, 0x0,
    0x4f, 0xf1, 0x0, 0x0, 0x0, 0x4f, 0xf1, 0x0,
    0x0, 0x0, 0x4f, 0xf1, 0x0, 0x0, 0x0, 0x4f,
    0xf1, 0x0, 0x0, 0x0, 0x4f, 0xf1, 0x0, 0x0,
    0x0, 0x4f, 0xf1, 0x0, 0x0, 0x0, 0x4f, 0xf1,
    0x4c, 0xb0, 0x0, 0x4f, 0xf1, 0x5f, 0xf0, 0x0,
    0x5f, 0xf0, 0x1f, 0xf8, 0x1, 0xcf, 0xd0, 0x9,
    0xff, 0xff, 0xff, 0x50, 0x0, 0x7d, 0xff, 0xc4,
    0x0,

    /* U+004B "K" */
    0xbf, 0x90, 0x0, 0x5, 0xff, 0x90, 0xbf, 0x90,
    0x0, 0x3f, 0xfa, 0x0, 0xbf, 0x90, 0x2, 0xef,
    0xc0, 0x0, 0xbf, 0x90, 0x1e, 0xfd, 0x10, 0x0,
    0xbf, 0x90, 0xcf, 0xe1, 0x0, 0x0, 0xbf, 0x9a,
    0xff, 0x30, 0x0, 0x0, 0xbf, 0xef, 0xff, 0x90,
    0x0, 0x0, 0xbf, 0xfe, 0x8f, 0xf4, 0x0, 0x0,
    0xbf, 0xf3, 0xb, 0xfe, 0x10, 0x0, 0xbf, 0xa0,
    0x1, 0xef, 0xb0, 0x0, 0xbf, 0x90, 0x0, 0x5f,
    0xf6, 0x0, 0xbf, 0x90, 0x0, 0xa, 0xff, 0x20,
    0xbf, 0x90, 0x0, 0x1, 0xef, 0xc0,

    /* U+004C "L" */
    0xbf, 0x90, 0x0, 0x0, 0xb, 0xf9, 0x0, 0x0,
    0x0, 0xbf, 0x90, 0x0, 0x0, 0xb, 0xf9, 0x0,
    0x0, 0x0, 0xbf, 0x90, 0x0, 0x0, 0xb, 0xf9,
    0x0, 0x0, 0x0, 0xbf, 0x90, 0x0, 0x0, 0xb,
    0xf9, 0x0, 0x0, 0x0, 0xbf, 0x90, 0x0, 0x0,
    0xb, 0xf9, 0x0, 0x0, 0x0, 0xbf, 0x90, 0x0,
    0x0, 0xb, 0xff, 0xff, 0xff, 0xf7, 0xbf, 0xff,
    0xff, 0xff, 0x70,

    /* U+004D "M" */
    0xbf, 0xfe, 0x0, 0x0, 0x0, 0x8f, 0xff, 0x2b,
    0xff, 0xf5, 0x0, 0x0, 0xd, 0xff, 0xf2, 0xbf,
    0xef, 0xb0, 0x0, 0x4, 0xfd, 0xff, 0x2b, 0xfa,
    0xff, 0x10, 0x0, 0x9f, 0x9f, 0xf2, 0xbf, 0x8c,
    0xf7, 0x0, 0xf, 0xf5, 0xff, 0x2b, 0xf8, 0x7f,
    0xd0, 0x5, 0xfe, 0x2f, 0xf2, 0xbf, 0x92, 0xff,
    0x20, 0xbf, 0x82, 0xff, 0x2b, 0xf9, 0xc, 0xf8,
    0xf, 0xf3, 0x2f, 0xf2, 0xbf, 0x90, 0x6f, 0xc5,
    0xfd, 0x2, 0xff, 0x2b, 0xf9, 0x1, 0xff, 0xaf,
    0x70, 0x2f, 0xf2, 0xbf, 0x90, 0xa, 0xff, 0xf1,
    0x2, 0xff, 0x2b, 0xf9, 0x0, 0x5f, 0xfb, 0x0,
    0x2f, 0xf2, 0xbf, 0x90, 0x0, 0xef, 0x60, 0x2,
    0xff, 0x20,

    /* U+004E "N" */
    0xbf, 0xf3, 0x0, 0x0, 0x2f, 0xf4, 0xbf, 0xfd,
    0x0, 0x0, 0x2f, 0xf4, 0xbf, 0xff, 0x70, 0x0,
    0x2f, 0xf4, 0xbf, 0xbf, 0xf2, 0x0, 0x2f, 0xf4,
    0xbf, 0x9a, 0xfb, 0x0, 0x2f, 0xf4, 0xbf, 0x92,
    0xff, 0x50, 0x2f, 0xf4, 0xbf, 0xa0, 0x8f, 0xe1,
    0x2f, 0xf4, 0xbf, 0xa0, 0xd, 0xf9, 0x1f, 0xf4,
    0xbf, 0xa0, 0x4, 0xff, 0x4f, 0xf4, 0xbf, 0xa0,
    0x0, 0x9f, 0xcf, 0xf4, 0xbf, 0xa0, 0x0, 0x1e,
    0xff, 0xf4, 0xbf, 0xa0, 0x0, 0x5, 0xff, 0xf4,
    0xbf, 0xa0, 0x0, 0x0, 0xbf, 0xf4,

    /* U+004F "O" */
    0x0, 0x1, 0x8d, 0xff, 0xc7, 0x0, 0x0, 0x3,
    0xef, 0xff, 0xff, 0xfd, 0x10, 0x1, 0xef, 0xe6,
    0x23, 0x7f, 0xfc, 0x0, 0x9f, 0xf2, 0x0, 0x0,
    0x4f, 0xf5, 0xe, 0xf8, 0x0, 0x0, 0x0, 0xcf,
    0xa1, 0xff, 0x40, 0x0, 0x0, 0x8, 0xfd, 0x2f,
    0xf3, 0x0, 0x0, 0x0, 0x7f, 0xe1, 0xff, 0x40,
    0x0, 0x0, 0x8, 0xfd, 0xe, 0xf8, 0x0, 0x0,
    0x0, 0xcf, 0xa0, 0x9f, 0xf2, 0x0, 0x0, 0x5f,
    0xf5, 0x1, 0xef, 0xe6, 0x23, 0x8f, 0xfc, 0x0,
    0x3, 0xef, 0xff, 0xff, 0xfd, 0x10, 0x0, 0x1,
    0x8d, 0xff, 0xc7, 0x0, 0x0,

    /* U+0050 "P" */
    0xbf, 0xff, 0xff, 0xd9, 0x10, 0xbf, 0xff, 0xff,
    0xff, 0xd1, 0xbf, 0x90, 0x0, 0x6f, 0xf8, 0xbf,
    0x90, 0x0, 0xa, 0xfc, 0xbf, 0x90, 0x0, 0xa,
    0xfc, 0xbf, 0x90, 0x0, 0x5f, 0xf8, 0xbf, 0xff,
    0xff, 0xff, 0xd1, 0xbf, 0xff, 0xff, 0xd9, 0x10,
    0xbf, 0x90, 0x0, 0x0, 0x0, 0xbf, 0x90, 0x0,
    0x0, 0x0, 0xbf, 0x90, 0x0, 0x0, 0x0, 0xbf,
    0x90, 0x0, 0x0, 0x0, 0xbf, 0x90, 0x0, 0x0,
    0x0,

    /* U+0051 "Q" */
    0x0, 0x1, 0x8d, 0xff, 0xc7, 0x0, 0x0, 0x3,
    0xef, 0xff, 0xff, 0xfd, 0x10, 0x1, 0xef, 0xe6,
    0x23, 0x7f, 0xfc, 0x0, 0x9f, 0xf2, 0x0, 0x0,
    0x4f, 0xf5, 0xe, 0xf8, 0x0, 0x0, 0x0, 0xcf,
    0xa1, 0xff, 0x40, 0x0, 0x0, 0x8, 0xfd, 0x2f,
    0xf3, 0x0, 0x0, 0x0, 0x7f, 0xe1, 0xff, 0x40,
    0x0, 0x0, 0x8, 0xfd, 0xe, 0xf8, 0x0, 0x57,
    0x20, 0xcf, 0xa0, 0x9f, 0xf2, 0x3, 0xfe, 0x6f,
    0xf5, 0x1, 0xef, 0xe6, 0x29, 0xff, 0xfc, 0x0,
    0x3, 0xef, 0xff, 0xff, 0xfe, 0x10, 0x0, 0x1,
    0x8d, 0xff, 0xce, 0xf5, 0x0, 0x0, 0x0, 0x0,
    0x0, 0x2f, 0xf3,

    /* U+0052 "R" */
    0xbf, 0xff, 0xff, 0xe9, 0x10, 0xb, 0xff, 0xff,
    0xff, 0xfe, 0x10, 0xbf, 0x90, 0x0, 0x5f, 0xf9,
    0xb, 0xf9, 0x0, 0x0, 0x9f, 0xc0, 0xbf, 0x90,
    0x0, 0x9, 0xfd, 0xb, 0xf9, 0x0, 0x4, 0xff,
    0x90, 0xbf, 0xff, 0xff, 0xff, 0xe1, 0xb, 0xff,
    0xff, 0xff, 0xc1, 0x0, 0xbf, 0x90, 0xa, 0xfe,
    0x0, 0xb, 0xf9, 0x0, 0x2f, 0xf7, 0x0, 0xbf,
    0x90, 0x0, 0x9f, 0xe0, 0xb, 0xf9, 0x0, 0x2,
    0xff, 0x70, 0xbf, 0x90, 0x0, 0x9, 0xff, 0x10,

    /* U+0053 "S" */
    0x0, 0x18, 0xdf, 0xfc, 0x70, 0x0, 0x2e, 0xff,
    0xff, 0xff, 0xb0, 0xa, 0xfe, 0x40, 0x16, 0xff,
    0x60, 0xdf, 0x80, 0x0, 0x8, 0xc7, 0xb, 0xfc,
    0x10, 0x0, 0x0, 0x0, 0x4f, 0xff, 0xa6, 0x20,
    0x0, 0x0, 0x2b, 0xff, 0xff, 0xd4, 0x0, 0x0,
    0x0, 0x48, 0xdf, 0xf4, 0x1, 0x10, 0x0, 0x0,
    0xbf, 0xc2, 0xff, 0x30, 0x0, 0x8, 0xfd, 0xd,
    0xfd, 0x41, 0x16, 0xff, 0xa0, 0x4f, 0xff, 0xff,
    0xff, 0xe2, 0x0, 0x29, 0xef, 0xfd, 0x81, 0x0,

    /* U+0054 "T" */
    0x5f, 0xff, 0xff, 0xff, 0xff, 0xf1, 0x5f, 0xff,
    0xff, 0xff, 0xff, 0xf1, 0x0, 0x0, 0x4f, 0xf1,
    0x0, 0x0, 0x0, 0x0, 0x4f, 0xf0, 0x0, 0x0,
    0x0, 0x0, 0x4f, 0xf0, 0x0, 0x0, 0x0, 0x0,
    0x4f, 0xf0, 0x0, 0x0, 0x0, 0x0, 0x4f, 0xf0,
    0x0, 0x0, 0x0, 0x0, 0x4f, 0xf0, 0x0, 0x0,
    0x0, 0x0, 0x4f, 0xf0, 0x0, 0x0, 0x0, 0x0,
    0x4f, 0xf0, 0x0, 0x0, 0x0, 0x0, 0x4f, 0xf0,
    0x0, 0x0, 0x0, 0x0, 0x4f, 0xf0, 0x0, 0x0,
    0x0, 0x0, 0x4f, 0xf0, 0x0, 0x0,

    /* U+0055 "U" */
    0xcf, 0x90, 0x0, 0x0, 0x7f, 0xdc, 0xf9, 0x0,
    0x0, 0x7, 0xfd, 0xcf, 0x90, 0x0, 0x0, 0x7f,
    0xdc, 0xf9, 0x0, 0x0, 0x7, 0xfd, 0xcf, 0x90,
    0x0, 0x0, 0x7f, 0xdc, 0xf9, 0x0, 0x0, 0x7,
    0xfd, 0xcf, 0x90, 0x0, 0x0, 0x7f, 0xdc, 0xf9,
    0x0, 0x0, 0x7, 0xfd, 0xbf, 0xa0, 0x0, 0x0,
    0x8f, 0xd9, 0xfe, 0x10, 0x0, 0xd, 0xfb, 0x3f,
    0xfc, 0x42, 0x4b, 0xff, 0x50, 0x7f, 0xff, 0xff,
    0xff, 0x90, 0x0, 0x3a, 0xef, 0xeb, 0x50, 0x0,

    /* U+0056 "V" */
    0x7f, 0xf1, 0x0, 0x0, 0x2, 0xff, 0x61, 0xff,
    0x70, 0x0, 0x0, 0x7f, 0xf1, 0xb, 0xfc, 0x0,
    0x0, 0xc, 0xfb, 0x0, 0x5f, 0xf2, 0x0, 0x2,
    0xff, 0x50, 0x0, 0xff, 0x70, 0x0, 0x7f, 0xf0,
    0x0, 0xa, 0xfd, 0x0, 0xd, 0xfa, 0x0, 0x0,
    0x4f, 0xf2, 0x2, 0xff, 0x40, 0x0, 0x0, 0xef,
    0x70, 0x7f, 0xe0, 0x0, 0x0, 0x9, 0xfc, 0xc,
    0xf9, 0x0, 0x0, 0x0, 0x3f, 0xf2, 0xff, 0x30,
    0x0, 0x0, 0x0, 0xdf, 0xaf, 0xd0, 0x0, 0x0,
    0x0, 0x8, 0xff, 0xf8, 0x0, 0x0, 0x0, 0x0,
    0x2f, 0xff, 0x20, 0x0, 0x0,

    /* U+0057 "W" */
    0x7f, 0xf0, 0x0, 0x4, 0xff, 0x70, 0x0, 0xd,
    0xfb, 0x3f, 0xf3, 0x0, 0x8, 0xff, 0xb0, 0x0,
    0x1f, 0xf6, 0xe, 0xf7, 0x0, 0xc, 0xff, 0xf0,
    0x0, 0x4f, 0xf2, 0xa, 0xfb, 0x0, 0xf, 0xfc,
    0xf3, 0x0, 0x8f, 0xe0, 0x6, 0xff, 0x0, 0x4f,
    0xc9, 0xf7, 0x0, 0xcf, 0x90, 0x2, 0xff, 0x30,
    0x8f, 0x95, 0xfb, 0x0, 0xff, 0x50, 0x0, 0xdf,
    0x70, 0xdf, 0x51, 0xff, 0x4, 0xff, 0x10, 0x0,
    0x9f, 0xb0, 0xff, 0x0, 0xdf, 0x38, 0xfc, 0x0,
    0x0, 0x5f, 0xe4, 0xfc, 0x0, 0x9f, 0x7b, 0xf8,
    0x0, 0x0, 0xf, 0xf9, 0xf8, 0x0, 0x4f, 0xae,
    0xf4, 0x0, 0x0, 0xc, 0xfe, 0xf3, 0x0, 0xf,
    0xef, 0xf0, 0x0, 0x0, 0x8, 0xff, 0xf0, 0x0,
    0xc, 0xff, 0xb0, 0x0, 0x0, 0x3, 0xff, 0xb0,
    0x0, 0x8, 0xff, 0x60, 0x0,

    /* U+0058 "X" */
    0xd, 0xfc, 0x0, 0x0, 0xd, 0xfb, 0x0, 0x3f,
    0xf7, 0x0, 0x9, 0xfe, 0x10, 0x0, 0x8f, 0xf2,
    0x4, 0xff, 0x50, 0x0, 0x0, 0xdf, 0xc0, 0xdf,
    0xa0, 0x0, 0x0, 0x3, 0xff, 0xbf, 0xe1, 0x0,
    0x0, 0x0, 0x7, 0xff, 0xf4, 0x0, 0x0, 0x0,
    0x0, 0x1f, 0xfe, 0x0, 0x0, 0x0, 0x0, 0xb,
    0xff, 0xf9, 0x0, 0x0, 0x0, 0x6, 0xff, 0x6f,
    0xf4, 0x0, 0x0, 0x2, 0xff, 0x70, 0xbf, 0xe1,
    0x0, 0x0, 0xdf, 0xc0, 0x1, 0xff, 0xa0, 0x0,
    0x8f, 0xf2, 0x0, 0x5, 0xff, 0x50, 0x4f, 0xf6,
    0x0, 0x0, 0xa, 0xff, 0x10,

    /* U+0059 "Y" */
    0x5f, 0xf6, 0x0, 0x0, 0xa, 0xff, 0x10, 0xbf,
    0xe0, 0x0, 0x3, 0xff, 0x60, 0x2, 0xff, 0x80,
    0x0, 0xcf, 0xc0, 0x0, 0x8, 0xff, 0x20, 0x5f,
    0xf3, 0x0, 0x0, 0xd, 0xfa, 0xe, 0xf9, 0x0,
    0x0, 0x0, 0x4f, 0xf9, 0xfe, 0x10, 0x0, 0x0,
    0x0, 0xbf, 0xff, 0x60, 0x0, 0x0, 0x0, 0x1,
    0xff, 0xc0, 0x0, 0x0, 0x0, 0x0, 0xc, 0xf8,
    0x0, 0x0, 0x0, 0x0, 0x0, 0xcf, 0x80, 0x0,
    0x0, 0x0, 0x0, 0xc, 0xf8, 0x0, 0x0, 0x0,
    0x0, 0x0, 0xcf, 0x80, 0x0, 0x0, 0x0, 0x0,
    0xc, 0xf8, 0x0, 0x0, 0x0,

    /* U+005A "Z" */
    0xf, 0xff, 0xff, 0xff, 0xff, 0xb0, 0xff, 0xff,
    0xff, 0xff, 0xfa, 0x0, 0x0, 0x0, 0x8, 0xfe,
    0x10, 0x0, 0x0, 0x4, 0xff, 0x40, 0x0, 0x0,
    0x1, 0xef, 0x90, 0x0, 0x0, 0x0, 0xbf, 0xd0,
    0x0, 0x0, 0x0, 0x7f, 0xf2, 0x0, 0x0, 0x0,
    0x3f, 0xf6, 0x0, 0x0, 0x0, 0xd, 0xfa, 0x0,
    0x0, 0x0, 0xa, 0xfd, 0x10, 0x0, 0x0, 0x6,
    0xff, 0x20, 0x0, 0x0, 0x0, 0xff, 0xff, 0xff,
    0xff, 0xfb, 0x1f, 0xff, 0xff, 0xff, 0xff, 0xc0,

    /* U+005B "[" */
    0x4d, 0xdd, 0x76, 0xff, 0xf9, 0x6f, 0xd0, 0x6,
    0xfd, 0x0, 0x6f, 0xd0, 0x6, 0xfd, 0x0, 0x6f,
    0xd0, 0x6, 0xfd, 0x0, 0x6f, 0xd0, 0x6, 0xfd,
    0x0, 0x6f, 0xd0, 0x6, 0xfd, 0x0, 0x6f, 0xd0,
    0x6, 0xfd, 0x0, 0x6f, 0xd0, 0x6, 0xff, 0xd7,
    0x6f, 0xff, 0x90,

    /* U+005C "\\" */
    0x9f, 0x50, 0x0, 0x5, 0xfa, 0x0, 0x0, 0x1f,
    0xe0, 0x0, 0x0, 0xdf, 0x20, 0x0, 0x9, 0xf6,
    0x0, 0x0, 0x4f, 0xa0, 0x0, 0x0, 0xff, 0x0,
    0x0, 0xc, 0xf3, 0x0, 0x0, 0x8f, 0x70, 0x0,
    0x3, 0xfb, 0x0, 0x0, 0xf, 0xf0, 0x0, 0x0,
    0xbf, 0x40, 0x0, 0x7, 0xf8, 0x0, 0x0, 0x3f,
    0xc0, 0x0, 0x0, 0xef, 0x10, 0x0, 0xa, 0xf5,

    /* U+005D "]" */
    0x1d, 0xdd, 0xb1, 0xff, 0xfe, 0x0, 0x5f, 0xe0,
    0x5, 0xfe, 0x0, 0x5f, 0xe0, 0x5, 0xfe, 0x0,
    0x5f, 0xe0, 0x5, 0xfe, 0x0, 0x5f, 0xe0, 0x5,
    0xfe, 0x0, 0x5f, 0xe0, 0x5, 0xfe, 0x0, 0x5f,
    0xe0, 0x5, 0xfe, 0x0, 0x5f, 0xe1, 0xdd, 0xfe,
    0x1f, 0xff, 0xe0,

    /* U+005E "^" */
    0x0, 0xc, 0xd6, 0x0, 0x0, 0x5f, 0xfe, 0x0,
    0x0, 0xde, 0x6f, 0x60, 0x4, 0xf8, 0xe, 0xd0,
    0xc, 0xf1, 0x8, 0xf5, 0x2d, 0x80, 0x1, 0xda,

    /* U+005F "_" */
    0xdd, 0xdd, 0xdd, 0xdd, 0x6f, 0xff, 0xff, 0xff,
    0xf7,

    /* U+0060 "`" */
    0x6b, 0x70, 0x1e, 0xf1, 0x4, 0xf7,

    /* U+0061 "a" */
    0x0, 0x5c, 0xff, 0xc6, 0x0, 0x7, 0xff, 0xdd,
    0xff, 0x70, 0xb, 0xe6, 0x0, 0x7f, 0xf0, 0x0,
    0x0, 0x0, 0x5f, 0xf0, 0x0, 0x6b, 0xdf, 0xff,
    0xf0, 0xc, 0xff, 0xb8, 0x7f, 0xf0, 0x4f, 0xf1,
    0x0, 0x3f, 0xf0, 0x4f, 0xf1, 0x0, 0xaf, 0xf0,
    0x1e, 0xfe, 0xbe, 0xdf, 0xf0, 0x3, 0xbf, 0xfa,
    0x3f, 0xf0,

    /* U+0062 "b" */
    0xdf, 0x60, 0x0, 0x0, 0x0, 0xdf, 0x60, 0x0,
    0x0, 0x0, 0xdf, 0x60, 0x0, 0x0, 0x0, 0xdf,
    0x66, 0xef, 0xc4, 0x0, 0xdf, 0xcf, 0xff, 0xff,
    0x50, 0xdf, 0xf4, 0x1, 0xcf, 0xe0, 0xdf, 0x90,
    0x0, 0x3f, 0xf3, 0xdf, 0x60, 0x0, 0xf, 0xf5,
    0xdf, 0x60, 0x0, 0xf, 0xf5, 0xdf, 0x90, 0x0,
    0x3f, 0xf3, 0xdf, 0xf4, 0x1, 0xcf, 0xe0, 0xdf,
    0xcf, 0xff, 0xff, 0x50, 0xdf, 0x66, 0xef, 0xc4,
    0x0,

    /* U+0063 "c" */
    0x0, 0x2a, 0xef, 0xd8, 0x0, 0x2, 0xef, 0xfe,
    0xff, 0xc0, 0xb, 0xfd, 0x10, 0x3f, 0xf6, 0x1f,
    0xf4, 0x0, 0x4, 0x52, 0x3f, 0xf1, 0x0, 0x0,
    0x0, 0x3f, 0xf1, 0x0, 0x0, 0x0, 0x1f, 0xf4,
    0x0, 0x5, 0x62, 0xb, 0xfd, 0x10, 0x2e, 0xf6,
    0x2, 0xef, 0xfe, 0xff, 0xc0, 0x0, 0x2a, 0xef,
    0xd8, 0x0,

    /* U+0064 "d" */
    0x0, 0x0, 0x0, 0x5, 0xfe, 0x0, 0x0, 0x0,
    0x5, 0xfe, 0x0, 0x0, 0x0, 0x5, 0xfe, 0x0,
    0x4c, 0xfe, 0x75, 0xfe, 0x3, 0xff, 0xfe, 0xfc,
    0xfe, 0xc, 0xfd, 0x10, 0x3f, 0xfe, 0x1f, 0xf4,
    0x0, 0x8, 0xfe, 0x3f, 0xf1, 0x0, 0x4, 0xfe,
    0x3f, 0xf1, 0x0, 0x5, 0xfe, 0x1f, 0xf4, 0x0,
    0x8, 0xfe, 0xc, 0xfd, 0x10, 0x3f, 0xfe, 0x3,
    0xff, 0xfe, 0xfb, 0xfe, 0x0, 0x4c, 0xfe, 0x74,
    0xfe,

    /* U+0065 "e" */
    0x0, 0x2a, 0xef, 0xd7, 0x0, 0x2, 0xef, 0xfd,
    0xff, 0xb0, 0xb, 0xfa, 0x0, 0x2e, 0xf5, 0x1f,
    0xf2, 0x0, 0x8, 0xfa, 0x3f, 0xff, 0xff, 0xff,
    0xfc, 0x3f, 0xf9, 0x99, 0x99, 0x97, 0x1f, 0xf2,
    0x0, 0x0, 0x0, 0xc, 0xfb, 0x0, 0x1c, 0xe6,
    0x2, 0xef, 0xfd, 0xff, 0xe1, 0x0, 0x2a, 0xef,
    0xe9, 0x10,

    /* U+0066 "f" */
    0x0, 0x3, 0x77, 0x30, 0x7, 0xff, 0xf6, 0x0,
    0xff, 0xb6, 0x20, 0xf, 0xf3, 0x0, 0xdf, 0xff,
    0xff, 0x4a, 0xdf, 0xfd, 0xd3, 0x1, 0xff, 0x30,
    0x0, 0x1f, 0xf3, 0x0, 0x1, 0xff, 0x30, 0x0,
    0x1f, 0xf3, 0x0, 0x1, 0xff, 0x30, 0x0, 0x1f,
    0xf3, 0x0, 0x1, 0xff, 0x30, 0x0, 0x1f, 0xf3,
    0x0,

    /* U+0067 "g" */
    0x0, 0x3c, 0xfe, 0x84, 0xff, 0x3, 0xff, 0xfe,
    0xfc, 0xff, 0xc, 0xfd, 0x10, 0x3f, 0xff, 0x1f,
    0xf4, 0x0, 0x8, 0xff, 0x3f, 0xf1, 0x0, 0x5,
    0xff, 0x4f, 0xf1, 0x0, 0x4, 0xff, 0x2f, 0xf4,
    0x0, 0x7, 0xff, 0xd, 0xfc, 0x10, 0x2e, 0xff,
    0x4, 0xff, 0xfd, 0xfc, 0xff, 0x0, 0x4c, 0xfe,
    0x85, 0xff, 0x0, 0x0, 0x0, 0x5, 0xfe, 0x7,
    0xd8, 0x0, 0xb, 0xfb, 0x5, 0xff, 0xec, 0xef,
    0xf3, 0x0, 0x4b, 0xff, 0xea, 0x20,

    /* U+0068 "h" */
    0xdf, 0x60, 0x0, 0x0, 0xd, 0xf6, 0x0, 0x0,
    0x0, 0xdf, 0x60, 0x0, 0x0, 0xd, 0xf6, 0x5e,
    0xfc, 0x40, 0xdf, 0xaf, 0xff, 0xff, 0x2d, 0xff,
    0x30, 0x3f, 0xf8, 0xdf, 0x80, 0x0, 0xaf, 0xbd,
    0xf6, 0x0, 0x9, 0xfb, 0xdf, 0x60, 0x0, 0x9f,
    0xbd, 0xf6, 0x0, 0x9, 0xfb, 0xdf, 0x60, 0x0,
    0x9f, 0xbd, 0xf6, 0x0, 0x9, 0xfb, 0xdf, 0x60,
    0x0, 0x9f, 0xb0,

    /* U+0069 "i" */
    0x3, 0x70, 0xf, 0xf8, 0xb, 0xf5, 0x0, 0x0,
    0xd, 0xf6, 0xd, 0xf6, 0xd, 0xf6, 0xd, 0xf6,
    0xd, 0xf6, 0xd, 0xf6, 0xd, 0xf6, 0xd, 0xf6,
    0xd, 0xf6, 0xd, 0xf6,

    /* U+006A "j" */
    0x0, 0x37, 0x0, 0xf, 0xf8, 0x0, 0xbf, 0x50,
    0x0, 0x0, 0x0, 0xdf, 0x70, 0xd, 0xf7, 0x0,
    0xdf, 0x70, 0xd, 0xf7, 0x0, 0xdf, 0x70, 0xd,
    0xf7, 0x0, 0xdf, 0x70, 0xd, 0xf7, 0x0, 0xdf,
    0x70, 0xd, 0xf7, 0x0, 0xdf, 0x70, 0x1f, 0xf6,
    0x5f, 0xff, 0x16, 0xfc, 0x40,

    /* U+006B "k" */
    0xdf, 0x60, 0x0, 0x0, 0x0, 0xdf, 0x60, 0x0,
    0x0, 0x0, 0xdf, 0x60, 0x0, 0x0, 0x0, 0xdf,
    0x60, 0x4, 0xff, 0x60, 0xdf, 0x60, 0x3f, 0xf8,
    0x0, 0xdf, 0x62, 0xef, 0xa0, 0x0, 0xdf, 0x7d,
    0xfb, 0x0, 0x0, 0xdf, 0xff, 0xf3, 0x0, 0x0,
    0xdf, 0xff, 0xfc, 0x0, 0x0, 0xdf, 0xa3, 0xff,
    0x80, 0x0, 0xdf, 0x60, 0x7f, 0xf3, 0x0, 0xdf,
    0x60, 0xc, 0xfe, 0x10, 0xdf, 0x60, 0x2, 0xff,
    0xa0,

    /* U+006C "l" */
    0xdf, 0x6d, 0xf6, 0xdf, 0x6d, 0xf6, 0xdf, 0x6d,
    0xf6, 0xdf, 0x6d, 0xf6, 0xdf, 0x6d, 0xf6, 0xdf,
    0x6d, 0xf6, 0xdf, 0x60,

    /* U+006D "m" */
    0xdf, 0x59, 0xef, 0xa0, 0x3c, 0xfe, 0x80, 0xdf,
    0xdf, 0xdf, 0xf9, 0xfe, 0xef, 0xf7, 0xdf, 0xd1,
    0x6, 0xff, 0x90, 0xb, 0xfd, 0xdf, 0x70, 0x1,
    0xff, 0x30, 0x6, 0xfe, 0xdf, 0x60, 0x1, 0xff,
    0x20, 0x5, 0xfe, 0xdf, 0x60, 0x1, 0xff, 0x20,
    0x5, 0xfe, 0xdf, 0x60, 0x1, 0xff, 0x20, 0x5,
    0xfe, 0xdf, 0x60, 0x1, 0xff, 0x20, 0x5, 0xfe,
    0xdf, 0x60, 0x1, 0xff, 0x20, 0x5, 0xfe, 0xdf,
    0x60, 0x1, 0xff, 0x20, 0x5, 0xfe,

    /* U+006E "n" */
    0xdf, 0x57, 0xef, 0xc4, 0xd, 0xfc, 0xfd, 0xff,
    0xf2, 0xdf, 0xe2, 0x2, 0xef, 0x8d, 0xf8, 0x0,
    0xa, 0xfa, 0xdf, 0x60, 0x0, 0x9f, 0xbd, 0xf6,
    0x0, 0x9, 0xfb, 0xdf, 0x60, 0x0, 0x9f, 0xbd,
    0xf6, 0x0, 0x9, 0xfb, 0xdf, 0x60, 0x0, 0x9f,
    0xbd, 0xf6, 0x0, 0x9, 0xfb,

    /* U+006F "o" */
    0x0, 0x2a, 0xef, 0xe8, 0x0, 0x0, 0x2e, 0xff,
    0xef, 0xfd, 0x0, 0xb, 0xfd, 0x10, 0x3e, 0xf8,
    0x1, 0xff, 0x40, 0x0, 0x7f, 0xe0, 0x3f, 0xf1,
    0x0, 0x4, 0xff, 0x3, 0xff, 0x10, 0x0, 0x4f,
    0xf0, 0x1f, 0xf4, 0x0, 0x7, 0xfe, 0x0, 0xbf,
    0xd1, 0x3, 0xef, 0x80, 0x2, 0xef, 0xfe, 0xff,
    0xd0, 0x0, 0x2, 0xae, 0xfe, 0x80, 0x0,

    /* U+0070 "p" */
    0xdf, 0x67, 0xef, 0xc4, 0x0, 0xdf, 0xdf, 0xce,
    0xff, 0x50, 0xdf, 0xf2, 0x0, 0xbf, 0xe0, 0xdf,
    0x90, 0x0, 0x2f, 0xf3, 0xdf, 0x60, 0x0, 0xf,
    0xf5, 0xdf, 0x60, 0x0, 0xf, 0xf5, 0xdf, 0xa0,
    0x0, 0x3f, 0xf3, 0xdf, 0xf5, 0x1, 0xcf, 0xe0,
    0xdf, 0xcf, 0xff, 0xff, 0x50, 0xdf, 0x66, 0xef,
    0xc4, 0x0, 0xdf, 0x60, 0x0, 0x0, 0x0, 0xdf,
    0x60, 0x0, 0x0, 0x0, 0xdf, 0x60, 0x0, 0x0,
    0x0, 0xdf, 0x60, 0x0, 0x0, 0x0,

    /* U+0071 "q" */
    0x0, 0x4c, 0xfe, 0x74, 0xfe, 0x3, 0xff, 0xfe,
    0xfb, 0xfe, 0xc, 0xfd, 0x10, 0x3f, 0xfe, 0x1f,
    0xf4, 0x0, 0x8, 0xfe, 0x3f, 0xf1, 0x0, 0x4,
    0xfe, 0x3f, 0xf1, 0x0, 0x5, 0xfe, 0x1f, 0xf4,
    0x0, 0x8, 0xfe, 0xc, 0xfd, 0x10, 0x3f, 0xfe,
    0x3, 0xff, 0xfe, 0xfc, 0xfe, 0x0, 0x4c, 0xfe,
    0x75, 0xfe, 0x0, 0x0, 0x0, 0x5, 0xfe, 0x0,
    0x0, 0x0, 0x5, 0xfe, 0x0, 0x0, 0x0, 0x5,
    0xfe, 0x0, 0x0, 0x0, 0x5, 0xfe,

    /* U+0072 "r" */
    0x0, 0x0, 0x0, 0xdf, 0x6a, 0xfa, 0xdf, 0xdf,
    0xfa, 0xdf, 0xe3, 0x0, 0xdf, 0x80, 0x0, 0xdf,
    0x60, 0x0, 0xdf, 0x60, 0x0, 0xdf, 0x60, 0x0,
    0xdf, 0x60, 0x0, 0xdf, 0x60, 0x0, 0xdf, 0x60,
    0x0,

    /* U+0073 "s" */
    0x0, 0x7d, 0xff, 0xc4, 0x0, 0x9, 0xff, 0xcc,
    0xff, 0x40, 0xf, 0xf6, 0x0, 0x8d, 0x80, 0xe,
    0xf9, 0x10, 0x0, 0x0, 0x7, 0xff, 0xfd, 0x94,
    0x0, 0x0, 0x39, 0xcf, 0xff, 0x80, 0x0, 0x10,
    0x0, 0x9f, 0xf0, 0x2f, 0xf3, 0x0, 0x7f, 0xe0,
    0xb, 0xff, 0xcd, 0xff, 0x70, 0x0, 0x7d, 0xff,
    0xc5, 0x0,

    /* U+0074 "t" */
    0x3, 0x87, 0x0, 0x6, 0xfe, 0x0, 0x6, 0xfe,
    0x0, 0xdf, 0xff, 0xfc, 0xae, 0xff, 0xda, 0x6,
    0xfe, 0x0, 0x6, 0xfe, 0x0, 0x6, 0xfe, 0x0,
    0x6, 0xfe, 0x0, 0x6, 0xfe, 0x0, 0x5, 0xff,
    0x0, 0x2, 0xff, 0xfb, 0x0, 0x6d, 0xfd,

    /* U+0075 "u" */
    0xdf, 0x60, 0x0, 0x9f, 0xbd, 0xf6, 0x0, 0x9,
    0xfb, 0xdf, 0x60, 0x0, 0x9f, 0xbd, 0xf6, 0x0,
    0x9, 0xfb, 0xdf, 0x60, 0x0, 0x9f, 0xbd, 0xf6,
    0x0, 0x9, 0xfb, 0xdf, 0x80, 0x0, 0xbf, 0xbb,
    0xfe, 0x20, 0x5f, 0xfb, 0x4f, 0xff, 0xff, 0xbf,
    0xb0, 0x5d, 0xfd, 0x57, 0xfb,

    /* U+0076 "v" */
    0x8f, 0xe0, 0x0, 0x7, 0xfe, 0x2, 0xff, 0x30,
    0x0, 0xcf, 0x80, 0xc, 0xf8, 0x0, 0x2f, 0xf2,
    0x0, 0x6f, 0xd0, 0x7, 0xfc, 0x0, 0x1, 0xff,
    0x30, 0xcf, 0x70, 0x0, 0xb, 0xf8, 0x1f, 0xf1,
    0x0, 0x0, 0x5f, 0xd6, 0xfb, 0x0, 0x0, 0x0,
    0xff, 0xbf, 0x50, 0x0, 0x0, 0xa, 0xff, 0xf0,
    0x0, 0x0, 0x0, 0x4f, 0xfa, 0x0, 0x0,

    /* U+0077 "w" */
    0x8f, 0xd0, 0x0, 0xbf, 0xa0, 0x0, 0xef, 0x73,
    0xff, 0x10, 0xf, 0xfe, 0x0, 0x3f, 0xf2, 0xe,
    0xf5, 0x3, 0xff, 0xf2, 0x7, 0xfd, 0x0, 0xaf,
    0x90, 0x7f, 0xaf, 0x60, 0xbf, 0x90, 0x5, 0xfd,
    0xb, 0xf3, 0xfa, 0xe, 0xf4, 0x0, 0x1f, 0xf1,
    0xfc, 0xe, 0xe2, 0xff, 0x0, 0x0, 0xcf, 0x7f,
    0x80, 0x9f, 0x7f, 0xb0, 0x0, 0x7, 0xfe, 0xf4,
    0x5, 0xfe, 0xf6, 0x0, 0x0, 0x3f, 0xff, 0x0,
    0xf, 0xff, 0x20, 0x0, 0x0, 0xef, 0xb0, 0x0,
    0xcf, 0xd0, 0x0,

    /* U+0078 "x" */
    0x2f, 0xf5, 0x0, 0x3f, 0xf3, 0x7, 0xfe, 0x0,
    0xdf, 0x90, 0x0, 0xdf, 0x86, 0xfe, 0x0, 0x0,
    0x3f, 0xfe, 0xf5, 0x0, 0x0, 0x9, 0xff, 0xb0,
    0x0, 0x0, 0xb, 0xff, 0xc0, 0x0, 0x0, 0x6f,
    0xdd, 0xf7, 0x0, 0x1, 0xff, 0x54, 0xff, 0x20,
    0xa, 0xfc, 0x0, 0xbf, 0xb0, 0x4f, 0xf2, 0x0,
    0x2f, 0xf5,

    /* U+0079 "y" */
    0x8f, 0xe0, 0x0, 0x7, 0xfe, 0x2, 0xff, 0x30,
    0x0, 0xcf, 0x80, 0xc, 0xf8, 0x0, 0x2f, 0xf2,
    0x0, 0x6f, 0xd0, 0x7, 0xfd, 0x0, 0x1, 0xff,
    0x30, 0xcf, 0x70, 0x0, 0xb, 0xf8, 0x2f, 0xf1,
    0x0, 0x0, 0x5f, 0xc6, 0xfb, 0x0, 0x0, 0x0,
    0xff, 0xcf, 0x50, 0x0, 0x0, 0x9, 0xff, 0xf0,
    0x0, 0x0, 0x0, 0x3f, 0xfa, 0x0, 0x0, 0x0,
    0x1, 0xff, 0x40, 0x0, 0x0, 0x0, 0x8f, 0xd0,
    0x0, 0x0, 0x9, 0xff, 0xf6, 0x0, 0x0, 0x0,
    0xbf, 0xe7, 0x0, 0x0, 0x0,

    /* U+007A "z" */
    0xdf, 0xff, 0xff, 0xfc, 0xdf, 0xff, 0xff, 0xfb,
    0x0, 0x0, 0x6f, 0xf2, 0x0, 0x3, 0xff, 0x60,
    0x0, 0x1d, 0xfa, 0x0, 0x0, 0xbf, 0xd0, 0x0,
    0x7, 0xff, 0x20, 0x0, 0x3f, 0xf6, 0x0, 0x0,
    0xef, 0xff, 0xff, 0xfe, 0xff, 0xff, 0xff, 0xff,

    /* U+007B "{" */
    0x0, 0x0, 0x57, 0x10, 0x2, 0xef, 0xf2, 0x0,
    0xaf, 0xd6, 0x0, 0xd, 0xf5, 0x0, 0x0, 0xdf,
    0x40, 0x0, 0xd, 0xf4, 0x0, 0x0, 0xef, 0x30,
    0x3, 0x7f, 0xd0, 0x0, 0xdf, 0xc1, 0x0, 0xd,
    0xff, 0xc0, 0x0, 0x5, 0xff, 0x30, 0x0, 0xe,
    0xf4, 0x0, 0x0, 0xdf, 0x40, 0x0, 0xd, 0xf4,
    0x0, 0x0, 0xcf, 0x90, 0x0, 0x7, 0xff, 0xd1,
    0x0, 0x7, 0xdf, 0x20,

    /* U+007C "|" */
    0xef, 0x3e, 0xf3, 0xef, 0x3e, 0xf3, 0xef, 0x3e,
    0xf3, 0xef, 0x3e, 0xf3, 0xef, 0x3e, 0xf3, 0xef,
    0x3e, 0xf3, 0xef, 0x3e, 0xf3, 0xef, 0x3e, 0xf3,
    0xef, 0x3e, 0xf3, 0xef, 0x3e, 0xf3, 0xef, 0x3e,
    0xf3,

    /* U+007D "}" */
    0x7, 0x50, 0x0, 0x1, 0xff, 0xe2, 0x0, 0x6,
    0xdf, 0xa0, 0x0, 0x4, 0xfd, 0x0, 0x0, 0x3f,
    0xe0, 0x0, 0x3, 0xfe, 0x0, 0x0, 0x2f, 0xf0,
    0x0, 0x0, 0xcf, 0x83, 0x0, 0x0, 0xbf, 0xf0,
    0x0, 0xbf, 0xff, 0x0, 0x2f, 0xf6, 0x0, 0x3,
    0xff, 0x0, 0x0, 0x3f, 0xe0, 0x0, 0x3, 0xfe,
    0x0, 0x0, 0x8f, 0xd0, 0x1, 0xdf, 0xf8, 0x0,
    0x1f, 0xd8, 0x0, 0x0,

    /* U+007E "~" */
    0x7, 0xee, 0x80, 0x2, 0xa6, 0x3f, 0xff, 0xfb,
    0x17, 0xf8, 0x8f, 0x71, 0xbf, 0xff, 0xf4, 0x6a,
    0x20, 0x8, 0xfe, 0x70,

    /* U+00A0 " " */

    /* U+00A1 "¡" */
    0x5f, 0xb0, 0xaf, 0xf2, 0x3c, 0x90, 0x0, 0x0,
    0x2, 0x10, 0x5f, 0xd0, 0x5f, 0xd0, 0x6f, 0xd0,
    0x6f, 0xe0, 0x6f, 0xe0, 0x6f, 0xe0, 0x7f, 0xe0,
    0x7f, 0xf0, 0x7f, 0xf0,

    /* U+00A2 "¢" */
    0x0, 0x0, 0x3e, 0x0, 0x0, 0x0, 0x8, 0xdf,
    0xc6, 0x0, 0x0, 0xdf, 0xff, 0xff, 0xa0, 0x9,
    0xfe, 0x6e, 0x5f, 0xf4, 0xf, 0xf6, 0x3e, 0x8,
    0xa4, 0x3f, 0xf2, 0x3e, 0x0, 0x0, 0x4f, 0xf0,
    0x3e, 0x0, 0x0, 0x3f, 0xf2, 0x3e, 0x0, 0x0,
    0xf, 0xf6, 0x3e, 0x9, 0xb5, 0x9, 0xfe, 0x6e,
    0x5f, 0xf4, 0x0, 0xdf, 0xff, 0xff, 0xa0, 0x0,
    0x7, 0xdf, 0xb6, 0x0, 0x0, 0x0, 0x3e, 0x0,
    0x0,

    /* U+00A3 "£" */
    0x0, 0x2, 0xbf, 0xfd, 0x60, 0x0, 0x3, 0xff,
    0xff, 0xff, 0x90, 0x0, 0xbf, 0xc2, 0x6, 0xff,
    0x20, 0xf, 0xf5, 0x0, 0x7, 0x72, 0x0, 0xff,
    0x40, 0x0, 0x0, 0x1, 0xaf, 0xfc, 0xaa, 0x90,
    0x0, 0x3f, 0xff, 0xff, 0xfe, 0x0, 0x0, 0xd,
    0xf5, 0x0, 0x0, 0x0, 0x0, 0xcf, 0x60, 0x0,
    0x0, 0x0, 0xb, 0xf6, 0x0, 0x1, 0x10, 0x2,
    0xee, 0x10, 0x0, 0xbf, 0x63, 0xff, 0xff, 0xff,
    0xff, 0xf3, 0x3f, 0xff, 0xff, 0xff, 0xe8, 0x0,

    /* U+00A4 "¤" */
    0x0, 0x0, 0x0, 0x0, 0x0, 0x0, 0x7d, 0x28,
    0xdf, 0xea, 0x29, 0xc1, 0x6f, 0xff, 0xc9, 0xbf,
    0xff, 0xc0, 0xd, 0xf4, 0x0, 0x1, 0xdf, 0x30,
    0x4f, 0x60, 0x0, 0x0, 0x2f, 0xa0, 0x8f, 0x0,
    0x0, 0x0, 0xb, 0xe0, 0xae, 0x0, 0x0, 0x0,
    0x9, 0xf0, 0x8f, 0x0, 0x0, 0x0, 0xb, 0xe0,
    0x4f, 0x70, 0x0, 0x0, 0x2f, 0xa0, 0xe, 0xf5,
    0x0, 0x2, 0xdf, 0x40, 0x9f, 0xff, 0xc9, 0xbf,
    0xff, 0xe1, 0x4b, 0x18, 0xdf, 0xea, 0x25, 0xa0,
    0x0, 0x0, 0x0, 0x0, 0x0, 0x0,

    /* U+00A5 "¥" */
    0x8f, 0xd0, 0x0, 0xd, 0xf9, 0x1f, 0xf5, 0x0,
    0x4f, 0xf2, 0x9, 0xfc, 0x0, 0xbf, 0xa0, 0x1,
    0xff, 0x32, 0xff, 0x20, 0x0, 0x9f, 0xa9, 0xfa,
    0x0, 0x0, 0x2f, 0xff, 0xf2, 0x0, 0xf, 0xff,
    0xff, 0xff, 0xd0, 0xa, 0xab, 0xff, 0xba, 0x80,
    0x2, 0x24, 0xff, 0x42, 0x10, 0xf, 0xff, 0xff,
    0xff, 0xd0, 0x4, 0x56, 0xff, 0x65, 0x40, 0x0,
    0x2, 0xff, 0x20, 0x0, 0x0, 0x2, 0xff, 0x20,
    0x0,

    /* U+00A6 "¦" */
    0x3f, 0xd3, 0xfd, 0x3f, 0xd3, 0xfd, 0x3f, 0xd3,
    0xfd, 0x2, 0x10, 0x0, 0x0, 0x0, 0x22, 0x3f,
    0xd3, 0xfd, 0x3f, 0xd3, 0xfd, 0x3f, 0xd3, 0xfd,

    /* U+00A7 "§" */
    0x0, 0x3b, 0xff, 0xc3, 0x0, 0x2, 0xff, 0xee,
    0xff, 0x20, 0x7, 0xfb, 0x0, 0xaf, 0x80, 0x7,
    0xfb, 0x0, 0x13, 0x0, 0x2, 0xff, 0xa2, 0x0,
    0x0, 0x1, 0xaf, 0xff, 0xa2, 0x0, 0xd, 0xe2,
    0x5d, 0xff, 0x60, 0x2f, 0xb0, 0x0, 0x5f, 0xf1,
    0xf, 0xf5, 0x0, 0xa, 0xf3, 0x5, 0xff, 0xc5,
    0x1d, 0xd0, 0x0, 0x2a, 0xff, 0xfb, 0x10, 0x0,
    0x0, 0x29, 0xff, 0x30, 0x1, 0x31, 0x0, 0x9f,
    0x80, 0xb, 0xf8, 0x0, 0xaf, 0x90, 0x4, 0xff,
    0xee, 0xff, 0x30, 0x0, 0x4c, 0xff, 0xc4, 0x0,

    /* U+00A8 "¨" */
    0x16, 0x10, 0x26, 0xa, 0xfa, 0xd, 0xf8, 0x6f,
    0x70, 0x9f, 0x40,

    /* U+00A9 "©" */
    0x0, 0x0, 0x5b, 0xee, 0xc7, 0x10, 0x0, 0x0,
    0x1c, 0xff, 0xff, 0xff, 0xe4, 0x0, 0x1, 0xdf,
    0xd5, 0x10, 0x3a, 0xff, 0x40, 0xa, 0xfb, 0x4,
    0x9b, 0x70, 0x6f, 0xe0, 0x1f, 0xe1, 0x6f, 0xff,
    0xfd, 0xa, 0xf7, 0x6f, 0x81, 0xfd, 0x20, 0x8f,
    0x73, 0xfb, 0x8f, 0x56, 0xf5, 0x0, 0x5, 0x30,
    0xfe, 0x8f, 0x56, 0xf4, 0x0, 0x1, 0x0, 0xfe,
    0x6f, 0x83, 0xfb, 0x0, 0x6f, 0x72, 0xfc, 0x2f,
    0xe0, 0xaf, 0xec, 0xfe, 0x19, 0xf7, 0xa, 0xfa,
    0x8, 0xef, 0xb2, 0x5f, 0xf1, 0x1, 0xef, 0xc3,
    0x0, 0x18, 0xff, 0x50, 0x0, 0x2d, 0xff, 0xff,
    0xff, 0xf5, 0x0, 0x0, 0x0, 0x6c, 0xff, 0xd9,
    0x20, 0x0,

    /* U+00AA "ª" */
    0x3, 0xbf, 0xfc, 0x40, 0x1f, 0xe7, 0x7e, 0xf1,
    0x1, 0x10, 0x2c, 0xf4, 0x8, 0xef, 0xee, 0xf4,
    0x6f, 0x90, 0x9, 0xf4, 0x6f, 0xb5, 0x7f, 0xf4,
    0x9, 0xef, 0xb9, 0xf4,

    /* U+00AB "«" */
    0x0, 0x3, 0xff, 0x44, 0xff, 0x30, 0x2, 0xef,
    0x72, 0xff, 0x60, 0x0, 0xdf, 0xa1, 0xdf, 0x90,
    0x0, 0xbf, 0xc0, 0xcf, 0xb0, 0x0, 0x1e, 0xf9,
    0x1e, 0xf8, 0x0, 0x0, 0x2f, 0xf6, 0x3f, 0xf5,
    0x0, 0x0, 0x4f, 0xf3, 0x5f, 0xf2, 0x0, 0x0,
    0x7f, 0xe1, 0x8f, 0xe1, 0x0, 0x0, 0x45, 0x20,
    0x45, 0x20,

    /* U+00AC "¬" */
    0x1e, 0xee, 0xee, 0xee, 0x91, 0xff, 0xff, 0xff,
    0xfa, 0x0, 0x0, 0x0, 0x5f, 0xa0, 0x0, 0x0,
    0x5, 0xfa, 0x0, 0x0, 0x0, 0x28, 0x50,

    /* U+00AE "®" */
    0x0, 0x0, 0x0, 0x0, 0x0, 0x0, 0x0, 0x6,
    0xdf, 0xfc, 0x50, 0x0, 0x0, 0xbf, 0x84, 0x59,
    0xf8, 0x0, 0x7, 0xf3, 0x0, 0x0, 0x5f, 0x50,
    0xe, 0x70, 0xee, 0xe8, 0xa, 0xc0, 0x2f, 0x20,
    0xf4, 0x5f, 0x5, 0xf0, 0x2f, 0x20, 0xfb, 0xf8,
    0x5, 0xf0, 0xf, 0x60, 0xf4, 0x9b, 0x9, 0xd0,
    0x9, 0xe1, 0x61, 0x16, 0x3f, 0x60, 0x1, 0xde,
    0x51, 0x27, 0xfb, 0x0, 0x0, 0x19, 0xff, 0xff,
    0x80, 0x0, 0x0, 0x0, 0x3, 0x30, 0x0, 0x0,

    /* U+00AF "¯" */
    0x49, 0x99, 0x94, 0x8f, 0xff, 0xf7,

    /* U+00B0 "°" */
    0x8, 0xef, 0xa0, 0x8, 0xfd, 0xcf, 0xb0, 0xfc,
    0x0, 0xaf, 0x1f, 0xc0, 0xa, 0xf1, 0x8f, 0xcb,
    0xfb, 0x0, 0x8e, 0xfa, 0x0,

    /* U+00B1 "±" */
    0x0, 0x0, 0xff, 0x0, 0x0, 0x0, 0x0, 0xff,
    0x0, 0x0, 0x5e, 0xee, 0xff, 0xee, 0xe5, 0x5f,
    0xff, 0xff, 0xff, 0xf5, 0x0, 0x0, 0xff, 0x0,
    0x0, 0x0, 0x0, 0xff, 0x0, 0x0, 0x0, 0x0,
    0xcc, 0x0, 0x0, 0x0, 0x0, 0x0, 0x0, 0x0,
    0x5f, 0xff, 0xff, 0xff, 0xf5, 0x5e, 0xee, 0xee,
    0xee, 0xe5,

    /* U+00B2 "²" */
    0x3, 0xcf, 0xfb, 0x20, 0xf, 0xe7, 0x8f, 0xc0,
    0x5, 0x30, 0xf, 0xd0, 0x0, 0x2, 0xcf, 0x50,
    0x0, 0x6f, 0xd3, 0x0, 0xb, 0xfe, 0x87, 0x70,
    0x1f, 0xff, 0xff, 0xf1,

    /* U+00B3 "³" */
    0x2, 0xbf, 0xfc, 0x30, 0xd, 0xf8, 0x7f, 0xe0,
    0x2, 0x20, 0x1e, 0xe0, 0x0, 0xd, 0xfe, 0x40,
    0x1, 0x12, 0x3d, 0xf3, 0x1f, 0xf8, 0x8e, 0xf3,
    0x3, 0xcf, 0xfd, 0x50,

    /* U+00B4 "´" */
    0x6, 0xb6, 0xf, 0xe1, 0x7f, 0x50,

    /* U+00B5 "µ" */
    0xdf, 0x60, 0x0, 0x9f, 0xb0, 0xdf, 0x60, 0x0,
    0x9f, 0xb0, 0xdf, 0x60, 0x0, 0x9f, 0xb0, 0xdf,
    0x60, 0x0, 0x9f, 0xb0, 0xdf, 0x60, 0x0, 0x9f,
    0xb0, 0xdf, 0x60, 0x0, 0x9f, 0xb0, 0xdf, 0x70,
    0x0, 0x9f, 0xb0, 0xdf, 0xd1, 0x2, 0xef, 0xb0,
    0xdf, 0xff, 0xcf, 0xef, 0xfa, 0xdf, 0x8c, 0xfb,
    0x2a, 0xfd, 0xdf, 0x60, 0x0, 0x0, 0x0, 0xdf,
    0x60, 0x0, 0x0, 0x0, 0xdf, 0x60, 0x0, 0x0,
    0x0, 0xdf, 0x60, 0x0, 0x0, 0x0,

    /* U+00B6 "¶" */
    0x0, 0x5c, 0xff, 0xff, 0xf7, 0x6, 0xff, 0xff,
    0xef, 0xf7, 0xf, 0xff, 0xfd, 0x9, 0xf6, 0x3f,
    0xff, 0xfd, 0x9, 0xf6, 0x4f, 0xff, 0xfd, 0x9,
    0xf6, 0x1f, 0xff, 0xfd, 0x9, 0xf6, 0x9, 0xff,
    0xfd, 0x9, 0xf6, 0x0, 0x8f, 0xfd, 0x9, 0xf6,
    0x0, 0x0, 0x22, 0x9, 0xf6, 0x0, 0x0, 0x0,
    0x9, 0xf6, 0x0, 0x0, 0x0, 0x9, 0xf6, 0x0,
    0x0, 0x0, 0x9, 0xf6, 0x0, 0x0, 0x0, 0x9,
    0xf6,

    /* U+00B7 "·" */
    0x3c, 0x80, 0xaf, 0xf1, 0x5f, 0xb0,

    /* U+00B8 "¸" */
    0xa, 0x50, 0x0, 0xcd, 0x70, 0x0, 0x6f, 0x3,
    0xef, 0xb0, 0x1, 0x10, 0x0,

    /* U+00B9 "¹" */
    0x5, 0xdf, 0xa2, 0xfc, 0xfa, 0x13, 0x3f, 0xa0,
    0x3, 0xfa, 0x0, 0x3f, 0xa0, 0x3, 0xfa, 0x0,
    0x3f, 0xa0,

    /* U+00BA "º" */
    0x1, 0x9e, 0xfd, 0x60, 0x0, 0xdf, 0xa7, 0xdf,
    0x70, 0x4f, 0xb0, 0x1, 0xff, 0x6, 0xf8, 0x0,
    0xd, 0xf1, 0x4f, 0xb0, 0x1, 0xff, 0x0, 0xdf,
    0xa7, 0xdf, 0x70, 0x1, 0x9e, 0xfd, 0x60, 0x0,

    /* U+00BB "»" */
    0x1e, 0xf7, 0x2e, 0xf6, 0x0, 0x0, 0x3f, 0xf5,
    0x4f, 0xf4, 0x0, 0x0, 0x5f, 0xf3, 0x6f, 0xf2,
    0x0, 0x0, 0x8f, 0xe1, 0x9f, 0xd1, 0x0, 0x4,
    0xff, 0x45, 0xff, 0x30, 0x2, 0xff, 0x63, 0xff,
    0x50, 0x1, 0xdf, 0x91, 0xef, 0x80, 0x0, 0xbf,
    0xb0, 0xcf, 0xb0, 0x0, 0x15, 0x51, 0x15, 0x50,
    0x0, 0x0,

    /* U+00BC "¼" */
    0x8, 0xff, 0x0, 0x0, 0x0, 0xbe, 0x10, 0x5,
    0xfd, 0xf0, 0x0, 0x0, 0x6f, 0x50, 0x0, 0x32,
    0xaf, 0x0, 0x0, 0x1f, 0xa0, 0x0, 0x0, 0xa,
    0xf0, 0x0, 0xb, 0xe1, 0x0, 0x0, 0x0, 0xaf,
    0x0, 0x6, 0xf5, 0x0, 0x0, 0x0, 0xa, 0xf0,
    0x1, 0xfa, 0x0, 0x0, 0x0, 0x0, 0xaf, 0x0,
    0xbe, 0x10, 0x1e, 0xe3, 0x0, 0x3, 0x50, 0x6f,
    0x50, 0xa, 0xff, 0x30, 0x0, 0x0, 0x1f, 0xa0,
    0x4, 0xfa, 0xf3, 0x0, 0x0, 0xb, 0xe1, 0x0,
    0xdb, 0x5f, 0x30, 0x0, 0x6, 0xf5, 0x0, 0x7f,
    0x46, 0xf4, 0x0, 0x2, 0xfa, 0x0, 0xc, 0xff,
    0xff, 0xf1, 0x0, 0xbe, 0x10, 0x0, 0x34, 0x48,
    0xf7, 0x0, 0x17, 0x30, 0x0, 0x0, 0x0, 0x27,
    0x10,

    /* U+00BD "½" */
    0x0, 0x0, 0x0, 0x0, 0x0, 0x0, 0x0, 0x0,
    0x8f, 0xf0, 0x0, 0x0, 0xb, 0xe1, 0x0, 0x5e,
    0xdf, 0x0, 0x0, 0x6, 0xf5, 0x0, 0x3, 0x1a,
    0xf0, 0x0, 0x2, 0xfa, 0x0, 0x0, 0x0, 0xaf,
    0x0, 0x0, 0xce, 0x10, 0x0, 0x0, 0xa, 0xf0,
    0x0, 0x6f, 0x50, 0x0, 0x0, 0x0, 0xaf, 0x0,
    0x2f, 0xa0, 0x1, 0x10, 0x0, 0xa, 0xf0, 0xc,
    0xe1, 0xb, 0xff, 0xc1, 0x0, 0x35, 0x7, 0xf4,
    0x7, 0xf7, 0x8f, 0x80, 0x0, 0x2, 0xf9, 0x0,
    0x12, 0x1, 0xf8, 0x0, 0x0, 0xce, 0x0, 0x0,
    0x0, 0xbe, 0x10, 0x0, 0x7f, 0x40, 0x0, 0x0,
    0xbf, 0x30, 0x0, 0x2f, 0x90, 0x0, 0x1, 0xcf,
    0x51, 0x10, 0xd, 0xd0, 0x0, 0x0, 0x7f, 0xff,
    0xfa, 0x1, 0x42, 0x0, 0x0, 0x2, 0x44, 0x44,
    0x30,

    /* U+00BE "¾" */
    0x0, 0x1, 0x0, 0x0, 0x0, 0x0, 0x10, 0x0,
    0x5, 0xef, 0xe4, 0x0, 0x0, 0x5, 0xf6, 0x0,
    0x1f, 0xb4, 0xde, 0x0, 0x0, 0x1e, 0xb0, 0x0,
    0x0, 0x0, 0xce, 0x0, 0x0, 0xbf, 0x10, 0x0,
    0x0, 0x6f, 0xf4, 0x0, 0x5, 0xf6, 0x0, 0x0,
    0x0, 0x13, 0xcf, 0x10, 0x1e, 0xb0, 0x0, 0x0,
    0x27, 0x30, 0x8f, 0x40, 0xaf, 0x10, 0x0, 0x0,
    0x1e, 0xfd, 0xfd, 0x5, 0xf6, 0x0, 0x8d, 0x80,
    0x1, 0x79, 0x71, 0x1e, 0xb0, 0x3, 0xff, 0xa0,
    0x0, 0x0, 0x0, 0xaf, 0x10, 0xd, 0xbe, 0xa0,
    0x0, 0x0, 0x5, 0xf6, 0x0, 0x7f, 0x2e, 0xa0,
    0x0, 0x0, 0x1e, 0xb0, 0x1, 0xf9, 0x1e, 0xb0,
    0x0, 0x0, 0xaf, 0x10, 0x5, 0xff, 0xff, 0xf8,
    0x0, 0x5, 0xf6, 0x0, 0x1, 0x44, 0x4f, 0xb2,
    0x0, 0x5, 0x60, 0x0, 0x0, 0x0, 0x6, 0x40,

    /* U+00BF "¿" */
    0x0, 0x0, 0xbf, 0x50, 0x0, 0x0, 0x1, 0xff,
    0xa0, 0x0, 0x0, 0x0, 0x8c, 0x30, 0x0, 0x0,
    0x0, 0x0, 0x0, 0x0, 0x0, 0x0, 0x9c, 0x40,
    0x0, 0x0, 0x0, 0xef, 0x40, 0x0, 0x0, 0x9,
    0xff, 0x10, 0x0, 0x1, 0xcf, 0xf6, 0x0, 0x0,
    0xb, 0xfe, 0x30, 0x0, 0x0, 0x1f, 0xf5, 0x0,
    0x0, 0x0, 0x2f, 0xf3, 0x0, 0x2e, 0xe1, 0xf,
    0xfa, 0x0, 0xaf, 0xe0, 0x7, 0xff, 0xff, 0xff,
    0x50, 0x0, 0x5c, 0xff, 0xc4, 0x0,

    /* U+00C0 "À" */
    0x0, 0x0, 0xcf, 0x40, 0x0, 0x0, 0x0, 0x0,
    0x2, 0xfc, 0x0, 0x0, 0x0, 0x0, 0x0, 0x6,
    0xb2, 0x0, 0x0, 0x0, 0x0, 0x0, 0x0, 0x0,
    0x0, 0x0, 0x0, 0x0, 0x3f, 0xff, 0x10, 0x0,
    0x0, 0x0, 0x9, 0xff, 0xf7, 0x0, 0x0, 0x0,
    0x0, 0xef, 0xaf, 0xd0, 0x0, 0x0, 0x0, 0x4f,
    0xf2, 0xff, 0x20, 0x0, 0x0, 0xa, 0xfb, 0xd,
    0xf8, 0x0, 0x0, 0x0, 0xff, 0x60, 0x8f, 0xe0,
    0x0, 0x0, 0x5f, 0xf1, 0x3, 0xff, 0x40, 0x0,
    0xb, 0xfc, 0x0, 0xd, 0xf9, 0x0, 0x1, 0xff,
    0xff, 0xff, 0xff, 0xf0, 0x0, 0x6f, 0xff, 0xff,
    0xff, 0xff, 0x50, 0xb, 0xfc, 0x0, 0x0, 0xd,
    0xfb, 0x1, 0xff, 0x60, 0x0, 0x0, 0x7f, 0xf1,
    0x7f, 0xf1, 0x0, 0x0, 0x2, 0xff, 0x60,

    /* U+00C1 "Á" */
    0x0, 0x0, 0x0, 0x6f, 0xc0, 0x0, 0x0, 0x0,
    0x0, 0xd, 0xf2, 0x0, 0x0, 0x0, 0x0, 0x2,
    0xb5, 0x0, 0x0, 0x0, 0x0, 0x0, 0x0, 0x0,
    0x0, 0x0, 0x0, 0x0, 0x3f, 0xff, 0x10, 0x0,
    0x0, 0x0, 0x9, 0xff, 0xf7, 0x0, 0x0, 0x0,
    0x0, 0xef, 0xaf, 0xd0, 0x0, 0x0, 0x0, 0x4f,
    0xf2, 0xff, 0x20, 0x0, 0x0, 0xa, 0xfb, 0xd,
    0xf8, 0x0, 0x0, 0x0, 0xff, 0x60, 0x8f, 0xe0,
    0x0, 0x0, 0x5f, 0xf1, 0x3, 0xff, 0x40, 0x0,
    0xb, 0xfc, 0x0, 0xd, 0xf9, 0x0, 0x1, 0xff,
    0xff, 0xff, 0xff, 0xf0, 0x0, 0x6f, 0xff, 0xff,
    0xff, 0xff, 0x50, 0xb, 0xfc, 0x0, 0x0, 0xd,
    0xfb, 0x1, 0xff, 0x60, 0x0, 0x0, 0x7f, 0xf1,
    0x7f, 0xf1, 0x0, 0x0, 0x2, 0xff, 0x60,

    /* U+00C2 "Â" */
    0x0, 0x0, 0x5, 0x84, 0x0, 0x0, 0x0, 0x0,
    0x4, 0xff, 0xf3, 0x0, 0x0, 0x0, 0x2, 0xee,
    0x2e, 0xd1, 0x0, 0x0, 0x0, 0x58, 0x30, 0x38,
    0x40, 0x0, 0x0, 0x0, 0x0, 0x0, 0x0, 0x0,
    0x0, 0x0, 0x3, 0xff, 0xf1, 0x0, 0x0, 0x0,
    0x0, 0x9f, 0xff, 0x70, 0x0, 0x0, 0x0, 0xe,
    0xfa, 0xfd, 0x0, 0x0, 0x0, 0x4, 0xff, 0x2f,
    0xf2, 0x0, 0x0, 0x0, 0xaf, 0xb0, 0xdf, 0x80,
    0x0, 0x0, 0xf, 0xf6, 0x8, 0xfe, 0x0, 0x0,
    0x5, 0xff, 0x10, 0x3f, 0xf4, 0x0, 0x0, 0xbf,
    0xc0, 0x0, 0xdf, 0x90, 0x0, 0x1f, 0xff, 0xff,
    0xff, 0xff, 0x0, 0x6, 0xff, 0xff, 0xff, 0xff,
    0xf5, 0x0, 0xbf, 0xc0, 0x0, 0x0, 0xdf, 0xb0,
    0x1f, 0xf6, 0x0, 0x0, 0x7, 0xff, 0x17, 0xff,
    0x10, 0x0, 0x0, 0x2f, 0xf6,

    /* U+00C3 "Ã" */
    0x0, 0x0, 0x0, 0x0, 0x10, 0x0, 0x0, 0x0,
    0xc, 0xfa, 0x3f, 0x40, 0x0, 0x0, 0x4, 0xf6,
    0xdf, 0xe0, 0x0, 0x0, 0x0, 0x14, 0x0, 0x31,
    0x0, 0x0, 0x0, 0x0, 0x0, 0x0, 0x0, 0x0,
    0x0, 0x0, 0x3, 0xff, 0xf1, 0x0, 0x0, 0x0,
    0x0, 0x9f, 0xff, 0x70, 0x0, 0x0, 0x0, 0xe,
    0xfa, 0xfd, 0x0, 0x0, 0x0, 0x4, 0xff, 0x2f,
    0xf2, 0x0, 0x0, 0x0, 0xaf, 0xb0, 0xdf, 0x80,
    0x0, 0x0, 0xf, 0xf6, 0x8, 0xfe, 0x0, 0x0,
    0x5, 0xff, 0x10, 0x3f, 0xf4, 0x0, 0x0, 0xbf,
    0xc0, 0x0, 0xdf, 0x90, 0x0, 0x1f, 0xff, 0xff,
    0xff, 0xff, 0x0, 0x6, 0xff, 0xff, 0xff, 0xff,
    0xf5, 0x0, 0xbf, 0xc0, 0x0, 0x0, 0xdf, 0xb0,
    0x1f, 0xf6, 0x0, 0x0, 0x7, 0xff, 0x17, 0xff,
    0x10, 0x0, 0x0, 0x2f, 0xf6,

    /* U+00C4 "Ä" */
    0x0, 0x6, 0xf7, 0x8, 0xf5, 0x0, 0x0, 0x0,
    0x9f, 0xb0, 0xcf, 0x80, 0x0, 0x0, 0x1, 0x61,
    0x2, 0x60, 0x0, 0x0, 0x0, 0x0, 0x0, 0x0,
    0x0, 0x0, 0x0, 0x0, 0x3f, 0xff, 0x10, 0x0,
    0x0, 0x0, 0x9, 0xff, 0xf7, 0x0, 0x0, 0x0,
    0x0, 0xef, 0xaf, 0xd0, 0x0, 0x0, 0x0, 0x4f,
    0xf2, 0xff, 0x20, 0x0, 0x0, 0xa, 0xfb, 0xd,
    0xf8, 0x0, 0x0, 0x0, 0xff, 0x60, 0x8f, 0xe0,
    0x0, 0x0, 0x5f, 0xf1, 0x3, 0xff, 0x40, 0x0,
    0xb, 0xfc, 0x0, 0xd, 0xf9, 0x0, 0x1, 0xff,
    0xff, 0xff, 0xff, 0xf0, 0x0, 0x6f, 0xff, 0xff,
    0xff, 0xff, 0x50, 0xb, 0xfc, 0x0, 0x0, 0xd,
    0xfb, 0x1, 0xff, 0x60, 0x0, 0x0, 0x7f, 0xf1,
    0x7f, 0xf1, 0x0, 0x0, 0x2, 0xff, 0x60,

    /* U+00C5 "Å" */
    0x0, 0x0, 0x2c, 0xfc, 0x20, 0x0, 0x0, 0x0,
    0xc, 0xb3, 0xcb, 0x0, 0x0, 0x0, 0x0, 0xc9,
    0xa, 0xb0, 0x0, 0x0, 0x0, 0x4, 0xef, 0xe3,
    0x0, 0x0, 0x0, 0x0, 0x0, 0x20, 0x0, 0x0,
    0x0, 0x0, 0x3, 0xff, 0xf1, 0x0, 0x0, 0x0,
    0x0, 0x9f, 0xff, 0x70, 0x0, 0x0, 0x0, 0xe,
    0xfa, 0xfd, 0x0, 0x0, 0x0, 0x4, 0xff, 0x2f,
    0xf2, 0x0, 0x0, 0x0, 0xaf, 0xb0, 0xdf, 0x80,
    0x0, 0x0, 0xf, 0xf6, 0x8, 0xfe, 0x0, 0x0,
    0x5, 0xff, 0x10, 0x3f, 0xf4, 0x0, 0x0, 0xbf,
    0xc0, 0x0, 0xdf, 0x90, 0x0, 0x1f, 0xff, 0xff,
    0xff, 0xff, 0x0, 0x6, 0xff, 0xff, 0xff, 0xff,
    0xf5, 0x0, 0xbf, 0xc0, 0x0, 0x0, 0xdf, 0xb0,
    0x1f, 0xf6, 0x0, 0x0, 0x7, 0xff, 0x17, 0xff,
    0x10, 0x0, 0x0, 0x2f, 0xf6,

    /* U+00C6 "Æ" */
    0x0, 0x0, 0x1, 0xff, 0xff, 0xff, 0xff, 0xff,
    0xf3, 0x0, 0x0, 0x7, 0xfe, 0xcf, 0xff, 0xff,
    0xff, 0xf3, 0x0, 0x0, 0xe, 0xf7, 0x5f, 0xe0,
    0x0, 0x0, 0x0, 0x0, 0x0, 0x6f, 0xf1, 0x5f,
    0xe0, 0x0, 0x0, 0x0, 0x0, 0x0, 0xdf, 0x90,
    0x5f, 0xe0, 0x0, 0x0, 0x0, 0x0, 0x4, 0xff,
    0x20, 0x5f, 0xff, 0xff, 0xff, 0xc0, 0x0, 0xb,
    0xfb, 0x0, 0x5f, 0xff, 0xff, 0xff, 0xc0, 0x0,
    0x2f, 0xf4, 0x0, 0x5f, 0xe0, 0x0, 0x0, 0x0,
    0x0, 0x9f, 0xff, 0xff, 0xff, 0xe0, 0x0, 0x0,
    0x0, 0x1, 0xff, 0xdc, 0xcc, 0xdf, 0xe0, 0x0,
    0x0, 0x0, 0x8, 0xff, 0x0, 0x0, 0x5f, 0xe0,
    0x0, 0x0, 0x0, 0xe, 0xf9, 0x0, 0x0, 0x5f,
    0xff, 0xff, 0xff, 0xf4, 0x6f, 0xf2, 0x0, 0x0,
    0x5f, 0xff, 0xff, 0xff, 0xf4,

    /* U+00C7 "Ç" */
    0x0, 0x1, 0x8d, 0xff, 0xc7, 0x0, 0x0, 0x3,
    0xef, 0xff, 0xff, 0xfd, 0x10, 0x1, 0xef, 0xe6,
    0x22, 0x7f, 0xfb, 0x0, 0x9f, 0xf2, 0x0, 0x0,
    0x5f, 0xf2, 0xe, 0xf8, 0x0, 0x0, 0x0, 0x77,
    0x21, 0xff, 0x40, 0x0, 0x0, 0x0, 0x0, 0x2f,
    0xf3, 0x0, 0x0, 0x0, 0x0, 0x1, 0xff, 0x40,
    0x0, 0x0, 0x0, 0x0, 0xe, 0xf8, 0x0, 0x0,
    0x0, 0x77, 0x20, 0x9f, 0xf2, 0x0, 0x0, 0x5f,
    0xf2, 0x1, 0xff, 0xe6, 0x23, 0x8f, 0xfb, 0x0,
    0x3, 0xef, 0xff, 0xff, 0xfc, 0x10, 0x0, 0x1,
    0x8d, 0xff, 0xc7, 0x0, 0x0, 0x0, 0x0, 0xc,
    0x70, 0x0, 0x0, 0x0, 0x0, 0x0, 0x9d, 0xc0,
    0x0, 0x0, 0x0, 0x0, 0x0, 0x7f, 0x0, 0x0,
    0x0, 0x0, 0x4, 0xff, 0x70, 0x0, 0x0,

    /* U+00C8 "È" */
    0x0, 0xbf, 0x60, 0x0, 0x0, 0x1, 0xee, 0x0,
    0x0, 0x0, 0x5, 0xb3, 0x0, 0x0, 0x0, 0x0,
    0x0, 0x0, 0xbf, 0xff, 0xff, 0xff, 0xeb, 0xff,
    0xff, 0xff, 0xfe, 0xbf, 0x90, 0x0, 0x0, 0xb,
    0xf9, 0x0, 0x0, 0x0, 0xbf, 0x90, 0x0, 0x0,
    0xb, 0xff, 0xff, 0xff, 0xf6, 0xbf, 0xff, 0xff,
    0xff, 0x7b, 0xf9, 0x0, 0x0, 0x0, 0xbf, 0x90,
    0x0, 0x0, 0xb, 0xf9, 0x0, 0x0, 0x0, 0xbf,
    0x90, 0x0, 0x0, 0xb, 0xff, 0xff, 0xff, 0xff,
    0xbf, 0xff, 0xff, 0xff, 0xf0,

    /* U+00C9 "É" */
    0x0, 0x0, 0x3f, 0xd0, 0x0, 0x0, 0xb, 0xf3,
    0x0, 0x0, 0x1, 0xb7, 0x0, 0x0, 0x0, 0x0,
    0x0, 0x0, 0xbf, 0xff, 0xff, 0xff, 0xeb, 0xff,
    0xff, 0xff, 0xfe, 0xbf, 0x90, 0x0, 0x0, 0xb,
    0xf9, 0x0, 0x0, 0x0, 0xbf, 0x90, 0x0, 0x0,
    0xb, 0xff, 0xff, 0xff, 0xf6, 0xbf, 0xff, 0xff,
    0xff, 0x7b, 0xf9, 0x0, 0x0, 0x0, 0xbf, 0x90,
    0x0, 0x0, 0xb, 0xf9, 0x0, 0x0, 0x0, 0xbf,
    0x90, 0x0, 0x0, 0xb, 0xff, 0xff, 0xff, 0xff,
    0xbf, 0xff, 0xff, 0xff, 0xf0,

    /* U+00CA "Ê" */
    0x0, 0x4, 0x85, 0x0, 0x0, 0x2, 0xff, 0xf4,
    0x0, 0x1, 0xdf, 0x2d, 0xe2, 0x0, 0x48, 0x40,
    0x28, 0x50, 0x0, 0x0, 0x0, 0x0, 0xb, 0xff,
    0xff, 0xff, 0xfe, 0xbf, 0xff, 0xff, 0xff, 0xeb,
    0xf9, 0x0, 0x0, 0x0, 0xbf, 0x90, 0x0, 0x0,
    0xb, 0xf9, 0x0, 0x0, 0x0, 0xbf, 0xff, 0xff,
    0xff, 0x6b, 0xff, 0xff, 0xff, 0xf7, 0xbf, 0x90,
    0x0, 0x0, 0xb, 0xf9, 0x0, 0x0, 0x0, 0xbf,
    0x90, 0x0, 0x0, 0xb, 0xf9, 0x0, 0x0, 0x0,
    0xbf, 0xff, 0xff, 0xff, 0xfb, 0xff, 0xff, 0xff,
    0xff,

    /* U+00CB "Ë" */
    0x4, 0xf9, 0x6, 0xf7, 0x0, 0x7f, 0xd0, 0xaf,
    0xa0, 0x0, 0x62, 0x1, 0x61, 0x0, 0x0, 0x0,
    0x0, 0x0, 0xbf, 0xff, 0xff, 0xff, 0xeb, 0xff,
    0xff, 0xff, 0xfe, 0xbf, 0x90, 0x0, 0x0, 0xb,
    0xf9, 0x0, 0x0, 0x0, 0xbf, 0x90, 0x0, 0x0,
    0xb, 0xff, 0xff, 0xff, 0xf6, 0xbf, 0xff, 0xff,
    0xff, 0x7b, 0xf9, 0x0, 0x0, 0x0, 0xbf, 0x90,
    0x0, 0x0, 0xb, 0xf9, 0x0, 0x0, 0x0, 0xbf,
    0x90, 0x0, 0x0, 0xb, 0xff, 0xff, 0xff, 0xff,
    0xbf, 0xff, 0xff, 0xff, 0xf0,

    /* U+00CC "Ì" */
    0xd, 0xf4, 0x0, 0x3f, 0xb0, 0x0, 0x7b, 0x10,
    0x0, 0x0, 0x0, 0xbf, 0x90, 0xb, 0xf9, 0x0,
    0xbf, 0x90, 0xb, 0xf9, 0x0, 0xbf, 0x90, 0xb,
    0xf9, 0x0, 0xbf, 0x90, 0xb, 0xf9, 0x0, 0xbf,
    0x90, 0xb, 0xf9, 0x0, 0xbf, 0x90, 0xb, 0xf9,
    0x0, 0xbf, 0x90,

    /* U+00CD "Í" */
    0x6, 0xfb, 0x0, 0xdf, 0x10, 0x3b, 0x50, 0x0,
    0x0, 0x0, 0xbf, 0x90, 0xb, 0xf9, 0x0, 0xbf,
    0x90, 0xb, 0xf9, 0x0, 0xbf, 0x90, 0xb, 0xf9,
    0x0, 0xbf, 0x90, 0xb, 0xf9, 0x0, 0xbf, 0x90,
    0xb, 0xf9, 0x0, 0xbf, 0x90, 0xb, 0xf9, 0x0,
    0xbf, 0x90, 0x0,

    /* U+00CE "Î" */
    0x0, 0x58, 0x40, 0x0, 0x4f, 0xff, 0x20, 0x2f,
    0xd2, 0xed, 0x5, 0x83, 0x4, 0x83, 0x0, 0x0,
    0x0, 0x0, 0xb, 0xf9, 0x0, 0x0, 0xbf, 0x90,
    0x0, 0xb, 0xf9, 0x0, 0x0, 0xbf, 0x90, 0x0,
    0xb, 0xf9, 0x0, 0x0, 0xbf, 0x90, 0x0, 0xb,
    0xf9, 0x0, 0x0, 0xbf, 0x90, 0x0, 0xb, 0xf9,
    0x0, 0x0, 0xbf, 0x90, 0x0, 0xb, 0xf9, 0x0,
    0x0, 0xbf, 0x90, 0x0, 0xb, 0xf9, 0x0,

    /* U+00CF "Ï" */
    0x6f, 0x70, 0x9f, 0x5a, 0xfb, 0xc, 0xf8, 0x16,
    0x10, 0x26, 0x0, 0x0, 0x0, 0x0, 0x0, 0xbf,
    0x90, 0x0, 0xb, 0xf9, 0x0, 0x0, 0xbf, 0x90,
    0x0, 0xb, 0xf9, 0x0, 0x0, 0xbf, 0x90, 0x0,
    0xb, 0xf9, 0x0, 0x0, 0xbf, 0x90, 0x0, 0xb,
    0xf9, 0x0, 0x0, 0xbf, 0x90, 0x0, 0xb, 0xf9,
    0x0, 0x0, 0xbf, 0x90, 0x0, 0xb, 0xf9, 0x0,
    0x0, 0xbf, 0x90, 0x0,

    /* U+00D0 "Ð" */
    0x2, 0xff, 0xff, 0xfe, 0xb5, 0x0, 0x0, 0x2f,
    0xff, 0xff, 0xff, 0xfa, 0x0, 0x2, 0xff, 0x40,
    0x3, 0x9f, 0xf8, 0x0, 0x2f, 0xf3, 0x0, 0x0,
    0x7f, 0xf1, 0x2, 0xff, 0x30, 0x0, 0x0, 0xff,
    0x69, 0xcf, 0xfc, 0xbb, 0x20, 0xc, 0xf9, 0xdf,
    0xff, 0xff, 0xf3, 0x0, 0xbf, 0xa0, 0x2f, 0xf3,
    0x0, 0x0, 0xc, 0xf9, 0x2, 0xff, 0x30, 0x0,
    0x0, 0xff, 0x60, 0x2f, 0xf3, 0x0, 0x0, 0x8f,
    0xf1, 0x2, 0xff, 0x40, 0x13, 0x9f, 0xf8, 0x0,
    0x2f, 0xff, 0xff, 0xff, 0xfa, 0x0, 0x2, 0xff,
    0xff, 0xfe, 0xb4, 0x0, 0x0,

    /* U+00D1 "Ñ" */
    0x0, 0x0, 0x10, 0x1, 0x0, 0x0, 0x0, 0x9,
    0xfc, 0x3c, 0x90, 0x0, 0x0, 0xf, 0x8a, 0xff,
    0x30, 0x0, 0x0, 0x4, 0x10, 0x22, 0x0, 0x0,
    0x0, 0x0, 0x0, 0x0, 0x0, 0x0, 0xbf, 0xf3,
    0x0, 0x0, 0x2f, 0xf4, 0xbf, 0xfd, 0x0, 0x0,
    0x2f, 0xf4, 0xbf, 0xff, 0x70, 0x0, 0x2f, 0xf4,
    0xbf, 0xbf, 0xf2, 0x0, 0x2f, 0xf4, 0xbf, 0x9a,
    0xfb, 0x0, 0x2f, 0xf4, 0xbf, 0x92, 0xff, 0x50,
    0x2f, 0xf4, 0xbf, 0xa0, 0x8f, 0xe1, 0x2f, 0xf4,
    0xbf, 0xa0, 0xd, 0xf9, 0x1f, 0xf4, 0xbf, 0xa0,
    0x4, 0xff, 0x4f, 0xf4, 0xbf, 0xa0, 0x0, 0x9f,
    0xcf, 0xf4, 0xbf, 0xa0, 0x0, 0x1e, 0xff, 0xf4,
    0xbf, 0xa0, 0x0, 0x5, 0xff, 0xf4, 0xbf, 0xa0,
    0x0, 0x0, 0xbf, 0xf4,

    /* U+00D2 "Ò" */
    0x0, 0x0, 0x5b, 0x70, 0x0, 0x0, 0x0, 0x0,
    0x0, 0xef, 0x10, 0x0, 0x0, 0x0, 0x0, 0x4,
    0xf8, 0x0, 0x0, 0x0, 0x0, 0x0, 0x0, 0x0,
    0x0, 0x0, 0x0, 0x0, 0x0, 0x0, 0x0, 0x0,
    0x0, 0x0, 0x18, 0xdf, 0xfc, 0x70, 0x0, 0x0,
    0x3e, 0xff, 0xff, 0xff, 0xd1, 0x0, 0x1e, 0xfe,
    0x62, 0x37, 0xff, 0xc0, 0x9, 0xff, 0x20, 0x0,
    0x4, 0xff, 0x50, 0xef, 0x80, 0x0, 0x0, 0xc,
    0xfa, 0x1f, 0xf4, 0x0, 0x0, 0x0, 0x8f, 0xd2,
    0xff, 0x30, 0x0, 0x0, 0x7, 0xfe, 0x1f, 0xf4,
    0x0, 0x0, 0x0, 0x8f, 0xd0, 0xef, 0x80, 0x0,
    0x0, 0xc, 0xfa, 0x9, 0xff, 0x20, 0x0, 0x5,
    0xff, 0x50, 0x1e, 0xfe, 0x62, 0x38, 0xff, 0xc0,
    0x0, 0x3e, 0xff, 0xff, 0xff, 0xd1, 0x0, 0x0,
    0x18, 0xdf, 0xfc, 0x70, 0x0,

    /* U+00D3 "Ó" */
    0x0, 0x0, 0x0, 0xa, 0xb3, 0x0, 0x0, 0x0,
    0x0, 0x4, 0xfa, 0x0, 0x0, 0x0, 0x0, 0x0,
    0xce, 0x10, 0x0, 0x0, 0x0, 0x0, 0x0, 0x0,
    0x0, 0x0, 0x0, 0x0, 0x0, 0x0, 0x0, 0x0,
    0x0, 0x0, 0x18, 0xdf, 0xfc, 0x70, 0x0, 0x0,
    0x3e, 0xff, 0xff, 0xff, 0xd1, 0x0, 0x1e, 0xfe,
    0x62, 0x37, 0xff, 0xc0, 0x9, 0xff, 0x20, 0x0,
    0x4, 0xff, 0x50, 0xef, 0x80, 0x0, 0x0, 0xc,
    0xfa, 0x1f, 0xf4, 0x0, 0x0, 0x0, 0x8f, 0xd2,
    0xff, 0x30, 0x0, 0x0, 0x7, 0xfe, 0x1f, 0xf4,
    0x0, 0x0, 0x0, 0x8f, 0xd0, 0xef, 0x80, 0x0,
    0x0, 0xc, 0xfa, 0x9, 0xff, 0x20, 0x0, 0x5,
    0xff, 0x50, 0x1e, 0xfe, 0x62, 0x38, 0xff, 0xc0,
    0x0, 0x3e, 0xff, 0xff, 0xff, 0xd1, 0x0, 0x0,
    0x18, 0xdf, 0xfc, 0x70, 0x0,

    /* U+00D4 "Ô" */
    0x0, 0x0, 0x2, 0x87, 0x0, 0x0, 0x0, 0x0,
    0x2, 0xed, 0xfb, 0x0, 0x0, 0x0, 0x1, 0xde,
    0x25, 0xfa, 0x0, 0x0, 0x0, 0x0, 0x0, 0x0,
    0x0, 0x0, 0x0, 0x0, 0x0, 0x0, 0x0, 0x0,
    0x0, 0x0, 0x18, 0xdf, 0xfc, 0x70, 0x0, 0x0,
    0x3e, 0xff, 0xff, 0xff, 0xd1, 0x0, 0x1e, 0xfe,
    0x62, 0x37, 0xff, 0xc0, 0x9, 0xff, 0x20, 0x0,
    0x4, 0xff, 0x50, 0xef, 0x80, 0x0, 0x0, 0xc,
    0xfa, 0x1f, 0xf4, 0x0, 0x0, 0x0, 0x8f, 0xd2,
    0xff, 0x30, 0x0, 0x0, 0x7, 0xfe, 0x1f, 0xf4,
    0x0, 0x0, 0x0, 0x8f, 0xd0, 0xef, 0x80, 0x0,
    0x0, 0xc, 0xfa, 0x9, 0xff, 0x20, 0x0, 0x5,
    0xff, 0x50, 0x1e, 0xfe, 0x62, 0x38, 0xff, 0xc0,
    0x0, 0x3e, 0xff, 0xff, 0xff, 0xd1, 0x0, 0x0,
    0x18, 0xdf, 0xfc, 0x70, 0x0,

    /* U+00D5 "Õ" */
    0x0, 0x0, 0x0, 0x0, 0x1, 0x0, 0x0, 0x0,
    0x7, 0xfd, 0x4b, 0xb0, 0x0, 0x0, 0x0, 0xea,
    0x9f, 0xf5, 0x0, 0x0, 0x0, 0x4, 0x10, 0x23,
    0x0, 0x0, 0x0, 0x0, 0x0, 0x0, 0x0, 0x0,
    0x0, 0x0, 0x18, 0xdf, 0xfc, 0x70, 0x0, 0x0,
    0x3e, 0xff, 0xff, 0xff, 0xd1, 0x0, 0x1e, 0xfe,
    0x62, 0x37, 0xff, 0xc0, 0x9, 0xff, 0x20, 0x0,
    0x4, 0xff, 0x50, 0xef, 0x80, 0x0, 0x0, 0xc,
    0xfa, 0x1f, 0xf4, 0x0, 0x0, 0x0, 0x8f, 0xd2,
    0xff, 0x30, 0x0, 0x0, 0x7, 0xfe, 0x1f, 0xf4,
    0x0, 0x0, 0x0, 0x8f, 0xd0, 0xef, 0x80, 0x0,
    0x0, 0xc, 0xfa, 0x9, 0xff, 0x20, 0x0, 0x5,
    0xff, 0x50, 0x1e, 0xfe, 0x62, 0x38, 0xff, 0xc0,
    0x0, 0x3e, 0xff, 0xff, 0xff, 0xd1, 0x0, 0x0,
    0x18, 0xdf, 0xfc, 0x70, 0x0,

    /* U+00D6 "Ö" */
    0x0, 0x0, 0x54, 0x0, 0x63, 0x0, 0x0, 0x0,
    0x3f, 0xf2, 0x5f, 0xf0, 0x0, 0x0, 0x1, 0xdd,
    0x3, 0xeb, 0x0, 0x0, 0x0, 0x0, 0x0, 0x0,
    0x0, 0x0, 0x0, 0x0, 0x0, 0x0, 0x0, 0x0,
    0x0, 0x0, 0x18, 0xdf, 0xfc, 0x70, 0x0, 0x0,
    0x3e, 0xff, 0xff, 0xff, 0xd1, 0x0, 0x1e, 0xfe,
    0x62, 0x37, 0xff, 0xc0, 0x9, 0xff, 0x20, 0x0,
    0x4, 0xff, 0x50, 0xef, 0x80, 0x0, 0x0, 0xc,
    0xfa, 0x1f, 0xf4, 0x0, 0x0, 0x0, 0x8f, 0xd2,
    0xff, 0x30, 0x0, 0x0, 0x7, 0xfe, 0x1f, 0xf4,
    0x0, 0x0, 0x0, 0x8f, 0xd0, 0xef, 0x80, 0x0,
    0x0, 0xc, 0xfa, 0x9, 0xff, 0x20, 0x0, 0x5,
    0xff, 0x50, 0x1e, 0xfe, 0x62, 0x38, 0xff, 0xc0,
    0x0, 0x3e, 0xff, 0xff, 0xff, 0xd1, 0x0, 0x0,
    0x18, 0xdf, 0xfc, 0x70, 0x0,

    /* U+00D7 "×" */
    0x5, 0x40, 0x0, 0x4, 0x50, 0x3f, 0xf4, 0x0,
    0x4f, 0xf3, 0x9, 0xff, 0x44, 0xff, 0xa0, 0x0,
    0x9f, 0xff, 0xfa, 0x0, 0x0, 0xb, 0xff, 0xb0,
    0x0, 0x0, 0x3f, 0xff, 0xf3, 0x0, 0x3, 0xff,
    0xaa, 0xff, 0x30, 0x2e, 0xfb, 0x0, 0xaf, 0xf2,
    0xb, 0xb0, 0x0, 0xa, 0xb0, 0x0, 0x0, 0x0,
    0x0, 0x0,

    /* U+00D8 "Ø" */
    0x0, 0x0, 0x0, 0x0, 0x0, 0x1, 0x0, 0x0,
    0x18, 0xdf, 0xfc, 0x79, 0xe2, 0x0, 0x3e, 0xff,
    0xff, 0xff, 0xfb, 0x0, 0x1e, 0xfe, 0x62, 0x39,
    0xff, 0xc0, 0x9, 0xff, 0x20, 0x0, 0xcf, 0xff,
    0x50, 0xef, 0x80, 0x0, 0x9f, 0x6c, 0xfa, 0x1f,
    0xf4, 0x0, 0x5f, 0xa0, 0x8f, 0xd2, 0xff, 0x30,
    0x2f, 0xd0, 0x7, 0xfe, 0x1f, 0xf4, 0xd, 0xf2,
    0x0, 0x8f, 0xd0, 0xef, 0x8a, 0xf5, 0x0, 0xc,
    0xfa, 0x9, 0xff, 0xf9, 0x0, 0x5, 0xff, 0x50,
    0x1e, 0xff, 0x62, 0x38, 0xff, 0xc0, 0x0, 0xef,
    0xff, 0xff, 0xff, 0xd1, 0x0, 0x5f, 0x68, 0xdf,
    0xfc, 0x70, 0x0, 0x0, 0x20, 0x0, 0x0, 0x0,
    0x0, 0x0,

    /* U+00D9 "Ù" */
    0x0, 0x9, 0xb3, 0x0, 0x0, 0x0, 0x0, 0x4f,
    0xb0, 0x0, 0x0, 0x0, 0x0, 0x9f, 0x30, 0x0,
    0x0, 0x0, 0x0, 0x0, 0x0, 0x0, 0x0, 0x0,
    0x0, 0x0, 0x0, 0xc, 0xf9, 0x0, 0x0, 0x7,
    0xfd, 0xcf, 0x90, 0x0, 0x0, 0x7f, 0xdc, 0xf9,
    0x0, 0x0, 0x7, 0xfd, 0xcf, 0x90, 0x0, 0x0,
    0x7f, 0xdc, 0xf9, 0x0, 0x0, 0x7, 0xfd, 0xcf,
    0x90, 0x0, 0x0, 0x7f, 0xdc, 0xf9, 0x0, 0x0,
    0x7, 0xfd, 0xcf, 0x90, 0x0, 0x0, 0x7f, 0xdb,
    0xfa, 0x0, 0x0, 0x8, 0xfd, 0x9f, 0xe1, 0x0,
    0x0, 0xdf, 0xb3, 0xff, 0xc4, 0x24, 0xbf, 0xf5,
    0x7, 0xff, 0xff, 0xff, 0xf9, 0x0, 0x3, 0xae,
    0xfe, 0xb5, 0x0,

    /* U+00DA "Ú" */
    0x0, 0x0, 0x2, 0xba, 0x0, 0x0, 0x0, 0x0,
    0x9f, 0x50, 0x0, 0x0, 0x0, 0x1f, 0xa0, 0x0,
    0x0, 0x0, 0x0, 0x0, 0x0, 0x0, 0x0, 0x0,
    0x0, 0x0, 0x0, 0xc, 0xf9, 0x0, 0x0, 0x7,
    0xfd, 0xcf, 0x90, 0x0, 0x0, 0x7f, 0xdc, 0xf9,
    0x0, 0x0, 0x7, 0xfd, 0xcf, 0x90, 0x0, 0x0,
    0x7f, 0xdc, 0xf9, 0x0, 0x0, 0x7, 0xfd, 0xcf,
    0x90, 0x0, 0x0, 0x7f, 0xdc, 0xf9, 0x0, 0x0,
    0x7, 0xfd, 0xcf, 0x90, 0x0, 0x0, 0x7f, 0xdb,
    0xfa, 0x0, 0x0, 0x8, 0xfd, 0x9f, 0xe1, 0x0,
    0x0, 0xdf, 0xb3, 0xff, 0xc4, 0x24, 0xbf, 0xf5,
    0x7, 0xff, 0xff, 0xff, 0xf9, 0x0, 0x3, 0xae,
    0xfe, 0xb5, 0x0,

    /* U+00DB "Û" */
    0x0, 0x0, 0x48, 0x50, 0x0, 0x0, 0x0, 0x5f,
    0xdf, 0x60, 0x0, 0x0, 0x4f, 0xb0, 0xaf, 0x50,
    0x0, 0x0, 0x0, 0x0, 0x0, 0x0, 0x0, 0x0,
    0x0, 0x0, 0x0, 0xc, 0xf9, 0x0, 0x0, 0x7,
    0xfd, 0xcf, 0x90, 0x0, 0x0, 0x7f, 0xdc, 0xf9,
    0x0, 0x0, 0x7, 0xfd, 0xcf, 0x90, 0x0, 0x0,
    0x7f, 0xdc, 0xf9, 0x0, 0x0, 0x7, 0xfd, 0xcf,
    0x90, 0x0, 0x0, 0x7f, 0xdc, 0xf9, 0x0, 0x0,
    0x7, 0xfd, 0xcf, 0x90, 0x0, 0x0, 0x7f, 0xdb,
    0xfa, 0x0, 0x0, 0x8, 0xfd, 0x9f, 0xe1, 0x0,
    0x0, 0xdf, 0xb3, 0xff, 0xc4, 0x24, 0xbf, 0xf5,
    0x7, 0xff, 0xff, 0xff, 0xf9, 0x0, 0x3, 0xae,
    0xfe, 0xb5, 0x0,

    /* U+00DC "Ü" */
    0x0, 0x6, 0x20, 0x16, 0x10, 0x0, 0x8, 0xfd,
    0xa, 0xfa, 0x0, 0x0, 0x5f, 0x90, 0x7f, 0x60,
    0x0, 0x0, 0x0, 0x0, 0x0, 0x0, 0x0, 0x0,
    0x0, 0x0, 0x0, 0xc, 0xf9, 0x0, 0x0, 0x7,
    0xfd, 0xcf, 0x90, 0x0, 0x0, 0x7f, 0xdc, 0xf9,
    0x0, 0x0, 0x7, 0xfd, 0xcf, 0x90, 0x0, 0x0,
    0x7f, 0xdc, 0xf9, 0x0, 0x0, 0x7, 0xfd, 0xcf,
    0x90, 0x0, 0x0, 0x7f, 0xdc, 0xf9, 0x0, 0x0,
    0x7, 0xfd, 0xcf, 0x90, 0x0, 0x0, 0x7f, 0xdb,
    0xfa, 0x0, 0x0, 0x8, 0xfd, 0x9f, 0xe1, 0x0,
    0x0, 0xdf, 0xb3, 0xff, 0xc4, 0x24, 0xbf, 0xf5,
    0x7, 0xff, 0xff, 0xff, 0xf9, 0x0, 0x3, 0xae,
    0xfe, 0xb5, 0x0,

    /* U+00DD "Ý" */
    0x0, 0x0, 0x0, 0x8f, 0xa0, 0x0, 0x0, 0x0,
    0x0, 0xe, 0xe1, 0x0, 0x0, 0x0, 0x0, 0x4,
    0xb4, 0x0, 0x0, 0x0, 0x0, 0x0, 0x0, 0x0,
    0x0, 0x0, 0x5f, 0xf6, 0x0, 0x0, 0xa, 0xff,
    0x10, 0xbf, 0xe0, 0x0, 0x3, 0xff, 0x60, 0x2,
    0xff, 0x80, 0x0, 0xcf, 0xc0, 0x0, 0x8, 0xff,
    0x20, 0x5f, 0xf3, 0x0, 0x0, 0xd, 0xfa, 0xe,
    0xf9, 0x0, 0x0, 0x0, 0x4f, 0xf9, 0xfe, 0x10,
    0x0, 0x0, 0x0, 0xbf, 0xff, 0x60, 0x0, 0x0,
    0x0, 0x1, 0xff, 0xc0, 0x0, 0x0, 0x0, 0x0,
    0xc, 0xf8, 0x0, 0x0, 0x0, 0x0, 0x0, 0xcf,
    0x80, 0x0, 0x0, 0x0, 0x0, 0xc, 0xf8, 0x0,
    0x0, 0x0, 0x0, 0x0, 0xcf, 0x80, 0x0, 0x0,
    0x0, 0x0, 0xc, 0xf8, 0x0, 0x0, 0x0,

    /* U+00DE "Þ" */
    0xcf, 0x90, 0x0, 0x0, 0x0, 0xcf, 0x90, 0x0,
    0x0, 0x0, 0xcf, 0xfe, 0xed, 0xa3, 0x0, 0xcf,
    0xff, 0xff, 0xff, 0x60, 0xcf, 0x90, 0x1, 0x9f,
    0xf1, 0xcf, 0x90, 0x0, 0xf, 0xf5, 0xcf, 0x90,
    0x0, 0xe, 0xf5, 0xcf, 0x90, 0x0, 0x7f, 0xf1,
    0xcf, 0xfe, 0xef, 0xff, 0x70, 0xcf, 0xff, 0xff,
    0xc5, 0x0, 0xcf, 0x90, 0x0, 0x0, 0x0, 0xcf,
    0x90, 0x0, 0x0, 0x0, 0xcf, 0x90, 0x0, 0x0,
    0x0,

    /* U+00DF "ß" */
    0x2, 0xae, 0xfe, 0xb3, 0x0, 0x2e, 0xff, 0xff,
    0xff, 0x40, 0x9f, 0xf4, 0x2, 0xdf, 0xc0, 0xbf,
    0x90, 0x0, 0x7f, 0xd0, 0xbf, 0x80, 0x1, 0xcf,
    0x70, 0xbf, 0x80, 0xdf, 0xf7, 0x0, 0xbf, 0x80,
    0xef, 0xff, 0x80, 0xbf, 0x80, 0x0, 0x6f, 0xf5,
    0xbf, 0x80, 0x0, 0xb, 0xfa, 0xbf, 0x80, 0x0,
    0xa, 0xfb, 0xbf, 0x80, 0x0, 0x4f, 0xf8, 0xbf,
    0x80, 0xef, 0xff, 0xe1, 0xbf, 0x80, 0xff, 0xea,
    0x10,

    /* U+00E0 "à" */
    0x0, 0x4f, 0xd0, 0x0, 0x0, 0x0, 0x9, 0xf5,
    0x0, 0x0, 0x0, 0x0, 0xb8, 0x0, 0x0, 0x0,
    0x0, 0x0, 0x0, 0x0, 0x0, 0x5c, 0xff, 0xc6,
    0x0, 0x7, 0xff, 0xdd, 0xff, 0x70, 0xb, 0xe6,
    0x0, 0x7f, 0xf0, 0x0, 0x0, 0x0, 0x5f, 0xf0,
    0x0, 0x6b, 0xdf, 0xff, 0xf0, 0xc, 0xff, 0xb8,
    0x7f, 0xf0, 0x4f, 0xf1, 0x0, 0x3f, 0xf0, 0x4f,
    0xf1, 0x0, 0xaf, 0xf0, 0x1e, 0xfe, 0xbe, 0xdf,
    0xf0, 0x3, 0xbf, 0xfa, 0x3f, 0xf0,

    /* U+00E1 "á" */
    0x0, 0x0, 0xc, 0xf4, 0x0, 0x0, 0x0, 0x4f,
    0xa0, 0x0, 0x0, 0x0, 0x7b, 0x10, 0x0, 0x0,
    0x0, 0x0, 0x0, 0x0, 0x0, 0x5c, 0xff, 0xc6,
    0x0, 0x7, 0xff, 0xdd, 0xff, 0x70, 0xb, 0xe6,
    0x0, 0x7f, 0xf0, 0x0, 0x0, 0x0, 0x5f, 0xf0,
    0x0, 0x6b, 0xdf, 0xff, 0xf0, 0xc, 0xff, 0xb8,
    0x7f, 0xf0, 0x4f, 0xf1, 0x0, 0x3f, 0xf0, 0x4f,
    0xf1, 0x0, 0xaf, 0xf0, 0x1e, 0xfe, 0xbe, 0xdf,
    0xf0, 0x3, 0xbf, 0xfa, 0x3f, 0xf0,

    /* U+00E2 "â" */
    0x0, 0x6, 0xff, 0x60, 0x0, 0x0, 0x5f, 0xa9,
    0xf5, 0x0, 0x0, 0x77, 0x0, 0x77, 0x0, 0x0,
    0x0, 0x0, 0x0, 0x0, 0x0, 0x5c, 0xff, 0xc6,
    0x0, 0x7, 0xff, 0xdd, 0xff, 0x70, 0xb, 0xe6,
    0x0, 0x7f, 0xf0, 0x0, 0x0, 0x0, 0x5f, 0xf0,
    0x0, 0x6b, 0xdf, 0xff, 0xf0, 0xc, 0xff, 0xb8,
    0x7f, 0xf0, 0x4f, 0xf1, 0x0, 0x3f, 0xf0, 0x4f,
    0xf1, 0x0, 0xaf, 0xf0, 0x1e, 0xfe, 0xbe, 0xdf,
    0xf0, 0x3, 0xbf, 0xfa, 0x3f, 0xf0,

    /* U+00E3 "ã" */
    0x0, 0x0, 0x1, 0x0, 0x0, 0x0, 0x7f, 0xff,
    0xfb, 0x0, 0x0, 0x35, 0x54, 0x40, 0x0, 0x0,
    0x0, 0x0, 0x0, 0x0, 0x0, 0x5c, 0xff, 0xc6,
    0x0, 0x7, 0xff, 0xdd, 0xff, 0x70, 0xb, 0xe6,
    0x0, 0x7f, 0xf0, 0x0, 0x0, 0x0, 0x5f, 0xf0,
    0x0, 0x6b, 0xdf, 0xff, 0xf0, 0xc, 0xff, 0xb8,
    0x7f, 0xf0, 0x4f, 0xf1, 0x0, 0x3f, 0xf0, 0x4f,
    0xf1, 0x0, 0xaf, 0xf0, 0x1e, 0xfe, 0xbe, 0xdf,
    0xf0, 0x3, 0xbf, 0xfa, 0x3f, 0xf0,

    /* U+00E4 "ä" */
    0x0, 0x46, 0x0, 0x65, 0x0, 0x1, 0xff, 0x43,
    0xff, 0x10, 0x0, 0xcd, 0x11, 0xdc, 0x0, 0x0,
    0x0, 0x0, 0x0, 0x0, 0x0, 0x5c, 0xff, 0xc6,
    0x0, 0x7, 0xff, 0xdd, 0xff, 0x70, 0xb, 0xe6,
    0x0, 0x7f, 0xf0, 0x0, 0x0, 0x0, 0x5f, 0xf0,
    0x0, 0x6b, 0xdf, 0xff, 0xf0, 0xc, 0xff, 0xb8,
    0x7f, 0xf0, 0x4f, 0xf1, 0x0, 0x3f, 0xf0, 0x4f,
    0xf1, 0x0, 0xaf, 0xf0, 0x1e, 0xfe, 0xbe, 0xdf,
    0xf0, 0x3, 0xbf, 0xfa, 0x3f, 0xf0,

    /* U+00E5 "å" */
    0x0, 0x7, 0xef, 0x70, 0x0, 0x0, 0x3f, 0x65,
    0xf3, 0x0, 0x0, 0x3f, 0x32, 0xf4, 0x0, 0x0,
    0x9, 0xff, 0xa0, 0x0, 0x0, 0x0, 0x12, 0x0,
    0x0, 0x0, 0x5c, 0xff, 0xc6, 0x0, 0x7, 0xff,
    0xdd, 0xff, 0x70, 0xb, 0xe6, 0x0, 0x7f, 0xf0,
    0x0, 0x0, 0x0, 0x5f, 0xf0, 0x0, 0x6b, 0xdf,
    0xff, 0xf0, 0xc, 0xff, 0xb8, 0x7f, 0xf0, 0x4f,
    0xf1, 0x0, 0x3f, 0xf0, 0x4f, 0xf1, 0x0, 0xaf,
    0xf0, 0x1e, 0xfe, 0xbe, 0xdf, 0xf0, 0x3, 0xbf,
    0xfa, 0x3f, 0xf0,

    /* U+00E6 "æ" */
    0x0, 0x5c, 0xff, 0xc4, 0x2b, 0xff, 0xc6, 0x0,
    0x7, 0xff, 0xed, 0xff, 0xff, 0xed, 0xff, 0x80,
    0xb, 0xe6, 0x0, 0x7f, 0xf8, 0x0, 0x4f, 0xf2,
    0x0, 0x0, 0x0, 0x3f, 0xe0, 0x0, 0xb, 0xf7,
    0x1, 0x8d, 0xff, 0xff, 0xff, 0xff, 0xff, 0xf9,
    0xd, 0xfe, 0x99, 0xaf, 0xe9, 0x99, 0x99, 0x95,
    0x4f, 0xf1, 0x0, 0x4f, 0xe0, 0x0, 0x0, 0x0,
    0x4f, 0xf1, 0x0, 0xbf, 0xf8, 0x0, 0x2e, 0xf5,
    0xe, 0xff, 0xcf, 0xfa, 0xff, 0xed, 0xff, 0xc0,
    0x3, 0xbf, 0xfc, 0x60, 0x2b, 0xff, 0xd8, 0x0,

    /* U+00E7 "ç" */
    0x0, 0x2a, 0xef, 0xd8, 0x0, 0x2, 0xef, 0xfe,
    0xff, 0xc0, 0xb, 0xfd, 0x10, 0x3f, 0xf6, 0x1f,
    0xf4, 0x0, 0x4, 0x52, 0x3f, 0xf1, 0x0, 0x0,
    0x0, 0x3f, 0xf1, 0x0, 0x0, 0x0, 0x1f, 0xf4,
    0x0, 0x5, 0x62, 0xb, 0xfd, 0x10, 0x2e, 0xf6,
    0x2, 0xef, 0xfe, 0xff, 0xc0, 0x0, 0x2a, 0xef,
    0xd8, 0x0, 0x0, 0x0, 0x3e, 0x30, 0x0, 0x0,
    0x0, 0x3b, 0xf5, 0x0, 0x0, 0x0, 0x0, 0xd8,
    0x0, 0x0, 0x0, 0xbf, 0xd2, 0x0,

    /* U+00E8 "è" */
    0x0, 0x1e, 0xf1, 0x0, 0x0, 0x0, 0x5, 0xf9,
    0x0, 0x0, 0x0, 0x0, 0x9b, 0x0, 0x0, 0x0,
    0x0, 0x0, 0x0, 0x0, 0x0, 0x2a, 0xef, 0xd7,
    0x0, 0x2, 0xef, 0xfd, 0xff, 0xb0, 0xb, 0xfa,
    0x0, 0x2e, 0xf5, 0x1f, 0xf2, 0x0, 0x8, 0xfa,
    0x3f, 0xff, 0xff, 0xff, 0xfc, 0x3f, 0xf9, 0x99,
    0x99, 0x97, 0x1f, 0xf2, 0x0, 0x0, 0x0, 0xc,
    0xfb, 0x0, 0x1c, 0xe6, 0x2, 0xef, 0xfd, 0xff,
    0xe1, 0x0, 0x2a, 0xef, 0xe9, 0x10,

    /* U+00E9 "é" */
    0x0, 0x0, 0x8, 0xf9, 0x0, 0x0, 0x0, 0x1f,
    0xd0, 0x0, 0x0, 0x0, 0x4b, 0x30, 0x0, 0x0,
    0x0, 0x0, 0x0, 0x0, 0x0, 0x2a, 0xef, 0xd7,
    0x0, 0x2, 0xef, 0xfd, 0xff, 0xb0, 0xb, 0xfa,
    0x0, 0x2e, 0xf5, 0x1f, 0xf2, 0x0, 0x8, 0xfa,
    0x3f, 0xff, 0xff, 0xff, 0xfc, 0x3f, 0xf9, 0x99,
    0x99, 0x97, 0x1f, 0xf2, 0x0, 0x0, 0x0, 0xc,
    0xfb, 0x0, 0x1c, 0xe6, 0x2, 0xef, 0xfd, 0xff,
    0xe1, 0x0, 0x2a, 0xef, 0xe9, 0x10,

    /* U+00EA "ê" */
    0x0, 0x3, 0xff, 0xa0, 0x0, 0x0, 0x2e, 0xd6,
    0xf9, 0x0, 0x0, 0x68, 0x10, 0x58, 0x20, 0x0,
    0x0, 0x0, 0x0, 0x0, 0x0, 0x2a, 0xef, 0xd7,
    0x0, 0x2, 0xef, 0xfd, 0xff, 0xb0, 0xb, 0xfa,
    0x0, 0x2e, 0xf5, 0x1f, 0xf2, 0x0, 0x8, 0xfa,
    0x3f, 0xff, 0xff, 0xff, 0xfc, 0x3f, 0xf9, 0x99,
    0x99, 0x97, 0x1f, 0xf2, 0x0, 0x0, 0x0, 0xc,
    0xfb, 0x0, 0x1c, 0xe6, 0x2, 0xef, 0xfd, 0xff,
    0xe1, 0x0, 0x2a, 0xef, 0xe9, 0x10,

    /* U+00EB "ë" */
    0x0, 0x27, 0x10, 0x36, 0x0, 0x0, 0xcf, 0x80,
    0xff, 0x50, 0x0, 0x8e, 0x40, 0xbe, 0x20, 0x0,
    0x0, 0x0, 0x0, 0x0, 0x0, 0x2a, 0xef, 0xd7,
    0x0, 0x2, 0xef, 0xfd, 0xff, 0xb0, 0xb, 0xfa,
    0x0, 0x2e, 0xf5, 0x1f, 0xf2, 0x0, 0x8, 0xfa,
    0x3f, 0xff, 0xff, 0xff, 0xfc, 0x3f, 0xf9, 0x99,
    0x99, 0x97, 0x1f, 0xf2, 0x0, 0x0, 0x0, 0xc,
    0xfb, 0x0, 0x1c, 0xe6, 0x2, 0xef, 0xfd, 0xff,
    0xe1, 0x0, 0x2a, 0xef, 0xe9, 0x10,

    /* U+00EC "ì" */
    0x1b, 0xb1, 0x0, 0x8f, 0x70, 0x0, 0xde, 0x0,
    0x0, 0x0, 0x0, 0xdf, 0x60, 0xd, 0xf6, 0x0,
    0xdf, 0x60, 0xd, 0xf6, 0x0, 0xdf, 0x60, 0xd,
    0xf6, 0x0, 0xdf, 0x60, 0xd, 0xf6, 0x0, 0xdf,
    0x60, 0xd, 0xf6,

    /* U+00ED "í" */
    0x5, 0xb7, 0xd, 0xf2, 0x5f, 0x60, 0x0, 0x0,
    0xdf, 0x60, 0xdf, 0x60, 0xdf, 0x60, 0xdf, 0x60,
    0xdf, 0x60, 0xdf, 0x60, 0xdf, 0x60, 0xdf, 0x60,
    0xdf, 0x60, 0xdf, 0x60,

    /* U+00EE "î" */
    0x1, 0xef, 0x90, 0x0, 0xcf, 0xaf, 0x60, 0x9f,
    0x60, 0xcf, 0x30, 0x0, 0x0, 0x0, 0x0, 0xdf,
    0x60, 0x0, 0xd, 0xf6, 0x0, 0x0, 0xdf, 0x60,
    0x0, 0xd, 0xf6, 0x0, 0x0, 0xdf, 0x60, 0x0,
    0xd, 0xf6, 0x0, 0x0, 0xdf, 0x60, 0x0, 0xd,
    0xf6, 0x0, 0x0, 0xdf, 0x60, 0x0, 0xd, 0xf6,
    0x0,

    /* U+00EF "ï" */
    0x27, 0x10, 0x36, 0xc, 0xf8, 0xf, 0xf6, 0x8e,
    0x50, 0xae, 0x20, 0x0, 0x0, 0x0, 0x0, 0xdf,
    0x60, 0x0, 0xd, 0xf6, 0x0, 0x0, 0xdf, 0x60,
    0x0, 0xd, 0xf6, 0x0, 0x0, 0xdf, 0x60, 0x0,
    0xd, 0xf6, 0x0, 0x0, 0xdf, 0x60, 0x0, 0xd,
    0xf6, 0x0, 0x0, 0xdf, 0x60, 0x0, 0xd, 0xf6,
    0x0,

    /* U+00F0 "ð" */
    0x0, 0x12, 0x0, 0x0, 0x0, 0x0, 0x6f, 0xa1,
    0x3b, 0x30, 0x0, 0x18, 0xff, 0xf9, 0x10, 0x0,
    0x2b, 0xfe, 0xf5, 0x0, 0x0, 0x79, 0x12, 0xef,
    0x30, 0x0, 0x5, 0x87, 0x5f, 0xc0, 0x1, 0xcf,
    0xff, 0xed, 0xf3, 0x9, 0xfd, 0x20, 0x5f, 0xf9,
    0xf, 0xf3, 0x0, 0x9, 0xfc, 0x3f, 0xf0, 0x0,
    0x5, 0xfd, 0x4f, 0xf0, 0x0, 0x5, 0xfc, 0x1f,
    0xf2, 0x0, 0x8, 0xfa, 0xc, 0xfb, 0x0, 0x3f,
    0xf4, 0x2, 0xff, 0xfe, 0xff, 0xa0, 0x0, 0x2a,
    0xef, 0xd7, 0x0,

    /* U+00F1 "ñ" */
    0x0, 0x0, 0x1, 0x0, 0x0, 0x2e, 0xff, 0xff,
    0x20, 0x2, 0x45, 0x54, 0x10, 0x0, 0x0, 0x0,
    0x0, 0x0, 0xdf, 0x57, 0xef, 0xc4, 0xd, 0xfc,
    0xfd, 0xff, 0xf2, 0xdf, 0xe2, 0x2, 0xef, 0x8d,
    0xf8, 0x0, 0xa, 0xfa, 0xdf, 0x60, 0x0, 0x9f,
    0xbd, 0xf6, 0x0, 0x9, 0xfb, 0xdf, 0x60, 0x0,
    0x9f, 0xbd, 0xf6, 0x0, 0x9, 0xfb, 0xdf, 0x60,
    0x0, 0x9f, 0xbd, 0xf6, 0x0, 0x9, 0xfb,

    /* U+00F2 "ò" */
    0x0, 0xd, 0xf3, 0x0, 0x0, 0x0, 0x0, 0x3f,
    0xb0, 0x0, 0x0, 0x0, 0x0, 0x7b, 0x10, 0x0,
    0x0, 0x0, 0x0, 0x0, 0x0, 0x0, 0x0, 0x2a,
    0xef, 0xe8, 0x0, 0x0, 0x2e, 0xff, 0xef, 0xfd,
    0x0, 0xb, 0xfd, 0x10, 0x3e, 0xf8, 0x1, 0xff,
    0x40, 0x0, 0x7f, 0xe0, 0x3f, 0xf1, 0x0, 0x4,
    0xff, 0x3, 0xff, 0x10, 0x0, 0x4f, 0xf0, 0x1f,
    0xf4, 0x0, 0x7, 0xfe, 0x0, 0xbf, 0xd1, 0x3,
    0xef, 0x80, 0x2, 0xef, 0xfe, 0xff, 0xd0, 0x0,
    0x2, 0xae, 0xfe, 0x80, 0x0,

    /* U+00F3 "ó" */
    0x0, 0x0, 0x7, 0xfa, 0x0, 0x0, 0x0, 0x0,
    0xee, 0x10, 0x0, 0x0, 0x0, 0x3b, 0x40, 0x0,
    0x0, 0x0, 0x0, 0x0, 0x0, 0x0, 0x0, 0x2a,
    0xef, 0xe8, 0x0, 0x0, 0x2e, 0xff, 0xef, 0xfd,
    0x0, 0xb, 0xfd, 0x10, 0x3e, 0xf8, 0x1, 0xff,
    0x40, 0x0, 0x7f, 0xe0, 0x3f, 0xf1, 0x0, 0x4,
    0xff, 0x3, 0xff, 0x10, 0x0, 0x4f, 0xf0, 0x1f,
    0xf4, 0x0, 0x7, 0xfe, 0x0, 0xbf, 0xd1, 0x3,
    0xef, 0x80, 0x2, 0xef, 0xfe, 0xff, 0xd0, 0x0,
    0x2, 0xae, 0xfe, 0x80, 0x0,

    /* U+00F4 "ô" */
    0x0, 0x1, 0xef, 0xb0, 0x0, 0x0, 0x1, 0xde,
    0x5f, 0xb0, 0x0, 0x0, 0x58, 0x20, 0x48, 0x30,
    0x0, 0x0, 0x0, 0x0, 0x0, 0x0, 0x0, 0x2a,
    0xef, 0xe8, 0x0, 0x0, 0x2e, 0xff, 0xef, 0xfd,
    0x0, 0xb, 0xfd, 0x10, 0x3e, 0xf8, 0x1, 0xff,
    0x40, 0x0, 0x7f, 0xe0, 0x3f, 0xf1, 0x0, 0x4,
    0xff, 0x3, 0xff, 0x10, 0x0, 0x4f, 0xf0, 0x1f,
    0xf4, 0x0, 0x7, 0xfe, 0x0, 0xbf, 0xd1, 0x3,
    0xef, 0x80, 0x2, 0xef, 0xfe, 0xff, 0xd0, 0x0,
    0x2, 0xae, 0xfe, 0x80, 0x0,

    /* U+00F5 "õ" */
    0x0, 0x0, 0x0, 0x10, 0x0, 0x0, 0x2, 0xef,
    0xff, 0xf2, 0x0, 0x0, 0x24, 0x55, 0x41, 0x0,
    0x0, 0x0, 0x0, 0x0, 0x0, 0x0, 0x0, 0x2a,
    0xef, 0xe8, 0x0, 0x0, 0x2e, 0xff, 0xef, 0xfd,
    0x0, 0xb, 0xfd, 0x10, 0x3e, 0xf8, 0x1, 0xff,
    0x40, 0x0, 0x7f, 0xe0, 0x3f, 0xf1, 0x0, 0x4,
    0xff, 0x3, 0xff, 0x10, 0x0, 0x4f, 0xf0, 0x1f,
    0xf4, 0x0, 0x7, 0xfe, 0x0, 0xbf, 0xd1, 0x3,
    0xef, 0x80, 0x2, 0xef, 0xfe, 0xff, 0xd0, 0x0,
    0x2, 0xae, 0xfe, 0x80, 0x0,

    /* U+00F6 "ö" */
    0x0, 0x27, 0x10, 0x37, 0x0, 0x0, 0xb, 0xfa,
    0xd, 0xf7, 0x0, 0x0, 0x6e, 0x60, 0x9e, 0x40,
    0x0, 0x0, 0x0, 0x0, 0x0, 0x0, 0x0, 0x2a,
    0xef, 0xe8, 0x0, 0x0, 0x2e, 0xff, 0xef, 0xfd,
    0x0, 0xb, 0xfd, 0x10, 0x3e, 0xf8, 0x1, 0xff,
    0x40, 0x0, 0x7f, 0xe0, 0x3f, 0xf1, 0x0, 0x4,
    0xff, 0x3, 0xff, 0x10, 0x0, 0x4f, 0xf0, 0x1f,
    0xf4, 0x0, 0x7, 0xfe, 0x0, 0xbf, 0xd1, 0x3,
    0xef, 0x80, 0x2, 0xef, 0xfe, 0xff, 0xd0, 0x0,
    0x2, 0xae, 0xfe, 0x80, 0x0,

    /* U+00F7 "÷" */
    0x0, 0x1, 0xdd, 0x10, 0x0, 0x0, 0x5, 0xff,
    0x50, 0x0, 0x0, 0x0, 0xbb, 0x0, 0x0, 0x0,
    0x0, 0x0, 0x0, 0x0, 0x4f, 0xff, 0xff, 0xff,
    0xf5, 0x5f, 0xff, 0xff, 0xff, 0xf5, 0x0, 0x0,
    0x0, 0x0, 0x0, 0x0, 0x0, 0xaa, 0x0, 0x0,
    0x0, 0x5, 0xff, 0x50, 0x0, 0x0, 0x1, 0xdd,
    0x10, 0x0,

    /* U+00F8 "ø" */
    0x0, 0x0, 0x0, 0x0, 0x1, 0x0, 0x2, 0xae,
    0xfe, 0x88, 0xd0, 0x2, 0xef, 0xfe, 0xff, 0xf6,
    0x0, 0xbf, 0xd1, 0x6, 0xff, 0x80, 0x1f, 0xf4,
    0x2, 0xee, 0xfe, 0x3, 0xff, 0x11, 0xdb, 0x4f,
    0xf0, 0x3f, 0xf1, 0xcc, 0x4, 0xff, 0x1, 0xff,
    0xde, 0x10, 0x7f, 0xe0, 0xb, 0xff, 0x40, 0x3e,
    0xf8, 0x0, 0x7f, 0xff, 0xef, 0xfd, 0x0, 0x1f,
    0x7a, 0xef, 0xe8, 0x0, 0x0, 0x20, 0x0, 0x0,
    0x0, 0x0,

    /* U+00F9 "ù" */
    0x0, 0xdf, 0x40, 0x0, 0x0, 0x3, 0xfb, 0x0,
    0x0, 0x0, 0x7, 0xb1, 0x0, 0x0, 0x0, 0x0,
    0x0, 0x0, 0xdf, 0x60, 0x0, 0x9f, 0xbd, 0xf6,
    0x0, 0x9, 0xfb, 0xdf, 0x60, 0x0, 0x9f, 0xbd,
    0xf6, 0x0, 0x9, 0xfb, 0xdf, 0x60, 0x0, 0x9f,
    0xbd, 0xf6, 0x0, 0x9, 0xfb, 0xdf, 0x80, 0x0,
    0xbf, 0xbb, 0xfe, 0x20, 0x5f, 0xfb, 0x4f, 0xff,
    0xff, 0xbf, 0xb0, 0x5d, 0xfd, 0x57, 0xfb,

    /* U+00FA "ú" */
    0x0, 0x0, 0x6f, 0xb0, 0x0, 0x0, 0xd, 0xe1,
    0x0, 0x0, 0x3, 0xb5, 0x0, 0x0, 0x0, 0x0,
    0x0, 0x0, 0xdf, 0x60, 0x0, 0x9f, 0xbd, 0xf6,
    0x0, 0x9, 0xfb, 0xdf, 0x60, 0x0, 0x9f, 0xbd,
    0xf6, 0x0, 0x9, 0xfb, 0xdf, 0x60, 0x0, 0x9f,
    0xbd, 0xf6, 0x0, 0x9, 0xfb, 0xdf, 0x80, 0x0,
    0xbf, 0xbb, 0xfe, 0x20, 0x5f, 0xfb, 0x4f, 0xff,
    0xff, 0xbf, 0xb0, 0x5d, 0xfd, 0x57, 0xfb,

    /* U+00FB "û" */
    0x0, 0x1d, 0xfc, 0x0, 0x0, 0x1d, 0xe5, 0xfb,
    0x0, 0x5, 0x83, 0x4, 0x83, 0x0, 0x0, 0x0,
    0x0, 0x0, 0xdf, 0x60, 0x0, 0x9f, 0xbd, 0xf6,
    0x0, 0x9, 0xfb, 0xdf, 0x60, 0x0, 0x9f, 0xbd,
    0xf6, 0x0, 0x9, 0xfb, 0xdf, 0x60, 0x0, 0x9f,
    0xbd, 0xf6, 0x0, 0x9, 0xfb, 0xdf, 0x80, 0x0,
    0xbf, 0xbb, 0xfe, 0x20, 0x5f, 0xfb, 0x4f, 0xff,
    0xff, 0xbf, 0xb0, 0x5d, 0xfd, 0x57, 0xfb,

    /* U+00FC "ü" */
    0x1, 0x71, 0x2, 0x70, 0x0, 0xaf, 0xb0, 0xdf,
    0x80, 0x6, 0xe6, 0x8, 0xe4, 0x0, 0x0, 0x0,
    0x0, 0x0, 0xdf, 0x60, 0x0, 0x9f, 0xbd, 0xf6,
    0x0, 0x9, 0xfb, 0xdf, 0x60, 0x0, 0x9f, 0xbd,
    0xf6, 0x0, 0x9, 0xfb, 0xdf, 0x60, 0x0, 0x9f,
    0xbd, 0xf6, 0x0, 0x9, 0xfb, 0xdf, 0x80, 0x0,
    0xbf, 0xbb, 0xfe, 0x20, 0x5f, 0xfb, 0x4f, 0xff,
    0xff, 0xbf, 0xb0, 0x5d, 0xfd, 0x57, 0xfb,

    /* U+00FD "ý" */
    0x0, 0x0, 0x6, 0xb6, 0x0, 0x0, 0x0, 0x0,
    0xfe, 0x10, 0x0, 0x0, 0x0, 0x7f, 0x50, 0x0,
    0x0, 0x0, 0x0, 0x0, 0x0, 0x0, 0x8f, 0xe0,
    0x0, 0x7, 0xfe, 0x2, 0xff, 0x30, 0x0, 0xcf,
    0x80, 0xc, 0xf8, 0x0, 0x2f, 0xf2, 0x0, 0x6f,
    0xd0, 0x7, 0xfd, 0x0, 0x1, 0xff, 0x30, 0xcf,
    0x70, 0x0, 0xb, 0xf8, 0x2f, 0xf1, 0x0, 0x0,
    0x5f, 0xc6, 0xfb, 0x0, 0x0, 0x0, 0xff, 0xcf,
    0x50, 0x0, 0x0, 0x9, 0xff, 0xf0, 0x0, 0x0,
    0x0, 0x3f, 0xfa, 0x0, 0x0, 0x0, 0x1, 0xff,
    0x40, 0x0, 0x0, 0x0, 0x8f, 0xd0, 0x0, 0x0,
    0x9, 0xff, 0xf6, 0x0, 0x0, 0x0, 0xbf, 0xe7,
    0x0, 0x0, 0x0,

    /* U+00FE "þ" */
    0xdf, 0x70, 0x0, 0x0, 0x0, 0xdf, 0x70, 0x0,
    0x0, 0x0, 0xdf, 0x70, 0x0, 0x0, 0x0, 0xdf,
    0x76, 0xef, 0xc4, 0x0, 0xdf, 0xcf, 0xff, 0xff,
    0x50, 0xdf, 0xf4, 0x1, 0xcf, 0xe0, 0xdf, 0x90,
    0x0, 0x3f, 0xf3, 0xdf, 0x60, 0x0, 0xf, 0xf5,
    0xdf, 0x60, 0x0, 0xf, 0xf5, 0xdf, 0xa0, 0x0,
    0x3f, 0xf3, 0xdf, 0xf4, 0x1, 0xcf, 0xe0, 0xdf,
    0xcf, 0xff, 0xff, 0x50, 0xdf, 0x76, 0xef, 0xc4,
    0x0, 0xdf, 0x70, 0x0, 0x0, 0x0, 0xdf, 0x70,
    0x0, 0x0, 0x0, 0xdf, 0x70, 0x0, 0x0, 0x0,
    0xdf, 0x70, 0x0, 0x0, 0x0,

    /* U+00FF "ÿ" */
    0x0, 0x37, 0x0, 0x46, 0x0, 0x0, 0xe, 0xf7,
    0x1f, 0xf4, 0x0, 0x0, 0x9e, 0x30, 0xcd, 0x10,
    0x0, 0x0, 0x0, 0x0, 0x0, 0x0, 0x8f, 0xe0,
    0x0, 0x7, 0xfe, 0x2, 0xff, 0x30, 0x0, 0xcf,
    0x80, 0xc, 0xf8, 0x0, 0x2f, 0xf2, 0x0, 0x6f,
    0xd0, 0x7, 0xfd, 0x0, 0x1, 0xff, 0x30, 0xcf,
    0x70, 0x0, 0xb, 0xf8, 0x2f, 0xf1, 0x0, 0x0,
    0x5f, 0xc6, 0xfb, 0x0, 0x0, 0x0, 0xff, 0xcf,
    0x50, 0x0, 0x0, 0x9, 0xff, 0xf0, 0x0, 0x0,
    0x0, 0x3f, 0xfa, 0x0, 0x0, 0x0, 0x1, 0xff,
    0x40, 0x0, 0x0, 0x0, 0x8f, 0xd0, 0x0, 0x0,
    0x9, 0xff, 0xf6, 0x0, 0x0, 0x0, 0xbf, 0xe7,
    0x0, 0x0, 0x0,

    /* U+2010 "‐" */
    0x1e, 0xee, 0xee, 0xb1, 0xff, 0xff, 0xfc,

    /* U+2011 "‑" */
    0x1e, 0xee, 0xee, 0xb1, 0xff, 0xff, 0xfc,

    /* U+2012 "‒" */
    0x4e, 0xee, 0xee, 0xee, 0xee, 0xd5, 0xff, 0xff,
    0xff, 0xff, 0xff,

    /* U+2013 "–" */
    0xee, 0xee, 0xee, 0xee, 0xef, 0xff, 0xff, 0xff,
    0xff,

    /* U+2014 "—" */
    0xee, 0xee, 0xee, 0xee, 0xee, 0xee, 0xee, 0xee,
    0xee, 0xff, 0xff, 0xff, 0xff, 0xff, 0xff, 0xff,
    0xff, 0xff,

    /* U+2015 "―" */
    0xee, 0xee, 0xee, 0xee, 0xee, 0xee, 0xee, 0xee,
    0xee, 0xff, 0xff, 0xff, 0xff, 0xff, 0xff, 0xff,
    0xff, 0xff,

    /* U+2016 "‖" */
    0xef, 0x3b, 0xf6, 0xef, 0x3b, 0xf6, 0xef, 0x3b,
    0xf6, 0xef, 0x3b, 0xf6, 0xef, 0x3b, 0xf6, 0xef,
    0x3b, 0xf6, 0xef, 0x3b, 0xf6, 0xef, 0x3b, 0xf6,
    0xef, 0x3b, 0xf6, 0xef, 0x3b, 0xf6, 0xef, 0x3b,
    0xf6, 0xef, 0x3b, 0xf6, 0xef, 0x3b, 0xf6, 0xef,
    0x3b, 0xf6, 0xef, 0x3b, 0xf6, 0xef, 0x3b, 0xf6,
    0xef, 0x3b, 0xf6, 0xef, 0x3b, 0xf6, 0xef, 0x3b,
    0xf6, 0xef, 0x3b, 0xf6, 0xef, 0x3b, 0xf6, 0xef,
    0x3b, 0xf6,

    /* U+2017 "‗" */
    0x11, 0x11, 0x11, 0x11, 0xf, 0xff, 0xff, 0xff,
    0xf4, 0x56, 0x66, 0x66, 0x66, 0x1f, 0xff, 0xff,
    0xff, 0xf4, 0x44, 0x44, 0x44, 0x44, 0x10,

    /* U+2018 "‘" */
    0x6, 0xf4, 0xa, 0xf2, 0xf, 0xf0, 0x3f, 0xd0,
    0x8f, 0xb0, 0x23, 0x20,

    /* U+2019 "’" */
    0x3, 0x31, 0x1f, 0xf2, 0x3f, 0xd0, 0x6f, 0x90,
    0x8f, 0x40, 0xaf, 0x0,

    /* U+201A "‚" */
    0x1, 0x33, 0x7, 0xfc, 0x9, 0xf7, 0xb, 0xf3,
    0xe, 0xe0, 0xf, 0xa0,

    /* U+201B "‛" */
    0x3f, 0xf0, 0xe, 0xf2, 0xa, 0xf5, 0x5, 0xf7,
    0x1, 0xf9, 0x0, 0x32,

    /* U+201C "“" */
    0x6, 0xf4, 0xa, 0xf0, 0xa, 0xf2, 0xe, 0xd0,
    0xf, 0xf0, 0x3f, 0xb0, 0x3f, 0xd0, 0x8f, 0x90,
    0x8f, 0xb0, 0xcf, 0x60, 0x23, 0x20, 0x33, 0x10,

    /* U+201D "”" */
    0x3, 0x31, 0x13, 0x31, 0xff, 0x27, 0xfc, 0x3f,
    0xd0, 0x9f, 0x76, 0xf9, 0xb, 0xf3, 0x8f, 0x40,
    0xee, 0xa, 0xf0, 0xf, 0xa0,

    /* U+201E "„" */
    0x1, 0x43, 0x2, 0x42, 0x7, 0xfc, 0xd, 0xf6,
    0x9, 0xf7, 0xf, 0xf1, 0xb, 0xf3, 0x1f, 0xd0,
    0xe, 0xe0, 0x4f, 0x80, 0xf, 0xa0, 0x6f, 0x40,

    /* U+201F "‟" */
    0x3f, 0xf0, 0x9f, 0xa0, 0xe, 0xf2, 0x5f, 0xc0,
    0xa, 0xf5, 0xf, 0xf0, 0x5, 0xf7, 0xb, 0xf1,
    0x1, 0xf9, 0x7, 0xf3, 0x0, 0x32, 0x1, 0x31,

    /* U+2020 "†" */
    0x0, 0x2f, 0xf0, 0x0, 0x0, 0x2f, 0xf0, 0x0,
    0x0, 0x2f, 0xf0, 0x0, 0xcf, 0xff, 0xff, 0xfa,
    0x9b, 0xcf, 0xfb, 0xb7, 0x0, 0x2f, 0xf0, 0x0,
    0x0, 0x2f, 0xf0, 0x0, 0x0, 0xf, 0xe0, 0x0,
    0x0, 0xe, 0xc0, 0x0, 0x0, 0xc, 0xa0, 0x0,

    /* U+2021 "‡" */
    0x0, 0x2f, 0xf0, 0x0, 0x0, 0x2f, 0xf0, 0x0,
    0x9b, 0xcf, 0xfb, 0xb7, 0xcf, 0xff, 0xff, 0xfa,
    0x0, 0x2f, 0xf0, 0x0, 0x0, 0x2f, 0xf0, 0x0,
    0x9b, 0xcf, 0xfb, 0xb7, 0xcf, 0xff, 0xff, 0xfa,
    0x0, 0x2f, 0xf0, 0x0, 0x0, 0x1f, 0xf0, 0x0,
    0x0, 0xf, 0xe0, 0x0, 0x0, 0xe, 0xc0, 0x0,
    0x0, 0xc, 0xa0, 0x0,

    /* U+2022 "•" */
    0x1, 0x8b, 0x70, 0x0, 0xdf, 0xff, 0xb0, 0x4f,
    0xff, 0xff, 0x25, 0xff, 0xff, 0xf3, 0x1f, 0xff,
    0xfd, 0x0, 0x3d, 0xfc, 0x20,

    /* U+2023 "‣" */
    0x0, 0x0, 0x0, 0x89, 0x0, 0x0, 0x8f, 0xe5,
    0x0, 0x8f, 0xff, 0xb0, 0x8f, 0xfb, 0x20, 0x8e,
    0x50, 0x0, 0x31, 0x0, 0x0,

    /* U+2024 "․" */
    0x3c, 0x80, 0xaf, 0xf1, 0x5f, 0xb0,

    /* U+2025 "‥" */
    0x3c, 0x80, 0x0, 0xab, 0x1a, 0xff, 0x10, 0x4f,
    0xf7, 0x5f, 0xb0, 0x1, 0xde, 0x20,

    /* U+2026 "…" */
    0x3c, 0x80, 0x0, 0xab, 0x10, 0x5, 0xc6, 0xaf,
    0xf1, 0x4, 0xff, 0x70, 0xd, 0xfe, 0x5f, 0xb0,
    0x1, 0xde, 0x20, 0x7, 0xf8,

    /* U+2190 "←" */
    0x0, 0x0, 0x0, 0x0, 0x0, 0x0, 0x0, 0x0,
    0x0, 0x0, 0xa6, 0x0, 0x0, 0x0, 0x0, 0x0,
    0xa, 0xfd, 0x0, 0x0, 0x0, 0x0, 0x0, 0xaf,
    0xd1, 0x0, 0x0, 0x0, 0x0, 0xa, 0xfd, 0x10,
    0x0, 0x0, 0x0, 0x0, 0xaf, 0xb1, 0x0, 0x0,
    0x0, 0x0, 0xa, 0xff, 0xcd, 0xdd, 0xdd, 0xdd,
    0xdb, 0x1d, 0xff, 0xff, 0xff, 0xff, 0xff, 0xfe,
    0x1, 0xdf, 0x80, 0x0, 0x0, 0x0, 0x0, 0x0,
    0x1d, 0xfa, 0x0, 0x0, 0x0, 0x0, 0x0, 0x1,
    0xdf, 0xb0, 0x0, 0x0, 0x0, 0x0, 0x0, 0x1d,
    0xfb, 0x0, 0x0, 0x0, 0x0, 0x0, 0x1, 0xda,
    0x0, 0x0, 0x0, 0x0, 0x0, 0x0, 0x10, 0x0,
    0x0, 0x0,

    /* U+2191 "↑" */
    0x0, 0x0, 0x0, 0x10, 0x0, 0x0, 0x0, 0x0,
    0x0, 0x1, 0xda, 0x0, 0x0, 0x0, 0x0, 0x0,
    0x1d, 0xff, 0xa0, 0x0, 0x0, 0x0, 0x1, 0xdf,
    0xff, 0xfa, 0x0, 0x0, 0x0, 0x1d, 0xf7, 0xfc,
    0xaf, 0xa0, 0x0, 0x1, 0xdf, 0x90, 0xfd, 0xc,
    0xfa, 0x0, 0x1d, 0xfa, 0x1, 0xfd, 0x1, 0xdf,
    0xa0, 0x9, 0xa0, 0x1, 0xfd, 0x0, 0x1c, 0x60,
    0x0, 0x0, 0x1, 0xfd, 0x0, 0x0, 0x0, 0x0,
    0x0, 0x1, 0xfd, 0x0, 0x0, 0x0, 0x0, 0x0,
    0x1, 0xfd, 0x0, 0x0, 0x0, 0x0, 0x0, 0x1,
    0xfd, 0x0, 0x0, 0x0, 0x0, 0x0, 0x1, 0xfd,
    0x0, 0x0, 0x0, 0x0, 0x0, 0x1, 0xfd, 0x0,
    0x0, 0x0,

    /* U+2192 "→" */
    0x0, 0x0, 0x0, 0x0, 0x0, 0x0, 0x0, 0x0,
    0x0, 0x0, 0x5b, 0x0, 0x0, 0x0, 0x0, 0x0,
    0x0, 0xcf, 0xb0, 0x0, 0x0, 0x0, 0x0, 0x0,
    0x1c, 0xfb, 0x0, 0x0, 0x0, 0x0, 0x0, 0x1,
    0xcf, 0xb0, 0x0, 0x0, 0x0, 0x0, 0x0, 0xa,
    0xfb, 0x0, 0xad, 0xdd, 0xdd, 0xdd, 0xdc, 0xff,
    0xb0, 0xcf, 0xff, 0xff, 0xff, 0xff, 0xff, 0xd1,
    0x0, 0x0, 0x0, 0x0, 0x7, 0xfd, 0x10, 0x0,
    0x0, 0x0, 0x0, 0x9f, 0xd1, 0x0, 0x0, 0x0,
    0x0, 0x9, 0xfd, 0x10, 0x0, 0x0, 0x0, 0x0,
    0x9f, 0xd1, 0x0, 0x0, 0x0, 0x0, 0x0, 0x9d,
    0x10, 0x0, 0x0, 0x0, 0x0, 0x0, 0x1, 0x0,
    0x0, 0x0,

    /* U+2193 "↓" */
    0x0, 0x0, 0x0, 0x11, 0x0, 0x0, 0x0, 0x0,
    0x0, 0x1, 0xfd, 0x0, 0x0, 0x0, 0x0, 0x0,
    0x1, 0xfd, 0x0, 0x0, 0x0, 0x0, 0x0, 0x1,
    0xfd, 0x0, 0x0, 0x0, 0x0, 0x0, 0x1, 0xfd,
    0x0, 0x0, 0x0, 0x0, 0x0, 0x1, 0xfd, 0x0,
    0x0, 0x0, 0x0, 0x0, 0x1, 0xfd, 0x0, 0x0,
    0x0, 0xb, 0xb0, 0x1, 0xfd, 0x0, 0x1d, 0x70,
    0xc, 0xfb, 0x1, 0xfd, 0x1, 0xdf, 0x90, 0x0,
    0xcf, 0xb1, 0xfd, 0x1d, 0xf9, 0x0, 0x0, 0xc,
    0xf8, 0xfc, 0xcf, 0x90, 0x0, 0x0, 0x0, 0xcf,
    0xff, 0xf9, 0x0, 0x0, 0x0, 0x0, 0xc, 0xff,
    0x90, 0x0, 0x0, 0x0, 0x0, 0x0, 0xc9, 0x0,
    0x0, 0x0, 0x0, 0x0, 0x0, 0x0, 0x0, 0x0,
    0x0
};


/*---------------------
 *  GLYPH DESCRIPTION
 *--------------------*/

static const lv_font_fmt_txt_glyph_dsc_t glyph_dsc[] = {
    {.bitmap_index = 0, .adv_w = 0, .box_w = 0, .box_h = 0, .ofs_x = 0, .ofs_y = 0} /* id = 0 reserved */,
    {.bitmap_index = 0, .adv_w = 71, .box_w = 0, .box_h = 0, .ofs_x = 0, .ofs_y = 0},
    {.bitmap_index = 0, .adv_w = 87, .box_w = 4, .box_h = 13, .ofs_x = 1, .ofs_y = 0},
    {.bitmap_index = 26, .adv_w = 146, .box_w = 7, .box_h = 6, .ofs_x = 1, .ofs_y = 7},
    {.bitmap_index = 47, .adv_w = 184, .box_w = 12, .box_h = 13, .ofs_x = 0, .ofs_y = 0},
    {.bitmap_index = 125, .adv_w = 187, .box_w = 11, .box_h = 18, .ofs_x = 0, .ofs_y = -2},
    {.bitmap_index = 224, .adv_w = 283, .box_w = 16, .box_h = 13, .ofs_x = 1, .ofs_y = 0},
    {.bitmap_index = 328, .adv_w = 189, .box_w = 12, .box_h = 13, .ofs_x = 0, .ofs_y = 0},
    {.bitmap_index = 406, .adv_w = 90, .box_w = 3, .box_h = 6, .ofs_x = 1, .ofs_y = 7},
    {.bitmap_index = 415, .adv_w = 104, .box_w = 5, .box_h = 17, .ofs_x = 1, .ofs_y = -3},
    {.bitmap_index = 458, .adv_w = 104, .box_w = 5, .box_h = 17, .ofs_x = 0, .ofs_y = -3},
    {.bitmap_index = 501, .adv_w = 154, .box_w = 8, .box_h = 8, .ofs_x = 1, .ofs_y = 5},
    {.bitmap_index = 533, .adv_w = 192, .box_w = 10, .box_h = 9, .ofs_x = 1, .ofs_y = 1},
    {.bitmap_index = 578, .adv_w = 86, .box_w = 5, .box_h = 6, .ofs_x = 0, .ofs_y = -3},
    {.bitmap_index = 593, .adv_w = 132, .box_w = 7, .box_h = 2, .ofs_x = 1, .ofs_y = 5},
    {.bitmap_index = 600, .adv_w = 86, .box_w = 4, .box_h = 3, .ofs_x = 1, .ofs_y = 0},
    {.bitmap_index = 606, .adv_w = 107, .box_w = 7, .box_h = 16, .ofs_x = 0, .ofs_y = -2},
    {.bitmap_index = 662, .adv_w = 189, .box_w = 11, .box_h = 13, .ofs_x = 0, .ofs_y = 0},
    {.bitmap_index = 734, .adv_w = 119, .box_w = 7, .box_h = 13, .ofs_x = 0, .ofs_y = 0},
    {.bitmap_index = 780, .adv_w = 177, .box_w = 10, .box_h = 13, .ofs_x = 1, .ofs_y = 0},
    {.bitmap_index = 845, .adv_w = 182, .box_w = 11, .box_h = 13, .ofs_x = 0, .ofs_y = 0},
    {.bitmap_index = 917, .adv_w = 190, .box_w = 12, .box_h = 13, .ofs_x = 0, .ofs_y = 0},
    {.bitmap_index = 995, .adv_w = 175, .box_w = 11, .box_h = 13, .ofs_x = 0, .ofs_y = 0},
    {.bitmap_index = 1067, .adv_w = 182, .box_w = 11, .box_h = 13, .ofs_x = 0, .ofs_y = 0},
    {.bitmap_index = 1139, .adv_w = 164, .box_w = 10, .box_h = 13, .ofs_x = 0, .ofs_y = 0},
    {.bitmap_index = 1204, .adv_w = 182, .box_w = 11, .box_h = 13, .ofs_x = 0, .ofs_y = 0},
    {.bitmap_index = 1276, .adv_w = 182, .box_w = 11, .box_h = 13, .ofs_x = 0, .ofs_y = 0},
    {.bitmap_index = 1348, .adv_w = 86, .box_w = 4, .box_h = 10, .ofs_x = 1, .ofs_y = 0},
    {.bitmap_index = 1368, .adv_w = 89, .box_w = 5, .box_h = 13, .ofs_x = 0, .ofs_y = -3},
    {.bitmap_index = 1401, .adv_w = 192, .box_w = 10, .box_h = 11, .ofs_x = 1, .ofs_y = 0},
    {.bitmap_index = 1456, .adv_w = 192, .box_w = 10, .box_h = 6, .ofs_x = 1, .ofs_y = 2},
    {.bitmap_index = 1486, .adv_w = 192, .box_w = 10, .box_h = 11, .ofs_x = 1, .ofs_y = 0},
    {.bitmap_index = 1541, .adv_w = 157, .box_w = 9, .box_h = 13, .ofs_x = 0, .ofs_y = 0},
    {.bitmap_index = 1600, .adv_w = 288, .box_w = 18, .box_h = 17, .ofs_x = 0, .ofs_y = -4},
    {.bitmap_index = 1753, .adv_w = 207, .box_w = 13, .box_h = 13, .ofs_x = 0, .ofs_y = 0},
    {.bitmap_index = 1838, .adv_w = 189, .box_w = 11, .box_h = 13, .ofs_x = 1, .ofs_y = 0},
    {.bitmap_index = 1910, .adv_w = 211, .box_w = 13, .box_h = 13, .ofs_x = 0, .ofs_y = 0},
    {.bitmap_index = 1995, .adv_w = 206, .box_w = 12, .box_h = 13, .ofs_x = 1, .ofs_y = 0},
    {.bitmap_index = 2073, .adv_w = 174, .box_w = 9, .box_h = 13, .ofs_x = 1, .ofs_y = 0},
    {.bitmap_index = 2132, .adv_w = 168, .box_w = 9, .box_h = 13, .ofs_x = 1, .ofs_y = 0},
    {.bitmap_index = 2191, .adv_w = 215, .box_w = 13, .box_h = 13, .ofs_x = 0, .ofs_y = 0},
    {.bitmap_index = 2276, .adv_w = 213, .box_w = 12, .box_h = 13, .ofs_x = 1, .ofs_y = 0},
    {.bitmap_index = 2354, .adv_w = 78, .box_w = 3, .box_h = 13, .ofs_x = 1, .ofs_y = 0},
    {.bitmap_index = 2374, .adv_w = 165, .box_w = 10, .box_h = 13, .ofs_x = 0, .ofs_y = 0},
    {.bitmap_index = 2439, .adv_w = 200, .box_w = 12, .box_h = 13, .ofs_x = 1, .ofs_y = 0},
    {.bitmap_index = 2517, .adv_w = 162, .box_w = 9, .box_h = 13, .ofs_x = 1, .ofs_y = 0},
    {.bitmap_index = 2576, .adv_w = 263, .box_w = 15, .box_h = 13, .ofs_x = 1, .ofs_y = 0},
    {.bitmap_index = 2674, .adv_w = 216, .box_w = 12, .box_h = 13, .ofs_x = 1, .ofs_y = 0},
    {.bitmap_index = 2752, .adv_w = 220, .box_w = 13, .box_h = 13, .ofs_x = 0, .ofs_y = 0},
    {.bitmap_index = 2837, .adv_w = 185, .box_w = 10, .box_h = 13, .ofs_x = 1, .ofs_y = 0},
    {.bitmap_index = 2902, .adv_w = 221, .box_w = 13, .box_h = 14, .ofs_x = 0, .ofs_y = -1},
    {.bitmap_index = 2993, .adv_w = 187, .box_w = 11, .box_h = 13, .ofs_x = 1, .ofs_y = 0},
    {.bitmap_index = 3065, .adv_w = 187, .box_w = 11, .box_h = 13, .ofs_x = 0, .ofs_y = 0},
    {.bitmap_index = 3137, .adv_w = 188, .box_w = 12, .box_h = 13, .ofs_x = 0, .ofs_y = 0},
    {.bitmap_index = 3215, .adv_w = 210, .box_w = 11, .box_h = 13, .ofs_x = 1, .ofs_y = 0},
    {.bitmap_index = 3287, .adv_w = 207, .box_w = 13, .box_h = 13, .ofs_x = 0, .ofs_y = 0},
    {.bitmap_index = 3372, .adv_w = 291, .box_w = 18, .box_h = 13, .ofs_x = 0, .ofs_y = 0},
    {.bitmap_index = 3489, .adv_w = 205, .box_w = 13, .box_h = 13, .ofs_x = 0, .ofs_y = 0},
    {.bitmap_index = 3574, .adv_w = 203, .box_w = 13, .box_h = 13, .ofs_x = 0, .ofs_y = 0},
    {.bitmap_index = 3659, .adv_w = 186, .box_w = 11, .box_h = 13, .ofs_x = 0, .ofs_y = 0},
    {.bitmap_index = 3731, .adv_w = 104, .box_w = 5, .box_h = 17, .ofs_x = 1, .ofs_y = -3},
    {.bitmap_index = 3774, .adv_w = 107, .box_w = 7, .box_h = 16, .ofs_x = 0, .ofs_y = -2},
    {.bitmap_index = 3830, .adv_w = 104, .box_w = 5, .box_h = 17, .ofs_x = 0, .ofs_y = -3},
    {.bitmap_index = 3873, .adv_w = 137, .box_w = 8, .box_h = 6, .ofs_x = 0, .ofs_y = 7},
    {.bitmap_index = 3897, .adv_w = 135, .box_w = 9, .box_h = 2, .ofs_x = 0, .ofs_y = -2},
    {.bitmap_index = 3906, .adv_w = 96, .box_w = 4, .box_h = 3, .ofs_x = 1, .ofs_y = 11},
    {.bitmap_index = 3912, .adv_w = 163, .box_w = 10, .box_h = 10, .ofs_x = 0, .ofs_y = 0},
    {.bitmap_index = 3962, .adv_w = 177, .box_w = 10, .box_h = 13, .ofs_x = 1, .ofs_y = 0},
    {.bitmap_index = 4027, .adv_w = 165, .box_w = 10, .box_h = 10, .ofs_x = 0, .ofs_y = 0},
    {.bitmap_index = 4077, .adv_w = 177, .box_w = 10, .box_h = 13, .ofs_x = 0, .ofs_y = 0},
    {.bitmap_index = 4142, .adv_w = 168, .box_w = 10, .box_h = 10, .ofs_x = 0, .ofs_y = 0},
    {.bitmap_index = 4192, .adv_w = 109, .box_w = 7, .box_h = 14, .ofs_x = 0, .ofs_y = 0},
    {.bitmap_index = 4241, .adv_w = 178, .box_w = 10, .box_h = 14, .ofs_x = 0, .ofs_y = -4},
    {.bitmap_index = 4311, .adv_w = 174, .box_w = 9, .box_h = 13, .ofs_x = 1, .ofs_y = 0},
    {.bitmap_index = 4370, .adv_w = 73, .box_w = 4, .box_h = 14, .ofs_x = 0, .ofs_y = 0},
    {.bitmap_index = 4398, .adv_w = 74, .box_w = 5, .box_h = 18, .ofs_x = -1, .ofs_y = -4},
    {.bitmap_index = 4443, .adv_w = 162, .box_w = 10, .box_h = 13, .ofs_x = 1, .ofs_y = 0},
    {.bitmap_index = 4508, .adv_w = 73, .box_w = 3, .box_h = 13, .ofs_x = 1, .ofs_y = 0},
    {.bitmap_index = 4528, .adv_w = 257, .box_w = 14, .box_h = 10, .ofs_x = 1, .ofs_y = 0},
    {.bitmap_index = 4598, .adv_w = 174, .box_w = 9, .box_h = 10, .ofs_x = 1, .ofs_y = 0},
    {.bitmap_index = 4643, .adv_w = 173, .box_w = 11, .box_h = 10, .ofs_x = 0, .ofs_y = 0},
    {.bitmap_index = 4698, .adv_w = 177, .box_w = 10, .box_h = 14, .ofs_x = 1, .ofs_y = -4},
    {.bitmap_index = 4768, .adv_w = 177, .box_w = 10, .box_h = 14, .ofs_x = 0, .ofs_y = -4},
    {.bitmap_index = 4838, .adv_w = 112, .box_w = 6, .box_h = 11, .ofs_x = 1, .ofs_y = 0},
    {.bitmap_index = 4871, .adv_w = 155, .box_w = 10, .box_h = 10, .ofs_x = 0, .ofs_y = 0},
    {.bitmap_index = 4921, .adv_w = 102, .box_w = 6, .box_h = 13, .ofs_x = 0, .ofs_y = 0},
    {.bitmap_index = 4960, .adv_w = 174, .box_w = 9, .box_h = 10, .ofs_x = 1, .ofs_y = 0},
    {.bitmap_index = 5005, .adv_w = 166, .box_w = 11, .box_h = 10, .ofs_x = 0, .ofs_y = 0},
    {.bitmap_index = 5060, .adv_w = 239, .box_w = 15, .box_h = 10, .ofs_x = 0, .ofs_y = 0},
    {.bitmap_index = 5135, .adv_w = 161, .box_w = 10, .box_h = 10, .ofs_x = 0, .ofs_y = 0},
    {.bitmap_index = 5185, .adv_w = 166, .box_w = 11, .box_h = 14, .ofs_x = 0, .ofs_y = -4},
    {.bitmap_index = 5262, .adv_w = 159, .box_w = 8, .box_h = 10, .ofs_x = 1, .ofs_y = 0},
    {.bitmap_index = 5302, .adv_w = 129, .box_w = 7, .box_h = 17, .ofs_x = 1, .ofs_y = -3},
    {.bitmap_index = 5362, .adv_w = 101, .box_w = 3, .box_h = 22, .ofs_x = 2, .ofs_y = -4},
    {.bitmap_index = 5395, .adv_w = 129, .box_w = 7, .box_h = 17, .ofs_x = 0, .ofs_y = -3},
    {.bitmap_index = 5455, .adv_w = 192, .box_w = 10, .box_h = 4, .ofs_x = 1, .ofs_y = 3},
    {.bitmap_index = 5475, .adv_w = 71, .box_w = 0, .box_h = 0, .ofs_x = 0, .ofs_y = 0},
    {.bitmap_index = 5475, .adv_w = 87, .box_w = 4, .box_h = 14, .ofs_x = 1, .ofs_y = -4},
    {.bitmap_index = 5503, .adv_w = 165, .box_w = 10, .box_h = 13, .ofs_x = 0, .ofs_y = 0},
    {.bitmap_index = 5568, .adv_w = 179, .box_w = 11, .box_h = 13, .ofs_x = 0, .ofs_y = 0},
    {.bitmap_index = 5640, .adv_w = 214, .box_w = 12, .box_h = 13, .ofs_x = 1, .ofs_y = -1},
    {.bitmap_index = 5718, .adv_w = 161, .box_w = 10, .box_h = 13, .ofs_x = 0, .ofs_y = 0},
    {.bitmap_index = 5783, .adv_w = 89, .box_w = 3, .box_h = 16, .ofs_x = 1, .ofs_y = -3},
    {.bitmap_index = 5807, .adv_w = 162, .box_w = 10, .box_h = 16, .ofs_x = 0, .ofs_y = -3},
    {.bitmap_index = 5887, .adv_w = 174, .box_w = 7, .box_h = 3, .ofs_x = 2, .ofs_y = 11},
    {.bitmap_index = 5898, .adv_w = 262, .box_w = 14, .box_h = 14, .ofs_x = 1, .ofs_y = 0},
    {.bitmap_index = 5996, .adv_w = 131, .box_w = 8, .box_h = 7, .ofs_x = 0, .ofs_y = 6},
    {.bitmap_index = 6024, .adv_w = 180, .box_w = 11, .box_h = 9, .ofs_x = 0, .ofs_y = 1},
    {.bitmap_index = 6074, .adv_w = 192, .box_w = 9, .box_h = 5, .ofs_x = 1, .ofs_y = 2},
    {.bitmap_index = 6097, .adv_w = 189, .box_w = 12, .box_h = 12, .ofs_x = 0, .ofs_y = 2},
    {.bitmap_index = 6169, .adv_w = 127, .box_w = 6, .box_h = 2, .ofs_x = 1, .ofs_y = 12},
    {.bitmap_index = 6175, .adv_w = 130, .box_w = 7, .box_h = 6, .ofs_x = 1, .ofs_y = 7},
    {.bitmap_index = 6196, .adv_w = 192, .box_w = 10, .box_h = 10, .ofs_x = 1, .ofs_y = 0},
    {.bitmap_index = 6246, .adv_w = 127, .box_w = 8, .box_h = 7, .ofs_x = 0, .ofs_y = 8},
    {.bitmap_index = 6274, .adv_w = 130, .box_w = 8, .box_h = 7, .ofs_x = 0, .ofs_y = 8},
    {.bitmap_index = 6302, .adv_w = 96, .box_w = 4, .box_h = 3, .ofs_x = 1, .ofs_y = 11},
    {.bitmap_index = 6308, .adv_w = 175, .box_w = 10, .box_h = 14, .ofs_x = 1, .ofs_y = -4},
    {.bitmap_index = 6378, .adv_w = 171, .box_w = 10, .box_h = 13, .ofs_x = 0, .ofs_y = 0},
    {.bitmap_index = 6443, .adv_w = 86, .box_w = 4, .box_h = 3, .ofs_x = 1, .ofs_y = 5},
    {.bitmap_index = 6449, .adv_w = 94, .box_w = 5, .box_h = 5, .ofs_x = 1, .ofs_y = -5},
    {.bitmap_index = 6462, .adv_w = 89, .box_w = 5, .box_h = 7, .ofs_x = 0, .ofs_y = 8},
    {.bitmap_index = 6480, .adv_w = 139, .box_w = 9, .box_h = 7, .ofs_x = 0, .ofs_y = 6},
    {.bitmap_index = 6512, .adv_w = 180, .box_w = 11, .box_h = 9, .ofs_x = 0, .ofs_y = 1},
    {.bitmap_index = 6562, .adv_w = 235, .box_w = 15, .box_h = 14, .ofs_x = 0, .ofs_y = -1},
    {.bitmap_index = 6667, .adv_w = 246, .box_w = 15, .box_h = 15, .ofs_x = 0, .ofs_y = -1},
    {.bitmap_index = 6780, .adv_w = 258, .box_w = 16, .box_h = 15, .ofs_x = 0, .ofs_y = -1},
    {.bitmap_index = 6900, .adv_w = 157, .box_w = 10, .box_h = 14, .ofs_x = 0, .ofs_y = -4},
    {.bitmap_index = 6970, .adv_w = 207, .box_w = 13, .box_h = 17, .ofs_x = 0, .ofs_y = 0},
    {.bitmap_index = 7081, .adv_w = 207, .box_w = 13, .box_h = 17, .ofs_x = 0, .ofs_y = 0},
    {.bitmap_index = 7192, .adv_w = 207, .box_w = 13, .box_h = 18, .ofs_x = 0, .ofs_y = 0},
    {.bitmap_index = 7309, .adv_w = 207, .box_w = 13, .box_h = 18, .ofs_x = 0, .ofs_y = 0},
    {.bitmap_index = 7426, .adv_w = 207, .box_w = 13, .box_h = 17, .ofs_x = 0, .ofs_y = 0},
    {.bitmap_index = 7537, .adv_w = 207, .box_w = 13, .box_h = 18, .ofs_x = 0, .ofs_y = 0},
    {.bitmap_index = 7654, .adv_w = 291, .box_w = 18, .box_h = 13, .ofs_x = 0, .ofs_y = 0},
    {.bitmap_index = 7771, .adv_w = 211, .box_w = 13, .box_h = 17, .ofs_x = 0, .ofs_y = -4},
    {.bitmap_index = 7882, .adv_w = 174, .box_w = 9, .box_h = 17, .ofs_x = 1, .ofs_y = 0},
    {.bitmap_index = 7959, .adv_w = 174, .box_w = 9, .box_h = 17, .ofs_x = 1, .ofs_y = 0},
    {.bitmap_index = 8036, .adv_w = 174, .box_w = 9, .box_h = 18, .ofs_x = 1, .ofs_y = 0},
    {.bitmap_index = 8117, .adv_w = 174, .box_w = 9, .box_h = 17, .ofs_x = 1, .ofs_y = 0},
    {.bitmap_index = 8194, .adv_w = 78, .box_w = 5, .box_h = 17, .ofs_x = -1, .ofs_y = 0},
    {.bitmap_index = 8237, .adv_w = 78, .box_w = 5, .box_h = 17, .ofs_x = 1, .ofs_y = 0},
    {.bitmap_index = 8280, .adv_w = 78, .box_w = 7, .box_h = 18, .ofs_x = -1, .ofs_y = 0},
    {.bitmap_index = 8343, .adv_w = 78, .box_w = 7, .box_h = 17, .ofs_x = -1, .ofs_y = 0},
    {.bitmap_index = 8403, .adv_w = 216, .box_w = 13, .box_h = 13, .ofs_x = 0, .ofs_y = 0},
    {.bitmap_index = 8488, .adv_w = 216, .box_w = 12, .box_h = 18, .ofs_x = 1, .ofs_y = 0},
    {.bitmap_index = 8596, .adv_w = 220, .box_w = 13, .box_h = 18, .ofs_x = 0, .ofs_y = 0},
    {.bitmap_index = 8713, .adv_w = 220, .box_w = 13, .box_h = 18, .ofs_x = 0, .ofs_y = 0},
    {.bitmap_index = 8830, .adv_w = 220, .box_w = 13, .box_h = 18, .ofs_x = 0, .ofs_y = 0},
    {.bitmap_index = 8947, .adv_w = 220, .box_w = 13, .box_h = 18, .ofs_x = 0, .ofs_y = 0},
    {.bitmap_index = 9064, .adv_w = 220, .box_w = 13, .box_h = 18, .ofs_x = 0, .ofs_y = 0},
    {.bitmap_index = 9181, .adv_w = 192, .box_w = 10, .box_h = 10, .ofs_x = 1, .ofs_y = 0},
    {.bitmap_index = 9231, .adv_w = 220, .box_w = 13, .box_h = 15, .ofs_x = 0, .ofs_y = -1},
    {.bitmap_index = 9329, .adv_w = 210, .box_w = 11, .box_h = 18, .ofs_x = 1, .ofs_y = 0},
    {.bitmap_index = 9428, .adv_w = 210, .box_w = 11, .box_h = 18, .ofs_x = 1, .ofs_y = 0},
    {.bitmap_index = 9527, .adv_w = 210, .box_w = 11, .box_h = 18, .ofs_x = 1, .ofs_y = 0},
    {.bitmap_index = 9626, .adv_w = 210, .box_w = 11, .box_h = 18, .ofs_x = 1, .ofs_y = 0},
    {.bitmap_index = 9725, .adv_w = 203, .box_w = 13, .box_h = 17, .ofs_x = 0, .ofs_y = 0},
    {.bitmap_index = 9836, .adv_w = 188, .box_w = 10, .box_h = 13, .ofs_x = 1, .ofs_y = 0},
    {.bitmap_index = 9901, .adv_w = 183, .box_w = 10, .box_h = 13, .ofs_x = 1, .ofs_y = 0},
    {.bitmap_index = 9966, .adv_w = 163, .box_w = 10, .box_h = 14, .ofs_x = 0, .ofs_y = 0},
    {.bitmap_index = 10036, .adv_w = 163, .box_w = 10, .box_h = 14, .ofs_x = 0, .ofs_y = 0},
    {.bitmap_index = 10106, .adv_w = 163, .box_w = 10, .box_h = 14, .ofs_x = 0, .ofs_y = 0},
    {.bitmap_index = 10176, .adv_w = 163, .box_w = 10, .box_h = 14, .ofs_x = 0, .ofs_y = 0},
    {.bitmap_index = 10246, .adv_w = 163, .box_w = 10, .box_h = 14, .ofs_x = 0, .ofs_y = 0},
    {.bitmap_index = 10316, .adv_w = 163, .box_w = 10, .box_h = 15, .ofs_x = 0, .ofs_y = 0},
    {.bitmap_index = 10391, .adv_w = 261, .box_w = 16, .box_h = 10, .ofs_x = 0, .ofs_y = 0},
    {.bitmap_index = 10471, .adv_w = 165, .box_w = 10, .box_h = 14, .ofs_x = 0, .ofs_y = -4},
    {.bitmap_index = 10541, .adv_w = 168, .box_w = 10, .box_h = 14, .ofs_x = 0, .ofs_y = 0},
    {.bitmap_index = 10611, .adv_w = 168, .box_w = 10, .box_h = 14, .ofs_x = 0, .ofs_y = 0},
    {.bitmap_index = 10681, .adv_w = 168, .box_w = 10, .box_h = 14, .ofs_x = 0, .ofs_y = 0},
    {.bitmap_index = 10751, .adv_w = 168, .box_w = 10, .box_h = 14, .ofs_x = 0, .ofs_y = 0},
    {.bitmap_index = 10821, .adv_w = 73, .box_w = 5, .box_h = 14, .ofs_x = -1, .ofs_y = 0},
    {.bitmap_index = 10856, .adv_w = 73, .box_w = 4, .box_h = 14, .ofs_x = 1, .ofs_y = 0},
    {.bitmap_index = 10884, .adv_w = 73, .box_w = 7, .box_h = 14, .ofs_x = -1, .ofs_y = 0},
    {.bitmap_index = 10933, .adv_w = 73, .box_w = 7, .box_h = 14, .ofs_x = -1, .ofs_y = 0},
    {.bitmap_index = 10982, .adv_w = 169, .box_w = 10, .box_h = 15, .ofs_x = 0, .ofs_y = 0},
    {.bitmap_index = 11057, .adv_w = 174, .box_w = 9, .box_h = 14, .ofs_x = 1, .ofs_y = 0},
    {.bitmap_index = 11120, .adv_w = 173, .box_w = 11, .box_h = 14, .ofs_x = 0, .ofs_y = 0},
    {.bitmap_index = 11197, .adv_w = 173, .box_w = 11, .box_h = 14, .ofs_x = 0, .ofs_y = 0},
    {.bitmap_index = 11274, .adv_w = 173, .box_w = 11, .box_h = 14, .ofs_x = 0, .ofs_y = 0},
    {.bitmap_index = 11351, .adv_w = 173, .box_w = 11, .box_h = 14, .ofs_x = 0, .ofs_y = 0},
    {.bitmap_index = 11428, .adv_w = 173, .box_w = 11, .box_h = 14, .ofs_x = 0, .ofs_y = 0},
    {.bitmap_index = 11505, .adv_w = 192, .box_w = 10, .box_h = 10, .ofs_x = 1, .ofs_y = 0},
    {.bitmap_index = 11555, .adv_w = 173, .box_w = 11, .box_h = 12, .ofs_x = 0, .ofs_y = -1},
    {.bitmap_index = 11621, .adv_w = 174, .box_w = 9, .box_h = 14, .ofs_x = 1, .ofs_y = 0},
    {.bitmap_index = 11684, .adv_w = 174, .box_w = 9, .box_h = 14, .ofs_x = 1, .ofs_y = 0},
    {.bitmap_index = 11747, .adv_w = 174, .box_w = 9, .box_h = 14, .ofs_x = 1, .ofs_y = 0},
    {.bitmap_index = 11810, .adv_w = 174, .box_w = 9, .box_h = 14, .ofs_x = 1, .ofs_y = 0},
    {.bitmap_index = 11873, .adv_w = 166, .box_w = 11, .box_h = 18, .ofs_x = 0, .ofs_y = -4},
    {.bitmap_index = 11972, .adv_w = 177, .box_w = 10, .box_h = 17, .ofs_x = 1, .ofs_y = -4},
    {.bitmap_index = 12057, .adv_w = 166, .box_w = 11, .box_h = 18, .ofs_x = 0, .ofs_y = -4},
    {.bitmap_index = 12156, .adv_w = 120, .box_w = 7, .box_h = 2, .ofs_x = 0, .ofs_y = 5},
    {.bitmap_index = 12163, .adv_w = 120, .box_w = 7, .box_h = 2, .ofs_x = 0, .ofs_y = 5},
    {.bitmap_index = 12170, .adv_w = 186, .box_w = 11, .box_h = 2, .ofs_x = 0, .ofs_y = 5},
    {.bitmap_index = 12181, .adv_w = 144, .box_w = 9, .box_h = 2, .ofs_x = 0, .ofs_y = 5},
    {.bitmap_index = 12190, .adv_w = 288, .box_w = 18, .box_h = 2, .ofs_x = 0, .ofs_y = 5},
    {.bitmap_index = 12208, .adv_w = 288, .box_w = 18, .box_h = 2, .ofs_x = 0, .ofs_y = 5},
    {.bitmap_index = 12226, .adv_w = 152, .box_w = 6, .box_h = 22, .ofs_x = 2, .ofs_y = -4},
    {.bitmap_index = 12292, .adv_w = 133, .box_w = 9, .box_h = 5, .ofs_x = 0, .ofs_y = -4},
    {.bitmap_index = 12315, .adv_w = 80, .box_w = 4, .box_h = 6, .ofs_x = 1, .ofs_y = 7},
    {.bitmap_index = 12327, .adv_w = 80, .box_w = 4, .box_h = 6, .ofs_x = 1, .ofs_y = 8},
    {.bitmap_index = 12339, .adv_w = 74, .box_w = 4, .box_h = 6, .ofs_x = 0, .ofs_y = -3},
    {.bitmap_index = 12351, .adv_w = 80, .box_w = 4, .box_h = 6, .ofs_x = 0, .ofs_y = 7},
    {.bitmap_index = 12363, .adv_w = 139, .box_w = 8, .box_h = 6, .ofs_x = 1, .ofs_y = 7},
    {.bitmap_index = 12387, .adv_w = 138, .box_w = 7, .box_h = 6, .ofs_x = 1, .ofs_y = 8},
    {.bitmap_index = 12408, .adv_w = 132, .box_w = 8, .box_h = 6, .ofs_x = 0, .ofs_y = -3},
    {.bitmap_index = 12432, .adv_w = 138, .box_w = 8, .box_h = 6, .ofs_x = 0, .ofs_y = 7},
    {.bitmap_index = 12456, .adv_w = 158, .box_w = 8, .box_h = 10, .ofs_x = 1, .ofs_y = 3},
    {.bitmap_index = 12496, .adv_w = 158, .box_w = 8, .box_h = 13, .ofs_x = 1, .ofs_y = 0},
    {.bitmap_index = 12548, .adv_w = 142, .box_w = 7, .box_h = 6, .ofs_x = 1, .ofs_y = 2},
    {.bitmap_index = 12569, .adv_w = 142, .box_w = 6, .box_h = 7, .ofs_x = 2, .ofs_y = 2},
    {.bitmap_index = 12590, .adv_w = 86, .box_w = 4, .box_h = 3, .ofs_x = 1, .ofs_y = 0},
    {.bitmap_index = 12596, .adv_w = 173, .box_w = 9, .box_h = 3, .ofs_x = 1, .ofs_y = 0},
    {.bitmap_index = 12610, .adv_w = 259, .box_w = 14, .box_h = 3, .ofs_x = 1, .ofs_y = 0},
    {.bitmap_index = 12631, .adv_w = 273, .box_w = 14, .box_h = 14, .ofs_x = 1, .ofs_y = -1},
    {.bitmap_index = 12729, .adv_w = 252, .box_w = 14, .box_h = 14, .ofs_x = 1, .ofs_y = 0},
    {.bitmap_index = 12827, .adv_w = 273, .box_w = 14, .box_h = 14, .ofs_x = 2, .ofs_y = -1},
    {.bitmap_index = 12925, .adv_w = 252, .box_w = 14, .box_h = 15, .ofs_x = 1, .ofs_y = -1}
};

/*---------------------
 *  CHARACTER MAPPING
 *--------------------*/



/*Collect the unicode lists and glyph_id offsets*/
static const lv_font_fmt_txt_cmap_t cmaps[] =
{
    {
        .range_start = 32, .range_length = 95, .glyph_id_start = 1,
        .unicode_list = NULL, .glyph_id_ofs_list = NULL, .list_length = 0, .type = LV_FONT_FMT_TXT_CMAP_FORMAT0_TINY
    },
    {
        .range_start = 160, .range_length = 13, .glyph_id_start = 96,
        .unicode_list = NULL, .glyph_id_ofs_list = NULL, .list_length = 0, .type = LV_FONT_FMT_TXT_CMAP_FORMAT0_TINY
    },
    {
        .range_start = 174, .range_length = 82, .glyph_id_start = 109,
        .unicode_list = NULL, .glyph_id_ofs_list = NULL, .list_length = 0, .type = LV_FONT_FMT_TXT_CMAP_FORMAT0_TINY
    },
    {
        .range_start = 8208, .range_length = 23, .glyph_id_start = 191,
        .unicode_list = NULL, .glyph_id_ofs_list = NULL, .list_length = 0, .type = LV_FONT_FMT_TXT_CMAP_FORMAT0_TINY
    },
    {
        .range_start = 8592, .range_length = 4, .glyph_id_start = 214,
        .unicode_list = NULL, .glyph_id_ofs_list = NULL, .list_length = 0, .type = LV_FONT_FMT_TXT_CMAP_FORMAT0_TINY
    }
};

/*-----------------
 *    KERNING
 *----------------*/


/*Map glyph_ids to kern left classes*/
static const uint8_t kern_left_class_mapping[] =
{
    0, 0, 0, 1, 0, 2, 0, 3,
    1, 4, 0, 5, 6, 7, 6, 7,
    8, 9, 10, 0, 11, 12, 13, 0,
    14, 11, 9, 15, 15, 0, 16, 17,
    18, 19, 20, 21, 22, 23, 24, 25,
    26, 27, 27, 28, 29, 30, 27, 27,
    23, 31, 23, 32, 33, 34, 28, 35,
    36, 37, 38, 39, 4, 40, 0, 5,
    41, 0, 42, 43, 43, 27, 43, 44,
    45, 42, 46, 46, 47, 27, 42, 42,
    43, 43, 45, 48, 49, 50, 51, 52,
    53, 54, 52, 55, 4, 10, 0, 56,
    0, 57, 58, 0, 0, 59, 0, 0,
    0, 19, 60, 61, 62, 63, 0, 5,
    16, 0, 0, 0, 64, 10, 65, 0,
    0, 60, 66, 0, 0, 0, 67, 20,
    20, 20, 20, 20, 20, 24, 22, 24,
    24, 24, 24, 27, 27, 68, 68, 23,
    27, 23, 23, 23, 23, 23, 69, 23,
    28, 28, 28, 28, 38, 70, 71, 42,
    42, 42, 42, 42, 42, 72, 43, 43,
    43, 43, 43, 46, 46, 73, 74, 43,
    75, 43, 43, 43, 76, 76, 6, 43,
    51, 51, 51, 51, 52, 43, 52, 0,
    0, 0, 0, 0, 0, 0, 0, 77,
    78, 79, 0, 77, 78, 79, 0, 80,
    80, 81, 81, 0, 0, 7, 6, 0,
    0, 0
};

/*Map glyph_ids to kern right classes*/
static const uint8_t kern_right_class_mapping[] =
{
    0, 0, 0, 1, 0, 2, 0, 3,
    1, 0, 4, 5, 6, 7, 8, 9,
    10, 11, 12, 0, 13, 14, 0, 11,
    15, 13, 0, 16, 16, 17, 18, 0,
    19, 20, 21, 22, 23, 22, 22, 22,
    23, 22, 22, 24, 22, 22, 22, 22,
    23, 22, 23, 22, 25, 26, 27, 28,
    29, 30, 31, 32, 0, 33, 4, 34,
    35, 0, 36, 22, 37, 37, 37, 38,
    37, 22, 39, 40, 22, 22, 41, 41,
    37, 41, 37, 41, 42, 43, 44, 45,
    46, 47, 45, 48, 0, 49, 4, 50,
    0, 0, 51, 0, 0, 52, 0, 0,
    0, 53, 54, 55, 56, 57, 0, 58,
    18, 0, 0, 0, 59, 60, 61, 0,
    0, 54, 62, 0, 0, 0, 63, 21,
    21, 21, 21, 21, 21, 21, 23, 22,
    22, 22, 22, 22, 22, 64, 64, 65,
    22, 23, 23, 23, 23, 23, 66, 23,
    27, 27, 27, 27, 31, 22, 22, 36,
    36, 36, 67, 68, 36, 36, 37, 37,
    37, 37, 69, 70, 71, 70, 72, 37,
    41, 37, 37, 37, 73, 69, 6, 37,
    44, 44, 44, 74, 45, 22, 75, 0,
    0, 0, 0, 0, 0, 0, 0, 76,
    77, 78, 79, 76, 77, 78, 79, 80,
    80, 81, 81, 0, 0, 82, 0, 0,
    6, 0
};

/*Kern values between classes*/
static const int8_t kern_class_values[] =
{
    0, 0, 0, 0, 0, 0, 0, 0,
    0, 0, 0, 0, 0, 0, 0, 0,
    0, 0, 0, 0, -23, 0, 0, -47,
    0, 0, 0, 0, 0, 0, 0, 0,
    0, 0, 0, 0, -6, 0, 0, 0,
    0, -3, 0, 0, 0, 0, 0, 0,
    0, 0, 0, 0, 0, 0, 0, 0,
    0, 0, 0, 0, 0, 0, 0, 0,
    0, 0, 0, 0, -6, 0, 0, 0,
    -6, 0, 0, 0, 0, 0, 0, 0,
    0, 0, 0, 0, 0, 0, 0, 0,
    0, 0, 0, 0, 0, 0, 0, 0,
    0, 0, 0, 0, 0, 0, -3, 0,
    0, 0, 0, -3, 0, 0, 0, -4,
    0, 0, 0, 0, 0, 0, 0, 0,
    0, 0, 0, 0, 0, 0, 0, 0,
    0, 0, 0, 0, 0, 0, 0, 0,
    0, 0, 0, 0, 0, 0, 0, 0,
    0, 0, 0, 0, 0, 0, 0, 0,
    0, 13, 0, 0, 0, 0, 0, 0,
    0, 0, 0, 0, 0, 0, 0, 0,
    0, 0, 0, 0, 0, 0, 0, 0,
    0, 0, 0, 0, 0, 0, 0, 0,
    0, 0, 0, 0, 0, -16, 0, -18,
    -11, 0, -21, 0, 0, 0, 0, 0,
    0, 0, 0, 0, 0, 0, 0, 0,
    -10, -10, 0, 0, 0, 0, 0, 0,
    0, -11, 0, 0, 0, 0, 0, 0,
    0, 0, 0, 0, 0, 0, 0, 0,
    0, 0, 0, 0, 0, 0, -10, 0,
    0, 0, 0, 0, 0, 0, 0, 0,
    0, 0, 0, 0, 0, 0, 0, 0,
    0, 0, 0, 0, 0, 0, 0, 0,
    0, 0, 0, 3, 0, 0, 0, 0,
    0, 0, 0, 0, 0, 0, 0, 0,
    0, 0, -2, 0, 0, 5, 3, 0,
    0, 0, 0, 0, 0, 0, 0, 0,
    0, 0, 0, 0, 0, 0, 0, 0,
    0, 0, 0, 0, 0, 0, 0, 0,
    0, 0, -2, 0, 0, 0, -2, 0,
    0, 0, 0, 0, 0, 0, 0, 0,
    0, 0, 0, 0, 0, 0, 0, 0,
    0, 0, 0, 0, 0, 0, 0, 0,
    0, 0, 0, 0, -26, 0, -3, -28,
    0, 0, 0, 0, 0, 0, 0, 0,
    0, 0, 0, 0, 0, 0, 0, 0,
    0, 0, 0, 0, 0, 0, 0, 0,
    0, 0, 0, 0, 0, 0, 0, 0,
    0, 0, 0, 0, 0, 0, 0, 0,
    4, 0, 0, 0, 0, 0, 0, 0,
    0, 0, 0, 0, 0, 0, 0, 0,
    0, 0, 0, 0, 0, 0, 0, 0,
    0, 0, 0, 0, 0, 0, 0, 0,
    0, 0, 0, 0, 0, 0, -10, 0,
    0, -13, 0, -22, 0, -13, -10, -12,
    -20, 0, 0, 0, 0, 0, 0, 0,
    0, 0, 0, 0, 0, 0, -1, 0,
    -6, 0, 0, 0, 0, 0, 0, 0,
    0, 0, 0, 0, 0, 0, 0, 0,
    0, 0, 0, 0, 0, 0, 0, 0,
    0, 0, 0, 0, -1, 0, 0, 0,
    0, 0, 0, 0, 0, 0, 0, 0,
    0, 0, 0, 0, 0, 0, 0, 0,
    0, 0, 0, 0, 0, 0, 0, 0,
    0, 0, -13, 0, 0, -10, 0, 0,
    0, 0, -16, 0, 0, 0, 0, 0,
    0, 0, 0, 0, 0, 0, 0, 0,
    0, 0, 0, 0, 0, 0, 0, 0,
    0, 0, 0, 0, 0, 0, 0, 0,
    0, 0, 0, 0, 0, 0, 0, 0,
    0, 0, 0, 0, 0, 0, 0, 0,
    0, 0, 0, 0, 0, 0, 0, 0,
    0, 0, 0, 0, 0, 0, 0, 0,
    0, 0, 0, 0, 0, 0, 0, 0,
    0, 0, -9, 0, 0, -18, 0, 0,
    0, 1, 1, 0, 0, 0, 0, 0,
    0, 0, 0, 0, 0, 0, 0, 0,
    0, 0, 0, 0, 0, 0, 0, 0,
    0, 0, 0, 0, 0, 0, 0, 0,
    0, 0, 0, 0, 0, 0, 0, 0,
    0, 0, 0, 0, 0, 0, 0, 0,
    0, 0, 0, 0, 0, 0, 0, 0,
    0, 0, 0, 0, 0, 0, 0, 0,
    0, 0, 0, 0, 0, 0, 0, 0,
    0, 0, 0, 0, -2, 0, 0, 0,
    0, 0, 0, -7, 0, -11, -10, 0,
    0, 0, 0, 0, 0, 0, 0, 0,
    0, 0, 5, 0, 0, 0, 0, 0,
    0, 0, 0, 0, 0, 0, 0, 0,
    0, 0, 0, 0, 0, 0, 0, 0,
    0, 0, 0, 0, 0, 0, 0, 0,
    0, 0, 0, 0, 0, 0, 0, 0,
    0, 0, 0, 0, 0, 0, 0, 0,
    0, 0, 0, 0, 0, 0, 0, 0,
    0, 0, 0, 0, 0, 0, 0, 0,
    0, 0, 0, 0, 0, 0, 0, 0,
    0, 0, 0, 0, 0, 0, 0, 0,
    0, 0, 0, 0, 4, 0, 2, 0,
    0, 0, 0, 0, 0, 0, 0, 0,
    0, 0, 0, 0, 0, 0, 0, 0,
    0, 0, 10, 0, 0, 0, 0, 0,
    0, 19, 0, 0, 2, 0, 0, 0,
    0, 0, 0, 0, 0, 0, 0, 0,
    0, 0, 0, 0, 0, 0, 0, 0,
    0, 0, 0, 0, 0, 0, 0, 0,
    0, 0, 0, 0, 0, 0, 0, 0,
    0, -6, 0, 0, 0, 0, 0, 0,
    0, 0, 0, 0, 0, 0, 0, 0,
    0, 0, 0, 0, 0, 0, 0, 0,
    0, 0, 0, 0, 0, 0, 0, 0,
    0, 0, 0, 0, 0, 0, 0, 0,
    0, 0, 0, 0, 0, 0, 0, 0,
    0, 0, 0, 0, 0, 0, 0, 0,
    0, 0, 0, 0, 0, 0, 0, 0,
    0, 0, 0, 0, 0, 0, 0, 0,
    0, 0, 0, 0, 0, 0, 0, 0,
    0, 0, 0, 0, 0, 0, 0, 0,
    0, 0, 0, 0, 0, 0, 0, 0,
    -2, 0, 0, 0, 0, 0, 0, 0,
    0, 0, 0, 0, 0, 0, 0, 0,
    0, 0, 0, 0, 0, 0, 0, 0,
    0, 0, 0, 0, 0, 0, 0, 0,
    0, 0, 0, 0, 0, 0, 0, 0,
    0, 0, 0, 0, 0, 0, 0, 0,
    0, 0, 0, 0, 0, 0, 0, 0,
    0, 0, 0, 0, 0, 0, 0, 0,
    0, 0, 0, 0, 0, 0, 0, 0,
    0, 0, 0, 0, 0, 0, 0, 0,
    0, 0, -1, 0, 0, 0, 0, 0,
    0, 0, 0, 0, 0, 0, 0, 0,
    0, 0, 0, 0, 0, 0, 0, 0,
    0, 0, 0, 0, 0, 0, 0, 0,
    0, 0, 0, 0, 0, 0, 0, 0,
    0, 0, 0, 0, 0, 0, 0, 0,
    0, 0, 0, 0, 0, 0, 0, 0,
    0, 0, 0, 0, 0, 0, -31, 0,
    0, -28, 0, 0, 0, 0, 0, 0,
    0, 0, 0, 0, 0, -13, -15, 0,
    0, 0, -15, -13, 0, 0, 0, 0,
    0, 0, 0, 0, 0, 0, 0, 0,
    0, 0, 0, 0, 0, 0, 0, 0,
    0, 0, 0, 0, -13, -13, -15, 0,
    0, 26, -15, 0, 0, 0, 0, 0,
    0, 0, 0, 0, 0, 0, 0, 0,
    0, 0, 0, 0, 0, 0, 0, 0,
    0, 0, 0, 0, 0, 0, 0, 0,
    0, 0, 0, 0, 0, -10, 0, -18,
    0, 0, 0, 0, 0, 0, 0, 0,
    0, 0, 0, 0, 0, 0, 0, 0,
    0, 0, 0, 0, 0, 0, 0, 0,
    0, 0, 0, 0, 0, 0, 0, 0,
    0, 0, 0, 0, 0, 0, 0, 0,
    0, 0, 0, 0, 0, 0, 0, 0,
    0, 0, 0, 0, 0, 0, 0, 0,
    0, 0, 0, 0, 0, 0, 0, 0,
    0, 0, 0, 0, 0, 0, 0, 0,
    0, 0, -15, 0, 0, 0, 0, -13,
    0, -20, -18, -15, -28, 0, 0, 0,
    0, 0, 0, 0, 0, 0, 0, 0,
    0, 0, -11, 0, -10, 0, 0, 0,
    0, 0, 0, 0, 0, 0, 0, 0,
    0, 0, 0, 0, 0, 0, 0, 0,
    0, 0, 0, 0, 0, 0, 0, 0,
    -11, 0, 0, 0, 0, 0, 0, 0,
    0, 0, 0, 0, 0, 0, 0, 0,
    0, 0, 0, 0, 0, 0, 0, 0,
    0, 0, 0, 0, -7, 0, 0, 0,
    0, -23, 0, -21, -21, -16, -26, -18,
    0, 0, 0, 0, 0, 0, 0, 0,
    0, 0, 0, 0, 0, 0, 0, 0,
    0, 0, 0, 0, 0, 0, 0, 0,
    0, 0, 0, 0, 0, 0, 0, 0,
    0, 0, 0, 0, 0, 0, 0, 0,
    0, 0, 0, 0, 0, 0, 0, 0,
    0, 0, 0, 0, 0, 0, 0, 0,
    0, 0, 0, 0, 0, 0, 0, 0,
    0, 0, 0, 0, 0, 0, -18, 0,
    0, 0, 0, 0, 0, 0, 0, 0,
    0, 0, 0, 0, 0, 0, 0, 0,
    0, 0, 0, 0, 0, 0, 0, 0,
    0, 0, 0, 0, 0, 0, 0, 0,
    0, 0, 0, 0, 0, 0, 0, 0,
    0, 0, 0, 0, 0, 0, 0, 0,
    0, 0, 0, 0, 0, 0, 0, 0,
    0, 0, 0, 0, 0, 0, 0, 0,
    0, 0, 0, 0, 0, 0, 0, 0,
    0, 0, 0, 0, 0, 0, 0, 0,
    -11, 0, 0, 0, 0, -10, 0, -11,
    -5, -14, -12, 0, 0, 0, 0, 0,
    0, 0, 0, 0, 0, 0, 0, 0,
    0, 0, 0, 0, 0, 0, 0, 0,
    0, 0, 0, 0, 0, 0, 0, 0,
    0, 0, 0, 0, 0, 0, 0, 0,
    0, 0, 0, 0, 0, 0, 0, 0,
    0, 0, 0, 0, 0, 0, -23, -3,
    0, 0, -26, -10, 0, -10, 0, 4,
    -2, -16, 0, 0, 0, 0, -7, -15,
    -18, -11, 4, 0, -11, 0, -3, -26,
    -7, -24, -20, 0, -24, 0, -24, -26,
    0, 0, -5, -2, 1, 0, 0, -2,
    -8, 0, -20, -20, 0, 0, 0, -10,
    -5, 0, -11, -21, -10, -10, -20, -26,
    0, -15, -10, -10, 0, 0, 0, -10,
    0, 0, -5, 1, 1, 0, -5, 0,
    -20, -38, -29, 0, 0, -21, -10, 0,
    0, 0, 0, 0, 0, 0, 0, 0,
    0, 0, 0, 0, 0, 0, 0, 0,
    0, 0, 0, 0, 0, 0, 0, 0,
    0, -15, 0, 0, 0, 0, 0, 0,
    0, 0, 0, 0, 0, 0, 0, 0,
    0, 0, 0, 0, 0, 0, 0, 0,
    0, 0, 0, 0, 0, 0, 0, 0,
    0, 0, 0, 0, 0, 0, 0, 0,
    0, 0, 0, 0, 0, 0, 0, 10,
    0, 0, 0, -16, 0, 0, 0, 0,
    0, 0, 0, 0, 0, 0, 0, 0,
    0, 0, 0, 0, 0, 0, 0, 0,
    0, 0, 0, 0, 0, 0, -7, 0,
    0, 0, 0, 0, 0, 0, 0, -3,
    0, 0, 0, 0, -11, 0, 0, 0,
    0, 0, 0, 0, 0, 0, 1, 0,
    0, 0, 0, 0, 0, 0, 0, 0,
    0, 0, 0, 0, 0, 0, 0, 0,
    0, 0, 0, 0, 0, 0, 0, 0,
    0, 10, 0, 0, 1, 0, 0, 0,
    0, 0, 0, 0, 0, 0, 0, 0,
    0, 0, -13, 0, -13, -11, 0, 0,
    0, 0, 0, 0, 0, 0, 0, 0,
    -11, 0, 0, 0, 0, -10, 0, -11,
    -5, -14, -12, 0, -11, 0, -11, 0,
    0, 0, 0, 0, 0, 0, 0, 0,
    0, 0, 0, 0, 0, 0, 0, 0,
    0, 0, 0, 0, -2, 0, 0, 0,
    0, 0, 0, 0, 0, 0, 0, 0,
    0, 0, 0, 0, 0, 0, 0, -10,
    0, -11, 0, 0, 0, -13, 0, 0,
    0, 0, 0, 0, 0, 0, 0, 0,
    0, 0, 0, 0, 0, 0, 0, 0,
    0, 0, 0, 0, 0, 0, 0, 0,
    0, 0, 0, 0, 0, 0, 0, 0,
    0, 0, 0, 0, 0, 0, 0, 0,
    0, 0, 0, 0, 0, 0, 0, 0,
    0, 0, 0, 0, 0, 0, 0, 0,
    0, 0, 0, 0, 0, 0, 0, 0,
    0, 0, 0, 0, 0, 21, 0, 0,
    0, 0, 0, 0, 0, 0, 0, 0,
    0, 0, 0, 0, 0, 0, -11, 0,
    -10, -2, 0, 0, 0, 0, 0, 0,
    0, 0, 0, 0, -26, 0, 0, -20,
    0, 0, 0, 0, 0, 0, 0, 0,
    0, 0, -10, -5, -8, 0, 0, 0,
    -6, 0, 0, -10, -10, 0, 0, -10,
    0, 0, -8, 0, 0, 0, 0, 0,
    0, 0, -10, 0, 0, 0, 0, 0,
    0, 0, -5, -5, -8, 0, 0, 0,
    -8, -10, -10, 0, 0, -34, 0, 0,
    0, -24, 0, 0, 0, 0, 0, 0,
    0, 0, 0, 0, 0, 0, 0, 0,
    0, 0, 0, 0, 0, 0, -8, 0,
    0, 0, 0, -9, 0, -6, 0, -3,
    -8, 0, -6, 0, 0, 0, 0, 0,
    0, 0, 0, 0, 0, 0, 0, 0,
    0, 0, 0, 0, 0, 0, 0, 0,
    0, 0, 0, 0, 0, 0, 0, 0,
    0, 0, 0, 0, 0, 0, 0, 0,
    0, 10, 0, 0, 0, 0, 0, 0,
    0, 0, 0, 0, 0, 0, 0, 3,
    0, 0, 0, 0, 0, 0, 0, 0,
    0, 0, 0, 0, 0, 0, 0, 0,
    0, 0, 0, 0, 0, 0, 0, 0,
    0, 0, 0, 0, 0, 0, 3, 0,
    0, 0, 0, 0, 0, 0, 4, 0,
    2, 0, 0, 0, 0, 0, 0, 0,
    0, 0, 0, 0, 0, 0, 0, 0,
    0, 0, 0, 0, 10, 0, 0, 0,
    0, 0, 0, 19, 0, 0, 2, 0,
    0, 0, 0, 0, 0, 0, 0, 0,
    0, 0, 0, 0, -10, 0, -10, -16,
    0, 0, 0, 0, 0, 0, 0, 0,
    0, 0, -7, 0, 0, 0, 0, 0,
    0, 0, 0, 0, 0, 0, 0, 0,
    -15, 0, 0, 0, 0, 0, 0, 0,
    0, 0, 0, 0, 0, 0, 0, 0,
    0, 0, 0, 0, 0, 0, 0, 0,
    0, 0, 0, 0, 0, 0, 0, 0,
    0, 0, 0, 0, 0, 0, 0, 0,
    0, 0, 0, -23, 0, 0, 0, -10,
    0, -4, 0, 0, 0, -25, 0, -25,
    0, 0, 0, 0, 0, 0, 0, 0,
    -20, -10, 0, -12, 0, 0, -12, 0,
    -4, 0, 0, 0, 0, 0, 0, 0,
    0, 0, 0, 0, -11, 0, 2, 0,
    0, 0, 0, -10, -11, -18, 0, 0,
    0, -25, -11, 0, -12, 0, -15, -15,
    -4, 0, -10, 0, -13, 0, 0, 0,
    0, -10, 0, 0, -11, 2, 2, 24,
    -11, -10, -11, 0, 0, 0, 0, 0,
    -10, 0, -26, 0, 0, 0, -11, -21,
    0, -15, 0, 0, 0, -13, 0, 0,
    0, 0, 0, 0, -3, -8, 0, 0,
    -8, 0, 0, -27, 0, -21, -7, 0,
    -24, 0, -21, -38, 0, 0, 0, 0,
    0, 0, 0, 0, -6, 0, -20, 0,
    0, 0, 0, -11, 0, 0, -8, -28,
    -18, -38, -23, -13, 0, -24, -18, 0,
    0, 0, 0, -10, 0, 0, 0, 0,
    0, 0, 0, 0, -20, -24, -21, 0,
    -13, -28, -10, 0, 0, 0, -10, 0,
    0, -8, -11, -8, -10, 0, 0, 0,
    0, 0, 0, 0, 0, 0, 0, 0,
    -23, 0, 0, -28, 0, -1, 0, 0,
    0, 0, 0, 0, 0, 0, 0, -3,
    -3, 0, 0, 0, 0, 0, 0, 0,
    0, 0, 0, 0, 0, -8, -3, 0,
    0, 0, 0, -8, 0, 0, 0, 0,
    -8, 0, 0, 0, 0, 0, -3, -3,
    -3, 0, 0, 0, -3, 0, 0, 0,
    0, -41, 0, 0, 0, -28, 0, 0,
    0, 0, 0, 0, 0, 0, 0, 0,
    0, 0, 0, 0, 0, 0, 0, 0,
    0, 0, 0, 0, 0, 0, 0, -1,
    0, -5, 0, 0, -8, 0, -5, 0,
    0, -2, -4, 0, 0, 0, 0, 0,
    0, 0, 0, 0, 0, 0, 0, 0,
    -4, 0, 0, 0, 0, 0, 0, 0,
    0, 0, 0, 0, 0, 0, 0, 0,
    -2, -2, -4, 0, 0, 13, -4, 0,
    0, 0, 0, 0, 0, 0, 0, 0,
    0, 0, 0, 0, 0, 0, 0, 0,
    0, 0, 0, 0, 0, 0, 0, 0,
    0, 0, 0, 0, -3, 0, 0, 0,
    0, -3, 0, 0, 0, -4, 0, 0,
    0, 0, 0, 0, 0, 0, 0, 0,
    0, 0, 0, 0, 0, 0, 0, 0,
    0, 0, 0, 0, 0, 0, 0, 0,
    0, 0, 0, 0, 0, 0, 0, 0,
    0, 0, 0, 0, 0, 0, 0, 13,
    0, 0, 0, 0, 0, 0, 0, 0,
    0, 0, 0, -1, -10, 0, 0, -18,
    -10, -18, -10, -15, -10, 0, 0, -20,
    -23, -10, -23, -10, 0, -10, -26, 0,
    -10, -26, -1, 0, 0, 0, 0, 0,
    3, 0, 0, 0, -16, -23, -25, -1,
    0, 0, -18, -23, -26, -23, -20, -20,
    -13, -15, 0, -18, -25, 0, -10, 0,
    -38, -18, 0, 0, -29, 0, -23, -15,
    0, 0, 0, -10, -11, -11, -15, 0,
    0, 26, -15, -18, -10, 0, 0, -34,
    0, 0, -10, -24, 0, 0, -15, 0,
    0, -16, -28, -16, -28, -15, -7, 0,
    0, -10, 0, -18, -21, -18, 0, -10,
    -24, 0, -11, -28, 0, 0, 0, 5,
    0, 0, 0, 0, 5, 0, -23, -17,
    -18, 0, 0, 0, -4, -13, 0, 0,
    0, 0, 0, 0, 0, -16, -18, 0,
    -11, 0, -16, -18, 0, 0, 0, 0,
    -11, 0, -6, 0, 0, -11, -17, -11,
    -18, 0, 0, 24, -13, 0, 0, 0,
    0, -33, 0, 0, -11, -28, 0, -1,
    -15, 0, 0, -13, -28, -13, -28, -6,
    0, 0, 0, -10, 0, -15, -21, -18,
    0, -5, -20, 0, -5, -18, -1, 0,
    0, 1, 6, 0, 0, 0, 1, 0,
    0, -16, -15, 0, 0, 0, -9, -10,
    0, 0, 0, 0, 0, 0, 0, -13,
    -15, 0, -5, 0, -16, -13, 0, 0,
    0, 0, -10, 0, -6, 0, 0, 0,
    -16, -16, -15, 0, 0, 0, -15, 0,
    0, 0, 0, -31, 0, 0, 0, -28,
    0, -4, 0, 0, 0, -12, 0, -12,
    0, 0, -11, 0, -6, -11, 0, 0,
    -16, -15, 0, -14, 0, 0, -14, 0,
    -4, -9, 0, 0, 0, 0, 0, 0,
    0, 0, 0, -16, -8, 0, 0, 0,
    0, 0, 0, 0, 0, 0, 0, 0,
    0, -10, -8, 0, -14, 0, -11, -15,
    -2, 0, 0, 0, -13, 0, 0, 0,
    0, -13, -16, -16, -8, 0, 0, 0,
    -8, 0, 0, 0, 0, 0, 0, 0,
    -13, 0, 0, 0, -18, 0, 0, -20,
    -16, -20, -16, 0, 0, 0, 0, -20,
    0, -18, -29, -28, 0, -12, -24, 0,
    -12, -10, 0, 3, 0, 0, 0, 0,
    0, 0, 0, 0, 0, -28, -29, 0,
    -7, 0, -13, -20, 0, -11, 0, 0,
    0, 0, 0, -20, -29, 0, -12, 0,
    -26, -15, -2, 0, -11, 0, -15, -18,
    0, 0, 0, -13, -20, -14, -29, -7,
    -10, 0, -29, -11, 0, 0, 0, -31,
    0, 0, -11, -28, 0, 0, 0, 0,
    0, -11, 0, -11, 0, 0, 0, 0,
    0, 0, 0, 0, -18, 0, 0, -10,
    0, 0, -10, 0, 0, 0, 0, 0,
    0, 0, 0, 0, 0, 0, 0, 0,
    0, 0, 0, 0, 0, 0, 0, 0,
    0, 0, 0, 0, 0, -11, 0, 0,
    -10, 0, -10, -11, 0, 0, 0, 0,
    -10, 0, 0, 0, 0, 0, 0, 0,
    0, 0, 0, 24, 0, 0, 0, 0,
    0, 0, 0, 0, 0, 0, 0, 0,
    0, 0, 0, 0, 0, 0, 0, 0,
    0, 0, 0, 0, 0, 0, 0, 0,
    0, 0, 4, 0, -11, 0, -3, -11,
    -7, -15, -17, 0, -24, 0, 0, 0,
    0, 0, -5, -2, 1, 0, 0, -2,
    -8, 0, -15, -20, 0, 0, 0, 0,
    0, 0, 0, -21, 0, 0, 0, 0,
    0, 0, 0, 0, 0, 0, 0, 0,
    0, 0, -5, 1, 1, 0, -5, 0,
    -15, 0, 0, 0, 0, 0, 0, 0,
    0, 0, 0, 0, 0, 0, 0, 0,
    0, 0, 0, 0, 0, 0, 0, 0,
    0, 0, 0, 0, 0, 8, -11, 0,
    0, -16, -11, -23, 0, 0, 0, 0,
    0, 0, 0, 0, 0, 0, 5, 28,
    8, 0, 0, 0, -23, 0, 0, 0,
    0, 0, 0, 0, 0, 0, 0, 0,
    0, 0, 0, 0, 0, 0, 0, 0,
    0, 0, 0, 0, 0, 5, 5, 0,
    0, 0, -23, 0, 0, 0, 0, 0,
    0, 0, -6, 0, 0, 0, 0, 0,
    0, 0, 0, 0, 0, -11, 0, 0,
    0, 0, 0, 0, 0, 0, 0, 0,
    0, 0, 0, -22, 0, -15, -15, 0,
    -26, 0, -15, 0, 0, 0, 0, 0,
    0, 0, 0, 0, 0, 0, -5, 0,
    0, 0, 0, 0, 0, 0, 0, 0,
    0, 0, -2, 0, 0, 0, 0, 0,
    0, 0, 0, 0, 0, 0, 0, 0,
    0, 0, 0, 0, -5, -13, -7, 0,
    0, 0, 0, 0, -7, 0, 0, -4,
    0, 0, 0, 0, 0, 0, 0, -10,
    0, 0, 0, 0, 0, 0, 0, 0,
    -9, 0, 0, 0, 0, -25, 0, -18,
    -15, -8, -30, 0, -18, 0, 0, 3,
    0, 0, 0, 0, 0, 0, 0, 0,
    -5, -4, -6, -5, 0, 0, 0, 0,
    0, -10, 0, 0, -3, 0, 0, 0,
    0, 0, 0, 0, 0, 0, 3, 3,
    0, 0, 0, 0, 0, 0, -5, -18,
    -6, 0, 0, -10, 0, 0, 0, 0,
    0, 0, 0, -7, -16, -7, -16, -5,
    0, 0, 0, -18, 0, 0, 0, 0,
    0, 0, -10, 0, 0, -18, 0, 0,
    0, 0, 0, 0, 2, 0, 0, 0,
    -4, -5, -6, -12, 1, 1, 0, -6,
    -11, 0, 0, 6, 0, 0, 0, -7,
    -6, 0, 0, 0, -11, -7, 0, 0,
    0, 0, -7, 0, 0, 0, 0, -6,
    -5, -5, -6, 1, 1, 29, -6, 0,
    0, 0, 0, -26, 0, 0, -6, -16,
    0, 0, 0, 0, 0, 0, 0, 0,
    0, 0, 0, 0, 0, 0, 0, 0,
    0, 0, 0, 0, 0, 0, 0, 0,
    0, -15, 0, 0, 0, 0, 0, 0,
    0, 0, 0, 0, 0, 0, 0, 2,
    0, 0, 0, 0, 0, 0, 0, 0,
    0, 0, 0, 0, 0, 0, 0, 0,
    0, 0, 0, 0, 0, 0, 0, 0,
    0, 0, 0, 0, 0, 0, 0, 0,
    0, 0, 0, 0, 0, 0, 0, 0,
    0, 0, 0, 0, 0, 1, 0, 0,
    0, 0, 0, 0, 0, 0, 0, 0,
    0, 0, 0, 0, 0, 0, 0, 0,
    0, 0, 0, 0, 0, 0, 0, 0,
    0, 0, 0, 0, 0, 0, 0, 0,
    0, 0, 0, 0, 1, 0, 0, 0,
    0, 0, 0, 0, 0, 1, 0, 0,
    0, 0, 0, 0, 0, 0, 0, 0,
    0, 0, 0, 0, 0, 0, 0, 0,
    0, 19, 0, 0, 0, 0, 0, 0,
    0, 0, 0, 0, 0, 0, 0, 0,
    0, -15, 0, -15, 0, 0, 0, 0,
    0, -13, 0, 0, -24, 0, 0, 0,
    0, 0, 0, 0, 0, -16, 0, 0,
    0, 0, 0, 0, 0, 0, 0, 0,
    -6, 0, 0, 0, 0, 0, 0, 0,
    1, 0, 0, 0, 0, -15, -6, 0,
    0, 0, -15, -20, 0, 0, 0, 0,
    -15, 0, 0, 0, 0, 0, 0, 0,
    -6, 0, 0, 0, -6, 0, 1, 0,
    0, 0, 0, 0, 0, 0, 0, 0,
    0, 0, 0, -10, -18, -10, -18, -9,
    0, 0, 0, 0, 0, 0, -11, 0,
    0, 0, -11, 3, 0, -16, 0, -16,
    0, 0, 0, 0, 0, -10, 0, 0,
    0, -3, -5, 5, 2, 4, 3, 0,
    5, 0, 4, 3, 4, 0, 3, -10,
    -5, 0, 0, 0, 0, -9, 0, 0,
    0, 0, -10, 0, 0, 0, 0, 0,
    -3, -3, -5, 2, 2, 5, -5, 0,
    4, -11, 5, -23, 0, 0, 0, -18,
    -3, 0, 0, 0, 0, 0, 0, 0,
    0, 0, 0, 0, 0, 0, 0, 0,
    0, 0, 0, 0, 0, 0, 0, 0,
    0, -21, 0, -13, -10, 0, -21, 0,
    -13, 0, 0, 0, 0, 0, 0, 0,
    0, 0, 1, 0, -1, 0, 0, 0,
    0, 0, 0, 0, 0, 0, 0, 0,
    -2, 0, 0, 0, 0, 0, 0, 0,
    0, 0, 0, 0, 0, 0, 0, 0,
    0, 0, -1, -15, 0, -2, 0, 0,
    0, 0, 0, 0, 0, 0, 0, -5,
    0, -5, 0, 0, 0, 0, 0, -3,
    0, 0, -8, 0, 0, 0, 0, 0,
    0, 0, 0, -10, 0, -2, -2, 0,
    -3, 0, -2, 0, 0, 2, -3, -9,
    0, 2, 0, -2, -4, 0, 6, 6,
    0, 0, 0, -5, -3, 0, 0, 0,
    0, -5, 0, 0, 0, 0, -5, 0,
    0, 0, 0, -2, 2, 2, -3, 0,
    0, 0, -3, 0, 6, -11, 3, 0,
    0, 0, -2, 0, 0, 0, 0, 0,
    0, -11, 0, -11, 0, -10, 0, 0,
    0, 0, 0, 0, -11, 0, 0, 0,
    0, 0, 0, 0, 0, -15, 0, 0,
    0, 0, -16, 0, 0, 0, -10, 0,
    0, 0, 0, 0, 0, 0, 0, 0,
    0, 0, 0, 0, 0, -11, 0, 0,
    0, 0, 0, -10, 0, 0, 0, 0,
    -11, 0, 0, 0, 1, 0, 0, 0,
    0, 0, 0, 0, 0, 0, 0, -11,
    4, 0, 0, 0, 0, 0, 0, 0,
    0, 0, 0, -10, -13, -10, -13, -16,
    0, 0, 0, 0, 0, 0, -10, -11,
    0, 0, -20, 1, 0, -18, 0, -10,
    0, 0, 0, 0, -10, 0, 0, 0,
    -23, -3, -5, 4, 0, 0, 0, -1,
    5, 0, 0, 0, 0, 0, 1, -10,
    -5, 0, 0, 0, -11, -10, 0, 0,
    0, 0, -10, 0, 0, 0, 0, 0,
    -3, -3, -5, 0, 0, 4, -5, 0,
    0, 0, 2, -23, 0, 0, 0, -21,
    0, 0, -10, 0, 0, 0, -21, 0,
    -21, 0, 0, 0, 0, 0, 0, 0,
    0, 0, 0, 0, -20, 0, 0, -16,
    0, -15, 0, 0, 0, 0, 0, -10,
    0, 0, 0, -1, -4, 0, 0, 0,
    0, 0, 0, 0, 0, 0, 0, 0,
    0, 0, -4, 0, 0, 0, -10, 0,
    0, 0, 0, 0, 0, 0, 0, 0,
    0, 0, -1, -1, -4, 0, 0, 0,
    -4, 0, 0, 0, 3, -23, 0, 0,
    0, -21, 0, 0, 0, 0, 0, -6,
    0, -6, 0, 0, 0, 0, 0, 0,
    0, 0, 0, -10, 0, 0, 0, 0,
    0, 0, 0, -12, 0, 0, 0, 0,
    0, 0, 0, 0, 0, -1, -7, 5,
    0, 0, 0, 0, 5, 0, 0, 0,
    0, 0, 0, -6, -7, 0, 0, 0,
    -10, -6, 0, 0, 0, 0, -6, 0,
    0, 0, 0, 0, -1, -1, -7, 0,
    0, 0, -7, 0, 0, 0, 0, 0,
    0, 0, 0, 0, 0, 0, 0, 0,
    0, 0, 0, 0, 0, 0, 0, 0,
    0, 0, 0, 0, 0, 0, 0, 0,
    0, 0, 0, 0, 0, -10, 0, 0,
    0, 0, 0, 0, 0, 0, 0, 0,
    -5, 0, 0, 0, 0, 0, 0, 0,
    0, 0, 0, 0, 0, 0, -5, 0,
    0, 0, 0, 0, 0, 0, 0, 0,
    0, 0, 0, 0, 0, 0, 0, 0,
    -5, 0, 0, 0, -5, 0, 0, 0,
    0, 0, 0, 0, 0, 0, 0, 0,
    0, 0, 0, 0, 0, 0, 0, 0,
    0, 0, 0, 0, 0, 0, 0, 0,
    0, 0, -10, 0, 0, -13, 0, -22,
    0, -13, -10, -11, -20, 0, 0, 0,
    0, 0, 0, 0, 0, 0, 0, 0,
    0, 0, -1, 0, -6, 0, 0, 0,
    0, 0, 0, 0, 0, 0, 0, 0,
    0, 0, 0, 0, 0, 0, 0, 0,
    0, 0, 0, 0, 0, 0, 0, 0,
    -1, 0, 0, 0, 0, 0, 0, 0,
    0, 0, 0, 0, 0, 0, 0, 0,
    0, 0, 0, 0, 0, 0, 0, 0,
    0, 0, 0, 0, 0, 0, 0, 0,
    0, -20, 0, -10, 0, 0, -20, 0,
    0, 0, 0, 0, 0, 0, 0, 0,
    0, 0, 0, 0, 0, 0, 0, 0,
    0, 0, 0, 0, 0, 0, 0, 0,
    0, 0, 0, 0, 0, 0, 0, 0,
    0, 0, 0, 0, 0, 0, 0, 0,
    0, 0, 0, 0, 0, 0, 0, 0,
    0, 0, 0, 0, 0, 0, 0, 0,
    0, 0, 0, 0, 0, 0, 0, 0,
    0, 0, 0, 0, 0, 0, -9, 0,
    0, 0, 0, -25, 0, -18, -15, -8,
    -30, 0, 0, 0, 0, 3, 0, 0,
    0, 0, 0, 0, 0, 0, -5, -4,
    -6, -5, 0, 0, 0, 0, 0, -10,
    0, 0, 0, 0, 0, 0, 0, 0,
    0, 0, 0, 0, 3, 3, 0, 0,
    0, 0, 0, 0, -5, 0, 0, 0,
    0, 0, 0, 0, 0, 0, 0, 0,
    0, 0, 0, 0, 0, 0, 0, 0,
    0, 0, 0, 0, 0, 0, 0, 0,
    0, 0, 0, 0, 0, 0, 0, 0,
    0, 0, 0, 0, 0, 0, 0, 0,
    0, 0, 9, 0, 0, 0, 0, 0,
    0, 0, 0, 0, 0, 0, 0, 0,
    0, 0, 0, 0, 0, 0, 0, 0,
    0, 0, 0, 0, 0, 0, 0, 0,
    0, 9, 9, 0, 0, 0, 0, 0,
    0, 0, 0, 0, 0, 0, 0, 0,
    -11, 0, 0, 0, 0, 0, 0, 0,
    0, 0, 0, 0, 0, 0, 0, 0,
    0, 0, -21, 0, 0, -21, 0, 0,
    0, 0, 0, 0, 0, 0, 0, 0,
    0, 0, -10, 0, 0, 0, 0, 0,
    0, 0, 0, 0, 0, 0, 0, 0,
    -10, 0, 0, 0, 0, 0, 0, 0,
    0, 0, 0, 0, 0, 0, 0, 0,
    0, 0, -10, 0, 0, 0, -10, 0,
    0, 0, 0, 0, 0, 0, 0, 0,
    0, 0, 0, 0, 0, 0, 0, 0,
    0, 0, 0, 0, 0, 0, 0, 0,
    0, 0, 0, 0, -10, 0, 0, 0,
    0, -15, 0, 0, 0, 0, -18, 0,
    0, 0, 0, 0, 0, 0, 0, 0,
    0, 0, 0, 0, 0, 0, 0, 0,
    0, 0, 0, 0, 0, 0, 0, 0,
    0, 0, 0, 0, 0, 0, 0, 0,
    0, 0, 0, 0, 0, 0, 0, 0,
    0, 0, 0, 0, 0, 0, 0, 0,
    0, 0, 0, 0, 0, 0, 0, 0,
    0, 0, 0, 0, 0, 0, 0, 0,
    0, 0, 0, 0, 0, 0, 0, 0,
    0, 0, 0, -15, 0, 0, 0, 0,
    0, 0, 0, 0, 0, 0, 0, 0,
    0, 0, 0, 0, 0, 0, 0, 0,
    0, 0, 0, 0, 0, 0, 0, 0,
    0, 0, 0, 0, 0, 0, 0, 0,
    0, 0, 0, 0, 0, 0, 0, 0,
    0, 0, 0, 0, 0, 0, 0, 0,
    0, 0, 0, 0, 0, 0, 0, 0,
    0, 0, 0, 0, 0, 0, 0, 0,
    0, 0, 0, 0, 0, 0, 0, 0,
    -20, 0, -2, -20, 0, 0, 0, 0,
    0, -2, -2, 0, 0, 0, 0, -3,
    -8, 0, 0, 0, 0, -3, 0, 0,
    0, 0, 0, 0, 0, 0, 0, 0,
    0, 0, 0, 0, 0, 0, 0, 0,
    0, 0, 0, 0, 0, 0, -3, -3,
    -8, 0, 0, 0, -8, 0, 0, 0,
    0, 0, 0, 0, 0, 0, 0, 0,
    0, 0, 0, 0, 0, 0, 0, 0,
    0, 0, 0, 0, 0, 0, 0, 0,
    0, 0, 0, 0, 0, 0, 0, -15,
    0, 0, 0, 0, -16, 0, 0, 0,
    0, 0, 0, 0, 0, 0, 0, 0,
    0, 0, 0, 0, 0, 0, 0, 0,
    0, 0, 0, 0, 0, 0, 0, 0,
    0, 0, 0, 0, 0, 0, 1, 0,
    0, 0, 0, 0, 0, 0, 0, 0,
    0, 0, 0, 0, 0, 0, 0, 0,
    0, 0, 0, 0, 0, 0, 0, 0,
    0, 0, 0, 0, 0, 0, 0, 0,
    0, 0, 0, 0, -10, 0, 0, -13,
    0, -23, 0, -11, -10, -13, -15, 0,
    0, 0, 0, 0, 0, 0, 0, 0,
    0, 0, 0, 0, -1, 0, -6, 0,
    0, 0, 0, 0, 0, 0, 0, 0,
    0, 0, 0, 0, 0, 0, 0, 0,
    0, 0, 0, 0, 0, 0, 0, 0,
    0, 0, -1, 0, 0, 0, 0, 0,
    0, 0, 0, 0, 0, 0, 0, 0,
    0, 0, 0, 0, 0, 0, 0, 0,
    0, 0, 0, 0, 0, 0, -10, 0,
    0, 0, 0, -38, 0, -18, -16, -11,
    -26, -10, 0, 0, 0, 0, 0, 0,
    0, 0, 0, 0, 0, 0, -10, -10,
    -10, 0, 0, 0, 0, 0, 0, 0,
    0, 0, 0, 0, 0, 0, 0, 0,
    0, 0, 0, 0, 0, 0, 0, 0,
    0, 0, 0, 0, -10, 0, 0, 0,
    0, 0, 0, 0, 0, 0, 0, 0,
    0, 0, 0, 0, 0, 0, 0, 0,
    0, 0, 0, 0, 0, 0, 0, 0,
    0, 0, 0, 0, 0, -20, 0, -31,
    -26, 0, 0, 0, 0, 0, 0, 0,
    0, 0, 0, 0, 0, 0, 0, 0,
    0, 0, 0, 0, 0, 0, 0, 0,
    0, 0, 0, 0, 0, 0, 0, 0,
    0, 0, 0, 0, 0, 0, 0, 0,
    0, 0, 0, 0, 0, 0, 0, 0,
    0, 0, 0, 0, 0, 0, 0, 0,
    0, 0, 0, 0, 0, 0, 0, 0,
    0, 0, 0, 0, 0, 0, 0, 0,
    0, 0, 0, 0, 0, 0, 0, 0,
    0, 0, 0, 0, 0, 0, 0, 0,
    0, 0, 0, 0, 0, 0, 0, 0,
    0, 0, 0, 0, 0, 0, 0, 0,
    0, 0, 0, 0, 0, 0, 0, 0,
    0, 0, 0, 0, 0, 0, 0, 0,
    0, 0, 0, 0, 0, 10, 0, 0,
    0, 0, 0, 0, 0, 0, 0, 0,
    0, 0, 0, 0, 0, 0, 0, 0,
    0, 0, 0, 0, 0, 0, 0, 0,
    0, 0, 0, 0, -10, 0, 0, 0,
    0, -16, 0, -11, 0, -13, -13, 0,
    0, 0, 0, 0, 0, 0, 0, 0,
    0, 0, 0, 0, 0, 0, 0, 0,
    0, 0, 0, 0, 0, 0, 0, 0,
    0, 0, 0, 0, 0, 0, 0, 0,
    0, 0, 0, 0, 0, 0, 0, 0,
    0, 0, 0, 0, 0, 0, 0, 0,
    0, 0, 0, 0, 0, 0, 0, 0,
    -29, 0, -29, 0, 0, 0, 0, 0,
    0, 0, 0, 0, 0, 0, -11, 0,
    0, -11, 0, -16, 0, -15, 0, 0,
    0, -11, -15, 0, 0, 0, 0, 0,
    0, 0, 0, 0, 0, 0, 0, 0,
    0, 0, 0, 0, 0, 0, 0, 0,
    0, 0, 0, 0, 0, 0, 0, 0,
    0, 0, 0, 0, 0, 0, 0, 0,
    0, 0, 0, 0, 0, -16, 0, -36,
    0, 0, 0, -29, 0, 0, 0, 0,
    0, 0, 0, 0, 0, 0, 0, 0,
    0, 0, 0, 0, 0, 0, 0, 0,
    0, 0, 0, 0, 0, -15, 0, 0,
    0, 0, 0, 0, 0, 0, 0, 0,
    0, 0, 0, 0, 0, 0, 0, 0,
    0, 0, 0, 0, 0, 0, 0, 0,
    0, 0, 0, 0, 0, 0, 0, 0,
    0, 0, 0, 0, 0, 0, 0, 0,
    0, 0, 0, 10, 0, 0, 0, -20,
    0, 0, 0, 0, 0, 0, 0, 0,
    0, 0, 0, 0, 0, 0, 0, 0,
    0, 0, 0, 0, 0, 0, 0, 0,
    0, 0, 0, 0, 0, 0, 0, -23,
    0, 0, 0, 0, 0, 0, 0, 0,
    0, 0, 0, 0, 0, 0, 0, 0,
    0, 0, 0, 0, 0, 0, 0, 0,
    0, 0, 0, 0, 0, 0, 0, 0,
    0, 0, 0, 0, 0, 0, 0, 0,
    0, 0, 0, 0, 0, 0, 0, 0,
    0, 0, 0, 0, 0, 0, 0, 0,
    0, 0, 0, 1, 0, 0, 0, 0,
    0, 0, 0, 0, 0, 0, 0, 0,
    0, 0, 0, 0, 0, 0, 0, 0,
    0, 0, 0, 0, 0, 0, 0, 0,
    0, 0, 0, 0, 0, 0, 0, 0,
    0, 0, 1, 0, 0, 0, 0, 0,
    0, 0, 0, 1, 0, 0, 0, 0,
    0, 0, 0, 0, 0, 0, 0, 0,
    0, 0, 0, 0, 0, 0, 0, 11,
    0, 0, 0, 0, 0, 0, 0, 0,
    0, 0, 0, 0, 0, 0, 0, 0,
    0, 0, 0, 0, 0, 13, 0, 0,
    26, 0, 0, 0, 0, 0, 0, 19,
    0, 0, 0, 26, 0, 24, 0, 0,
    0, 26, 24, 0, 0, 0, 0, 11,
    19, 19, 5, 0, 15, 0, 0, 0,
    0, 0, 19, 0, 0, 0, 0, 0,
    0, 0, 0, 0, 0, 0, 0, 0,
    0, 10, 0, 0, 0, 0, 0, 10,
    19, 48, 0, 0, 0, 0, 0, 0,
    0, 0, 0, 0, -6, 0, 0, 0,
    0, 0, 0, 0, 0, 0, 0, -11,
    0, 0, 0, 0, 0, 0, 0, 0,
    0, 0, 0, 0, 0, -15, 0, -15,
    -15, 0, -26, 0, -15, 0, 0, 0,
    0, 0, 0, 0, 0, 0, 0, 0,
    -5, 0, 0, 0, 0, 0, 0, 0,
    0, 0, 0, 0, -2, 0, 0, 0,
    0, 0, 0, 0, 0, 0, 0, 0,
    0, 0, 0, 0, 0, 0, -5, -13,
    -7, 0, 0, 0, 0, 0, -7, 0,
    0, -4, 0, 0, 0, 0, 0, 0,
    0, -10, 0, 0, 0, 0, 0, 0,
    0, 0, -9, 0, 0, 0, 0, -15,
    0, -18, -15, -8, -30, 0, -18, 0,
    0, 3, 0, 0, 0, 0, 0, 0,
    0, 0, -5, -4, -6, -5, 0, 0,
    0, 0, 0, -10, 0, 0, -3, 0,
    0, 0, 0, 0, 0, 0, 0, 0,
    3, 3, 0, 0, 0, 0, 0, 0,
    -5, -18, -6, 0, 0, -10, 0, 0,
    0, 0, 0, 0, 0, 0, 0, 0,
    0, 0, 0, 0, 0, 0, 0, 0,
    0, 0, 0, 0, -28, 0, 0, -42,
    0, 0, 0, 0, 0, 0, 0, 0,
    0, 0, 0, 0, -12, 0, 0, 0,
    0, -6, 0, 0, 0, 0, 0, 0,
    0, 0, 0, 0, 0, 0, 0, 0,
    0, 0, 0, 0, 0, 0, 0, 0,
    0, 0, 0, 0, -12, 0, 0, 0,
    -12, 0, 0, 0, 0, 0, 0, 0,
    0, 0, 0, 0, 0, 0, 0, 0,
    0, 0, 0, 0, 0, 0, 0, 0,
    0, 0, 0, 0, 0, 0, -39, 0,
    -16, -36, 0, 0, 0, 0, 0, 0,
    0, 0, 0, 0, 0, -16, -18, 0,
    0, 0, -8, -21, 3, -11, 3, 0,
    0, 0, 0, 0, 0, 0, 0, 0,
    0, 0, 0, 0, 0, 0, 0, 0,
    0, 0, 0, 0, -16, -16, -18, 0,
    0, 0, -18, -11, 3, 0, 0, 0,
    0, 0, 0, 0, 0, 0, 0, 0,
    0, 0, 0, 0, 0, 0, 0, 0,
    0, 0, 0, 0, 0, 0, 0, 0,
    0, 0, 0, 0, 0, -28, 0, -26,
    -18, 0, -31, 0, 0, 0, 0, -10,
    0, 0, 0, 0, 0, 0, 0, 0,
    -15, 0, 0, 0, 0, 0, 0, 0,
    0, 0, 0, 0, 0, 0, 0, 0,
    0, 0, 0, 0, 0, 0, -10, -10,
    0, 0, 0, 0, 0, 0, -15, 0,
    0, 0, 0, 0, 0, 0, 0, 0,
    0, 0, 0, 0, 0, 0, 0, 0,
    0, 0, 0, 0, 0, 0, 0, 0,
    0, 0, -21, 0, 0, -21, 0, 0,
    0, 0, 0, 0, 0, 0, 0, 0,
    0, 0, -10, 0, 0, 0, 0, 0,
    0, 0, 0, 0, 0, 0, 0, 0,
    0, 0, 0, 0, 0, 0, 0, 0,
    0, 0, 0, 0, 0, 0, 0, 0,
    0, 0, -10, 0, 0, 0, -10, 0,
    0, 0, 0, 0, 0, 0, 0, 0,
    0, 0, 0, 0, 0, 0, 0, 0,
    0, 0, 0, 0, 0, 0, 0, 0,
    0, 0, 0, 0, -10, 0, 0, 0,
    0, -10, 0, -11, 0, -13, -13, 0,
    0, 0, 0, 0, 0, 0, 0, 0,
    0, 0, 0, 0, 0, 0, 0, 0,
    0, 0, 0, 0, 0, 0, 0, 0,
    0, 0, 0, 0, 0, 0, 0, 0,
    0, 0, 0, 0, 0, 0, 0, 0,
    0, 0, 0, 0, 0, 0, 0, 0,
    0, 0
};


/*Collect the kern class' data in one place*/
static const lv_font_fmt_txt_kern_classes_t kern_classes =
{
    .class_pair_values   = kern_class_values,
    .left_class_mapping  = kern_left_class_mapping,
    .right_class_mapping = kern_right_class_mapping,
    .left_class_cnt      = 81,
    .right_class_cnt     = 82,
};

/*--------------------
 *  ALL CUSTOM DATA
 *--------------------*/

#if LVGL_VERSION_MAJOR == 8
/*Store all the custom data of the font*/
static  lv_font_fmt_txt_glyph_cache_t cache;
#endif

#if LVGL_VERSION_MAJOR >= 8
static const lv_font_fmt_txt_dsc_t font_dsc = {
#else
static lv_font_fmt_txt_dsc_t font_dsc = {
#endif
    .glyph_bitmap = glyph_bitmap,
    .glyph_dsc = glyph_dsc,
    .cmaps = cmaps,
    .kern_dsc = &kern_classes,
    .kern_scale = 16,
    .cmap_num = 5,
    .bpp = 4,
    .kern_classes = 1,
    .bitmap_format = 0,
#if LVGL_VERSION_MAJOR == 8
    .cache = &cache
#endif
};



/*-----------------
 *  PUBLIC FONT
 *----------------*/

/*Initialize a public general font descriptor*/
#if LVGL_VERSION_MAJOR >= 8
const lv_font_t inter_18 = {
#else
lv_font_t inter_18 = {
#endif
    .get_glyph_dsc = lv_font_get_glyph_dsc_fmt_txt,    /*Function pointer to get glyph's data*/
    .get_glyph_bitmap = lv_font_get_bitmap_fmt_txt,    /*Function pointer to get glyph's bitmap*/
    .line_height = 23,          /*The maximum line height required by the font*/
    .base_line = 5,             /*Baseline measured from the bottom of the line*/
#if !(LVGL_VERSION_MAJOR == 6 && LVGL_VERSION_MINOR == 0)
    .subpx = LV_FONT_SUBPX_NONE,
#endif
#if LV_VERSION_CHECK(7, 4, 0) || LVGL_VERSION_MAJOR >= 8
    .underline_position = -3,
    .underline_thickness = 2,
#endif
    .dsc = &font_dsc,          /*The custom font data. Will be accessed by `get_glyph_bitmap/dsc` */
#if LV_VERSION_CHECK(8, 2, 0) || LVGL_VERSION_MAJOR >= 9
    .fallback = NULL,
#endif
    .user_data = NULL,
};



#endif /*#if INTER_18*/
