/*******************************************************************************
 * Size: 14 px
 * Bpp: 4
 * Opts: --font /tmp/alfred-fonts/inter_14.ttf --size 14 --bpp 4 --format lvgl --no-compress --range 0x20-0x7E,0xA0-0xFF,0x2010-0x2026,0x2190-0x2193 --lv-font-name inter_14 -o apps/companion/firmware/src/ui/fonts/inter_14.c
 ******************************************************************************/

#ifdef LV_LVGL_H_INCLUDE_SIMPLE
#include "lvgl.h"
#else
#include "lvgl.h"
#endif

#ifndef INTER_14
#define INTER_14 1
#endif

#if INTER_14

/*-----------------
 *    BITMAPS
 *----------------*/

/*Store the image of the glyphs*/
static LV_ATTRIBUTE_LARGE_CONST const uint8_t glyph_bitmap[] = {
    /* U+0020 " " */

    /* U+0021 "!" */
    0xab, 0xab, 0xaa, 0xaa, 0xaa, 0xaa, 0x9a, 0x11,
    0x0, 0xaa, 0xbb,

    /* U+0022 "\"" */
    0x8b, 0x3f, 0x18, 0xb2, 0xf0, 0x7a, 0x2f, 0x6,
    0xa1, 0xf0,

    /* U+0023 "#" */
    0x0, 0x1e, 0x0, 0x88, 0x0, 0x4, 0xc0, 0xa,
    0x50, 0x0, 0x69, 0x0, 0xd3, 0x1, 0xff, 0xff,
    0xff, 0xf8, 0x1, 0xc6, 0x13, 0xe1, 0x0, 0xe,
    0x20, 0x4b, 0x0, 0x0, 0xf0, 0x7, 0x90, 0xa,
    0xff, 0xff, 0xff, 0xe0, 0x16, 0xb2, 0x2c, 0x61,
    0x0, 0x78, 0x0, 0xe2, 0x0, 0xa, 0x60, 0x1f,
    0x0, 0x0,

    /* U+0024 "$" */
    0x0, 0x0, 0x60, 0x0, 0x0, 0x0, 0xd, 0x0,
    0x0, 0x0, 0x7d, 0xfe, 0x80, 0x0, 0x7e, 0x6d,
    0x5e, 0xa0, 0xd, 0x60, 0xd0, 0x4c, 0x0, 0xd8,
    0xd, 0x0, 0x0, 0x6, 0xfa, 0xe0, 0x0, 0x0,
    0x4, 0xbf, 0xf9, 0x10, 0x0, 0x0, 0xd5, 0xdc,
    0x0, 0x0, 0xd, 0x2, 0xf2, 0x1f, 0x40, 0xd0,
    0x3f, 0x10, 0xbe, 0x5d, 0x6e, 0xb0, 0x0, 0x9e,
    0xfe, 0x90, 0x0, 0x0, 0xd, 0x0, 0x0, 0x0,
    0x0, 0x60, 0x0, 0x0,

    /* U+0025 "%" */
    0xa, 0xfc, 0x10, 0x0, 0x89, 0x0, 0x4c, 0xa,
    0x70, 0x3, 0xe1, 0x0, 0x6a, 0x7, 0x80, 0xd,
    0x50, 0x0, 0x4c, 0xa, 0x60, 0x7b, 0x0, 0x0,
    0x9, 0xeb, 0x2, 0xe1, 0x0, 0x0, 0x0, 0x0,
    0xb, 0x60, 0x0, 0x0, 0x0, 0x0, 0x5c, 0x2,
    0xce, 0x60, 0x0, 0x1, 0xe2, 0xa, 0x61, 0xf1,
    0x0, 0xa, 0x80, 0xc, 0x30, 0xe2, 0x0, 0x4d,
    0x0, 0xb, 0x61, 0xf1, 0x0, 0xd3, 0x0, 0x3,
    0xde, 0x70,

    /* U+0026 "&" */
    0x0, 0x7e, 0xf8, 0x0, 0x0, 0x4f, 0x43, 0xe5,
    0x0, 0x7, 0xc0, 0xc, 0x70, 0x0, 0x4f, 0x26,
    0xf3, 0x0, 0x0, 0xbe, 0xf6, 0x0, 0x0, 0x1c,
    0xfa, 0x0, 0x0, 0xc, 0xc4, 0xf5, 0xc, 0x23,
    0xf1, 0x6, 0xf5, 0xf1, 0x3f, 0x0, 0xa, 0xfb,
    0x0, 0xda, 0x23, 0xaf, 0xa0, 0x2, 0xbf, 0xfb,
    0x4f, 0x60,

    /* U+0027 "'" */
    0x8b, 0x8b, 0x7a, 0x6a,

    /* U+0028 "(" */
    0x1, 0xf3, 0x7, 0xd0, 0xc, 0x70, 0x1f, 0x30,
    0x4f, 0x0, 0x6d, 0x0, 0x8c, 0x0, 0x7c, 0x0,
    0x5e, 0x0, 0x2f, 0x10, 0xd, 0x60, 0x7, 0xc0,
    0x1, 0xf3,

    /* U+0029 ")" */
    0x2f, 0x20, 0xb, 0x90, 0x5, 0xe0, 0x1, 0xf3,
    0x0, 0xe6, 0x0, 0xb8, 0x0, 0xa9, 0x0, 0xa9,
    0x0, 0xc7, 0x0, 0xf4, 0x5, 0xf0, 0xb, 0x90,
    0x2f, 0x20,

    /* U+002A "*" */
    0x0, 0xf, 0x0, 0x0, 0xb2, 0xd2, 0xb1, 0x5,
    0xdf, 0xd5, 0x0, 0x6d, 0xfd, 0x60, 0xa, 0x2e,
    0x1a, 0x0, 0x0, 0xe0, 0x0,

    /* U+002B "+" */
    0x0, 0xc, 0x20, 0x0, 0x0, 0xf3, 0x0, 0x0,
    0xf, 0x30, 0xa, 0xff, 0xff, 0xfe, 0x12, 0x2f,
    0x52, 0x20, 0x0, 0xf3, 0x0, 0x0, 0xf, 0x30,
    0x0, 0x0, 0x20, 0x0,

    /* U+002C "," */
    0x9, 0xc0, 0xb7, 0xe, 0x30, 0xe0,

    /* U+002D "-" */
    0xf, 0xff, 0xf7, 0x2, 0x22, 0x21,

    /* U+002E "." */
    0xaa, 0xbb,

    /* U+002F "/" */
    0x0, 0x3, 0x50, 0x0, 0xa7, 0x0, 0xe, 0x30,
    0x3, 0xe0, 0x0, 0x7a, 0x0, 0xb, 0x60, 0x0,
    0xf2, 0x0, 0x3e, 0x0, 0x8, 0xa0, 0x0, 0xc6,
    0x0, 0xf, 0x10, 0x4, 0xd0, 0x0, 0x89, 0x0,
    0x0,

    /* U+0030 "0" */
    0x0, 0x5d, 0xfc, 0x30, 0x3, 0xf7, 0x29, 0xf1,
    0xb, 0x90, 0x0, 0xc8, 0xf, 0x40, 0x0, 0x7d,
    0x2f, 0x20, 0x0, 0x4f, 0x2f, 0x10, 0x0, 0x4f,
    0x2f, 0x20, 0x0, 0x4f, 0xf, 0x40, 0x0, 0x7d,
    0xb, 0x90, 0x0, 0xc9, 0x3, 0xf7, 0x39, 0xf2,
    0x0, 0x5d, 0xfc, 0x30,

    /* U+0031 "1" */
    0x0, 0xbf, 0x72, 0xdc, 0xe7, 0x59, 0xd, 0x70,
    0x0, 0xd7, 0x0, 0xd, 0x70, 0x0, 0xd7, 0x0,
    0xd, 0x70, 0x0, 0xd7, 0x0, 0xd, 0x70, 0x0,
    0xd7, 0x0, 0xd, 0x70,

    /* U+0032 "2" */
    0x7, 0xef, 0xb2, 0x7, 0xe5, 0x3a, 0xe0, 0xd7,
    0x0, 0xf, 0x43, 0x10, 0x0, 0xe5, 0x0, 0x0,
    0x5f, 0x10, 0x0, 0x2f, 0x70, 0x0, 0x1d, 0xb0,
    0x0, 0xc, 0xc0, 0x0, 0xa, 0xe1, 0x0, 0x8,
    0xf6, 0x33, 0x31, 0xff, 0xff, 0xff, 0x80,

    /* U+0033 "3" */
    0x0, 0x7e, 0xfc, 0x30, 0x7, 0xe5, 0x39, 0xf1,
    0xc, 0x60, 0x0, 0xe6, 0x0, 0x0, 0x0, 0xe6,
    0x0, 0x0, 0x7, 0xe1, 0x0, 0xa, 0xff, 0x40,
    0x0, 0x1, 0x37, 0xf4, 0x0, 0x0, 0x0, 0x9b,
    0x1c, 0x30, 0x0, 0x9c, 0xb, 0xd5, 0x37, 0xf5,
    0x1, 0x9e, 0xfd, 0x60,

    /* U+0034 "4" */
    0x0, 0x0, 0x1e, 0xd0, 0x0, 0x0, 0x8, 0xfd,
    0x0, 0x0, 0x1, 0xf7, 0xd0, 0x0, 0x0, 0xa9,
    0x6d, 0x0, 0x0, 0x3f, 0x16, 0xd0, 0x0, 0xb,
    0x80, 0x6d, 0x0, 0x4, 0xe0, 0x6, 0xd0, 0x0,
    0xd7, 0x0, 0x6d, 0x0, 0x2f, 0xff, 0xff, 0xff,
    0x30, 0x33, 0x33, 0x8e, 0x30, 0x0, 0x0, 0x6,
    0xd0, 0x0,

    /* U+0035 "5" */
    0x6, 0xff, 0xff, 0xf0, 0x8, 0xb2, 0x22, 0x20,
    0xa, 0x90, 0x0, 0x0, 0xb, 0x70, 0x0, 0x0,
    0xd, 0xbe, 0xfb, 0x20, 0x9, 0x83, 0x4c, 0xd0,
    0x0, 0x0, 0x1, 0xf5, 0x0, 0x0, 0x0, 0xd7,
    0xc, 0x30, 0x0, 0xf5, 0xb, 0xd4, 0x4b, 0xd0,
    0x1, 0xaf, 0xfb, 0x10,

    /* U+0036 "6" */
    0x0, 0x3c, 0xfd, 0x50, 0x2, 0xf8, 0x37, 0xf4,
    0xa, 0xa0, 0x0, 0x99, 0xe, 0x40, 0x0, 0x0,
    0x1f, 0x3b, 0xfd, 0x50, 0x2f, 0xe7, 0x38, 0xf4,
    0x2f, 0x80, 0x0, 0xab, 0xf, 0x40, 0x0, 0x6d,
    0xc, 0x70, 0x0, 0xab, 0x5, 0xf7, 0x38, 0xf4,
    0x0, 0x5d, 0xfd, 0x50,

    /* U+0037 "7" */
    0x5f, 0xff, 0xff, 0xf4, 0x13, 0x33, 0x37, 0xf2,
    0x0, 0x0, 0xb, 0xa0, 0x0, 0x0, 0x2f, 0x30,
    0x0, 0x0, 0xab, 0x0, 0x0, 0x1, 0xf4, 0x0,
    0x0, 0x8, 0xd0, 0x0, 0x0, 0x1f, 0x50, 0x0,
    0x0, 0x7e, 0x0, 0x0, 0x0, 0xe6, 0x0, 0x0,
    0x6, 0xe0, 0x0, 0x0,

    /* U+0038 "8" */
    0x0, 0x7e, 0xfc, 0x30, 0x6, 0xf5, 0x39, 0xf1,
    0xb, 0x90, 0x0, 0xe6, 0xb, 0x80, 0x0, 0xe6,
    0x6, 0xe2, 0x6, 0xe1, 0x0, 0xaf, 0xff, 0x50,
    0x9, 0xd5, 0x27, 0xf4, 0x1f, 0x30, 0x0, 0x9b,
    0x2f, 0x30, 0x0, 0x8c, 0xc, 0xd4, 0x36, 0xf6,
    0x1, 0x9e, 0xfd, 0x60,

    /* U+0039 "9" */
    0x0, 0x8e, 0xfb, 0x20, 0x8, 0xf6, 0x3a, 0xe1,
    0xf, 0x60, 0x0, 0xd7, 0x2f, 0x20, 0x0, 0x9b,
    0x1f, 0x40, 0x0, 0xbd, 0xb, 0xd2, 0x7, 0xfd,
    0x1, 0xbf, 0xfc, 0x7c, 0x0, 0x1, 0x10, 0x99,
    0xd, 0x40, 0x0, 0xe4, 0x9, 0xe4, 0x3b, 0xc0,
    0x0, 0x9e, 0xfa, 0x10,

    /* U+003A ":" */
    0xaa, 0xbb, 0x0, 0x0, 0x0, 0x0, 0xaa, 0xbb,

    /* U+003B ";" */
    0x8, 0xe0, 0x7, 0xc0, 0x0, 0x0, 0x0, 0x0,
    0x0, 0x0, 0x0, 0x0, 0x9, 0xc0, 0xb, 0x70,
    0xe, 0x30, 0xe, 0x0,

    /* U+003C "<" */
    0x0, 0x0, 0x5, 0x70, 0x0, 0x4d, 0xf6, 0x3,
    0xcf, 0x81, 0xa, 0xf7, 0x0, 0x0, 0x7f, 0xb3,
    0x0, 0x0, 0x18, 0xfb, 0x40, 0x0, 0x1, 0x9f,
    0x80, 0x0, 0x0, 0x15,

    /* U+003D "=" */
    0x7f, 0xff, 0xff, 0xb1, 0x33, 0x33, 0x32, 0x0,
    0x0, 0x0, 0x7, 0xff, 0xff, 0xfb, 0x12, 0x22,
    0x22, 0x20,

    /* U+003E ">" */
    0x57, 0x0, 0x0, 0x0, 0x3d, 0xe7, 0x0, 0x0,
    0x0, 0x6d, 0xe6, 0x0, 0x0, 0x0, 0x5d, 0xd0,
    0x0, 0x1, 0x9f, 0xa0, 0x2, 0x9f, 0xa2, 0x0,
    0x4f, 0xb3, 0x0, 0x0, 0x33, 0x0, 0x0, 0x0,

    /* U+003F "?" */
    0x4, 0xdf, 0xd5, 0x1, 0xf8, 0x27, 0xf2, 0x5c,
    0x0, 0xd, 0x60, 0x0, 0x0, 0xe6, 0x0, 0x1,
    0xbe, 0x10, 0x0, 0xdd, 0x20, 0x0, 0x4f, 0x10,
    0x0, 0x3, 0x90, 0x0, 0x0, 0x0, 0x0, 0x0,
    0x6, 0xd0, 0x0, 0x0, 0x7e, 0x10, 0x0,

    /* U+0040 "@" */
    0x0, 0x1, 0x7c, 0xee, 0xb6, 0x0, 0x0, 0x3,
    0xea, 0x41, 0x25, 0xcc, 0x10, 0x1, 0xf5, 0x0,
    0x0, 0x0, 0x9b, 0x0, 0x9a, 0x1, 0xae, 0xbb,
    0x70, 0xe4, 0xe, 0x30, 0xb9, 0x25, 0xf7, 0x8,
    0x81, 0xf0, 0x1f, 0x0, 0xa, 0x70, 0x6a, 0x2f,
    0x3, 0xd0, 0x0, 0x97, 0x6, 0xa1, 0xf0, 0x1f,
    0x0, 0xb, 0x70, 0x88, 0xf, 0x30, 0xc7, 0x3,
    0xfa, 0xc, 0x40, 0xa9, 0x2, 0xcf, 0xc4, 0xdf,
    0xa0, 0x2, 0xf4, 0x0, 0x0, 0x0, 0x0, 0x0,
    0x5, 0xf9, 0x31, 0x3, 0x60, 0x0, 0x0, 0x2,
    0x9d, 0xff, 0xd9, 0x0, 0x0,

    /* U+0041 "A" */
    0x0, 0x2, 0xfb, 0x0, 0x0, 0x0, 0x7, 0xdf,
    0x10, 0x0, 0x0, 0xc, 0x6d, 0x60, 0x0, 0x0,
    0x2f, 0x28, 0xc0, 0x0, 0x0, 0x7d, 0x3, 0xf1,
    0x0, 0x0, 0xc8, 0x0, 0xe6, 0x0, 0x2, 0xf2,
    0x0, 0x8c, 0x0, 0x7, 0xff, 0xff, 0xff, 0x10,
    0xc, 0x92, 0x22, 0x2e, 0x70, 0x2f, 0x30, 0x0,
    0x9, 0xc0, 0x7e, 0x0, 0x0, 0x3, 0xf2,

    /* U+0042 "B" */
    0xcf, 0xff, 0xf9, 0x0, 0xc9, 0x33, 0x4d, 0x90,
    0xc8, 0x0, 0x5, 0xe0, 0xc8, 0x0, 0x5, 0xe0,
    0xc8, 0x0, 0x2d, 0x80, 0xcf, 0xff, 0xfc, 0x10,
    0xc9, 0x22, 0x3b, 0xd0, 0xc8, 0x0, 0x0, 0xf4,
    0xc8, 0x0, 0x0, 0xf5, 0xc9, 0x33, 0x3a, 0xf1,
    0xcf, 0xff, 0xfc, 0x30,

    /* U+0043 "C" */
    0x0, 0x19, 0xef, 0xd6, 0x0, 0x0, 0xdd, 0x64,
    0x7f, 0x90, 0x8, 0xd1, 0x0, 0x4, 0xf2, 0xe,
    0x60, 0x0, 0x0, 0x73, 0x1f, 0x20, 0x0, 0x0,
    0x0, 0x2f, 0x10, 0x0, 0x0, 0x0, 0x1f, 0x20,
    0x0, 0x0, 0x0, 0xe, 0x60, 0x0, 0x0, 0x73,
    0x8, 0xe1, 0x0, 0x4, 0xf2, 0x0, 0xdd, 0x64,
    0x7f, 0x90, 0x0, 0x19, 0xef, 0xd6, 0x0,

    /* U+0044 "D" */
    0xcf, 0xff, 0xe9, 0x10, 0xc, 0xa3, 0x35, 0xce,
    0x10, 0xc8, 0x0, 0x0, 0xca, 0xc, 0x80, 0x0,
    0x4, 0xf0, 0xc8, 0x0, 0x0, 0xf, 0x3c, 0x80,
    0x0, 0x0, 0xf4, 0xc8, 0x0, 0x0, 0x1f, 0x3c,
    0x80, 0x0, 0x4, 0xf0, 0xc8, 0x0, 0x0, 0xca,
    0xc, 0xa3, 0x35, 0xce, 0x10, 0xcf, 0xff, 0xe9,
    0x10, 0x0,

    /* U+0045 "E" */
    0xcf, 0xff, 0xff, 0x7c, 0x93, 0x33, 0x31, 0xc8,
    0x0, 0x0, 0xc, 0x80, 0x0, 0x0, 0xc8, 0x0,
    0x0, 0xc, 0xff, 0xff, 0xf1, 0xc9, 0x33, 0x33,
    0xc, 0x80, 0x0, 0x0, 0xc8, 0x0, 0x0, 0xc,
    0x93, 0x33, 0x31, 0xcf, 0xff, 0xff, 0x80,

    /* U+0046 "F" */
    0xcf, 0xff, 0xff, 0x6c, 0x93, 0x33, 0x31, 0xc8,
    0x0, 0x0, 0xc, 0x80, 0x0, 0x0, 0xc8, 0x0,
    0x0, 0xc, 0xff, 0xff, 0xe0, 0xc9, 0x33, 0x32,
    0xc, 0x80, 0x0, 0x0, 0xc8, 0x0, 0x0, 0xc,
    0x80, 0x0, 0x0, 0xc8, 0x0, 0x0, 0x0,

    /* U+0047 "G" */
    0x0, 0x19, 0xef, 0xd5, 0x0, 0x0, 0xdd, 0x54,
    0x8f, 0x70, 0x8, 0xd0, 0x0, 0x6, 0xf1, 0xe,
    0x60, 0x0, 0x0, 0xb5, 0x1f, 0x20, 0x0, 0x0,
    0x0, 0x2f, 0x10, 0x0, 0x0, 0x0, 0x1f, 0x20,
    0x5, 0xff, 0xf9, 0xe, 0x60, 0x0, 0x22, 0xc8,
    0x8, 0xe1, 0x0, 0x2, 0xf5, 0x0, 0xdd, 0x64,
    0x6e, 0xc0, 0x0, 0x19, 0xef, 0xe8, 0x0,

    /* U+0048 "H" */
    0xc8, 0x0, 0x0, 0x2f, 0x2c, 0x80, 0x0, 0x2,
    0xf2, 0xc8, 0x0, 0x0, 0x2f, 0x2c, 0x80, 0x0,
    0x2, 0xf2, 0xc8, 0x0, 0x0, 0x2f, 0x2c, 0xff,
    0xff, 0xff, 0xf2, 0xc9, 0x33, 0x33, 0x4f, 0x2c,
    0x80, 0x0, 0x2, 0xf2, 0xc8, 0x0, 0x0, 0x2f,
    0x2c, 0x80, 0x0, 0x2, 0xf2, 0xc8, 0x0, 0x0,
    0x2f, 0x20,

    /* U+0049 "I" */
    0xc8, 0xc8, 0xc8, 0xc8, 0xc8, 0xc8, 0xc8, 0xc8,
    0xc8, 0xc8, 0xc8,

    /* U+004A "J" */
    0x0, 0x0, 0x8, 0xc0, 0x0, 0x0, 0x8c, 0x0,
    0x0, 0x8, 0xc0, 0x0, 0x0, 0x8c, 0x0, 0x0,
    0x8, 0xc0, 0x0, 0x0, 0x8c, 0x0, 0x0, 0x8,
    0xc4, 0xc0, 0x0, 0x8c, 0x3f, 0x10, 0xa, 0xb0,
    0xeb, 0x36, 0xf5, 0x2, 0xcf, 0xe7, 0x0,

    /* U+004B "K" */
    0xc8, 0x0, 0x2, 0xf9, 0xc, 0x80, 0x1, 0xeb,
    0x0, 0xc8, 0x0, 0xcc, 0x0, 0xc, 0x80, 0xbe,
    0x10, 0x0, 0xc8, 0x8f, 0x20, 0x0, 0xc, 0xcf,
    0xf6, 0x0, 0x0, 0xcf, 0x57, 0xf1, 0x0, 0xc,
    0x90, 0xc, 0xb0, 0x0, 0xc8, 0x0, 0x2f, 0x50,
    0xc, 0x80, 0x0, 0x8e, 0x10, 0xc8, 0x0, 0x0,
    0xdb, 0x0,

    /* U+004C "L" */
    0xc8, 0x0, 0x0, 0xc, 0x80, 0x0, 0x0, 0xc8,
    0x0, 0x0, 0xc, 0x80, 0x0, 0x0, 0xc8, 0x0,
    0x0, 0xc, 0x80, 0x0, 0x0, 0xc8, 0x0, 0x0,
    0xc, 0x80, 0x0, 0x0, 0xc8, 0x0, 0x0, 0xc,
    0x93, 0x33, 0x30, 0xcf, 0xff, 0xff, 0x40,

    /* U+004D "M" */
    0xcf, 0x40, 0x0, 0x0, 0x9f, 0x6c, 0xf9, 0x0,
    0x0, 0xf, 0xf6, 0xcb, 0xf0, 0x0, 0x5, 0xed,
    0x6c, 0x7f, 0x50, 0x0, 0xa9, 0xd6, 0xc7, 0xab,
    0x0, 0x1f, 0x3d, 0x6c, 0x74, 0xf1, 0x6, 0xd0,
    0xd6, 0xc7, 0xe, 0x60, 0xc8, 0xd, 0x6c, 0x70,
    0x8c, 0x1f, 0x20, 0xd6, 0xc7, 0x2, 0xf7, 0xc0,
    0xd, 0x6c, 0x70, 0xc, 0xf6, 0x0, 0xd6, 0xc7,
    0x0, 0x6f, 0x10, 0xd, 0x60,

    /* U+004E "N" */
    0xcf, 0x10, 0x0, 0xf, 0x5c, 0xfb, 0x0, 0x0,
    0xf5, 0xcc, 0xf4, 0x0, 0xf, 0x5c, 0x7c, 0xe0,
    0x0, 0xf5, 0xc8, 0x3f, 0x80, 0xf, 0x5c, 0x80,
    0x9f, 0x20, 0xf5, 0xc8, 0x1, 0xec, 0xf, 0x5c,
    0x80, 0x6, 0xf5, 0xf5, 0xc8, 0x0, 0xc, 0xdf,
    0x5c, 0x80, 0x0, 0x2f, 0xf5, 0xc8, 0x0, 0x0,
    0x8f, 0x50,

    /* U+004F "O" */
    0x0, 0x19, 0xef, 0xd6, 0x0, 0x0, 0xdd, 0x64,
    0x7f, 0x90, 0x8, 0xe1, 0x0, 0x3, 0xf3, 0xe,
    0x60, 0x0, 0x0, 0xb9, 0x1f, 0x20, 0x0, 0x0,
    0x7c, 0x2f, 0x10, 0x0, 0x0, 0x6d, 0x1f, 0x20,
    0x0, 0x0, 0x7c, 0xe, 0x60, 0x0, 0x0, 0xb9,
    0x8, 0xe1, 0x0, 0x4, 0xf3, 0x0, 0xdd, 0x64,
    0x7f, 0x90, 0x0, 0x19, 0xef, 0xd6, 0x0,

    /* U+0050 "P" */
    0xcf, 0xff, 0xe9, 0x0, 0xc9, 0x22, 0x5e, 0xa0,
    0xc8, 0x0, 0x4, 0xf1, 0xc8, 0x0, 0x2, 0xf2,
    0xc8, 0x0, 0x4, 0xf1, 0xc8, 0x0, 0x1c, 0xb0,
    0xcf, 0xff, 0xfc, 0x10, 0xc9, 0x22, 0x10, 0x0,
    0xc8, 0x0, 0x0, 0x0, 0xc8, 0x0, 0x0, 0x0,
    0xc8, 0x0, 0x0, 0x0,

    /* U+0051 "Q" */
    0x0, 0x19, 0xef, 0xd6, 0x0, 0x0, 0xdd, 0x64,
    0x7f, 0x90, 0x8, 0xe1, 0x0, 0x3, 0xf3, 0xe,
    0x60, 0x0, 0x0, 0xb9, 0x1f, 0x20, 0x0, 0x0,
    0x7c, 0x2f, 0x10, 0x0, 0x0, 0x6d, 0x1f, 0x20,
    0x0, 0x0, 0x7c, 0xe, 0x60, 0x6, 0x30, 0xb9,
    0x8, 0xe1, 0x6, 0xe5, 0xf3, 0x0, 0xdd, 0x64,
    0xef, 0x90, 0x0, 0x19, 0xef, 0xde, 0x50, 0x0,
    0x0, 0x0, 0x4, 0xf1,

    /* U+0052 "R" */
    0xcf, 0xff, 0xe9, 0x0, 0xc9, 0x22, 0x4d, 0xa0,
    0xc8, 0x0, 0x4, 0xf1, 0xc8, 0x0, 0x2, 0xf2,
    0xc8, 0x0, 0x3, 0xf1, 0xc8, 0x0, 0x2c, 0xc0,
    0xcf, 0xff, 0xfd, 0x20, 0xca, 0x33, 0xd9, 0x0,
    0xc8, 0x0, 0x4f, 0x30, 0xc8, 0x0, 0xb, 0xb0,
    0xc8, 0x0, 0x3, 0xf4,

    /* U+0053 "S" */
    0x0, 0x7d, 0xfe, 0x80, 0x0, 0x7e, 0x63, 0x5e,
    0xa0, 0xd, 0x60, 0x0, 0x4c, 0x0, 0xd8, 0x0,
    0x0, 0x0, 0x6, 0xfa, 0x40, 0x0, 0x0, 0x4,
    0xbf, 0xf9, 0x10, 0x0, 0x0, 0x5, 0xdc, 0x0,
    0x0, 0x0, 0x2, 0xf2, 0x1f, 0x40, 0x0, 0x3f,
    0x10, 0xbe, 0x53, 0x6e, 0xb0, 0x0, 0x9e, 0xfe,
    0x90, 0x0,

    /* U+0054 "T" */
    0x5f, 0xff, 0xff, 0xff, 0x61, 0x33, 0x4f, 0x53,
    0x31, 0x0, 0x2, 0xf2, 0x0, 0x0, 0x0, 0x2f,
    0x20, 0x0, 0x0, 0x2, 0xf2, 0x0, 0x0, 0x0,
    0x2f, 0x20, 0x0, 0x0, 0x2, 0xf2, 0x0, 0x0,
    0x0, 0x2f, 0x20, 0x0, 0x0, 0x2, 0xf2, 0x0,
    0x0, 0x0, 0x2f, 0x20, 0x0, 0x0, 0x2, 0xf2,
    0x0, 0x0,

    /* U+0055 "U" */
    0xc8, 0x0, 0x0, 0x1f, 0x3c, 0x80, 0x0, 0x1,
    0xf3, 0xc8, 0x0, 0x0, 0x1f, 0x3c, 0x80, 0x0,
    0x1, 0xf3, 0xc8, 0x0, 0x0, 0x1f, 0x3c, 0x80,
    0x0, 0x1, 0xf3, 0xc8, 0x0, 0x0, 0x1f, 0x3b,
    0x90, 0x0, 0x2, 0xf2, 0x8e, 0x0, 0x0, 0x7e,
    0x1, 0xec, 0x54, 0x8f, 0x60, 0x1, 0xaf, 0xfd,
    0x50, 0x0,

    /* U+0056 "V" */
    0x7e, 0x0, 0x0, 0x3, 0xf2, 0x2f, 0x30, 0x0,
    0x8, 0xc0, 0xc, 0x80, 0x0, 0xe, 0x70, 0x7,
    0xd0, 0x0, 0x3f, 0x10, 0x1, 0xf3, 0x0, 0x8c,
    0x0, 0x0, 0xc8, 0x0, 0xd7, 0x0, 0x0, 0x6d,
    0x2, 0xf1, 0x0, 0x0, 0x1f, 0x27, 0xc0, 0x0,
    0x0, 0xb, 0x7c, 0x60, 0x0, 0x0, 0x6, 0xdf,
    0x10, 0x0, 0x0, 0x1, 0xfc, 0x0, 0x0,

    /* U+0057 "W" */
    0x8c, 0x0, 0x0, 0xfc, 0x0, 0x0, 0xf5, 0x4f,
    0x0, 0x3, 0xff, 0x0, 0x4, 0xf1, 0xf, 0x40,
    0x7, 0xbf, 0x30, 0x7, 0xc0, 0xc, 0x80, 0xb,
    0x8b, 0x70, 0xb, 0x80, 0x8, 0xc0, 0xe, 0x47,
    0xb0, 0xf, 0x40, 0x4, 0xf0, 0x2f, 0x3, 0xf0,
    0x3f, 0x0, 0x0, 0xf3, 0x6c, 0x0, 0xf3, 0x7c,
    0x0, 0x0, 0xc7, 0xa8, 0x0, 0xb7, 0xa8, 0x0,
    0x0, 0x8a, 0xe4, 0x0, 0x7a, 0xe4, 0x0, 0x0,
    0x4e, 0xf0, 0x0, 0x3e, 0xf0, 0x0, 0x0, 0xf,
    0xc0, 0x0, 0xf, 0xc0, 0x0,

    /* U+0058 "X" */
    0x1f, 0x70, 0x0, 0xc, 0xa0, 0x6, 0xf1, 0x0,
    0x7e, 0x10, 0x0, 0xcb, 0x2, 0xf5, 0x0, 0x0,
    0x2f, 0x4b, 0xb0, 0x0, 0x0, 0x8, 0xef, 0x10,
    0x0, 0x0, 0x2, 0xfb, 0x0, 0x0, 0x0, 0xb,
    0xcf, 0x40, 0x0, 0x0, 0x5f, 0x28, 0xe0, 0x0,
    0x1, 0xe7, 0x0, 0xe9, 0x0, 0xa, 0xd0, 0x0,
    0x4f, 0x30, 0x4f, 0x30, 0x0, 0xa, 0xd0,

    /* U+0059 "Y" */
    0x5f, 0x20, 0x0, 0xa, 0xd0, 0xc, 0xb0, 0x0,
    0x3f, 0x40, 0x3, 0xf4, 0x0, 0xcb, 0x0, 0x0,
    0x9d, 0x5, 0xf2, 0x0, 0x0, 0x1f, 0x6d, 0x80,
    0x0, 0x0, 0x7, 0xfe, 0x0, 0x0, 0x0, 0x0,
    0xe7, 0x0, 0x0, 0x0, 0x0, 0xe6, 0x0, 0x0,
    0x0, 0x0, 0xe6, 0x0, 0x0, 0x0, 0x0, 0xe6,
    0x0, 0x0, 0x0, 0x0, 0xe6, 0x0, 0x0,

    /* U+005A "Z" */
    0x2f, 0xff, 0xff, 0xfe, 0x2, 0x22, 0x22, 0xd9,
    0x0, 0x0, 0x7, 0xe0, 0x0, 0x0, 0x1f, 0x50,
    0x0, 0x0, 0xbb, 0x0, 0x0, 0x5, 0xf2, 0x0,
    0x0, 0xe, 0x70, 0x0, 0x0, 0x8d, 0x0, 0x0,
    0x2, 0xf3, 0x0, 0x0, 0xc, 0xb2, 0x22, 0x22,
    0x1f, 0xff, 0xff, 0xff,

    /* U+005B "[" */
    0x6f, 0xf4, 0x7c, 0x20, 0x7b, 0x0, 0x7b, 0x0,
    0x7b, 0x0, 0x7b, 0x0, 0x7b, 0x0, 0x7b, 0x0,
    0x7b, 0x0, 0x7b, 0x0, 0x7b, 0x0, 0x7b, 0x0,
    0x7f, 0xf4, 0x2, 0x20,

    /* U+005C "\\" */
    0x54, 0x0, 0x6, 0xb0, 0x0, 0x2f, 0x0, 0x0,
    0xe3, 0x0, 0xa, 0x80, 0x0, 0x6c, 0x0, 0x1,
    0xf0, 0x0, 0xd, 0x40, 0x0, 0x98, 0x0, 0x5,
    0xd0, 0x0, 0x1f, 0x10, 0x0, 0xc5, 0x0, 0x8,
    0x90,

    /* U+005D "]" */
    0x2f, 0xf8, 0x2, 0xa9, 0x0, 0x99, 0x0, 0x99,
    0x0, 0x99, 0x0, 0x99, 0x0, 0x99, 0x0, 0x99,
    0x0, 0x99, 0x0, 0x99, 0x0, 0x99, 0x0, 0x99,
    0x2f, 0xf9, 0x2, 0x21,

    /* U+005E "^" */
    0x0, 0x25, 0x0, 0x0, 0xc, 0xf5, 0x0, 0x3,
    0xe5, 0xc0, 0x0, 0xa8, 0xe, 0x40, 0x1f, 0x10,
    0x7b, 0x1, 0x30, 0x0, 0x30,

    /* U+005F "_" */
    0xff, 0xff, 0xff, 0x62, 0x22, 0x22, 0x21,

    /* U+0060 "`" */
    0x10, 0x9, 0xa0, 0x1e, 0x20,

    /* U+0061 "a" */
    0x3, 0xbf, 0xfa, 0x0, 0xea, 0x23, 0xd8, 0x1,
    0x0, 0x7, 0xc0, 0x16, 0x9c, 0xfc, 0x1e, 0xb6,
    0x48, 0xc5, 0xe0, 0x0, 0x8c, 0x3f, 0x52, 0x6e,
    0xc0, 0x7e, 0xfa, 0x7c,

    /* U+0062 "b" */
    0xe5, 0x0, 0x0, 0xe, 0x50, 0x0, 0x0, 0xe5,
    0x0, 0x0, 0xe, 0x6b, 0xfd, 0x50, 0xee, 0x62,
    0x7f, 0x3e, 0x90, 0x0, 0xaa, 0xe5, 0x0, 0x6,
    0xde, 0x50, 0x0, 0x7d, 0xe9, 0x0, 0xb, 0xae,
    0xd6, 0x27, 0xf3, 0xe5, 0xbf, 0xd5, 0x0,

    /* U+0063 "c" */
    0x0, 0x8e, 0xfb, 0x20, 0x9, 0xd4, 0x29, 0xe0,
    0x1f, 0x40, 0x0, 0x50, 0x4f, 0x0, 0x0, 0x0,
    0x4f, 0x0, 0x0, 0x0, 0x1f, 0x40, 0x0, 0x61,
    0x9, 0xd4, 0x29, 0xe1, 0x0, 0x8e, 0xfb, 0x20,

    /* U+0064 "d" */
    0x0, 0x0, 0x0, 0xb8, 0x0, 0x0, 0x0, 0xb8,
    0x0, 0x0, 0x0, 0xb8, 0x0, 0xaf, 0xf7, 0xb8,
    0xa, 0xd4, 0x3a, 0xe8, 0x1f, 0x30, 0x0, 0xf8,
    0x4f, 0x0, 0x0, 0xc8, 0x4f, 0x0, 0x0, 0xc8,
    0x1f, 0x40, 0x0, 0xf8, 0xa, 0xd4, 0x3b, 0xe8,
    0x0, 0x9f, 0xe6, 0xb8,

    /* U+0065 "e" */
    0x0, 0x8e, 0xfb, 0x20, 0x9, 0xd3, 0x29, 0xe0,
    0x1f, 0x20, 0x0, 0xe5, 0x4f, 0xff, 0xff, 0xf7,
    0x4f, 0x22, 0x22, 0x21, 0x1f, 0x30, 0x0, 0x40,
    0x9, 0xd4, 0x28, 0xf1, 0x0, 0x8e, 0xfc, 0x30,

    /* U+0066 "f" */
    0x0, 0x9f, 0xc0, 0x4f, 0x42, 0x5, 0xe0, 0xd,
    0xff, 0xfa, 0x16, 0xe1, 0x0, 0x5e, 0x0, 0x5,
    0xe0, 0x0, 0x5e, 0x0, 0x5, 0xe0, 0x0, 0x5e,
    0x0, 0x5, 0xe0, 0x0,

    /* U+0067 "g" */
    0x0, 0x9f, 0xf7, 0xb8, 0xa, 0xd4, 0x3b, 0xe8,
    0x1f, 0x40, 0x0, 0xf8, 0x3f, 0x0, 0x0, 0xc8,
    0x4f, 0x0, 0x0, 0xb8, 0x1f, 0x30, 0x0, 0xe8,
    0xa, 0xd4, 0x3a, 0xe8, 0x0, 0xaf, 0xf7, 0xb8,
    0x0, 0x0, 0x0, 0xc7, 0xb, 0xa2, 0x27, 0xf2,
    0x2, 0xaf, 0xfc, 0x50,

    /* U+0068 "h" */
    0xe5, 0x0, 0x0, 0xe, 0x50, 0x0, 0x0, 0xe5,
    0x0, 0x0, 0xe, 0x8c, 0xfd, 0x40, 0xee, 0x53,
    0xae, 0xe, 0x70, 0x1, 0xf2, 0xe5, 0x0, 0xf,
    0x3e, 0x50, 0x0, 0xf3, 0xe5, 0x0, 0xf, 0x3e,
    0x50, 0x0, 0xf3, 0xe5, 0x0, 0xf, 0x30,

    /* U+0069 "i" */
    0x1e, 0x60, 0x93, 0x0, 0x0, 0xe5, 0xe, 0x50,
    0xe5, 0xe, 0x50, 0xe5, 0xe, 0x50, 0xe5, 0xe,
    0x50,

    /* U+006A "j" */
    0x1, 0xe6, 0x0, 0x93, 0x0, 0x0, 0x0, 0xe5,
    0x0, 0xe5, 0x0, 0xe5, 0x0, 0xe5, 0x0, 0xe5,
    0x0, 0xe5, 0x0, 0xe5, 0x0, 0xe5, 0x0, 0xe4,
    0x5, 0xf2, 0x2f, 0x80,

    /* U+006B "k" */
    0xe5, 0x0, 0x0, 0xe, 0x50, 0x0, 0x0, 0xe5,
    0x0, 0x0, 0xe, 0x50, 0xb, 0xc0, 0xe5, 0xa,
    0xd0, 0xe, 0x58, 0xd1, 0x0, 0xec, 0xf4, 0x0,
    0xe, 0xdb, 0xc0, 0x0, 0xe5, 0x1e, 0x90, 0xe,
    0x50, 0x3f, 0x50, 0xe5, 0x0, 0x7f, 0x20,

    /* U+006C "l" */
    0xe5, 0xe5, 0xe5, 0xe5, 0xe5, 0xe5, 0xe5, 0xe5,
    0xe5, 0xe5, 0xe5,

    /* U+006D "m" */
    0xe6, 0xcf, 0xa1, 0xaf, 0xe4, 0xe, 0xc2, 0x1d,
    0xd5, 0x7, 0xf0, 0xe6, 0x0, 0x8c, 0x0, 0x1f,
    0x2e, 0x50, 0x7, 0xc0, 0x0, 0xf3, 0xe5, 0x0,
    0x7c, 0x0, 0xf, 0x3e, 0x50, 0x7, 0xc0, 0x0,
    0xf3, 0xe5, 0x0, 0x7c, 0x0, 0xf, 0x3e, 0x50,
    0x7, 0xc0, 0x0, 0xf3,

    /* U+006E "n" */
    0xe6, 0xcf, 0xd4, 0xe, 0xd3, 0x1a, 0xe0, 0xe6,
    0x0, 0x1f, 0x2e, 0x50, 0x0, 0xf3, 0xe5, 0x0,
    0xf, 0x3e, 0x50, 0x0, 0xf3, 0xe5, 0x0, 0xf,
    0x3e, 0x50, 0x0, 0xf3,

    /* U+006F "o" */
    0x0, 0x8e, 0xfb, 0x20, 0x9, 0xd4, 0x29, 0xe1,
    0x1f, 0x40, 0x0, 0xd7, 0x4f, 0x0, 0x0, 0x9a,
    0x4f, 0x0, 0x0, 0x9a, 0x1f, 0x40, 0x0, 0xd7,
    0x9, 0xd4, 0x29, 0xe1, 0x0, 0x8e, 0xfb, 0x20,

    /* U+0070 "p" */
    0xe5, 0xcf, 0xd5, 0xe, 0xe4, 0x15, 0xf3, 0xe8,
    0x0, 0xa, 0xae, 0x50, 0x0, 0x6d, 0xe5, 0x0,
    0x7, 0xde, 0x90, 0x0, 0xba, 0xee, 0x62, 0x7f,
    0x3e, 0x6b, 0xfd, 0x50, 0xe5, 0x0, 0x0, 0xe,
    0x50, 0x0, 0x0, 0xe5, 0x0, 0x0, 0x0,

    /* U+0071 "q" */
    0x0, 0xaf, 0xf7, 0xb8, 0xa, 0xd4, 0x3a, 0xe8,
    0x1f, 0x30, 0x0, 0xf8, 0x4f, 0x0, 0x0, 0xc8,
    0x4f, 0x0, 0x0, 0xc8, 0x1f, 0x40, 0x0, 0xf8,
    0xa, 0xd4, 0x3b, 0xe8, 0x0, 0x9f, 0xe6, 0xb8,
    0x0, 0x0, 0x0, 0xb8, 0x0, 0x0, 0x0, 0xb8,
    0x0, 0x0, 0x0, 0xb8,

    /* U+0072 "r" */
    0xe7, 0xdf, 0xed, 0x42, 0xe6, 0x0, 0xe5, 0x0,
    0xe5, 0x0, 0xe5, 0x0, 0xe5, 0x0, 0xe5, 0x0,

    /* U+0073 "s" */
    0x2, 0xcf, 0xe8, 0x0, 0xd9, 0x13, 0xe5, 0xf,
    0x50, 0x0, 0x0, 0x8f, 0xb7, 0x20, 0x0, 0x27,
    0xbf, 0x40, 0x30, 0x0, 0xaa, 0x1f, 0x82, 0x4e,
    0x70, 0x4d, 0xfe, 0x80,

    /* U+0074 "t" */
    0xb, 0x80, 0x0, 0xb8, 0x0, 0xdf, 0xff, 0x11,
    0xc9, 0x10, 0xb, 0x80, 0x0, 0xb8, 0x0, 0xb,
    0x80, 0x0, 0xb8, 0x0, 0xa, 0xb2, 0x0, 0x2d,
    0xf2,

    /* U+0075 "u" */
    0xe5, 0x0, 0xf, 0x3e, 0x50, 0x0, 0xf3, 0xe5,
    0x0, 0xf, 0x3e, 0x50, 0x0, 0xf3, 0xe5, 0x0,
    0xf, 0x3e, 0x60, 0x2, 0xf3, 0xad, 0x33, 0xbf,
    0x31, 0xbf, 0xd4, 0xf3,

    /* U+0076 "v" */
    0x7e, 0x0, 0x0, 0xf5, 0x1f, 0x30, 0x5, 0xe0,
    0xb, 0x90, 0xb, 0x90, 0x5, 0xe0, 0x1f, 0x30,
    0x0, 0xf4, 0x6d, 0x0, 0x0, 0xa9, 0xb7, 0x0,
    0x0, 0x4e, 0xf2, 0x0, 0x0, 0xe, 0xc0, 0x0,

    /* U+0077 "w" */
    0x6e, 0x0, 0xf, 0x80, 0x7, 0xd1, 0xf2, 0x4,
    0xec, 0x0, 0xb8, 0xc, 0x70, 0x98, 0xf0, 0xf,
    0x40, 0x8b, 0xd, 0x3c, 0x44, 0xf0, 0x3, 0xf1,
    0xf0, 0x88, 0x8a, 0x0, 0xe, 0x8b, 0x3, 0xcc,
    0x60, 0x0, 0xae, 0x60, 0xe, 0xf1, 0x0, 0x5,
    0xf2, 0x0, 0xbc, 0x0,

    /* U+0078 "x" */
    0x1f, 0x50, 0xa, 0xc0, 0x6, 0xe0, 0x4f, 0x20,
    0x0, 0xc8, 0xd7, 0x0, 0x0, 0x2f, 0xc0, 0x0,
    0x0, 0x4f, 0xd0, 0x0, 0x0, 0xe6, 0xc8, 0x0,
    0x9, 0xc0, 0x2f, 0x30, 0x3f, 0x30, 0x8, 0xd0,

    /* U+0079 "y" */
    0x7e, 0x0, 0x0, 0xf5, 0x1f, 0x30, 0x5, 0xe0,
    0xb, 0x90, 0xb, 0x90, 0x5, 0xe0, 0x1f, 0x30,
    0x0, 0xf4, 0x6d, 0x0, 0x0, 0xa9, 0xb7, 0x0,
    0x0, 0x4e, 0xf1, 0x0, 0x0, 0xe, 0xc0, 0x0,
    0x0, 0xe, 0x60, 0x0, 0x2, 0x7e, 0x0, 0x0,
    0xe, 0xe4, 0x0, 0x0,

    /* U+007A "z" */
    0xf, 0xff, 0xff, 0xb0, 0x33, 0x35, 0xf6, 0x0,
    0x0, 0xca, 0x0, 0x0, 0x8e, 0x0, 0x0, 0x4f,
    0x30, 0x0, 0x1e, 0x80, 0x0, 0xb, 0xe3, 0x33,
    0x32, 0xff, 0xff, 0xfe,

    /* U+007B "{" */
    0x0, 0xa, 0xf2, 0x0, 0x5e, 0x20, 0x0, 0x8a,
    0x0, 0x0, 0x89, 0x0, 0x0, 0x89, 0x0, 0x2,
    0xc7, 0x0, 0xf, 0xb0, 0x0, 0x4, 0xe6, 0x0,
    0x0, 0x89, 0x0, 0x0, 0x89, 0x0, 0x0, 0x89,
    0x0, 0x0, 0x6d, 0x0, 0x0, 0xb, 0xf1, 0x0,
    0x0, 0x10,

    /* U+007C "|" */
    0x16, 0x3d, 0x3d, 0x3d, 0x3d, 0x3d, 0x3d, 0x3d,
    0x3d, 0x3d, 0x3d, 0x3d, 0x3d, 0x3d, 0x3d, 0x3d,
    0x3d, 0x3d,

    /* U+007D "}" */
    0x2f, 0x90, 0x0, 0x2e, 0x50, 0x0, 0xa7, 0x0,
    0xa, 0x70, 0x0, 0xa7, 0x0, 0x8, 0xc2, 0x0,
    0xb, 0xf0, 0x6, 0xd4, 0x0, 0xa8, 0x0, 0xa,
    0x70, 0x0, 0xa7, 0x0, 0xd, 0x50, 0x2f, 0xb0,
    0x0, 0x0, 0x0,

    /* U+007E "~" */
    0x2d, 0xe5, 0x0, 0xb1, 0xaa, 0x5e, 0x44, 0xf0,
    0xb4, 0x4, 0xff, 0x70, 0x0, 0x0, 0x11, 0x0,

    /* U+00A0 " " */

    /* U+00A1 "¡" */
    0xbb, 0xaa, 0x0, 0x11, 0x9a, 0x9a, 0xaa, 0xaa,
    0xab, 0xab, 0xab,

    /* U+00A2 "¢" */
    0x0, 0x4, 0x80, 0x0, 0x0, 0x4, 0x80, 0x0,
    0x0, 0x8e, 0xfb, 0x20, 0x8, 0xe8, 0xaa, 0xe0,
    0x1f, 0x44, 0x80, 0x61, 0x3f, 0x4, 0x80, 0x0,
    0x4f, 0x4, 0x80, 0x0, 0x1f, 0x34, 0x80, 0x40,
    0xa, 0xc6, 0x87, 0xf1, 0x1, 0xbf, 0xfe, 0x40,
    0x0, 0x5, 0x90, 0x0,

    /* U+00A3 "£" */
    0x0, 0x2b, 0xfe, 0x70, 0x0, 0xdb, 0x35, 0xf5,
    0x3, 0xf1, 0x0, 0x78, 0x4, 0xf0, 0x0, 0x0,
    0x4, 0xf0, 0x0, 0x0, 0x3f, 0xff, 0xff, 0x40,
    0x4, 0xf2, 0x22, 0x0, 0x2, 0xf1, 0x0, 0x0,
    0x2, 0xf1, 0x0, 0x12, 0x18, 0xb3, 0x33, 0x8b,
    0x4f, 0xff, 0xff, 0xe5,

    /* U+00A4 "¤" */
    0x0, 0x0, 0x0, 0x0, 0x0, 0xd, 0x59, 0xee,
    0xa4, 0xd1, 0x8, 0xfa, 0x33, 0x9f, 0xa0, 0x9,
    0xb0, 0x0, 0x9, 0xa0, 0xe, 0x30, 0x0, 0x2,
    0xf0, 0xf, 0x10, 0x0, 0x0, 0xf1, 0xe, 0x30,
    0x0, 0x2, 0xf0, 0x9, 0xb0, 0x0, 0x9, 0xb0,
    0xa, 0xfa, 0x33, 0x9f, 0xc0, 0xa, 0x4a, 0xff,
    0xb3, 0xb1,

    /* U+00A5 "¥" */
    0x9d, 0x0, 0x2, 0xf4, 0x2f, 0x30, 0x8, 0xd0,
    0xb, 0x90, 0xe, 0x60, 0x4, 0xf0, 0x4f, 0x0,
    0x0, 0xd6, 0xb9, 0x0, 0x0, 0x7d, 0xf2, 0x0,
    0xf, 0xff, 0xff, 0xb0, 0x0, 0xc, 0x80, 0x0,
    0xf, 0xff, 0xff, 0xa0, 0x0, 0xc, 0x80, 0x0,
    0x0, 0xc, 0x80, 0x0,

    /* U+00A6 "¦" */
    0xb7, 0xb7, 0xb7, 0xb7, 0x86, 0x0, 0x0, 0x0,
    0xb7, 0xb7, 0xb7, 0xb7, 0x96,

    /* U+00A7 "§" */
    0x0, 0x9f, 0xf9, 0x0, 0x6, 0xe2, 0x2d, 0x50,
    0x7, 0xb0, 0x3, 0x30, 0x2, 0xe7, 0x0, 0x0,
    0x8, 0xef, 0xd3, 0x0, 0x1f, 0x12, 0xaf, 0x50,
    0x1f, 0x10, 0x6, 0xf0, 0x7, 0xd3, 0x0, 0xf1,
    0x0, 0x5e, 0x99, 0x80, 0x0, 0x1, 0x9d, 0x10,
    0x2, 0x10, 0xc, 0x70, 0xa, 0xa0, 0x1e, 0x60,
    0x2, 0xdf, 0xfb, 0x0, 0x0, 0x1, 0x10, 0x0,

    /* U+00A8 "¨" */
    0x9, 0x30, 0x92, 0xe, 0x51, 0xe3,

    /* U+00A9 "©" */
    0x0, 0x0, 0x0, 0x0, 0x0, 0x0, 0x2, 0xae,
    0xfe, 0x80, 0x0, 0x3, 0xfb, 0x53, 0x6d, 0xd1,
    0x0, 0xe8, 0x0, 0x0, 0xb, 0xc0, 0x7d, 0x3,
    0xdf, 0xc2, 0x1f, 0x4b, 0x71, 0xf8, 0x39, 0xe0,
    0xa8, 0xd5, 0x6c, 0x0, 0x6, 0x19, 0xac, 0x77,
    0xb0, 0x0, 0x30, 0xa9, 0x8c, 0x2f, 0x50, 0x7e,
    0x1e, 0x51, 0xf6, 0x6f, 0xfe, 0x49, 0xd0, 0x5,
    0xf8, 0x33, 0x3a, 0xf3, 0x0, 0x4, 0xdf, 0xff,
    0xb2, 0x0, 0x0, 0x0, 0x13, 0x10, 0x0, 0x0,

    /* U+00AA "ª" */
    0x8, 0xef, 0xa0, 0x2a, 0x20, 0xc7, 0x2, 0x68,
    0xe8, 0x5e, 0x64, 0xa8, 0x8b, 0x2, 0xe8, 0x1c,
    0xfc, 0xb8,

    /* U+00AB "«" */
    0x0, 0x1e, 0x63, 0xf3, 0x0, 0xc9, 0x1e, 0x60,
    0xa, 0xc1, 0xd9, 0x0, 0x1f, 0x55, 0xf2, 0x0,
    0x5, 0xf2, 0x9d, 0x0, 0x0, 0x8d, 0x1b, 0xa0,
    0x0, 0x9, 0x61, 0xa3,

    /* U+00AC "¬" */
    0x7f, 0xff, 0xff, 0x31, 0x22, 0x22, 0xe4, 0x0,
    0x0, 0xe, 0x40, 0x0, 0x0, 0x20,

    /* U+00AE "®" */
    0x0, 0x4c, 0xfe, 0x80, 0x0, 0x6d, 0x30, 0x1a,
    0xb0, 0xe, 0x19, 0xaa, 0xb, 0x54, 0xb0, 0xb1,
    0xb3, 0x69, 0x4b, 0xb, 0x8d, 0x6, 0x90, 0xe1,
    0xa1, 0xa2, 0xc5, 0x6, 0xd4, 0x2, 0xab, 0x0,
    0x4, 0xcf, 0xe8, 0x0,

    /* U+00AF "¯" */
    0x8e, 0xee, 0x30, 0x11, 0x10,

    /* U+00B0 "°" */
    0x2, 0xce, 0x70, 0xd, 0x73, 0xe3, 0x1f, 0x0,
    0x97, 0xe, 0x40, 0xd5, 0x4, 0xff, 0xa0, 0x0,
    0x1, 0x0,

    /* U+00B1 "±" */
    0x0, 0xf, 0x30, 0x0, 0x0, 0xf3, 0x0, 0x9f,
    0xff, 0xff, 0xd1, 0x33, 0xf5, 0x32, 0x0, 0xf,
    0x30, 0x0, 0x0, 0x20, 0x0, 0x9f, 0xff, 0xff,
    0xd1, 0x33, 0x33, 0x32,

    /* U+00B2 "²" */
    0x8, 0xff, 0x90, 0x2c, 0x11, 0xf3, 0x0, 0x4,
    0xf1, 0x0, 0x5e, 0x40, 0x7, 0xe3, 0x0, 0x2f,
    0xff, 0xf7,

    /* U+00B3 "³" */
    0x8, 0xef, 0xb1, 0x8, 0x11, 0xe4, 0x0, 0x7f,
    0xb0, 0x0, 0x0, 0xc7, 0x2d, 0x31, 0xd8, 0x8,
    0xef, 0xa0,

    /* U+00B4 "´" */
    0x2f, 0x29, 0x70,

    /* U+00B5 "µ" */
    0xe5, 0x0, 0xf, 0x30, 0xe5, 0x0, 0xf, 0x30,
    0xe5, 0x0, 0xf, 0x30, 0xe5, 0x0, 0xf, 0x30,
    0xe5, 0x0, 0xf, 0x30, 0xe6, 0x0, 0x1f, 0x30,
    0xed, 0x21, 0x9f, 0x40, 0xe8, 0xdf, 0x78, 0xf2,
    0xe5, 0x0, 0x0, 0x0, 0xe5, 0x0, 0x0, 0x0,
    0xe5, 0x0, 0x0, 0x0,

    /* U+00B6 "¶" */
    0x1, 0xaf, 0xff, 0xf4, 0xb, 0xff, 0xc4, 0xf3,
    0x2f, 0xff, 0xb1, 0xf3, 0x3f, 0xff, 0xb1, 0xf3,
    0x1f, 0xff, 0xb1, 0xf3, 0xa, 0xff, 0xb1, 0xf3,
    0x0, 0x8d, 0xa1, 0xf3, 0x0, 0x0, 0x1, 0xf3,
    0x0, 0x0, 0x1, 0xf3, 0x0, 0x0, 0x1, 0xf3,
    0x0, 0x0, 0x1, 0xf3,

    /* U+00B7 "·" */
    0xaa, 0xbb,

    /* U+00B8 "¸" */
    0x51, 0xa, 0xa1, 0x8, 0x6b, 0xb2,

    /* U+00B9 "¹" */
    0x9, 0xf6, 0x48, 0xc6, 0x0, 0xc6, 0x0, 0xc6,
    0x0, 0xc6, 0x0, 0xc6,

    /* U+00BA "º" */
    0x5, 0xdf, 0xc2, 0x2, 0xf5, 0x8, 0xd0, 0x6c,
    0x0, 0xf, 0x26, 0xc0, 0x0, 0xf2, 0x2f, 0x50,
    0x8d, 0x0, 0x5d, 0xfc, 0x20,

    /* U+00BB "»" */
    0x2e, 0x54, 0xf2, 0x0, 0x4, 0xf3, 0x7e, 0x10,
    0x0, 0x6e, 0x1a, 0xc0, 0x0, 0xe, 0x73, 0xf3,
    0x0, 0xbb, 0x1d, 0x80, 0x8, 0xd1, 0xba, 0x0,
    0x2a, 0x24, 0xa0, 0x0,

    /* U+00BC "¼" */
    0x9, 0xb0, 0x0, 0x0, 0xa2, 0x7, 0x8f, 0x0,
    0x0, 0x8a, 0x0, 0x1, 0xf0, 0x0, 0x3e, 0x10,
    0x0, 0x1f, 0x0, 0xd, 0x50, 0x0, 0x1, 0xf0,
    0x7, 0xa0, 0x1, 0x0, 0x1f, 0x2, 0xe1, 0xb,
    0xf0, 0x0, 0x0, 0xc5, 0x4, 0xdf, 0x0, 0x0,
    0x7a, 0x0, 0xc5, 0xf0, 0x0, 0x2e, 0x10, 0x5b,
    0x1f, 0x0, 0xc, 0x50, 0x9, 0xff, 0xf9, 0x5,
    0xa0, 0x0, 0x0, 0x1d, 0x0,

    /* U+00BD "½" */
    0x7, 0xa0, 0x0, 0x0, 0x92, 0x0, 0x7a, 0xf0,
    0x0, 0x7, 0xb0, 0x0, 0x11, 0xf0, 0x0, 0x2e,
    0x10, 0x0, 0x1, 0xf0, 0x0, 0xc6, 0x0, 0x0,
    0x1, 0xf0, 0x6, 0xb0, 0x0, 0x0, 0x1, 0xf0,
    0x2e, 0x12, 0xcd, 0x70, 0x0, 0x10, 0xb6, 0x6,
    0x83, 0xf1, 0x0, 0x6, 0xb0, 0x0, 0x3, 0xd0,
    0x0, 0x1e, 0x20, 0x0, 0x2e, 0x30, 0x0, 0xb6,
    0x0, 0x1, 0xd6, 0x0, 0x6, 0xc0, 0x0, 0x8,
    0xff, 0xf3,

    /* U+00BE "¾" */
    0x8, 0xec, 0x10, 0x0, 0xd, 0x30, 0x1a, 0x9,
    0x80, 0x0, 0x89, 0x0, 0x0, 0xa, 0x70, 0x3,
    0xe1, 0x0, 0x0, 0xdf, 0x30, 0xc, 0x50, 0x0,
    0x14, 0x18, 0xc0, 0x7a, 0x0, 0x10, 0xa, 0xec,
    0x42, 0xe1, 0x9, 0xf1, 0x0, 0x0, 0xc, 0x60,
    0x2d, 0xf1, 0x0, 0x0, 0x6b, 0x0, 0xa5, 0xf1,
    0x0, 0x1, 0xe2, 0x3, 0xd0, 0xf1, 0x0, 0xb,
    0x70, 0x7, 0xff, 0xfb, 0x0, 0x4b, 0x0, 0x0,
    0x0, 0xd1,

    /* U+00BF "¿" */
    0x0, 0xd, 0xa0, 0x0, 0x0, 0xb8, 0x0, 0x0,
    0x0, 0x0, 0x0, 0x0, 0x75, 0x0, 0x0, 0xe,
    0x70, 0x0, 0x1b, 0xe2, 0x0, 0xd, 0xd2, 0x0,
    0x3, 0xf2, 0x0, 0x0, 0x4f, 0x0, 0xa, 0x70,
    0xe9, 0x26, 0xf3, 0x3, 0xcf, 0xd6, 0x0,

    /* U+00C0 "À" */
    0x0, 0xa, 0xa0, 0x0, 0x0, 0x0, 0x1, 0xe1,
    0x0, 0x0, 0x0, 0x0, 0x0, 0x0, 0x0, 0x0,
    0x2, 0xfb, 0x0, 0x0, 0x0, 0x7, 0xdf, 0x10,
    0x0, 0x0, 0xc, 0x6d, 0x60, 0x0, 0x0, 0x2f,
    0x28, 0xc0, 0x0, 0x0, 0x7d, 0x3, 0xf1, 0x0,
    0x0, 0xc8, 0x0, 0xe6, 0x0, 0x2, 0xf2, 0x0,
    0x8c, 0x0, 0x7, 0xff, 0xff, 0xff, 0x10, 0xc,
    0x92, 0x22, 0x2e, 0x70, 0x2f, 0x30, 0x0, 0x9,
    0xc0, 0x7e, 0x0, 0x0, 0x3, 0xf2,

    /* U+00C1 "Á" */
    0x0, 0x0, 0x7, 0x30, 0x0, 0x0, 0x0, 0x3e,
    0x10, 0x0, 0x0, 0x0, 0x43, 0x0, 0x0, 0x0,
    0x2, 0xfb, 0x0, 0x0, 0x0, 0x7, 0xdf, 0x10,
    0x0, 0x0, 0xc, 0x6d, 0x60, 0x0, 0x0, 0x2f,
    0x28, 0xc0, 0x0, 0x0, 0x7d, 0x3, 0xf1, 0x0,
    0x0, 0xc8, 0x0, 0xe6, 0x0, 0x2, 0xf2, 0x0,
    0x8c, 0x0, 0x7, 0xff, 0xff, 0xff, 0x10, 0xc,
    0x92, 0x22, 0x2e, 0x70, 0x2f, 0x30, 0x0, 0x9,
    0xc0, 0x7e, 0x0, 0x0, 0x3, 0xf2,

    /* U+00C2 "Â" */
    0x0, 0x0, 0x74, 0x0, 0x0, 0x0, 0x9, 0xad,
    0x30, 0x0, 0x0, 0x17, 0x3, 0x60, 0x0, 0x0,
    0x2, 0xfb, 0x0, 0x0, 0x0, 0x7, 0xdf, 0x10,
    0x0, 0x0, 0xc, 0x6d, 0x60, 0x0, 0x0, 0x2f,
    0x28, 0xc0, 0x0, 0x0, 0x7d, 0x3, 0xf1, 0x0,
    0x0, 0xc8, 0x0, 0xe6, 0x0, 0x2, 0xf2, 0x0,
    0x8c, 0x0, 0x7, 0xff, 0xff, 0xff, 0x10, 0xc,
    0x92, 0x22, 0x2e, 0x70, 0x2f, 0x30, 0x0, 0x9,
    0xc0, 0x7e, 0x0, 0x0, 0x3, 0xf2,

    /* U+00C3 "Ã" */
    0x0, 0xc, 0xed, 0x80, 0x0, 0x0, 0x0, 0x0,
    0x0, 0x0, 0x0, 0x2, 0xfb, 0x0, 0x0, 0x0,
    0x7, 0xdf, 0x10, 0x0, 0x0, 0xc, 0x6d, 0x60,
    0x0, 0x0, 0x2f, 0x28, 0xc0, 0x0, 0x0, 0x7d,
    0x3, 0xf1, 0x0, 0x0, 0xc8, 0x0, 0xe6, 0x0,
    0x2, 0xf2, 0x0, 0x8c, 0x0, 0x7, 0xff, 0xff,
    0xff, 0x10, 0xc, 0x92, 0x22, 0x2e, 0x70, 0x2f,
    0x30, 0x0, 0x9, 0xc0, 0x7e, 0x0, 0x0, 0x3,
    0xf2,

    /* U+00C4 "Ä" */
    0x0, 0x29, 0x3, 0x90, 0x0, 0x0, 0x4e, 0x16,
    0xe0, 0x0, 0x0, 0x0, 0x0, 0x0, 0x0, 0x0,
    0x2, 0xfb, 0x0, 0x0, 0x0, 0x7, 0xdf, 0x10,
    0x0, 0x0, 0xc, 0x6d, 0x60, 0x0, 0x0, 0x2f,
    0x28, 0xc0, 0x0, 0x0, 0x7d, 0x3, 0xf1, 0x0,
    0x0, 0xc8, 0x0, 0xe6, 0x0, 0x2, 0xf2, 0x0,
    0x8c, 0x0, 0x7, 0xff, 0xff, 0xff, 0x10, 0xc,
    0x92, 0x22, 0x2e, 0x70, 0x2f, 0x30, 0x0, 0x9,
    0xc0, 0x7e, 0x0, 0x0, 0x3, 0xf2,

    /* U+00C5 "Å" */
    0x0, 0x6, 0xdc, 0x20, 0x0, 0x0, 0xe, 0x17,
    0x90, 0x0, 0x0, 0x6, 0xdc, 0x20, 0x0, 0x0,
    0x2, 0xfb, 0x0, 0x0, 0x0, 0x7, 0xdf, 0x10,
    0x0, 0x0, 0xc, 0x6d, 0x60, 0x0, 0x0, 0x2f,
    0x28, 0xc0, 0x0, 0x0, 0x7d, 0x3, 0xf1, 0x0,
    0x0, 0xc8, 0x0, 0xe6, 0x0, 0x2, 0xf2, 0x0,
    0x8c, 0x0, 0x7, 0xff, 0xff, 0xff, 0x10, 0xc,
    0x92, 0x22, 0x2e, 0x70, 0x2f, 0x30, 0x0, 0x9,
    0xc0, 0x7e, 0x0, 0x0, 0x3, 0xf2,

    /* U+00C6 "Æ" */
    0x0, 0x0, 0xe, 0xef, 0xff, 0xff, 0xe0, 0x0,
    0x6, 0xd3, 0xf3, 0x33, 0x32, 0x0, 0x0, 0xd7,
    0x3f, 0x0, 0x0, 0x0, 0x0, 0x4f, 0x3, 0xf0,
    0x0, 0x0, 0x0, 0xc, 0x90, 0x3f, 0x0, 0x0,
    0x0, 0x3, 0xf2, 0x3, 0xff, 0xff, 0xf9, 0x0,
    0xab, 0x0, 0x3f, 0x33, 0x33, 0x10, 0x1f, 0xff,
    0xff, 0xf0, 0x0, 0x0, 0x8, 0xd2, 0x22, 0x5f,
    0x0, 0x0, 0x0, 0xe6, 0x0, 0x3, 0xf3, 0x33,
    0x33, 0x6f, 0x0, 0x0, 0x3f, 0xff, 0xff, 0xf0,

    /* U+00C7 "Ç" */
    0x0, 0x19, 0xef, 0xd6, 0x0, 0x0, 0xdd, 0x64,
    0x7f, 0x90, 0x8, 0xd1, 0x0, 0x4, 0xf2, 0xe,
    0x60, 0x0, 0x0, 0x73, 0x1f, 0x20, 0x0, 0x0,
    0x0, 0x2f, 0x10, 0x0, 0x0, 0x0, 0x1f, 0x20,
    0x0, 0x0, 0x0, 0xe, 0x60, 0x0, 0x0, 0x73,
    0x8, 0xe1, 0x0, 0x4, 0xf2, 0x0, 0xdd, 0x64,
    0x7f, 0x90, 0x0, 0x19, 0xef, 0xd6, 0x0, 0x0,
    0x0, 0x1d, 0x30, 0x0, 0x0, 0x0, 0x4, 0xe0,
    0x0, 0x0, 0x0, 0x4c, 0xa0, 0x0,

    /* U+00C8 "È" */
    0x2, 0xf2, 0x0, 0x0, 0x7, 0xa0, 0x0, 0x0,
    0x1, 0x0, 0xc, 0xff, 0xff, 0xf7, 0xc9, 0x33,
    0x33, 0x1c, 0x80, 0x0, 0x0, 0xc8, 0x0, 0x0,
    0xc, 0x80, 0x0, 0x0, 0xcf, 0xff, 0xff, 0x1c,
    0x93, 0x33, 0x30, 0xc8, 0x0, 0x0, 0xc, 0x80,
    0x0, 0x0, 0xc9, 0x33, 0x33, 0x1c, 0xff, 0xff,
    0xf8,

    /* U+00C9 "É" */
    0x0, 0x2, 0x70, 0x0, 0x0, 0xb7, 0x0, 0x0,
    0x7, 0x0, 0xc, 0xff, 0xff, 0xf7, 0xc9, 0x33,
    0x33, 0x1c, 0x80, 0x0, 0x0, 0xc8, 0x0, 0x0,
    0xc, 0x80, 0x0, 0x0, 0xcf, 0xff, 0xff, 0x1c,
    0x93, 0x33, 0x30, 0xc8, 0x0, 0x0, 0xc, 0x80,
    0x0, 0x0, 0xc9, 0x33, 0x33, 0x1c, 0xff, 0xff,
    0xf8,

    /* U+00CA "Ê" */
    0x0, 0x38, 0x10, 0x0, 0x2e, 0x9b, 0x0, 0x5,
    0x40, 0x62, 0xc, 0xff, 0xff, 0xf7, 0xc9, 0x33,
    0x33, 0x1c, 0x80, 0x0, 0x0, 0xc8, 0x0, 0x0,
    0xc, 0x80, 0x0, 0x0, 0xcf, 0xff, 0xff, 0x1c,
    0x93, 0x33, 0x30, 0xc8, 0x0, 0x0, 0xc, 0x80,
    0x0, 0x0, 0xc9, 0x33, 0x33, 0x1c, 0xff, 0xff,
    0xf8,

    /* U+00CB "Ë" */
    0x6, 0x50, 0x84, 0x0, 0xb9, 0xd, 0x70, 0x0,
    0x0, 0x0, 0xc, 0xff, 0xff, 0xf7, 0xc9, 0x33,
    0x33, 0x1c, 0x80, 0x0, 0x0, 0xc8, 0x0, 0x0,
    0xc, 0x80, 0x0, 0x0, 0xcf, 0xff, 0xff, 0x1c,
    0x93, 0x33, 0x30, 0xc8, 0x0, 0x0, 0xc, 0x80,
    0x0, 0x0, 0xc9, 0x33, 0x33, 0x1c, 0xff, 0xff,
    0xf8,

    /* U+00CC "Ì" */
    0x9a, 0x1, 0xe2, 0x0, 0x0, 0xc8, 0xc, 0x80,
    0xc8, 0xc, 0x80, 0xc8, 0xc, 0x80, 0xc8, 0xc,
    0x80, 0xc8, 0xc, 0x80, 0xc8,

    /* U+00CD "Í" */
    0x6, 0x43, 0xe1, 0x44, 0xc, 0x80, 0xc8, 0xc,
    0x80, 0xc8, 0xc, 0x80, 0xc8, 0xc, 0x80, 0xc8,
    0xc, 0x80, 0xc8, 0xc, 0x80,

    /* U+00CE "Î" */
    0x0, 0x75, 0x0, 0x8, 0xbd, 0x40, 0x17, 0x2,
    0x70, 0x0, 0xc8, 0x0, 0x0, 0xc8, 0x0, 0x0,
    0xc8, 0x0, 0x0, 0xc8, 0x0, 0x0, 0xc8, 0x0,
    0x0, 0xc8, 0x0, 0x0, 0xc8, 0x0, 0x0, 0xc8,
    0x0, 0x0, 0xc8, 0x0, 0x0, 0xc8, 0x0, 0x0,
    0xc8, 0x0,

    /* U+00CF "Ï" */
    0x19, 0x2, 0x90, 0x3e, 0x25, 0xe0, 0x0, 0x0,
    0x0, 0x0, 0xc8, 0x0, 0x0, 0xc8, 0x0, 0x0,
    0xc8, 0x0, 0x0, 0xc8, 0x0, 0x0, 0xc8, 0x0,
    0x0, 0xc8, 0x0, 0x0, 0xc8, 0x0, 0x0, 0xc8,
    0x0, 0x0, 0xc8, 0x0, 0x0, 0xc8, 0x0, 0x0,
    0xc8, 0x0,

    /* U+00D0 "Ð" */
    0x9, 0xff, 0xff, 0xb3, 0x0, 0x9, 0xc3, 0x34,
    0xaf, 0x30, 0x9, 0xb0, 0x0, 0x9, 0xd0, 0x9,
    0xb0, 0x0, 0x1, 0xf3, 0x9, 0xb0, 0x0, 0x0,
    0xd6, 0xdf, 0xff, 0xf6, 0x0, 0xc7, 0x1a, 0xc2,
    0x20, 0x0, 0xe6, 0x9, 0xb0, 0x0, 0x1, 0xf3,
    0x9, 0xb0, 0x0, 0xa, 0xd0, 0x9, 0xc3, 0x34,
    0xbf, 0x30, 0x9, 0xff, 0xfe, 0xa2, 0x0,

    /* U+00D1 "Ñ" */
    0x0, 0x7e, 0xed, 0x10, 0x0, 0x0, 0x0, 0x0,
    0x0, 0xcf, 0x10, 0x0, 0xf, 0x5c, 0xfb, 0x0,
    0x0, 0xf5, 0xcc, 0xf4, 0x0, 0xf, 0x5c, 0x7c,
    0xe0, 0x0, 0xf5, 0xc8, 0x3f, 0x80, 0xf, 0x5c,
    0x80, 0x9f, 0x20, 0xf5, 0xc8, 0x1, 0xec, 0xf,
    0x5c, 0x80, 0x6, 0xf5, 0xf5, 0xc8, 0x0, 0xc,
    0xdf, 0x5c, 0x80, 0x0, 0x2f, 0xf5, 0xc8, 0x0,
    0x0, 0x8f, 0x50,

    /* U+00D2 "Ò" */
    0x0, 0x2, 0xf2, 0x0, 0x0, 0x0, 0x0, 0x79,
    0x0, 0x0, 0x0, 0x0, 0x1, 0x0, 0x0, 0x0,
    0x19, 0xef, 0xd6, 0x0, 0x0, 0xdd, 0x64, 0x7f,
    0x90, 0x8, 0xe1, 0x0, 0x3, 0xf3, 0xe, 0x60,
    0x0, 0x0, 0xb9, 0x1f, 0x20, 0x0, 0x0, 0x7c,
    0x2f, 0x10, 0x0, 0x0, 0x6d, 0x1f, 0x20, 0x0,
    0x0, 0x7c, 0xe, 0x60, 0x0, 0x0, 0xb9, 0x8,
    0xe1, 0x0, 0x4, 0xf3, 0x0, 0xdd, 0x64, 0x7f,
    0x90, 0x0, 0x19, 0xef, 0xd6, 0x0,

    /* U+00D3 "Ó" */
    0x0, 0x0, 0x6, 0xd0, 0x0, 0x0, 0x0, 0xc,
    0x50, 0x0, 0x0, 0x0, 0x7, 0x0, 0x0, 0x0,
    0x19, 0xef, 0xd6, 0x0, 0x0, 0xdd, 0x64, 0x7f,
    0x90, 0x8, 0xe1, 0x0, 0x3, 0xf3, 0xe, 0x60,
    0x0, 0x0, 0xb9, 0x1f, 0x20, 0x0, 0x0, 0x7c,
    0x2f, 0x10, 0x0, 0x0, 0x6d, 0x1f, 0x20, 0x0,
    0x0, 0x7c, 0xe, 0x60, 0x0, 0x0, 0xb9, 0x8,
    0xe1, 0x0, 0x4, 0xf3, 0x0, 0xdd, 0x64, 0x7f,
    0x90, 0x0, 0x19, 0xef, 0xd6, 0x0,

    /* U+00D4 "Ô" */
    0x0, 0x0, 0xaf, 0x50, 0x0, 0x0, 0x7, 0xc2,
    0xe2, 0x0, 0x0, 0x0, 0x0, 0x0, 0x0, 0x0,
    0x19, 0xef, 0xd6, 0x0, 0x0, 0xdd, 0x64, 0x7f,
    0x90, 0x8, 0xe1, 0x0, 0x3, 0xf3, 0xe, 0x60,
    0x0, 0x0, 0xb9, 0x1f, 0x20, 0x0, 0x0, 0x7c,
    0x2f, 0x10, 0x0, 0x0, 0x6d, 0x1f, 0x20, 0x0,
    0x0, 0x7c, 0xe, 0x60, 0x0, 0x0, 0xb9, 0x8,
    0xe1, 0x0, 0x4, 0xf3, 0x0, 0xdd, 0x64, 0x7f,
    0x90, 0x0, 0x19, 0xef, 0xd6, 0x0,

    /* U+00D5 "Õ" */
    0x0, 0x4, 0xe5, 0x84, 0x0, 0x0, 0x8, 0x49,
    0xd0, 0x0, 0x0, 0x0, 0x0, 0x0, 0x0, 0x0,
    0x19, 0xef, 0xd6, 0x0, 0x0, 0xdd, 0x64, 0x7f,
    0x90, 0x8, 0xe1, 0x0, 0x3, 0xf3, 0xe, 0x60,
    0x0, 0x0, 0xb9, 0x1f, 0x20, 0x0, 0x0, 0x7c,
    0x2f, 0x10, 0x0, 0x0, 0x6d, 0x1f, 0x20, 0x0,
    0x0, 0x7c, 0xe, 0x60, 0x0, 0x0, 0xb9, 0x8,
    0xe1, 0x0, 0x4, 0xf3, 0x0, 0xdd, 0x64, 0x7f,
    0x90, 0x0, 0x19, 0xef, 0xd6, 0x0,

    /* U+00D6 "Ö" */
    0x0, 0x7, 0x50, 0x84, 0x0, 0x0, 0xb, 0x90,
    0xd7, 0x0, 0x0, 0x0, 0x0, 0x0, 0x0, 0x0,
    0x19, 0xef, 0xd6, 0x0, 0x0, 0xdd, 0x64, 0x7f,
    0x90, 0x8, 0xe1, 0x0, 0x3, 0xf3, 0xe, 0x60,
    0x0, 0x0, 0xb9, 0x1f, 0x20, 0x0, 0x0, 0x7c,
    0x2f, 0x10, 0x0, 0x0, 0x6d, 0x1f, 0x20, 0x0,
    0x0, 0x7c, 0xe, 0x60, 0x0, 0x0, 0xb9, 0x8,
    0xe1, 0x0, 0x4, 0xf3, 0x0, 0xdd, 0x64, 0x7f,
    0x90, 0x0, 0x19, 0xef, 0xd6, 0x0,

    /* U+00D7 "×" */
    0x2, 0x0, 0x1, 0x24, 0xf3, 0x0, 0xc9, 0x7,
    0xe3, 0xcb, 0x0, 0x8, 0xfc, 0x0, 0x0, 0xbe,
    0xe2, 0x0, 0xbc, 0x19, 0xe1, 0x4d, 0x10, 0x9,
    0x90, 0x0, 0x0, 0x0,

    /* U+00D8 "Ø" */
    0x0, 0x0, 0x0, 0x0, 0x0, 0x0, 0x19, 0xef,
    0xd7, 0xe2, 0x0, 0xdd, 0x64, 0x7f, 0xd0, 0x8,
    0xe1, 0x0, 0x5f, 0xf3, 0xe, 0x60, 0x1, 0xe5,
    0xb9, 0x1f, 0x20, 0xa, 0xa0, 0x7c, 0x2f, 0x10,
    0x4e, 0x10, 0x6d, 0x1f, 0x21, 0xe5, 0x0, 0x7c,
    0xe, 0x69, 0xb0, 0x0, 0xb9, 0x8, 0xee, 0x10,
    0x4, 0xf3, 0x1, 0xfe, 0x64, 0x7f, 0x90, 0x6,
    0xb9, 0xef, 0xd6, 0x0, 0x0, 0x0, 0x0, 0x0,
    0x0,

    /* U+00D9 "Ù" */
    0x0, 0x4f, 0x10, 0x0, 0x0, 0x0, 0xa7, 0x0,
    0x0, 0x0, 0x0, 0x0, 0x0, 0xc, 0x80, 0x0,
    0x1, 0xf3, 0xc8, 0x0, 0x0, 0x1f, 0x3c, 0x80,
    0x0, 0x1, 0xf3, 0xc8, 0x0, 0x0, 0x1f, 0x3c,
    0x80, 0x0, 0x1, 0xf3, 0xc8, 0x0, 0x0, 0x1f,
    0x3c, 0x80, 0x0, 0x1, 0xf3, 0xb9, 0x0, 0x0,
    0x2f, 0x28, 0xe0, 0x0, 0x7, 0xe0, 0x1e, 0xc5,
    0x48, 0xf6, 0x0, 0x1a, 0xff, 0xd5, 0x0,

    /* U+00DA "Ú" */
    0x0, 0x0, 0x8b, 0x0, 0x0, 0x0, 0xe, 0x30,
    0x0, 0x0, 0x1, 0x60, 0x0, 0xc, 0x80, 0x0,
    0x1, 0xf3, 0xc8, 0x0, 0x0, 0x1f, 0x3c, 0x80,
    0x0, 0x1, 0xf3, 0xc8, 0x0, 0x0, 0x1f, 0x3c,
    0x80, 0x0, 0x1, 0xf3, 0xc8, 0x0, 0x0, 0x1f,
    0x3c, 0x80, 0x0, 0x1, 0xf3, 0xb9, 0x0, 0x0,
    0x2f, 0x28, 0xe0, 0x0, 0x7, 0xe0, 0x1e, 0xc5,
    0x48, 0xf6, 0x0, 0x1a, 0xff, 0xd5, 0x0,

    /* U+00DB "Û" */
    0x0, 0xc, 0xe3, 0x0, 0x0, 0xa, 0xa3, 0xe1,
    0x0, 0x0, 0x0, 0x0, 0x0, 0xc, 0x80, 0x0,
    0x1, 0xf3, 0xc8, 0x0, 0x0, 0x1f, 0x3c, 0x80,
    0x0, 0x1, 0xf3, 0xc8, 0x0, 0x0, 0x1f, 0x3c,
    0x80, 0x0, 0x1, 0xf3, 0xc8, 0x0, 0x0, 0x1f,
    0x3c, 0x80, 0x0, 0x1, 0xf3, 0xb9, 0x0, 0x0,
    0x2f, 0x28, 0xe0, 0x0, 0x7, 0xe0, 0x1e, 0xc5,
    0x48, 0xf6, 0x0, 0x1a, 0xff, 0xd5, 0x0,

    /* U+00DC "Ü" */
    0x0, 0x83, 0x9, 0x20, 0x0, 0xd, 0x61, 0xe5,
    0x0, 0x0, 0x0, 0x0, 0x0, 0xc, 0x80, 0x0,
    0x1, 0xf3, 0xc8, 0x0, 0x0, 0x1f, 0x3c, 0x80,
    0x0, 0x1, 0xf3, 0xc8, 0x0, 0x0, 0x1f, 0x3c,
    0x80, 0x0, 0x1, 0xf3, 0xc8, 0x0, 0x0, 0x1f,
    0x3c, 0x80, 0x0, 0x1, 0xf3, 0xb9, 0x0, 0x0,
    0x2f, 0x28, 0xe0, 0x0, 0x7, 0xe0, 0x1e, 0xc5,
    0x48, 0xf6, 0x0, 0x1a, 0xff, 0xd5, 0x0,

    /* U+00DD "Ý" */
    0x0, 0x0, 0x7, 0x30, 0x0, 0x0, 0x0, 0x4d,
    0x0, 0x0, 0x0, 0x0, 0x53, 0x0, 0x0, 0x5f,
    0x20, 0x0, 0xa, 0xd0, 0xc, 0xb0, 0x0, 0x3f,
    0x40, 0x3, 0xf4, 0x0, 0xcb, 0x0, 0x0, 0x9d,
    0x5, 0xf2, 0x0, 0x0, 0x1f, 0x6d, 0x80, 0x0,
    0x0, 0x7, 0xfe, 0x0, 0x0, 0x0, 0x0, 0xe7,
    0x0, 0x0, 0x0, 0x0, 0xe6, 0x0, 0x0, 0x0,
    0x0, 0xe6, 0x0, 0x0, 0x0, 0x0, 0xe6, 0x0,
    0x0, 0x0, 0x0, 0xe6, 0x0, 0x0,

    /* U+00DE "Þ" */
    0xd7, 0x0, 0x0, 0xd, 0x70, 0x0, 0x0, 0xd7,
    0x0, 0x0, 0xd, 0xff, 0xfd, 0x60, 0xd9, 0x23,
    0x6f, 0x5d, 0x70, 0x0, 0x9b, 0xd7, 0x0, 0x8,
    0xbd, 0x70, 0x3, 0xe6, 0xdf, 0xff, 0xf8, 0xd,
    0x92, 0x20, 0x0, 0xd7, 0x0, 0x0, 0x0,

    /* U+00DF "ß" */
    0x8, 0xef, 0xc2, 0x7, 0xf5, 0x3b, 0xe0, 0xb8,
    0x0, 0x1f, 0x3c, 0x70, 0x1, 0xf2, 0xc7, 0x0,
    0x9b, 0xc, 0x73, 0xfe, 0x40, 0xc7, 0x3, 0x6f,
    0x5c, 0x70, 0x0, 0x8c, 0xc7, 0x0, 0x7, 0xcc,
    0x70, 0x35, 0xe7, 0xc7, 0x4f, 0xe8, 0x0,

    /* U+00E0 "à" */
    0x0, 0x10, 0x0, 0x0, 0xa, 0xa0, 0x0, 0x0,
    0x1e, 0x20, 0x0, 0x0, 0x0, 0x0, 0x3, 0xbf,
    0xfa, 0x0, 0xea, 0x23, 0xd8, 0x1, 0x0, 0x7,
    0xc0, 0x16, 0x9c, 0xfc, 0x1e, 0xb6, 0x48, 0xc5,
    0xe0, 0x0, 0x8c, 0x3f, 0x52, 0x6e, 0xc0, 0x7e,
    0xfa, 0x7c,

    /* U+00E1 "á" */
    0x0, 0x1, 0xf4, 0x0, 0x0, 0x79, 0x0, 0x0,
    0x0, 0x0, 0x0, 0x3b, 0xff, 0xa0, 0xe, 0xa2,
    0x3d, 0x80, 0x10, 0x0, 0x7c, 0x1, 0x69, 0xcf,
    0xc1, 0xeb, 0x64, 0x8c, 0x5e, 0x0, 0x8, 0xc3,
    0xf5, 0x26, 0xec, 0x7, 0xef, 0xa7, 0xc0,

    /* U+00E2 "â" */
    0x0, 0x5c, 0xc1, 0x0, 0x17, 0x3, 0x50, 0x0,
    0x0, 0x0, 0x0, 0x3b, 0xff, 0xa0, 0xe, 0xa2,
    0x3d, 0x80, 0x10, 0x0, 0x7c, 0x1, 0x69, 0xcf,
    0xc1, 0xeb, 0x64, 0x8c, 0x5e, 0x0, 0x8, 0xc3,
    0xf5, 0x26, 0xec, 0x7, 0xef, 0xa7, 0xc0,

    /* U+00E3 "ã" */
    0x0, 0xcb, 0x2c, 0x0, 0x2b, 0x3d, 0x60, 0x0,
    0x0, 0x0, 0x0, 0x3b, 0xff, 0xa0, 0xe, 0xa2,
    0x3d, 0x80, 0x10, 0x0, 0x7c, 0x1, 0x69, 0xcf,
    0xc1, 0xeb, 0x64, 0x8c, 0x5e, 0x0, 0x8, 0xc3,
    0xf5, 0x26, 0xec, 0x7, 0xef, 0xa7, 0xc0,

    /* U+00E4 "ä" */
    0x4, 0xe1, 0x6e, 0x0, 0x29, 0x3, 0x80, 0x0,
    0x0, 0x0, 0x0, 0x3b, 0xff, 0xa0, 0xe, 0xa2,
    0x3d, 0x80, 0x10, 0x0, 0x7c, 0x1, 0x69, 0xcf,
    0xc1, 0xeb, 0x64, 0x8c, 0x5e, 0x0, 0x8, 0xc3,
    0xf5, 0x26, 0xec, 0x7, 0xef, 0xa7, 0xc0,

    /* U+00E5 "å" */
    0x0, 0x6d, 0xc2, 0x0, 0xf, 0x17, 0x90, 0x0,
    0x6d, 0xc2, 0x0, 0x0, 0x0, 0x0, 0x3, 0xbf,
    0xfa, 0x0, 0xea, 0x23, 0xd8, 0x1, 0x0, 0x7,
    0xc0, 0x16, 0x9c, 0xfc, 0x1e, 0xb6, 0x48, 0xc5,
    0xe0, 0x0, 0x8c, 0x3f, 0x52, 0x6e, 0xc0, 0x7e,
    0xfa, 0x7c,

    /* U+00E6 "æ" */
    0x3, 0xcf, 0xf9, 0x2b, 0xfe, 0x90, 0x0, 0xe9,
    0x23, 0xdf, 0xa2, 0x3c, 0xa0, 0x0, 0x0, 0x7,
    0xd0, 0x0, 0x3f, 0x0, 0x4b, 0xef, 0xff, 0xff,
    0xff, 0xf2, 0x2f, 0x72, 0x28, 0xb2, 0x22, 0x22,
    0x6, 0xe0, 0x0, 0x9d, 0x0, 0x1, 0x40, 0x3f,
    0x62, 0x6e, 0xda, 0x33, 0xcb, 0x0, 0x6e, 0xfc,
    0x31, 0xaf, 0xfa, 0x10,

    /* U+00E7 "ç" */
    0x0, 0x8e, 0xfb, 0x20, 0x9, 0xd4, 0x29, 0xe0,
    0x1f, 0x40, 0x0, 0x50, 0x4f, 0x0, 0x0, 0x0,
    0x4f, 0x0, 0x0, 0x0, 0x1f, 0x40, 0x0, 0x61,
    0x9, 0xd4, 0x29, 0xe1, 0x0, 0x8e, 0xfb, 0x20,
    0x0, 0x4, 0xc3, 0x0, 0x0, 0x0, 0x4c, 0x0,
    0x0, 0x6, 0xc8, 0x0,

    /* U+00E8 "è" */
    0x0, 0x0, 0x0, 0x0, 0x0, 0x5e, 0x0, 0x0,
    0x0, 0xa, 0x60, 0x0, 0x0, 0x0, 0x0, 0x0,
    0x0, 0x8e, 0xfb, 0x20, 0x9, 0xd3, 0x29, 0xe0,
    0x1f, 0x20, 0x0, 0xe5, 0x4f, 0xff, 0xff, 0xf7,
    0x4f, 0x22, 0x22, 0x21, 0x1f, 0x30, 0x0, 0x40,
    0x9, 0xd4, 0x28, 0xf1, 0x0, 0x8e, 0xfc, 0x30,

    /* U+00E9 "é" */
    0x0, 0x0, 0xb9, 0x0, 0x0, 0x3, 0xd0, 0x0,
    0x0, 0x0, 0x0, 0x0, 0x0, 0x8e, 0xfb, 0x20,
    0x9, 0xd3, 0x29, 0xe0, 0x1f, 0x20, 0x0, 0xe5,
    0x4f, 0xff, 0xff, 0xf7, 0x4f, 0x22, 0x22, 0x21,
    0x1f, 0x30, 0x0, 0x40, 0x9, 0xd4, 0x28, 0xf1,
    0x0, 0x8e, 0xfc, 0x30,

    /* U+00EA "ê" */
    0x0, 0xd, 0xe2, 0x0, 0x0, 0xb8, 0x4d, 0x10,
    0x0, 0x0, 0x0, 0x0, 0x0, 0x8e, 0xfb, 0x20,
    0x9, 0xd3, 0x29, 0xe0, 0x1f, 0x20, 0x0, 0xe5,
    0x4f, 0xff, 0xff, 0xf7, 0x4f, 0x22, 0x22, 0x21,
    0x1f, 0x30, 0x0, 0x40, 0x9, 0xd4, 0x28, 0xf1,
    0x0, 0x8e, 0xfc, 0x30,

    /* U+00EB "ë" */
    0x0, 0xe5, 0x2e, 0x30, 0x0, 0x93, 0x9, 0x10,
    0x0, 0x0, 0x0, 0x0, 0x0, 0x8e, 0xfb, 0x20,
    0x9, 0xd3, 0x29, 0xe0, 0x1f, 0x20, 0x0, 0xe5,
    0x4f, 0xff, 0xff, 0xf7, 0x4f, 0x22, 0x22, 0x21,
    0x1f, 0x30, 0x0, 0x40, 0x9, 0xd4, 0x28, 0xf1,
    0x0, 0x8e, 0xfc, 0x30,

    /* U+00EC "ì" */
    0xc, 0x80, 0x2, 0xe0, 0x0, 0x10, 0x0, 0xe5,
    0x0, 0xe5, 0x0, 0xe5, 0x0, 0xe5, 0x0, 0xe5,
    0x0, 0xe5, 0x0, 0xe5, 0x0, 0xe5,

    /* U+00ED "í" */
    0x2f, 0x39, 0x80, 0x0, 0xe, 0x50, 0xe5, 0xe,
    0x50, 0xe5, 0xe, 0x50, 0xe5, 0xe, 0x50, 0xe5,
    0x0,

    /* U+00EE "î" */
    0x4, 0xfa, 0x2, 0xe2, 0xb7, 0x0, 0x0, 0x0,
    0xe, 0x50, 0x0, 0xe5, 0x0, 0xe, 0x50, 0x0,
    0xe5, 0x0, 0xe, 0x50, 0x0, 0xe5, 0x0, 0xe,
    0x50, 0x0, 0xe5, 0x0,

    /* U+00EF "ï" */
    0x6e, 0x8, 0xc3, 0x90, 0x47, 0x0, 0x0, 0x0,
    0xe, 0x50, 0x0, 0xe5, 0x0, 0xe, 0x50, 0x0,
    0xe5, 0x0, 0xe, 0x50, 0x0, 0xe5, 0x0, 0xe,
    0x50, 0x0, 0xe5, 0x0,

    /* U+00F0 "ð" */
    0x0, 0x43, 0x0, 0x10, 0x0, 0x4e, 0x9d, 0x50,
    0x0, 0x5d, 0xe8, 0x0, 0x0, 0x41, 0x1e, 0x30,
    0x0, 0x8e, 0xc9, 0xb0, 0x9, 0xd3, 0x2b, 0xf1,
    0x1f, 0x30, 0x1, 0xf5, 0x3f, 0x0, 0x0, 0xd6,
    0x4f, 0x0, 0x0, 0xc6, 0x1f, 0x30, 0x1, 0xf3,
    0xa, 0xd3, 0x3b, 0xc0, 0x0, 0x9e, 0xfa, 0x10,

    /* U+00F1 "ñ" */
    0x7, 0xd3, 0xc1, 0x0, 0xc2, 0xbb, 0x0, 0x0,
    0x0, 0x0, 0xe, 0x6c, 0xfd, 0x40, 0xed, 0x31,
    0xae, 0xe, 0x60, 0x1, 0xf2, 0xe5, 0x0, 0xf,
    0x3e, 0x50, 0x0, 0xf3, 0xe5, 0x0, 0xf, 0x3e,
    0x50, 0x0, 0xf3, 0xe5, 0x0, 0xf, 0x30,

    /* U+00F2 "ò" */
    0x0, 0x1, 0x0, 0x0, 0x0, 0x4f, 0x10, 0x0,
    0x0, 0x9, 0x70, 0x0, 0x0, 0x0, 0x0, 0x0,
    0x0, 0x8e, 0xfb, 0x20, 0x9, 0xd4, 0x29, 0xe1,
    0x1f, 0x40, 0x0, 0xd7, 0x4f, 0x0, 0x0, 0x9a,
    0x4f, 0x0, 0x0, 0x9a, 0x1f, 0x40, 0x0, 0xd7,
    0x9, 0xd4, 0x29, 0xe1, 0x0, 0x8e, 0xfb, 0x20,

    /* U+00F3 "ó" */
    0x0, 0x0, 0xaa, 0x0, 0x0, 0x2, 0xe1, 0x0,
    0x0, 0x0, 0x0, 0x0, 0x0, 0x8e, 0xfb, 0x20,
    0x9, 0xd4, 0x29, 0xe1, 0x1f, 0x40, 0x0, 0xd7,
    0x4f, 0x0, 0x0, 0x9a, 0x4f, 0x0, 0x0, 0x9a,
    0x1f, 0x40, 0x0, 0xd7, 0x9, 0xd4, 0x29, 0xe1,
    0x0, 0x8e, 0xfb, 0x20,

    /* U+00F4 "ô" */
    0x0, 0xc, 0xe3, 0x0, 0x0, 0xa9, 0x3d, 0x10,
    0x0, 0x0, 0x0, 0x0, 0x0, 0x8e, 0xfb, 0x20,
    0x9, 0xd4, 0x29, 0xe1, 0x1f, 0x40, 0x0, 0xd7,
    0x4f, 0x0, 0x0, 0x9a, 0x4f, 0x0, 0x0, 0x9a,
    0x1f, 0x40, 0x0, 0xd7, 0x9, 0xd4, 0x29, 0xe1,
    0x0, 0x8e, 0xfb, 0x20,

    /* U+00F5 "õ" */
    0x0, 0x6e, 0x3b, 0x20, 0x0, 0xb2, 0xbb, 0x0,
    0x0, 0x0, 0x0, 0x0, 0x0, 0x8e, 0xfb, 0x20,
    0x9, 0xd4, 0x29, 0xe1, 0x1f, 0x40, 0x0, 0xd7,
    0x4f, 0x0, 0x0, 0x9a, 0x4f, 0x0, 0x0, 0x9a,
    0x1f, 0x40, 0x0, 0xd7, 0x9, 0xd4, 0x29, 0xe1,
    0x0, 0x8e, 0xfb, 0x20,

    /* U+00F6 "ö" */
    0x0, 0xe6, 0x1e, 0x40, 0x0, 0x83, 0x9, 0x20,
    0x0, 0x0, 0x0, 0x0, 0x0, 0x8e, 0xfb, 0x20,
    0x9, 0xd4, 0x29, 0xe1, 0x1f, 0x40, 0x0, 0xd7,
    0x4f, 0x0, 0x0, 0x9a, 0x4f, 0x0, 0x0, 0x9a,
    0x1f, 0x40, 0x0, 0xd7, 0x9, 0xd4, 0x29, 0xe1,
    0x0, 0x8e, 0xfb, 0x20,

    /* U+00F7 "÷" */
    0x0, 0x2e, 0x50, 0x0, 0x1, 0xd4, 0x0, 0x0,
    0x0, 0x0, 0x9, 0xff, 0xff, 0xfd, 0x13, 0x33,
    0x33, 0x20, 0x1, 0xc4, 0x0, 0x0, 0x2f, 0x50,
    0x0,

    /* U+00F8 "ø" */
    0x0, 0x0, 0x0, 0x0, 0x0, 0x8e, 0xfb, 0x99,
    0x9, 0xd4, 0x2b, 0xf2, 0x1f, 0x40, 0x3e, 0xe7,
    0x4f, 0x1, 0xe4, 0x9a, 0x4f, 0xc, 0x70, 0x9a,
    0x1f, 0xc9, 0x0, 0xd7, 0xb, 0xf4, 0x29, 0xe1,
    0x3d, 0x9e, 0xfb, 0x20, 0x1, 0x0, 0x0, 0x0,

    /* U+00F9 "ù" */
    0x0, 0x0, 0x0, 0x0, 0x4e, 0x0, 0x0, 0x0,
    0xa6, 0x0, 0x0, 0x0, 0x0, 0x0, 0xe5, 0x0,
    0xf, 0x3e, 0x50, 0x0, 0xf3, 0xe5, 0x0, 0xf,
    0x3e, 0x50, 0x0, 0xf3, 0xe5, 0x0, 0xf, 0x3e,
    0x60, 0x2, 0xf3, 0xad, 0x33, 0xbf, 0x31, 0xbf,
    0xd4, 0xf3,

    /* U+00FA "ú" */
    0x0, 0xb, 0x90, 0x0, 0x2, 0xd0, 0x0, 0x0,
    0x0, 0x0, 0xe, 0x50, 0x0, 0xf3, 0xe5, 0x0,
    0xf, 0x3e, 0x50, 0x0, 0xf3, 0xe5, 0x0, 0xf,
    0x3e, 0x50, 0x0, 0xf3, 0xe6, 0x0, 0x2f, 0x3a,
    0xd3, 0x3b, 0xf3, 0x1b, 0xfd, 0x4f, 0x30,

    /* U+00FB "û" */
    0x0, 0xde, 0x20, 0x0, 0xb8, 0x4d, 0x10, 0x0,
    0x0, 0x0, 0xe, 0x50, 0x0, 0xf3, 0xe5, 0x0,
    0xf, 0x3e, 0x50, 0x0, 0xf3, 0xe5, 0x0, 0xf,
    0x3e, 0x50, 0x0, 0xf3, 0xe6, 0x0, 0x2f, 0x3a,
    0xd3, 0x3b, 0xf3, 0x1b, 0xfd, 0x4f, 0x30,

    /* U+00FC "ü" */
    0xe, 0x52, 0xe3, 0x0, 0x93, 0x9, 0x20, 0x0,
    0x0, 0x0, 0xe, 0x50, 0x0, 0xf3, 0xe5, 0x0,
    0xf, 0x3e, 0x50, 0x0, 0xf3, 0xe5, 0x0, 0xf,
    0x3e, 0x50, 0x0, 0xf3, 0xe6, 0x0, 0x2f, 0x3a,
    0xd3, 0x3b, 0xf3, 0x1b, 0xfd, 0x4f, 0x30,

    /* U+00FD "ý" */
    0x0, 0x0, 0xd6, 0x0, 0x0, 0x5, 0xb0, 0x0,
    0x0, 0x0, 0x0, 0x0, 0x7e, 0x0, 0x0, 0xf5,
    0x1f, 0x30, 0x5, 0xe0, 0xb, 0x90, 0xb, 0x90,
    0x5, 0xe0, 0x1f, 0x30, 0x0, 0xf4, 0x6d, 0x0,
    0x0, 0xa9, 0xb7, 0x0, 0x0, 0x4e, 0xf1, 0x0,
    0x0, 0xe, 0xc0, 0x0, 0x0, 0xe, 0x60, 0x0,
    0x2, 0x7e, 0x0, 0x0, 0xe, 0xe4, 0x0, 0x0,

    /* U+00FE "þ" */
    0xe5, 0x0, 0x0, 0xe, 0x50, 0x0, 0x0, 0xe5,
    0x0, 0x0, 0xe, 0x6b, 0xfd, 0x50, 0xee, 0x62,
    0x7f, 0x3e, 0x90, 0x0, 0xaa, 0xe5, 0x0, 0x6,
    0xde, 0x50, 0x0, 0x7d, 0xe9, 0x0, 0xb, 0xae,
    0xe6, 0x27, 0xf3, 0xe6, 0xbf, 0xd5, 0xe, 0x50,
    0x0, 0x0, 0xe5, 0x0, 0x0, 0xe, 0x50, 0x0,
    0x0,

    /* U+00FF "ÿ" */
    0x3, 0xe3, 0x4e, 0x10, 0x1, 0x91, 0x29, 0x0,
    0x0, 0x0, 0x0, 0x0, 0x7e, 0x0, 0x0, 0xf5,
    0x1f, 0x30, 0x5, 0xe0, 0xb, 0x90, 0xb, 0x90,
    0x5, 0xe0, 0x1f, 0x30, 0x0, 0xf4, 0x6d, 0x0,
    0x0, 0xa9, 0xb7, 0x0, 0x0, 0x4e, 0xf1, 0x0,
    0x0, 0xe, 0xc0, 0x0, 0x0, 0xe, 0x60, 0x0,
    0x2, 0x7e, 0x0, 0x0, 0xe, 0xe4, 0x0, 0x0,

    /* U+2010 "‐" */
    0xbf, 0xff, 0xc2, 0x22, 0x22,

    /* U+2011 "‑" */
    0xbf, 0xff, 0xc2, 0x22, 0x22,

    /* U+2012 "‒" */
    0x5f, 0xff, 0xff, 0xff, 0x60, 0x22, 0x22, 0x22,
    0x21,

    /* U+2013 "–" */
    0xff, 0xff, 0xff, 0xf2, 0x22, 0x22, 0x22,

    /* U+2014 "—" */
    0xff, 0xff, 0xff, 0xff, 0xff, 0xff, 0xff, 0x22,
    0x22, 0x22, 0x22, 0x22, 0x22, 0x22,

    /* U+2015 "―" */
    0xff, 0xff, 0xff, 0xff, 0xff, 0xff, 0xff, 0x22,
    0x22, 0x22, 0x22, 0x22, 0x22, 0x22,

    /* U+2016 "‖" */
    0x16, 0x17, 0x3d, 0x2e, 0x3d, 0x2e, 0x3d, 0x2e,
    0x3d, 0x2e, 0x3d, 0x2e, 0x3d, 0x2e, 0x3d, 0x2e,
    0x3d, 0x2e, 0x3d, 0x2e, 0x3d, 0x2e, 0x3d, 0x2e,
    0x3d, 0x2e, 0x3d, 0x2e, 0x3d, 0x2e, 0x3d, 0x2e,
    0x3d, 0x2e, 0x3d, 0x2e,

    /* U+2017 "‗" */
    0xf, 0xff, 0xff, 0xf5, 0x2, 0x22, 0x22, 0x20,
    0xf, 0xff, 0xff, 0xf5, 0x2, 0x22, 0x22, 0x20,

    /* U+2018 "‘" */
    0xf, 0x3, 0xe0, 0x8b, 0xc, 0x90,

    /* U+2019 "’" */
    0x6f, 0x8, 0xb0, 0xa6, 0xd, 0x20,

    /* U+201A "‚" */
    0x0, 0x0, 0xab, 0xc, 0x60, 0xf2, 0x1e, 0x0,

    /* U+201B "‛" */
    0x5f, 0x1, 0xf2, 0xc, 0x50, 0x87,

    /* U+201C "“" */
    0xf, 0x7, 0x83, 0xe0, 0xb6, 0x8b, 0xf, 0x3c,
    0x94, 0xf1,

    /* U+201D "”" */
    0x6f, 0xd, 0x78, 0xb0, 0xf3, 0xa6, 0x2f, 0xd,
    0x25, 0xa0,

    /* U+201E "„" */
    0xa, 0xb2, 0xf3, 0xc, 0x64, 0xe0, 0xf, 0x26,
    0xa0, 0x1e, 0x9, 0x60,

    /* U+201F "‟" */
    0x5f, 0xc, 0x80, 0x1f, 0x28, 0xb0, 0xc, 0x54,
    0xd0, 0x8, 0x70, 0xf0,

    /* U+2020 "†" */
    0x0, 0x2f, 0x0, 0x0, 0x2, 0xf0, 0x0, 0x3f,
    0xff, 0xff, 0x10, 0x24, 0xf2, 0x20, 0x0, 0x2f,
    0x0, 0x0, 0x1, 0xf0, 0x0, 0x0, 0xe, 0x0,
    0x0, 0x0, 0xd0, 0x0,

    /* U+2021 "‡" */
    0x0, 0x2f, 0x0, 0x0, 0x2, 0xf0, 0x0, 0x0,
    0x2f, 0x0, 0x3, 0xff, 0xff, 0xf1, 0x2, 0x4f,
    0x22, 0x0, 0x2, 0xf0, 0x0, 0x3f, 0xff, 0xff,
    0x10, 0x24, 0xf2, 0x20, 0x0, 0x2f, 0x0, 0x0,
    0x1, 0xf0, 0x0, 0x0, 0xd, 0x0, 0x0,

    /* U+2022 "•" */
    0x1, 0x76, 0x0, 0xd, 0xff, 0xb0, 0x3f, 0xff,
    0xf1, 0x1f, 0xff, 0xf0, 0x6, 0xee, 0x40,

    /* U+2023 "‣" */
    0x30, 0x0, 0x9, 0xc3, 0x0, 0x9f, 0xf8, 0x9,
    0xfc, 0x20, 0x86, 0x0, 0x0, 0x0, 0x0,

    /* U+2024 "․" */
    0xaa, 0xbb,

    /* U+2025 "‥" */
    0xaa, 0x0, 0x9b, 0xbb, 0x0, 0xac,

    /* U+2026 "…" */
    0xaa, 0x0, 0x9b, 0x0, 0x9b, 0xbb, 0x0, 0xac,
    0x0, 0xad,

    /* U+2190 "←" */
    0x0, 0x0, 0x84, 0x0, 0x0, 0x0, 0x0, 0x9e,
    0x20, 0x0, 0x0, 0x0, 0x9d, 0x20, 0x0, 0x0,
    0x0, 0x9c, 0x10, 0x0, 0x0, 0x0, 0x5f, 0xef,
    0xff, 0xff, 0xff, 0x90, 0xab, 0x21, 0x11, 0x11,
    0x11, 0x0, 0xac, 0x10, 0x0, 0x0, 0x0, 0x0,
    0xad, 0x10, 0x0, 0x0, 0x0, 0x0, 0xa4, 0x0,
    0x0, 0x0,

    /* U+2191 "↑" */
    0x0, 0x0, 0x10, 0x0, 0x0, 0x0, 0x3, 0xf7,
    0x0, 0x0, 0x0, 0x3e, 0xed, 0x70, 0x0, 0x3,
    0xf4, 0xe4, 0xe8, 0x0, 0x3f, 0x60, 0xe3, 0x2e,
    0x80, 0x66, 0x0, 0xe3, 0x2, 0x90, 0x0, 0x0,
    0xe3, 0x0, 0x0, 0x0, 0x0, 0xe3, 0x0, 0x0,
    0x0, 0x0, 0xe3, 0x0, 0x0, 0x0, 0x0, 0xe3,
    0x0, 0x0, 0x0, 0x0, 0xe3, 0x0, 0x0,

    /* U+2192 "→" */
    0x0, 0x0, 0x1, 0xa1, 0x0, 0x0, 0x0, 0x0,
    0xa, 0xd1, 0x0, 0x0, 0x0, 0x0, 0x9, 0xd1,
    0x0, 0x0, 0x0, 0x0, 0x7, 0xd1, 0x4f, 0xff,
    0xff, 0xff, 0xff, 0xb0, 0x11, 0x11, 0x11, 0x17,
    0xd2, 0x0, 0x0, 0x0, 0x8, 0xe2, 0x0, 0x0,
    0x0, 0x9, 0xe2, 0x0, 0x0, 0x0, 0x1, 0xc2,
    0x0, 0x0,

    /* U+2193 "↓" */
    0x0, 0x0, 0x20, 0x0, 0x0, 0x0, 0x0, 0xe3,
    0x0, 0x0, 0x0, 0x0, 0xe3, 0x0, 0x0, 0x0,
    0x0, 0xe3, 0x0, 0x0, 0x0, 0x0, 0xe3, 0x0,
    0x0, 0x0, 0x0, 0xe3, 0x0, 0x0, 0x89, 0x0,
    0xe3, 0x4, 0xc0, 0x2e, 0x80, 0xe3, 0x4f, 0x50,
    0x2, 0xe7, 0xe5, 0xf5, 0x0, 0x0, 0x2e, 0xee,
    0x50, 0x0, 0x0, 0x2, 0xe5, 0x0, 0x0, 0x0,
    0x0, 0x0, 0x0, 0x0
};


/*---------------------
 *  GLYPH DESCRIPTION
 *--------------------*/

static const lv_font_fmt_txt_glyph_dsc_t glyph_dsc[] = {
    {.bitmap_index = 0, .adv_w = 0, .box_w = 0, .box_h = 0, .ofs_x = 0, .ofs_y = 0} /* id = 0 reserved */,
    {.bitmap_index = 0, .adv_w = 63, .box_w = 0, .box_h = 0, .ofs_x = 0, .ofs_y = 0},
    {.bitmap_index = 0, .adv_w = 64, .box_w = 2, .box_h = 11, .ofs_x = 1, .ofs_y = 0},
    {.bitmap_index = 11, .adv_w = 104, .box_w = 5, .box_h = 4, .ofs_x = 1, .ofs_y = 7},
    {.bitmap_index = 21, .adv_w = 142, .box_w = 9, .box_h = 11, .ofs_x = 0, .ofs_y = 0},
    {.bitmap_index = 71, .adv_w = 144, .box_w = 9, .box_h = 15, .ofs_x = 0, .ofs_y = -2},
    {.bitmap_index = 139, .adv_w = 220, .box_w = 12, .box_h = 11, .ofs_x = 1, .ofs_y = 0},
    {.bitmap_index = 205, .adv_w = 144, .box_w = 9, .box_h = 11, .ofs_x = 0, .ofs_y = 0},
    {.bitmap_index = 255, .adv_w = 67, .box_w = 2, .box_h = 4, .ofs_x = 1, .ofs_y = 7},
    {.bitmap_index = 259, .adv_w = 82, .box_w = 4, .box_h = 13, .ofs_x = 1, .ofs_y = -2},
    {.bitmap_index = 285, .adv_w = 82, .box_w = 4, .box_h = 13, .ofs_x = 0, .ofs_y = -2},
    {.bitmap_index = 311, .adv_w = 112, .box_w = 7, .box_h = 6, .ofs_x = 0, .ofs_y = 5},
    {.bitmap_index = 332, .adv_w = 148, .box_w = 7, .box_h = 8, .ofs_x = 1, .ofs_y = 0},
    {.bitmap_index = 360, .adv_w = 65, .box_w = 3, .box_h = 4, .ofs_x = 0, .ofs_y = -3},
    {.bitmap_index = 366, .adv_w = 103, .box_w = 6, .box_h = 2, .ofs_x = 0, .ofs_y = 3},
    {.bitmap_index = 372, .adv_w = 65, .box_w = 2, .box_h = 2, .ofs_x = 1, .ofs_y = 0},
    {.bitmap_index = 374, .adv_w = 81, .box_w = 5, .box_h = 13, .ofs_x = 0, .ofs_y = -2},
    {.bitmap_index = 407, .adv_w = 141, .box_w = 8, .box_h = 11, .ofs_x = 0, .ofs_y = 0},
    {.bitmap_index = 451, .adv_w = 91, .box_w = 5, .box_h = 11, .ofs_x = 0, .ofs_y = 0},
    {.bitmap_index = 479, .adv_w = 137, .box_w = 7, .box_h = 11, .ofs_x = 1, .ofs_y = 0},
    {.bitmap_index = 518, .adv_w = 138, .box_w = 8, .box_h = 11, .ofs_x = 0, .ofs_y = 0},
    {.bitmap_index = 562, .adv_w = 145, .box_w = 9, .box_h = 11, .ofs_x = 0, .ofs_y = 0},
    {.bitmap_index = 612, .adv_w = 133, .box_w = 8, .box_h = 11, .ofs_x = 0, .ofs_y = 0},
    {.bitmap_index = 656, .adv_w = 139, .box_w = 8, .box_h = 11, .ofs_x = 0, .ofs_y = 0},
    {.bitmap_index = 700, .adv_w = 127, .box_w = 8, .box_h = 11, .ofs_x = 0, .ofs_y = 0},
    {.bitmap_index = 744, .adv_w = 139, .box_w = 8, .box_h = 11, .ofs_x = 0, .ofs_y = 0},
    {.bitmap_index = 788, .adv_w = 139, .box_w = 8, .box_h = 11, .ofs_x = 0, .ofs_y = 0},
    {.bitmap_index = 832, .adv_w = 65, .box_w = 2, .box_h = 8, .ofs_x = 1, .ofs_y = 0},
    {.bitmap_index = 840, .adv_w = 68, .box_w = 4, .box_h = 10, .ofs_x = 0, .ofs_y = -3},
    {.bitmap_index = 860, .adv_w = 148, .box_w = 7, .box_h = 8, .ofs_x = 1, .ofs_y = 0},
    {.bitmap_index = 888, .adv_w = 148, .box_w = 7, .box_h = 5, .ofs_x = 1, .ofs_y = 1},
    {.bitmap_index = 906, .adv_w = 148, .box_w = 8, .box_h = 8, .ofs_x = 1, .ofs_y = 0},
    {.bitmap_index = 938, .adv_w = 115, .box_w = 7, .box_h = 11, .ofs_x = 0, .ofs_y = 0},
    {.bitmap_index = 977, .adv_w = 216, .box_w = 13, .box_h = 13, .ofs_x = 0, .ofs_y = -3},
    {.bitmap_index = 1062, .adv_w = 155, .box_w = 10, .box_h = 11, .ofs_x = 0, .ofs_y = 0},
    {.bitmap_index = 1117, .adv_w = 147, .box_w = 8, .box_h = 11, .ofs_x = 1, .ofs_y = 0},
    {.bitmap_index = 1161, .adv_w = 164, .box_w = 10, .box_h = 11, .ofs_x = 0, .ofs_y = 0},
    {.bitmap_index = 1216, .adv_w = 162, .box_w = 9, .box_h = 11, .ofs_x = 1, .ofs_y = 0},
    {.bitmap_index = 1266, .adv_w = 135, .box_w = 7, .box_h = 11, .ofs_x = 1, .ofs_y = 0},
    {.bitmap_index = 1305, .adv_w = 132, .box_w = 7, .box_h = 11, .ofs_x = 1, .ofs_y = 0},
    {.bitmap_index = 1344, .adv_w = 167, .box_w = 10, .box_h = 11, .ofs_x = 0, .ofs_y = 0},
    {.bitmap_index = 1399, .adv_w = 166, .box_w = 9, .box_h = 11, .ofs_x = 1, .ofs_y = 0},
    {.bitmap_index = 1449, .adv_w = 60, .box_w = 2, .box_h = 11, .ofs_x = 1, .ofs_y = 0},
    {.bitmap_index = 1460, .adv_w = 128, .box_w = 7, .box_h = 11, .ofs_x = 0, .ofs_y = 0},
    {.bitmap_index = 1499, .adv_w = 151, .box_w = 9, .box_h = 11, .ofs_x = 1, .ofs_y = 0},
    {.bitmap_index = 1549, .adv_w = 127, .box_w = 7, .box_h = 11, .ofs_x = 1, .ofs_y = 0},
    {.bitmap_index = 1588, .adv_w = 202, .box_w = 11, .box_h = 11, .ofs_x = 1, .ofs_y = 0},
    {.bitmap_index = 1649, .adv_w = 169, .box_w = 9, .box_h = 11, .ofs_x = 1, .ofs_y = 0},
    {.bitmap_index = 1699, .adv_w = 171, .box_w = 10, .box_h = 11, .ofs_x = 0, .ofs_y = 0},
    {.bitmap_index = 1754, .adv_w = 143, .box_w = 8, .box_h = 11, .ofs_x = 1, .ofs_y = 0},
    {.bitmap_index = 1798, .adv_w = 171, .box_w = 10, .box_h = 12, .ofs_x = 0, .ofs_y = -1},
    {.bitmap_index = 1858, .adv_w = 144, .box_w = 8, .box_h = 11, .ofs_x = 1, .ofs_y = 0},
    {.bitmap_index = 1902, .adv_w = 144, .box_w = 9, .box_h = 11, .ofs_x = 0, .ofs_y = 0},
    {.bitmap_index = 1952, .adv_w = 145, .box_w = 9, .box_h = 11, .ofs_x = 0, .ofs_y = 0},
    {.bitmap_index = 2002, .adv_w = 167, .box_w = 9, .box_h = 11, .ofs_x = 1, .ofs_y = 0},
    {.bitmap_index = 2052, .adv_w = 155, .box_w = 10, .box_h = 11, .ofs_x = 0, .ofs_y = 0},
    {.bitmap_index = 2107, .adv_w = 221, .box_w = 14, .box_h = 11, .ofs_x = 0, .ofs_y = 0},
    {.bitmap_index = 2184, .adv_w = 153, .box_w = 10, .box_h = 11, .ofs_x = 0, .ofs_y = 0},
    {.bitmap_index = 2239, .adv_w = 152, .box_w = 10, .box_h = 11, .ofs_x = 0, .ofs_y = 0},
    {.bitmap_index = 2294, .adv_w = 141, .box_w = 8, .box_h = 11, .ofs_x = 0, .ofs_y = 0},
    {.bitmap_index = 2338, .adv_w = 82, .box_w = 4, .box_h = 14, .ofs_x = 1, .ofs_y = -3},
    {.bitmap_index = 2366, .adv_w = 81, .box_w = 5, .box_h = 13, .ofs_x = 0, .ofs_y = -2},
    {.bitmap_index = 2399, .adv_w = 82, .box_w = 4, .box_h = 14, .ofs_x = 0, .ofs_y = -3},
    {.bitmap_index = 2427, .adv_w = 106, .box_w = 7, .box_h = 6, .ofs_x = 0, .ofs_y = 5},
    {.bitmap_index = 2448, .adv_w = 102, .box_w = 7, .box_h = 2, .ofs_x = 0, .ofs_y = -2},
    {.bitmap_index = 2455, .adv_w = 72, .box_w = 3, .box_h = 3, .ofs_x = 1, .ofs_y = 9},
    {.bitmap_index = 2460, .adv_w = 126, .box_w = 7, .box_h = 8, .ofs_x = 0, .ofs_y = 0},
    {.bitmap_index = 2488, .adv_w = 137, .box_w = 7, .box_h = 11, .ofs_x = 1, .ofs_y = 0},
    {.bitmap_index = 2527, .adv_w = 128, .box_w = 8, .box_h = 8, .ofs_x = 0, .ofs_y = 0},
    {.bitmap_index = 2559, .adv_w = 137, .box_w = 8, .box_h = 11, .ofs_x = 0, .ofs_y = 0},
    {.bitmap_index = 2603, .adv_w = 131, .box_w = 8, .box_h = 8, .ofs_x = 0, .ofs_y = 0},
    {.bitmap_index = 2635, .adv_w = 83, .box_w = 5, .box_h = 11, .ofs_x = 0, .ofs_y = 0},
    {.bitmap_index = 2663, .adv_w = 137, .box_w = 8, .box_h = 11, .ofs_x = 0, .ofs_y = -3},
    {.bitmap_index = 2707, .adv_w = 132, .box_w = 7, .box_h = 11, .ofs_x = 1, .ofs_y = 0},
    {.bitmap_index = 2746, .adv_w = 54, .box_w = 3, .box_h = 11, .ofs_x = 0, .ofs_y = 0},
    {.bitmap_index = 2763, .adv_w = 54, .box_w = 4, .box_h = 14, .ofs_x = -1, .ofs_y = -3},
    {.bitmap_index = 2791, .adv_w = 123, .box_w = 7, .box_h = 11, .ofs_x = 1, .ofs_y = 0},
    {.bitmap_index = 2830, .adv_w = 54, .box_w = 2, .box_h = 11, .ofs_x = 1, .ofs_y = 0},
    {.bitmap_index = 2841, .adv_w = 196, .box_w = 11, .box_h = 8, .ofs_x = 1, .ofs_y = 0},
    {.bitmap_index = 2885, .adv_w = 132, .box_w = 7, .box_h = 8, .ofs_x = 1, .ofs_y = 0},
    {.bitmap_index = 2913, .adv_w = 134, .box_w = 8, .box_h = 8, .ofs_x = 0, .ofs_y = 0},
    {.bitmap_index = 2945, .adv_w = 137, .box_w = 7, .box_h = 11, .ofs_x = 1, .ofs_y = -3},
    {.bitmap_index = 2984, .adv_w = 137, .box_w = 8, .box_h = 11, .ofs_x = 0, .ofs_y = -3},
    {.bitmap_index = 3028, .adv_w = 84, .box_w = 4, .box_h = 8, .ofs_x = 1, .ofs_y = 0},
    {.bitmap_index = 3044, .adv_w = 118, .box_w = 7, .box_h = 8, .ofs_x = 0, .ofs_y = 0},
    {.bitmap_index = 3072, .adv_w = 73, .box_w = 5, .box_h = 10, .ofs_x = 0, .ofs_y = 0},
    {.bitmap_index = 3097, .adv_w = 132, .box_w = 7, .box_h = 8, .ofs_x = 1, .ofs_y = 0},
    {.bitmap_index = 3125, .adv_w = 126, .box_w = 8, .box_h = 8, .ofs_x = 0, .ofs_y = 0},
    {.bitmap_index = 3157, .adv_w = 183, .box_w = 11, .box_h = 8, .ofs_x = 0, .ofs_y = 0},
    {.bitmap_index = 3201, .adv_w = 122, .box_w = 8, .box_h = 8, .ofs_x = 0, .ofs_y = 0},
    {.bitmap_index = 3233, .adv_w = 126, .box_w = 8, .box_h = 11, .ofs_x = 0, .ofs_y = -3},
    {.bitmap_index = 3277, .adv_w = 124, .box_w = 7, .box_h = 8, .ofs_x = 0, .ofs_y = 0},
    {.bitmap_index = 3305, .adv_w = 95, .box_w = 6, .box_h = 14, .ofs_x = 0, .ofs_y = -3},
    {.bitmap_index = 3347, .adv_w = 74, .box_w = 2, .box_h = 18, .ofs_x = 1, .ofs_y = -3},
    {.bitmap_index = 3365, .adv_w = 95, .box_w = 5, .box_h = 14, .ofs_x = 0, .ofs_y = -3},
    {.bitmap_index = 3400, .adv_w = 148, .box_w = 8, .box_h = 4, .ofs_x = 1, .ofs_y = 2},
    {.bitmap_index = 3416, .adv_w = 63, .box_w = 0, .box_h = 0, .ofs_x = 0, .ofs_y = 0},
    {.bitmap_index = 3416, .adv_w = 64, .box_w = 2, .box_h = 11, .ofs_x = 1, .ofs_y = -3},
    {.bitmap_index = 3427, .adv_w = 128, .box_w = 8, .box_h = 11, .ofs_x = 0, .ofs_y = 0},
    {.bitmap_index = 3471, .adv_w = 137, .box_w = 8, .box_h = 11, .ofs_x = 0, .ofs_y = 0},
    {.bitmap_index = 3515, .adv_w = 162, .box_w = 10, .box_h = 10, .ofs_x = 0, .ofs_y = 0},
    {.bitmap_index = 3565, .adv_w = 123, .box_w = 8, .box_h = 11, .ofs_x = 0, .ofs_y = 0},
    {.bitmap_index = 3609, .adv_w = 60, .box_w = 2, .box_h = 13, .ofs_x = 1, .ofs_y = -2},
    {.bitmap_index = 3622, .adv_w = 127, .box_w = 8, .box_h = 14, .ofs_x = 0, .ofs_y = -3},
    {.bitmap_index = 3678, .adv_w = 132, .box_w = 6, .box_h = 2, .ofs_x = 1, .ofs_y = 9},
    {.bitmap_index = 3684, .adv_w = 205, .box_w = 11, .box_h = 13, .ofs_x = 1, .ofs_y = -1},
    {.bitmap_index = 3756, .adv_w = 102, .box_w = 6, .box_h = 6, .ofs_x = 0, .ofs_y = 5},
    {.bitmap_index = 3774, .adv_w = 130, .box_w = 8, .box_h = 7, .ofs_x = 0, .ofs_y = 1},
    {.bitmap_index = 3802, .adv_w = 148, .box_w = 7, .box_h = 4, .ofs_x = 1, .ofs_y = 1},
    {.bitmap_index = 3816, .adv_w = 149, .box_w = 9, .box_h = 8, .ofs_x = 0, .ofs_y = 2},
    {.bitmap_index = 3852, .adv_w = 107, .box_w = 5, .box_h = 2, .ofs_x = 1, .ofs_y = 9},
    {.bitmap_index = 3857, .adv_w = 102, .box_w = 6, .box_h = 6, .ofs_x = 0, .ofs_y = 5},
    {.bitmap_index = 3875, .adv_w = 148, .box_w = 7, .box_h = 8, .ofs_x = 1, .ofs_y = 0},
    {.bitmap_index = 3903, .adv_w = 99, .box_w = 6, .box_h = 6, .ofs_x = 0, .ofs_y = 6},
    {.bitmap_index = 3921, .adv_w = 100, .box_w = 6, .box_h = 6, .ofs_x = 0, .ofs_y = 6},
    {.bitmap_index = 3939, .adv_w = 72, .box_w = 3, .box_h = 2, .ofs_x = 1, .ofs_y = 9},
    {.bitmap_index = 3942, .adv_w = 131, .box_w = 8, .box_h = 11, .ofs_x = 1, .ofs_y = -3},
    {.bitmap_index = 3986, .adv_w = 135, .box_w = 8, .box_h = 11, .ofs_x = 0, .ofs_y = 0},
    {.bitmap_index = 4030, .adv_w = 65, .box_w = 2, .box_h = 2, .ofs_x = 1, .ofs_y = 4},
    {.bitmap_index = 4032, .adv_w = 60, .box_w = 3, .box_h = 4, .ofs_x = 1, .ofs_y = -3},
    {.bitmap_index = 4038, .adv_w = 68, .box_w = 4, .box_h = 6, .ofs_x = 0, .ofs_y = 6},
    {.bitmap_index = 4050, .adv_w = 108, .box_w = 7, .box_h = 6, .ofs_x = 0, .ofs_y = 5},
    {.bitmap_index = 4071, .adv_w = 130, .box_w = 8, .box_h = 7, .ofs_x = 0, .ofs_y = 1},
    {.bitmap_index = 4099, .adv_w = 180, .box_w = 11, .box_h = 11, .ofs_x = 0, .ofs_y = 0},
    {.bitmap_index = 4160, .adv_w = 190, .box_w = 12, .box_h = 11, .ofs_x = 0, .ofs_y = 0},
    {.bitmap_index = 4226, .adv_w = 198, .box_w = 12, .box_h = 11, .ofs_x = 0, .ofs_y = 0},
    {.bitmap_index = 4292, .adv_w = 115, .box_w = 7, .box_h = 11, .ofs_x = 0, .ofs_y = -3},
    {.bitmap_index = 4331, .adv_w = 155, .box_w = 10, .box_h = 14, .ofs_x = 0, .ofs_y = 0},
    {.bitmap_index = 4401, .adv_w = 155, .box_w = 10, .box_h = 14, .ofs_x = 0, .ofs_y = 0},
    {.bitmap_index = 4471, .adv_w = 155, .box_w = 10, .box_h = 14, .ofs_x = 0, .ofs_y = 0},
    {.bitmap_index = 4541, .adv_w = 155, .box_w = 10, .box_h = 13, .ofs_x = 0, .ofs_y = 0},
    {.bitmap_index = 4606, .adv_w = 155, .box_w = 10, .box_h = 14, .ofs_x = 0, .ofs_y = 0},
    {.bitmap_index = 4676, .adv_w = 155, .box_w = 10, .box_h = 14, .ofs_x = 0, .ofs_y = 0},
    {.bitmap_index = 4746, .adv_w = 223, .box_w = 13, .box_h = 11, .ofs_x = 0, .ofs_y = 0},
    {.bitmap_index = 4818, .adv_w = 164, .box_w = 10, .box_h = 14, .ofs_x = 0, .ofs_y = -3},
    {.bitmap_index = 4888, .adv_w = 135, .box_w = 7, .box_h = 14, .ofs_x = 1, .ofs_y = 0},
    {.bitmap_index = 4937, .adv_w = 135, .box_w = 7, .box_h = 14, .ofs_x = 1, .ofs_y = 0},
    {.bitmap_index = 4986, .adv_w = 135, .box_w = 7, .box_h = 14, .ofs_x = 1, .ofs_y = 0},
    {.bitmap_index = 5035, .adv_w = 135, .box_w = 7, .box_h = 14, .ofs_x = 1, .ofs_y = 0},
    {.bitmap_index = 5084, .adv_w = 60, .box_w = 3, .box_h = 14, .ofs_x = 0, .ofs_y = 0},
    {.bitmap_index = 5105, .adv_w = 60, .box_w = 3, .box_h = 14, .ofs_x = 1, .ofs_y = 0},
    {.bitmap_index = 5126, .adv_w = 60, .box_w = 6, .box_h = 14, .ofs_x = -1, .ofs_y = 0},
    {.bitmap_index = 5168, .adv_w = 60, .box_w = 6, .box_h = 14, .ofs_x = -1, .ofs_y = 0},
    {.bitmap_index = 5210, .adv_w = 165, .box_w = 10, .box_h = 11, .ofs_x = 0, .ofs_y = 0},
    {.bitmap_index = 5265, .adv_w = 169, .box_w = 9, .box_h = 13, .ofs_x = 1, .ofs_y = 0},
    {.bitmap_index = 5324, .adv_w = 171, .box_w = 10, .box_h = 14, .ofs_x = 0, .ofs_y = 0},
    {.bitmap_index = 5394, .adv_w = 171, .box_w = 10, .box_h = 14, .ofs_x = 0, .ofs_y = 0},
    {.bitmap_index = 5464, .adv_w = 171, .box_w = 10, .box_h = 14, .ofs_x = 0, .ofs_y = 0},
    {.bitmap_index = 5534, .adv_w = 171, .box_w = 10, .box_h = 14, .ofs_x = 0, .ofs_y = 0},
    {.bitmap_index = 5604, .adv_w = 171, .box_w = 10, .box_h = 14, .ofs_x = 0, .ofs_y = 0},
    {.bitmap_index = 5674, .adv_w = 148, .box_w = 7, .box_h = 8, .ofs_x = 1, .ofs_y = 0},
    {.bitmap_index = 5702, .adv_w = 171, .box_w = 10, .box_h = 13, .ofs_x = 0, .ofs_y = -1},
    {.bitmap_index = 5767, .adv_w = 167, .box_w = 9, .box_h = 14, .ofs_x = 1, .ofs_y = 0},
    {.bitmap_index = 5830, .adv_w = 167, .box_w = 9, .box_h = 14, .ofs_x = 1, .ofs_y = 0},
    {.bitmap_index = 5893, .adv_w = 167, .box_w = 9, .box_h = 14, .ofs_x = 1, .ofs_y = 0},
    {.bitmap_index = 5956, .adv_w = 167, .box_w = 9, .box_h = 14, .ofs_x = 1, .ofs_y = 0},
    {.bitmap_index = 6019, .adv_w = 152, .box_w = 10, .box_h = 14, .ofs_x = 0, .ofs_y = 0},
    {.bitmap_index = 6089, .adv_w = 142, .box_w = 7, .box_h = 11, .ofs_x = 1, .ofs_y = 0},
    {.bitmap_index = 6128, .adv_w = 138, .box_w = 7, .box_h = 11, .ofs_x = 1, .ofs_y = 0},
    {.bitmap_index = 6167, .adv_w = 126, .box_w = 7, .box_h = 12, .ofs_x = 0, .ofs_y = 0},
    {.bitmap_index = 6209, .adv_w = 126, .box_w = 7, .box_h = 11, .ofs_x = 0, .ofs_y = 0},
    {.bitmap_index = 6248, .adv_w = 126, .box_w = 7, .box_h = 11, .ofs_x = 0, .ofs_y = 0},
    {.bitmap_index = 6287, .adv_w = 126, .box_w = 7, .box_h = 11, .ofs_x = 0, .ofs_y = 0},
    {.bitmap_index = 6326, .adv_w = 126, .box_w = 7, .box_h = 11, .ofs_x = 0, .ofs_y = 0},
    {.bitmap_index = 6365, .adv_w = 126, .box_w = 7, .box_h = 12, .ofs_x = 0, .ofs_y = 0},
    {.bitmap_index = 6407, .adv_w = 206, .box_w = 13, .box_h = 8, .ofs_x = 0, .ofs_y = 0},
    {.bitmap_index = 6459, .adv_w = 128, .box_w = 8, .box_h = 11, .ofs_x = 0, .ofs_y = -3},
    {.bitmap_index = 6503, .adv_w = 131, .box_w = 8, .box_h = 12, .ofs_x = 0, .ofs_y = 0},
    {.bitmap_index = 6551, .adv_w = 131, .box_w = 8, .box_h = 11, .ofs_x = 0, .ofs_y = 0},
    {.bitmap_index = 6595, .adv_w = 131, .box_w = 8, .box_h = 11, .ofs_x = 0, .ofs_y = 0},
    {.bitmap_index = 6639, .adv_w = 131, .box_w = 8, .box_h = 11, .ofs_x = 0, .ofs_y = 0},
    {.bitmap_index = 6683, .adv_w = 54, .box_w = 4, .box_h = 11, .ofs_x = -1, .ofs_y = 0},
    {.bitmap_index = 6705, .adv_w = 54, .box_w = 3, .box_h = 11, .ofs_x = 1, .ofs_y = 0},
    {.bitmap_index = 6722, .adv_w = 54, .box_w = 5, .box_h = 11, .ofs_x = -1, .ofs_y = 0},
    {.bitmap_index = 6750, .adv_w = 54, .box_w = 5, .box_h = 11, .ofs_x = -1, .ofs_y = 0},
    {.bitmap_index = 6778, .adv_w = 130, .box_w = 8, .box_h = 12, .ofs_x = 0, .ofs_y = 0},
    {.bitmap_index = 6826, .adv_w = 132, .box_w = 7, .box_h = 11, .ofs_x = 1, .ofs_y = 0},
    {.bitmap_index = 6865, .adv_w = 134, .box_w = 8, .box_h = 12, .ofs_x = 0, .ofs_y = 0},
    {.bitmap_index = 6913, .adv_w = 134, .box_w = 8, .box_h = 11, .ofs_x = 0, .ofs_y = 0},
    {.bitmap_index = 6957, .adv_w = 134, .box_w = 8, .box_h = 11, .ofs_x = 0, .ofs_y = 0},
    {.bitmap_index = 7001, .adv_w = 134, .box_w = 8, .box_h = 11, .ofs_x = 0, .ofs_y = 0},
    {.bitmap_index = 7045, .adv_w = 134, .box_w = 8, .box_h = 11, .ofs_x = 0, .ofs_y = 0},
    {.bitmap_index = 7089, .adv_w = 148, .box_w = 7, .box_h = 7, .ofs_x = 1, .ofs_y = 1},
    {.bitmap_index = 7114, .adv_w = 134, .box_w = 8, .box_h = 10, .ofs_x = 0, .ofs_y = -1},
    {.bitmap_index = 7154, .adv_w = 132, .box_w = 7, .box_h = 12, .ofs_x = 1, .ofs_y = 0},
    {.bitmap_index = 7196, .adv_w = 132, .box_w = 7, .box_h = 11, .ofs_x = 1, .ofs_y = 0},
    {.bitmap_index = 7235, .adv_w = 132, .box_w = 7, .box_h = 11, .ofs_x = 1, .ofs_y = 0},
    {.bitmap_index = 7274, .adv_w = 132, .box_w = 7, .box_h = 11, .ofs_x = 1, .ofs_y = 0},
    {.bitmap_index = 7313, .adv_w = 126, .box_w = 8, .box_h = 14, .ofs_x = 0, .ofs_y = -3},
    {.bitmap_index = 7369, .adv_w = 137, .box_w = 7, .box_h = 14, .ofs_x = 1, .ofs_y = -3},
    {.bitmap_index = 7418, .adv_w = 126, .box_w = 8, .box_h = 14, .ofs_x = 0, .ofs_y = -3},
    {.bitmap_index = 7474, .adv_w = 80, .box_w = 5, .box_h = 2, .ofs_x = 0, .ofs_y = 3},
    {.bitmap_index = 7479, .adv_w = 80, .box_w = 5, .box_h = 2, .ofs_x = 0, .ofs_y = 3},
    {.bitmap_index = 7484, .adv_w = 145, .box_w = 9, .box_h = 2, .ofs_x = 0, .ofs_y = 3},
    {.bitmap_index = 7493, .adv_w = 112, .box_w = 7, .box_h = 2, .ofs_x = 0, .ofs_y = 3},
    {.bitmap_index = 7500, .adv_w = 224, .box_w = 14, .box_h = 2, .ofs_x = 0, .ofs_y = 3},
    {.bitmap_index = 7514, .adv_w = 224, .box_w = 14, .box_h = 2, .ofs_x = 0, .ofs_y = 3},
    {.bitmap_index = 7528, .adv_w = 107, .box_w = 4, .box_h = 18, .ofs_x = 1, .ofs_y = -3},
    {.bitmap_index = 7564, .adv_w = 101, .box_w = 8, .box_h = 4, .ofs_x = -1, .ofs_y = -4},
    {.bitmap_index = 7580, .adv_w = 58, .box_w = 3, .box_h = 4, .ofs_x = 1, .ofs_y = 7},
    {.bitmap_index = 7586, .adv_w = 58, .box_w = 3, .box_h = 4, .ofs_x = 1, .ofs_y = 7},
    {.bitmap_index = 7592, .adv_w = 54, .box_w = 3, .box_h = 5, .ofs_x = 0, .ofs_y = -3},
    {.bitmap_index = 7600, .adv_w = 58, .box_w = 3, .box_h = 4, .ofs_x = 0, .ofs_y = 7},
    {.bitmap_index = 7606, .adv_w = 99, .box_w = 5, .box_h = 4, .ofs_x = 1, .ofs_y = 7},
    {.bitmap_index = 7616, .adv_w = 99, .box_w = 5, .box_h = 4, .ofs_x = 1, .ofs_y = 7},
    {.bitmap_index = 7626, .adv_w = 94, .box_w = 6, .box_h = 4, .ofs_x = 0, .ofs_y = -3},
    {.bitmap_index = 7638, .adv_w = 99, .box_w = 6, .box_h = 4, .ofs_x = 0, .ofs_y = 7},
    {.bitmap_index = 7650, .adv_w = 110, .box_w = 7, .box_h = 8, .ofs_x = 0, .ofs_y = 3},
    {.bitmap_index = 7678, .adv_w = 110, .box_w = 7, .box_h = 11, .ofs_x = 0, .ofs_y = 0},
    {.bitmap_index = 7717, .adv_w = 126, .box_w = 6, .box_h = 5, .ofs_x = 1, .ofs_y = 2},
    {.bitmap_index = 7732, .adv_w = 126, .box_w = 5, .box_h = 6, .ofs_x = 2, .ofs_y = 1},
    {.bitmap_index = 7747, .adv_w = 65, .box_w = 2, .box_h = 2, .ofs_x = 1, .ofs_y = 0},
    {.bitmap_index = 7749, .adv_w = 129, .box_w = 6, .box_h = 2, .ofs_x = 1, .ofs_y = 0},
    {.bitmap_index = 7755, .adv_w = 194, .box_w = 10, .box_h = 2, .ofs_x = 1, .ofs_y = 0},
    {.bitmap_index = 7765, .adv_w = 214, .box_w = 11, .box_h = 9, .ofs_x = 1, .ofs_y = 0},
    {.bitmap_index = 7815, .adv_w = 187, .box_w = 10, .box_h = 11, .ofs_x = 1, .ofs_y = 0},
    {.bitmap_index = 7870, .adv_w = 214, .box_w = 11, .box_h = 9, .ofs_x = 1, .ofs_y = 0},
    {.bitmap_index = 7920, .adv_w = 187, .box_w = 10, .box_h = 12, .ofs_x = 1, .ofs_y = -1}
};

/*---------------------
 *  CHARACTER MAPPING
 *--------------------*/



/*Collect the unicode lists and glyph_id offsets*/
static const lv_font_fmt_txt_cmap_t cmaps[] =
{
    {
        .range_start = 32, .range_length = 95, .glyph_id_start = 1,
        .unicode_list = NULL, .glyph_id_ofs_list = NULL, .list_length = 0, .type = LV_FONT_FMT_TXT_CMAP_FORMAT0_TINY
    },
    {
        .range_start = 160, .range_length = 13, .glyph_id_start = 96,
        .unicode_list = NULL, .glyph_id_ofs_list = NULL, .list_length = 0, .type = LV_FONT_FMT_TXT_CMAP_FORMAT0_TINY
    },
    {
        .range_start = 174, .range_length = 82, .glyph_id_start = 109,
        .unicode_list = NULL, .glyph_id_ofs_list = NULL, .list_length = 0, .type = LV_FONT_FMT_TXT_CMAP_FORMAT0_TINY
    },
    {
        .range_start = 8208, .range_length = 23, .glyph_id_start = 191,
        .unicode_list = NULL, .glyph_id_ofs_list = NULL, .list_length = 0, .type = LV_FONT_FMT_TXT_CMAP_FORMAT0_TINY
    },
    {
        .range_start = 8592, .range_length = 4, .glyph_id_start = 214,
        .unicode_list = NULL, .glyph_id_ofs_list = NULL, .list_length = 0, .type = LV_FONT_FMT_TXT_CMAP_FORMAT0_TINY
    }
};

/*-----------------
 *    KERNING
 *----------------*/


/*Map glyph_ids to kern left classes*/
static const uint8_t kern_left_class_mapping[] =
{
    0, 0, 0, 1, 0, 2, 0, 3,
    1, 4, 0, 5, 6, 7, 6, 7,
    8, 9, 10, 0, 11, 0, 0, 0,
    12, 11, 9, 13, 13, 0, 14, 15,
    16, 17, 18, 19, 20, 21, 22, 23,
    24, 10, 10, 25, 26, 27, 10, 10,
    21, 28, 21, 29, 2, 30, 25, 31,
    32, 33, 34, 35, 4, 36, 0, 5,
    37, 0, 38, 39, 39, 10, 39, 40,
    41, 38, 42, 42, 43, 10, 38, 38,
    39, 39, 41, 44, 45, 46, 47, 48,
    49, 50, 48, 51, 4, 10, 0, 6,
    0, 52, 53, 0, 0, 54, 0, 0,
    0, 17, 55, 56, 41, 57, 0, 5,
    14, 0, 0, 0, 58, 10, 59, 0,
    0, 55, 60, 0, 0, 0, 61, 18,
    18, 18, 18, 18, 18, 22, 20, 22,
    22, 22, 22, 10, 10, 62, 62, 21,
    10, 21, 21, 21, 21, 21, 63, 21,
    25, 25, 25, 25, 34, 64, 65, 38,
    38, 38, 38, 38, 38, 66, 39, 39,
    39, 39, 39, 42, 42, 67, 68, 39,
    69, 39, 39, 39, 70, 70, 6, 39,
    47, 47, 47, 47, 48, 39, 48, 0,
    0, 0, 0, 0, 0, 0, 0, 71,
    72, 73, 0, 71, 72, 73, 0, 74,
    74, 75, 75, 0, 0, 7, 6, 0,
    0, 0
};

/*Map glyph_ids to kern right classes*/
static const uint8_t kern_right_class_mapping[] =
{
    0, 0, 0, 1, 0, 2, 0, 3,
    1, 0, 4, 5, 6, 7, 8, 9,
    10, 11, 12, 0, 13, 14, 0, 11,
    15, 13, 0, 16, 16, 17, 18, 0,
    19, 20, 21, 22, 23, 22, 22, 22,
    23, 22, 22, 24, 22, 22, 22, 22,
    23, 22, 23, 22, 2, 25, 26, 27,
    28, 29, 30, 31, 0, 32, 4, 33,
    34, 0, 35, 22, 36, 36, 36, 37,
    36, 22, 38, 39, 22, 22, 40, 40,
    36, 40, 36, 40, 41, 42, 43, 44,
    45, 46, 44, 47, 0, 48, 4, 49,
    0, 0, 50, 0, 0, 0, 0, 0,
    0, 20, 51, 52, 53, 54, 0, 55,
    18, 0, 0, 0, 56, 57, 58, 0,
    0, 51, 59, 0, 0, 0, 0, 21,
    21, 21, 21, 21, 21, 21, 23, 22,
    22, 22, 22, 22, 22, 60, 60, 61,
    22, 23, 23, 23, 23, 23, 62, 23,
    26, 26, 26, 26, 30, 22, 22, 35,
    35, 35, 63, 64, 35, 35, 36, 36,
    36, 36, 65, 66, 38, 66, 67, 36,
    40, 36, 36, 36, 68, 65, 6, 36,
    43, 43, 43, 69, 44, 22, 70, 0,
    0, 0, 0, 0, 0, 0, 0, 71,
    72, 73, 74, 71, 72, 73, 74, 75,
    75, 76, 76, 0, 0, 77, 0, 0,
    6, 0
};

/*Kern values between classes*/
static const int8_t kern_class_values[] =
{
    0, 0, 0, 0, 0, 0, 0, 0,
    0, 0, 0, 0, 0, 0, 0, 0,
    0, 0, 0, 0, -18, 0, 0, -37,
    0, 0, 0, 0, 0, 0, 0, 0,
    0, 0, 0, -3, 0, 0, 0, 0,
    0, 0, 0, 0, 0, 0, 0, 0,
    0, 0, 0, 0, 0, 0, 0, 0,
    0, 0, 0, 0, 0, 0, 0, 0,
    -3, 0, 0, -3, 0, 0, 0, 0,
    0, 0, 0, 0, 0, 0, 0, 0,
    0, 0, 0, 0, 0, 0, 0, 0,
    0, 0, 0, 0, 0, 0, 0, 0,
    0, 0, 0, 0, 0, -1, 0, 0,
    0, -2, 0, 0, 0, 0, 0, 0,
    0, 0, 0, 0, 0, 0, 0, 0,
    0, 0, 0, 0, 0, 0, 0, 0,
    0, 0, 0, 0, 0, 0, 0, 0,
    0, 0, 0, 0, 0, 0, 0, 10,
    0, 0, 0, 0, 0, 0, 0, 0,
    0, 0, 0, 0, 0, 0, 0, 0,
    0, 0, 0, 0, 0, 0, 0, 0,
    0, 0, 0, 0, 0, 0, 0, 0,
    0, 0, -13, 0, -14, -9, 0, -17,
    0, 0, 0, 0, 0, 0, 0, 0,
    0, 0, 0, 0, 0, -8, -8, 0,
    0, 0, 0, 0, -9, 0, 0, 0,
    0, 0, 0, 0, 0, 0, 0, 0,
    0, 0, 0, 0, 0, 0, 0, -8,
    0, 0, 0, 0, 0, 0, 0, 0,
    0, 0, 0, 0, 0, 0, 0, 0,
    0, 0, 0, 0, 0, 0, 0, 0,
    0, 0, 0, 0, 0, 0, 0, 0,
    0, 0, 0, 0, 0, 0, 0, 0,
    0, 0, -3, 0, 0, 6, 0, 0,
    0, 0, 0, 0, 0, 0, 0, 0,
    0, 0, 0, 0, 0, 0, 0, 0,
    0, 0, 0, 0, 0, 0, 0, -3,
    0, 0, -3, 0, 0, 0, 0, 0,
    0, 0, 0, 0, 0, 0, 0, 0,
    0, 0, 0, 0, 0, 0, 0, 0,
    0, 0, 0, 0, 0, 0, 0, 0,
    -18, 0, -3, -22, 0, 0, 0, 0,
    0, 0, 0, 0, 0, 0, 0, 0,
    0, 0, 0, 0, 0, 0, 0, 0,
    0, 0, 0, 0, 0, 0, 0, 0,
    0, 0, 0, 0, 0, 0, 0, 0,
    0, 0, 0, 0, 0, 0, 0, 0,
    0, 0, 0, 0, 0, 0, 0, 0,
    0, 0, 0, 0, 0, 0, 0, 0,
    0, 0, 0, 0, 0, 0, 0, 0,
    0, 0, 0, 0, 0, -8, 0, 0,
    -10, -17, 0, -11, -11, -8, -18, 0,
    0, 0, 0, 0, 0, 0, 0, 0,
    0, 0, 0, 0, 0, 0, -5, 0,
    0, 0, 0, 0, 0, 0, 0, 0,
    0, 0, 0, 0, 0, 0, 0, 0,
    0, 0, 0, 0, 0, 0, 0, 0,
    0, 0, 0, 0, 0, 0, 0, 0,
    0, 0, 0, 0, 0, 0, 0, 0,
    0, 0, 0, 0, 0, 0, 0, 0,
    0, 0, 0, 0, -10, 0, -8, 0,
    0, 0, 0, -8, 0, 0, 0, 0,
    0, 0, 0, 0, 0, 0, 0, 0,
    0, 0, 0, 0, 0, 0, 0, 0,
    0, 0, 0, 0, 0, 0, 0, 0,
    0, 0, 0, 0, 0, 0, 0, 0,
    0, 0, 0, 0, 0, 0, 0, 0,
    0, 0, 0, 0, 0, 0, 0, 0,
    0, 0, 0, 0, 0, 0, 0, 0,
    0, 0, 0, 0, 0, 0, 0, -5,
    0, 0, -14, 0, 0, 0, 0, 0,
    0, 0, 0, 0, 0, 0, 0, 0,
    0, 0, 0, 0, 0, 0, 0, 0,
    0, 0, 0, 0, 0, 0, 0, 0,
    0, 0, 0, 0, 0, 0, 0, 0,
    0, 0, 0, 0, 0, 0, 0, 0,
    0, 0, 0, 0, 0, 0, 0, 0,
    0, 0, 0, 0, 0, 0, 0, 0,
    0, 0, 0, 0, 0, 0, 0, 0,
    0, 0, 0, 0, 0, 0, 0, 0,
    0, 0, -2, 0, -8, -8, 0, 0,
    0, 0, 0, 0, 0, 0, 0, 0,
    0, 3, 0, 0, 0, 0, 0, 0,
    0, 0, 0, 0, 0, 0, 0, 0,
    0, 0, 0, 0, 0, 0, 0, 0,
    0, 0, 0, 0, 0, 0, 0, 0,
    0, 0, 0, 0, 0, 0, 0, 0,
    0, 0, 0, 0, 0, 0, 0, 0,
    0, 0, 0, 0, 0, 0, 0, 0,
    0, 0, 0, 0, 0, 0, 0, 0,
    0, 0, 0, 0, 0, 0, 0, 0,
    0, 0, 0, 0, 0, 0, 3, 0,
    1, 0, 0, 0, 0, 0, 0, 0,
    0, 0, 0, 0, 0, 0, 0, 0,
    0, 8, 0, 0, 0, 0, 0, 13,
    0, 0, 1, 0, 0, 0, 0, 0,
    0, 0, 0, 0, 0, 0, 0, 0,
    0, 0, 0, 0, 0, 0, 0, 0,
    0, 0, 0, 0, 0, 0, 0, 0,
    0, 0, 0, 0, 0, 0, -4, 0,
    0, 0, 0, 0, 0, 0, 0, 0,
    0, 0, 0, 0, 0, 0, 0, 0,
    0, 0, 0, 0, 0, 0, 0, 0,
    0, 0, 0, 0, 0, 0, 0, 0,
    0, 0, 0, 0, 0, 0, 0, 0,
    0, 0, 0, 0, 0, 0, 0, 0,
    0, 0, 0, 0, 0, 0, 0, 0,
    0, 0, 0, 0, 0, 0, 0, 0,
    0, 0, 0, -24, 0, 0, -22, 0,
    0, 0, 0, 0, 0, 0, 0, 0,
    0, -10, -11, 0, 0, 0, -11, -9,
    0, 0, 0, 0, 0, 0, 0, 0,
    0, 0, 0, 0, 0, 0, 0, 0,
    0, 0, 0, 0, 0, -10, -10, -11,
    0, 20, -11, 0, 0, 0, 0, 0,
    0, 0, 0, 0, 0, 0, 0, 0,
    0, 0, 0, 0, 0, 0, 0, 0,
    0, 0, 0, 0, 0, 0, 0, 0,
    0, 0, 0, 0, -8, 0, -14, 0,
    0, 0, 0, 0, 0, 0, 0, 0,
    0, 0, 0, 0, 0, 0, 0, 0,
    0, 0, 0, 0, 0, 0, 0, 0,
    0, 0, 0, 0, 0, 0, 0, 0,
    0, 0, 0, 0, 0, 0, 0, 0,
    0, 0, 0, 0, 0, 0, 0, 0,
    0, 0, 0, 0, 0, 0, 0, 0,
    0, 0, 0, 0, 0, 0, 0, 0,
    0, 0, 0, 0, 0, -11, 0, 0,
    0, -10, 0, -15, -14, -11, -22, 0,
    0, 0, 0, 0, 0, 0, 0, 0,
    0, 0, 0, 0, -9, 0, -8, 0,
    0, 0, 0, 0, 0, 0, 0, 0,
    0, 0, 0, 0, 0, 0, 0, 0,
    0, 0, 0, 0, 0, 0, -9, 0,
    0, 0, 0, 0, 0, 0, 0, 0,
    0, 0, 0, 0, 0, 0, 0, 0,
    0, 0, 0, 0, 0, 0, 0, 0,
    0, 0, 0, 0, 0, 0, -18, 0,
    -17, -17, -13, -20, -14, 0, 0, 0,
    0, 0, 0, 0, 0, 0, 0, 0,
    0, 0, 0, 0, 0, 0, 0, 0,
    0, 0, 0, 0, 0, 0, 0, 0,
    0, 0, 0, 0, 0, 0, 0, 0,
    0, 0, 0, 0, 0, 0, 0, 0,
    0, 0, 0, 0, 0, 0, 0, 0,
    0, 0, 0, 0, 0, 0, 0, 0,
    0, 0, 0, 0, 0, 0, 0, -14,
    0, 0, 0, 0, 0, 0, 0, 0,
    0, 0, 0, 0, 0, 0, 0, 0,
    0, 0, 0, 0, 0, 0, 0, 0,
    0, 0, 0, 0, 0, 0, 0, 0,
    0, 0, 0, 0, 0, 0, 0, 0,
    0, 0, 0, 0, 0, 0, 0, 0,
    0, 0, 0, 0, 0, 0, 0, 0,
    0, 0, 0, 0, 0, 0, 0, 0,
    0, 0, 0, 0, 0, 0, 0, 0,
    0, 0, 0, 0, -8, 0, 0, 0,
    -7, 0, -8, 0, -8, -8, 0, 0,
    0, 0, 0, 0, 0, 0, 0, 0,
    0, 0, 0, 0, 0, 0, 0, 0,
    0, 0, 0, 0, 0, 0, 0, 0,
    0, 0, 0, 0, 0, 0, 0, 0,
    0, 0, 0, 0, 0, 0, 0, 0,
    0, 0, 0, 0, 0, -18, 0, 0,
    0, -18, -8, 0, -8, 0, 4, 0,
    -8, 0, 0, 0, 0, 0, -11, -14,
    -8, 3, 0, -8, 0, -19, -4, -15,
    -13, 0, -17, 0, -15, -18, 0, 0,
    0, 0, 1, 0, 0, 0, -4, 0,
    -15, -15, 0, 0, 0, -8, 0, -17,
    -8, -8, -16, -18, 0, -11, -8, -8,
    0, 0, -8, 0, 0, 0, 1, 0,
    0, 0, -15, -29, -23, 0, 0, -17,
    -8, 0, 0, 0, 0, 0, 0, 0,
    0, 0, 0, 0, 0, 0, 0, 0,
    0, 0, 0, 0, 0, 0, 0, 0,
    0, 0, -13, 0, 0, 0, 0, 0,
    0, 0, 0, 0, 0, 0, 0, 0,
    0, 0, 0, 0, 0, 0, 0, 0,
    0, 0, 0, 0, 0, 0, 0, 0,
    0, 0, 0, 0, 0, 0, 0, 0,
    0, 0, 0, 0, 8, 0, 0, 0,
    -14, 0, 0, 0, 0, 0, 0, 0,
    0, 0, 0, 0, 0, 0, 0, 0,
    0, 0, 0, 0, 0, 0, 0, 0,
    0, 0, 0, -4, 0, 0, 0, 0,
    0, 0, 0, -1, 0, 0, 0, 0,
    -9, 0, 0, 0, 0, 0, 0, 0,
    0, 0, 0, 0, 0, 0, 0, 0,
    0, 0, 0, 0, 0, 0, 0, 0,
    0, 0, 0, 0, 0, 0, 0, 0,
    0, 8, 0, 0, 0, 0, 0, 0,
    0, 0, 0, 0, 0, 0, 0, 0,
    0, 0, -10, 0, -10, -9, 0, 0,
    0, 0, 0, 0, 0, 0, 0, 0,
    -8, 0, 0, 0, -7, 0, -8, 0,
    -8, -8, 0, -8, 0, -9, 0, 0,
    0, 0, 0, 0, 0, 0, 0, 0,
    0, 0, 0, 0, 0, 0, 0, 0,
    0, -1, 0, 0, 0, 0, 0, 0,
    0, 0, 0, 0, 0, 0, 0, 0,
    0, 0, -8, 0, -9, 0, 0, 0,
    -10, 0, 0, 0, 0, 0, 0, 0,
    0, 0, 0, 0, 0, 0, 0, 0,
    0, 0, 0, 0, 0, 0, 0, 0,
    0, 0, 0, 0, 0, 0, 0, 0,
    0, 0, 0, 0, 0, 0, 0, 0,
    0, 0, 0, 0, 0, 0, 0, 0,
    0, 0, 0, 0, 0, 0, 0, 0,
    0, 0, 0, 0, 0, 0, 0, 0,
    0, 0, 0, 17, 0, 0, 0, 0,
    0, 0, 0, 0, 0, 0, 0, 0,
    0, 0, 0, 0, -9, 0, -8, 0,
    0, 0, 0, 0, 0, 0, 0, 0,
    0, 0, -20, 0, 0, -15, 0, 0,
    0, 0, 0, 0, 0, 0, 0, -8,
    -5, -9, 0, 0, 0, -7, 0, 0,
    -8, -8, 0, 0, -8, 0, 0, -9,
    0, 0, 0, 0, 0, -8, 0, 0,
    0, 0, 0, 0, -5, -5, -9, 0,
    0, -9, -8, -8, 0, 0, -27, 0,
    0, 0, -19, 0, 0, 0, 0, 0,
    0, 0, 0, 0, 0, 0, 0, 0,
    0, 0, 0, 0, 0, 0, 0, -5,
    0, 0, 0, -7, 0, -5, 0, -1,
    -5, 0, -5, 0, 0, 0, 0, 0,
    0, 0, 0, 0, 0, 0, 0, 0,
    0, 0, 0, 0, 0, 0, 0, 0,
    0, 0, 0, 0, 0, 0, 0, 0,
    0, 0, 0, 0, 0, 8, 0, 0,
    0, 0, 0, 0, 0, 0, 0, 0,
    0, 0, 0, 0, 0, 0, -8, 0,
    -8, -13, 0, 0, 0, 0, 0, 0,
    0, 0, 0, 0, -4, 0, 0, 0,
    0, 0, 0, 0, 0, 0, 0, 0,
    0, -11, 0, 0, 0, 0, 0, 0,
    0, 0, 0, 0, 0, 0, 0, 0,
    0, 0, 0, 0, 0, 0, 0, 0,
    0, 0, 0, 0, 0, 0, 0, 0,
    0, 0, 0, 0, 0, 0, 0, 0,
    -18, 0, 0, 0, -8, 0, -2, 0,
    0, 0, -24, 0, -24, 0, 0, 0,
    0, 0, 0, 0, 0, -15, -8, 0,
    -8, 0, 0, -8, 0, 0, 0, 0,
    0, 0, 0, 0, 0, 0, 0, 0,
    -9, 0, 4, 0, 0, 0, 0, -8,
    -9, -14, 0, 0, 0, -24, -9, 0,
    -11, -11, -3, 0, -8, 0, -10, 0,
    0, 0, -8, 0, 0, -9, 4, 19,
    -9, -8, -9, 0, 0, 0, 0, 0,
    -8, 0, -20, 0, 0, 0, -9, -19,
    0, -11, 0, 0, 0, -10, 0, 0,
    0, 0, 0, 0, 0, -6, 0, 0,
    -6, 0, -22, 0, -15, 0, 0, -8,
    0, -15, -29, 0, 0, 0, 0, 0,
    0, 0, 0, -5, 0, -15, 0, 0,
    0, 0, -9, 0, -22, -14, -29, -18,
    -10, 0, -20, -14, 0, 0, 0, -8,
    0, 0, 0, 0, 0, 0, 0, -15,
    -19, -9, 0, -10, -22, -8, 0, 0,
    0, -8, 0, 0, -10, -9, -10, -8,
    0, 0, 0, 0, 0, 0, 0, 0,
    0, 0, 0, -17, 0, 0, -22, 0,
    0, 0, 0, 0, 0, 0, 0, 0,
    0, 0, -1, 0, 0, 0, 0, 0,
    0, 0, 0, 0, 0, 0, 0, -10,
    -1, 0, 0, -10, 0, 0, 0, 0,
    -10, 0, 0, 0, 0, 0, 0, -1,
    0, 0, -1, 0, 0, 0, 0, -32,
    0, 0, 0, -22, 0, 0, 0, 0,
    0, 0, 0, 0, 0, 0, 0, 0,
    0, 0, 0, 0, 0, 0, 0, 0,
    0, 0, 0, 0, 0, 0, -4, 0,
    0, -5, 0, -4, 0, 0, -1, -3,
    0, 0, 0, 0, 0, 0, 0, 0,
    0, 0, 0, 0, 0, -3, 0, 0,
    0, 0, 0, 0, 0, 0, 0, 0,
    0, 0, -1, -1, -3, 0, 10, -3,
    0, 0, 0, 0, 0, 0, 0, 0,
    0, 0, 0, -8, 0, 0, -17, -8,
    -17, -8, -11, -8, 0, 0, -15, -18,
    -8, -18, -8, 0, -7, -19, 0, -7,
    -20, 0, 0, 0, 0, 0, 4, 0,
    0, 0, -13, -16, -17, 0, 0, 0,
    -13, -17, -23, -17, -14, -14, -14, -10,
    0, -17, -17, 0, -29, -17, 0, 0,
    -23, 0, -18, -11, 0, 0, -8, -9,
    -9, -11, 0, 20, -11, -11, -8, 0,
    0, -27, 0, 0, -8, -19, 0, 0,
    -11, 0, 0, -11, -22, -11, -22, -11,
    -2, 0, 0, -8, 0, -14, -17, -14,
    0, -8, -15, 0, -8, -22, 0, 0,
    3, 0, 0, 0, 0, 3, 0, -18,
    -11, -11, 0, 0, 0, 0, -10, 0,
    0, 0, 0, 0, 0, 0, -11, -11,
    0, -13, -14, 0, 0, 0, 0, -9,
    0, 0, 0, -9, -11, -9, -11, 0,
    19, -10, 0, 0, 0, 0, -25, 0,
    0, -9, -22, 0, 0, -11, 0, 0,
    -11, -22, -11, -22, 0, 0, 0, 0,
    -8, 0, -11, -17, -14, 0, 0, -13,
    0, 0, -14, 0, 0, 0, 5, 0,
    0, 0, 0, 0, 0, -11, -11, 0,
    0, 0, -8, -8, 0, 0, 0, 0,
    0, 0, 0, -11, -11, 0, -13, -11,
    0, 0, 0, 0, -8, 0, 0, 0,
    0, -11, -11, -11, 0, 0, -11, 0,
    0, 0, 0, -24, 0, 0, 0, -22,
    0, -2, 0, 0, 0, -8, 0, -8,
    0, 0, -8, 0, -4, -9, 0, 0,
    -13, -11, 0, -8, 0, 0, -8, 0,
    -9, 0, 0, 0, 0, 0, 0, 0,
    0, 0, -13, -6, 0, 0, 0, 0,
    0, 0, 0, 0, 0, 0, 0, 0,
    -8, -6, 0, -9, -11, -2, 0, 0,
    0, -10, 0, 0, 0, -10, -13, -13,
    -6, 0, 0, -6, 0, 0, 0, 0,
    0, 0, 0, -10, 0, 0, 0, -14,
    0, 0, -18, -8, -18, -8, 0, 0,
    0, 0, -15, 0, -14, -23, -22, 0,
    -8, -17, 0, -8, -8, 4, 0, 0,
    0, 0, 0, 0, 0, 0, 0, -16,
    -17, 0, -6, 0, -9, -15, 0, -9,
    0, 0, 0, 0, 0, -18, -17, 0,
    -20, -11, -2, 0, -9, 0, -11, -14,
    0, 0, -10, -16, -11, -17, -6, 0,
    -17, -9, 0, 0, 0, -24, 0, 0,
    -9, -22, 0, 0, 0, 0, 0, -9,
    0, -9, 0, 0, 0, 0, 0, 0,
    0, 0, -14, 0, 0, -8, 0, 0,
    -8, 0, 0, 0, 0, 0, 0, 0,
    0, 0, 0, 0, 0, 0, 0, 0,
    0, 0, 0, 0, 0, 0, 0, 0,
    0, 0, -9, 0, 0, -8, -9, 0,
    0, 0, 0, -8, 0, 0, 0, 0,
    0, 0, 0, 0, 19, 0, 0, 0,
    0, 0, 0, 0, 0, 0, 0, 0,
    0, 0, 0, 0, 0, 0, 0, 0,
    0, 0, 0, 0, 0, 0, 0, 0,
    0, 0, 0, 3, 0, -8, 0, -9,
    -4, -11, -13, 0, -17, 0, 0, 0,
    0, 0, 0, 0, 1, 0, 0, 0,
    -4, 0, -11, -15, 0, 0, 0, 0,
    0, -17, 0, 0, 0, 0, 0, 0,
    0, 0, 0, 0, 0, 0, 0, 0,
    1, 0, 0, 0, -11, 0, 0, 0,
    0, 0, 0, 0, 0, 0, 0, 0,
    0, 0, 0, 0, 0, 0, 0, 0,
    0, 0, 0, 0, 0, 0, 0, 0,
    0, 8, -9, 0, -13, -9, -18, 0,
    0, 0, 0, 0, 0, 0, 0, 0,
    0, 8, 22, 8, 0, 0, 0, -18,
    0, 0, 0, 0, 0, 0, 0, 0,
    0, 0, 0, 0, 0, 0, 0, 0,
    0, 0, 0, 0, 0, 8, 0, 0,
    0, -18, 0, 0, 0, 0, 0, 0,
    0, 0, 0, 0, 0, 0, 0, 0,
    0, 0, 0, 0, -9, 0, 0, 0,
    0, 0, 0, 0, 0, 0, 0, 0,
    0, -15, 0, -11, -11, 0, -17, 0,
    -11, 0, 0, 0, 0, 0, 0, 0,
    0, 0, 0, 0, -3, 0, 0, 0,
    0, 0, 0, 0, 0, 0, -2, 0,
    0, 0, 0, 0, 0, 0, 0, 0,
    0, 0, 0, 0, 0, 0, -3, -10,
    -4, 0, 0, 0, 0, 0, -3, 0,
    0, -3, 0, 0, 0, 0, 0, 0,
    0, -8, 0, 0, 0, 0, 0, 0,
    0, 0, -8, 0, 0, 0, -17, 0,
    -11, -11, -6, -19, 0, -11, 0, 0,
    2, 0, 0, 0, 0, 0, 0, 0,
    0, -4, -4, -5, -3, 0, 0, 0,
    -8, 0, 0, -3, 0, 0, 0, 0,
    0, 0, 0, 0, 2, 2, 0, 0,
    0, 0, 0, -4, -14, -5, 0, 0,
    -8, 0, 0, 0, 0, 0, 0, 0,
    -6, -13, -6, -13, -6, 0, 0, 0,
    -14, 0, 0, 0, 0, 0, 0, -8,
    0, 0, -14, 0, 0, 0, 0, 0,
    2, 0, 0, 0, -3, -3, -7, -9,
    0, 0, 0, -5, -8, 0, 0, 3,
    0, 0, 0, -6, -7, 0, -9, -6,
    0, 0, 0, 0, -6, 0, 0, 0,
    -5, -3, -3, -7, 0, 23, -7, 0,
    0, 0, 0, -20, 0, 0, -5, -13,
    0, 0, 0, 0, 0, 0, 0, 0,
    0, 0, 0, 0, 0, 0, 0, 0,
    0, 0, 0, 0, 0, 0, 0, 0,
    -11, 0, 0, 0, 0, 0, 0, 0,
    0, 0, 0, 0, 0, 0, 0, 0,
    0, 0, 0, 0, 0, 0, 0, 0,
    0, 0, 0, 0, 0, 0, 0, 0,
    0, 0, 0, 0, 0, 0, 0, 0,
    0, 0, 0, 0, 0, 0, 0, 0,
    0, 0, 0, 0, 0, 0, 0, 0,
    0, 0, 0, 0, 0, 0, 0, 0,
    0, 0, 0, 0, 0, 0, 0, 0,
    0, 0, 0, 0, 0, 0, 0, 0,
    0, 0, 0, 0, 0, 0, 0, 0,
    0, 0, 0, 0, 0, 0, 0, 0,
    0, 0, 0, 0, 0, 0, 0, 0,
    0, 0, 0, 0, 0, 0, 0, 0,
    0, 0, 0, 0, 0, 0, 0, 14,
    0, 0, 0, 0, 0, 0, 0, 0,
    0, 0, 0, 0, 0, 0, 0, -10,
    0, -10, 0, 0, 0, 0, 0, -10,
    0, 0, -19, 0, 0, 0, 0, 0,
    0, 0, -13, 0, 0, 0, 0, 0,
    0, 0, 0, 0, 0, -5, 0, 0,
    0, 0, 0, 0, 0, 0, 0, 0,
    0, 0, -10, -5, 0, -11, -15, 0,
    0, 0, 0, -10, 0, 0, 0, 0,
    0, 0, -5, 0, 0, -5, 0, 0,
    0, 0, 0, 0, 0, 0, 0, 0,
    0, 0, 0, 0, -9, -14, -9, -14,
    -8, 0, 0, 0, 0, 0, 0, -9,
    0, 0, 0, -9, 4, 0, -13, -13,
    0, 0, 0, 0, 0, -8, 0, 0,
    0, 0, -4, 4, 2, 4, 4, 0,
    4, 0, 4, 2, 4, 0, 4, -9,
    -4, 0, 0, -8, 0, 0, 0, 0,
    -9, 0, 0, 0, 0, 0, 0, -4,
    2, 8, -4, 0, 4, -9, 4, -18,
    0, 0, 0, -14, 0, 0, 0, 0,
    0, 0, 0, 0, 0, 0, 0, 0,
    0, 0, 0, 0, 0, 0, 0, 0,
    0, 0, 0, 0, -17, 0, -10, -8,
    0, -17, 0, -10, 0, 0, 0, 0,
    0, 0, 0, 0, 0, 0, 0, 0,
    0, 0, 0, 0, 0, 0, 0, 0,
    0, -2, 0, 0, 0, 0, 0, 0,
    0, 0, 0, 0, 0, 0, 0, 0,
    0, 0, -11, 0, -3, 0, 0, 0,
    0, 0, 0, 0, 0, 0, -4, 0,
    -4, 0, 0, 0, 0, 0, -3, 0,
    0, -6, 0, 0, 0, 0, 0, 0,
    0, -8, 0, -2, -2, 0, -3, 0,
    -2, 0, 0, 1, -2, -5, 0, 2,
    0, -2, 0, 0, 4, 3, 0, 0,
    0, -4, -2, 0, 0, -4, 0, 0,
    0, 0, -4, 0, 0, 0, -3, 1,
    1, -2, 0, 0, -2, 0, 4, -9,
    0, 0, 0, 0, -3, 0, 0, 0,
    0, 0, 0, -9, 0, -9, 0, -8,
    0, 0, 0, 0, 0, 0, -9, 0,
    0, 0, 0, 0, 0, 0, -11, 0,
    0, 0, 0, -13, 0, 0, 0, -8,
    0, 0, 0, 0, 0, 0, 0, 0,
    0, 0, 0, 0, 0, 0, -9, 0,
    0, 0, -8, 0, 0, 0, 0, -9,
    0, 0, 0, 0, 0, 0, 0, 0,
    0, 0, 0, 0, -9, 3, 0, 0,
    0, 0, 0, 0, 0, 0, 0, 0,
    -9, -10, -9, -10, -13, 0, 0, 0,
    0, 0, 0, -8, -9, 0, 0, -15,
    1, 0, -14, -8, 0, 0, 0, 0,
    -8, 0, 0, 0, -18, -1, -4, 3,
    0, 0, 0, 0, 3, 0, 0, 0,
    0, 0, 1, -9, -4, 0, -9, -9,
    0, 0, 0, 0, -9, 0, 0, 0,
    0, -1, -1, -4, 0, 0, -4, 0,
    0, 0, 0, -18, 0, 0, 0, -17,
    0, 0, -8, 0, 0, 0, -17, 0,
    -17, 0, 0, 0, 0, 0, 0, 0,
    0, 0, 0, 0, -15, 0, 0, -13,
    -11, 0, 0, 0, 0, 0, -8, 0,
    0, 0, 0, -4, 0, 0, 0, 0,
    0, 0, 0, 0, 0, 0, 0, 0,
    0, -4, 0, -8, 0, 0, 0, 0,
    0, 0, 0, 0, 0, 0, 0, 0,
    -4, 0, 0, -4, 0, 0, 0, 0,
    -18, 0, 0, 0, -17, 0, 0, 0,
    0, 0, -5, 0, -5, 0, 0, 0,
    0, 0, 0, 0, 0, 0, -8, 0,
    0, 0, 0, 0, 0, -14, 0, 0,
    0, 0, 0, 0, 0, 0, 0, 0,
    -5, 4, 0, 0, 0, 0, 4, 0,
    0, 0, 0, 0, 0, -5, -5, 0,
    -8, -5, 0, 0, 0, 0, -5, 0,
    0, 0, 0, 0, 0, -5, 0, 0,
    -5, 0, 0, 0, 0, 0, 0, 0,
    0, 0, 0, 0, 0, 0, 0, 0,
    0, 0, 0, 0, 0, 0, 0, 0,
    0, 0, 0, 0, 0, 0, 0, 0,
    0, 0, -8, 0, 0, 0, 0, 0,
    0, 0, 0, 0, 0, -3, 0, 0,
    0, 0, 0, 0, 0, 0, 0, 0,
    0, 0, 0, -3, 0, 0, 0, 0,
    0, 0, 0, 0, 0, 0, 0, 0,
    0, 0, -3, 0, 0, -3, 0, 0,
    0, 0, 0, 0, 0, 0, 0, 0,
    0, 0, 0, 0, 0, 0, 0, 0,
    0, 0, 0, 0, 0, 0, 0, 0,
    0, 0, 0, 0, 0, 0, 0, -15,
    0, -8, 0, 0, -15, 0, 0, 0,
    0, 0, 0, 0, 0, 0, 0, 0,
    0, 0, 0, 0, 0, 0, 0, 0,
    0, 0, 0, 0, 0, 0, 0, 0,
    0, 0, 0, 0, 0, 0, 0, 0,
    0, 0, 0, 0, 0, 0, 0, 0,
    0, 0, 0, 0, 0, 0, 0, 0,
    0, 0, 0, 0, 0, 0, 0, 0,
    0, 0, 0, 0, 0, 0, 0, 0,
    -8, 0, 0, 0, -17, 0, -11, -11,
    -6, -19, 0, 0, 0, 0, 2, 0,
    0, 0, 0, 0, 0, 0, 0, -4,
    -4, -5, -3, 0, 0, 0, -8, 0,
    0, 0, 0, 0, 0, 0, 0, 0,
    0, 0, 2, 2, 0, 0, 0, 0,
    0, -4, 0, 0, 0, 0, 0, 0,
    0, 0, 0, 0, 0, 0, 0, 0,
    0, 0, 0, 0, 0, 0, 0, 0,
    0, 0, 0, 0, 0, 0, 0, 0,
    0, 0, 0, 0, 0, 0, 0, 0,
    0, 0, 0, 0, 0, 0, 8, 0,
    0, 0, 0, 0, 0, 0, 0, 0,
    0, 0, 0, 0, 0, 0, 0, 0,
    0, 0, 0, 0, 0, 0, 0, 0,
    0, 0, 8, 0, 0, 0, 0, 0,
    0, 0, 0, 0, 0, 0, 0, 0,
    -9, 0, 0, 0, 0, 0, 0, 0,
    0, 0, 0, 0, 0, 0, 0, 0,
    0, 0, -17, 0, 0, -17, 0, 0,
    0, 0, 0, 0, 0, 0, 0, 0,
    0, -8, 0, 0, 0, 0, 0, 0,
    0, 0, 0, 0, 0, 0, 0, -8,
    0, 0, 0, 0, 0, 0, 0, 0,
    0, 0, 0, 0, 0, 0, -8, 0,
    0, -8, 0, 0, 0, 0, 0, 0,
    0, 0, 0, 0, 0, 0, 0, 0,
    0, 0, 0, 0, 0, 0, 0, 0,
    0, 0, 0, 0, 0, 0, 0, -8,
    0, 0, 0, -11, 0, 0, 0, 0,
    -14, 0, 0, 0, 0, 0, 0, 0,
    0, 0, 0, 0, 0, 0, 0, 0,
    0, 0, 0, 0, 0, 0, 0, 0,
    0, 0, 0, 0, 0, 0, 0, 0,
    0, 0, 0, 0, 0, 0, 0, 0,
    0, 0, 0, 0, 0, 0, 0, 0,
    0, 0, 0, 0, 0, 0, 0, 0,
    0, 0, 0, 0, 0, 0, 0, 0,
    0, 0, 0, 0, -16, 0, -1, -16,
    0, 0, 0, 0, -2, -2, 0, 0,
    0, 0, -3, -6, 0, 0, 0, 0,
    -3, 0, 0, 0, 0, 0, 0, 0,
    0, 0, 0, 0, 0, 0, 0, 0,
    0, 0, 0, 0, 0, 0, -3, -3,
    -6, 0, 0, -6, 0, 0, 0, 0,
    0, 0, 0, 0, 0, 0, 0, 0,
    0, 0, 0, 0, 0, 0, 0, 0,
    0, 0, 0, 0, 0, 0, 0, 0,
    0, 0, 0, 0, 0, -11, 0, 0,
    0, 0, -13, 0, 0, 0, 0, 0,
    0, 0, 0, 0, 0, 0, 0, 0,
    0, 0, 0, 0, 0, 0, 0, 0,
    0, 0, 0, 0, 0, 0, 0, 0,
    0, 0, 0, 0, 0, 0, 0, 0,
    0, 0, 0, 0, 0, 0, 0, 0,
    0, 0, 0, 0, 0, 0, 0, 0,
    0, 0, 0, 0, 0, 0, 0, 0,
    0, 0, 0, 0, 0, 0, -8, 0,
    0, -10, -18, 0, -9, -11, -10, -11,
    0, 0, 0, 0, 0, 0, 0, 0,
    0, 0, 0, 0, 0, 0, 0, -5,
    0, 0, 0, 0, 0, 0, 0, 0,
    0, 0, 0, 0, 0, 0, 0, 0,
    0, 0, 0, 0, 0, 0, 0, 0,
    0, 0, 0, 0, 0, 0, 0, 0,
    0, 0, 0, 0, 0, 0, 0, 0,
    0, 0, 0, 0, 0, 0, 0, 0,
    0, 0, 0, -8, 0, 0, 0, -29,
    0, -14, -13, -9, -20, -8, 0, 0,
    0, 0, 0, 0, 0, 0, 0, 0,
    0, 0, -8, -8, -8, 0, 0, 0,
    0, 0, 0, 0, 0, 0, 0, 0,
    0, 0, 0, 0, 0, 0, 0, 0,
    0, 0, 0, 0, -8, 0, 0, 0,
    0, 0, 0, 0, 0, 0, 0, 0,
    0, 0, 0, 0, 0, 0, 0, 0,
    0, 0, 0, 0, 0, 0, 0, 0,
    0, 0, 0, 0, -15, 0, -17, -16,
    0, 0, 0, 0, 0, 0, 0, 0,
    0, 0, 0, 0, 0, 0, 0, 0,
    0, 0, 0, 0, 0, 0, 0, 0,
    0, 0, 0, 0, 0, 0, 0, 0,
    0, 0, 0, 0, 0, 0, 0, 0,
    0, 0, 0, 0, 0, 0, 0, 0,
    0, 0, 0, 0, 0, 0, 0, 0,
    0, 0, 0, 0, 0, 0, 0, 0,
    0, 0, 0, 0, 0, 0, 0, 0,
    0, 0, 0, 0, 0, 0, 0, 0,
    0, 0, 0, 0, 0, 0, 0, 0,
    0, 0, 0, 0, 0, 0, 0, 0,
    0, 0, 0, 0, 0, 0, 0, 0,
    0, 0, 0, 0, 0, 0, 0, 0,
    0, 0, 0, 4, 0, 0, 0, 0,
    0, 0, 0, 0, 0, 0, 0, 0,
    0, 0, 0, 0, 0, 0, 0, 0,
    0, 0, 0, 0, 0, 0, 0, 0,
    0, 0, -8, 0, 0, 0, -13, 0,
    -9, 0, -10, -10, 0, 0, 0, 0,
    0, 0, 0, 0, 0, 0, 0, 0,
    0, 0, 0, 0, 0, 0, 0, 0,
    0, 0, 0, 0, 0, 0, 0, 0,
    0, 0, 0, 0, 0, 0, 0, 0,
    0, 0, 0, 0, 0, 0, 0, 0,
    0, 0, 0, 0, 0, 0, 0, 0,
    0, -23, 0, -23, 0, 0, 0, 0,
    0, 0, 0, 0, 0, 0, 0, -9,
    0, 0, -9, -13, 0, -11, 0, 0,
    0, -9, -11, 0, 0, 0, 0, 0,
    0, 0, 0, 0, 0, 0, 0, 0,
    0, 0, 0, 0, 0, 0, 0, 0,
    0, 0, 0, 0, 0, 0, 0, 0,
    0, 0, 0, 0, 0, 0, 0, 0,
    0, -13, 0, -28, 0, 0, 0, -23,
    0, 0, 0, 0, 0, 0, 0, 0,
    0, 0, 0, 0, 0, 0, 0, 0,
    0, 0, 0, 0, 0, 0, 0, 0,
    -13, 0, 0, 0, 0, 0, 0, 0,
    0, 0, 0, 0, 0, 0, 0, 0,
    0, 0, 0, 0, 0, 0, 0, 0,
    0, 0, 0, 0, 0, 0, 0, 0,
    0, 0, 0, 0, 0, 0, 0, 0,
    0, 0, 8, 0, 0, 0, -15, 0,
    0, 0, 0, 0, 0, 0, 0, 0,
    0, 0, 0, 0, 0, 0, 0, 0,
    0, 0, 0, 0, 0, 0, 0, 0,
    0, 0, 0, 0, 0, -18, 0, 0,
    0, 0, 0, 0, 0, 0, 0, 0,
    0, 0, 0, 0, 0, 0, 0, 0,
    0, 0, 0, 0, 0, 0, 0, 0,
    0, 0, 0, 0, 0, 0, 0, 0,
    0, 0, 0, 0, 0, 0, 0, 0,
    0, 0, 0, 0, 0, 0, 0, 0,
    0, 0, 0, 0, 0, 0, 0, 0,
    0, 0, 0, 0, 0, 0, 0, 0,
    0, 0, 0, 0, 0, 0, 0, 0,
    0, 0, 0, 0, 0, 0, 0, 0,
    0, 0, 0, 0, 0, 0, 0, 0,
    0, 0, 0, 0, 0, 0, 0, 0,
    0, 0, 0, 0, 0, 0, 0, 0,
    0, 0, 0, 0, 0, 0, 0, 0,
    0, 0, 0, 0, 8, 0, 0, 0,
    0, 0, 0, 0, 0, 0, 0, 0,
    0, 0, 0, 0, 0, 0, 0, 0,
    0, 0, 10, 0, 0, 20, 0, 0,
    0, 0, 0, 0, 13, 0, 0, 20,
    0, 19, 0, 0, 0, 20, 19, 0,
    0, 0, 0, 9, 14, 14, 8, 0,
    11, 0, 0, 0, 0, 0, 13, 0,
    0, 0, 0, 0, 0, 0, 0, 0,
    0, 0, 4, 0, 0, 0, 0, 0,
    8, 37, 0, 0, 0, 0, 0, 0,
    0, 0, 0, 0, 0, 0, 0, 0,
    0, 0, 0, 0, 0, 0, 0, -9,
    0, 0, 0, 0, 0, 0, 0, 0,
    0, 0, 0, 0, -11, 0, -11, -11,
    0, -17, 0, -11, 0, 0, 0, 0,
    0, 0, 0, 0, 0, 0, 0, -3,
    0, 0, 0, 0, 0, 0, 0, 0,
    0, -2, 0, 0, 0, 0, 0, 0,
    0, 0, 0, 0, 0, 0, 0, 0,
    0, -3, -10, -4, 0, 0, 0, 0,
    0, -3, 0, 0, -3, 0, 0, 0,
    0, 0, 0, 0, -8, 0, 0, 0,
    0, 0, 0, 0, 0, -8, 0, 0,
    0, -11, 0, -11, -11, -6, -19, 0,
    -11, 0, 0, 2, 0, 0, 0, 0,
    0, 0, 0, 0, -4, -4, -5, -3,
    0, 0, 0, -8, 0, 0, -3, 0,
    0, 0, 0, 0, 0, 0, 0, 2,
    2, 0, 0, 0, 0, 0, -4, -14,
    -5, 0, 0, -8, 0, 0, 0, 0,
    0, 0, 0, 0, 0, 0, 0, 0,
    0, 0, 0, 0, 0, 0, 0, 0,
    0, 0, -22, 0, 0, -33, 0, 0,
    0, 0, 0, 0, 0, 0, 0, 0,
    0, -9, 0, 0, 0, 0, -4, 0,
    0, 0, 0, 0, 0, 0, 0, 0,
    0, 0, 0, 0, 0, 0, 0, 0,
    0, 0, 0, 0, 0, 0, -9, 0,
    0, -9, 0, 0, 0, 0, 0, 0,
    0, 0, 0, 0, 0, 0, 0, 0,
    0, 0, 0, 0, 0, 0, 0, 0,
    0, 0, 0, 0, 0, 0, 0, -31,
    0, -13, -28, 0, 0, 0, 0, 0,
    0, 0, 0, 0, 0, -13, -14, 0,
    0, 0, -5, -17, 3, -9, 3, 0,
    0, 0, 0, 0, 0, 0, 0, 0,
    0, 0, 0, 0, 0, 0, 0, 0,
    0, -13, -13, -14, 0, 0, -14, -9,
    3, 0, 0, 0, 0, 0, 0, 0,
    0, 0, 0, 0, 0, 0, 0, 0,
    0, 0, 0, 0, 0, 0, 0, 0,
    0, 0, 0, 0, 0, 0, 0, 0,
    -22, 0, -20, -14, 0, -24, 0, 0,
    0, 0, -8, 0, 0, 0, 0, 0,
    0, 0, 0, -11, 0, 0, 0, 0,
    0, 0, 0, 0, 0, 0, 0, 0,
    0, 0, 0, 0, 0, 0, -8, -8,
    0, 0, 0, 0, 0, -11, 0, 0,
    0, 0, 0, 0, 0, 0, 0, 0,
    0, 0, 0, 0, 0, 0, 0, 0,
    0, 0, 0, 0, 0, 0, 0, 0,
    0, -17, 0, 0, -17, 0, 0, 0,
    0, 0, 0, 0, 0, 0, 0, 0,
    -8, 0, 0, 0, 0, 0, 0, 0,
    0, 0, 0, 0, 0, 0, 0, 0,
    0, 0, 0, 0, 0, 0, 0, 0,
    0, 0, 0, 0, 0, -8, 0, 0,
    -8, 0, 0, 0, 0, 0, 0, 0,
    0, 0, 0, 0, 0, 0, 0, 0,
    0, 0, 0, 0, 0, 0, 0, 0,
    0, 0, 0, 0, 0, 0, -8, 0,
    0, 0, -8, 0, -9, 0, -10, -10,
    0, 0, 0, 0, 0, 0, 0, 0,
    0, 0, 0, 0, 0, 0, 0, 0,
    0, 0, 0, 0, 0, 0, 0, 0,
    0, 0, 0, 0, 0, 0, 0, 0,
    0, 0, 0, 0, 0, 0, 0, 0,
    0, 0, 0, 0, 0, 0, 0
};


/*Collect the kern class' data in one place*/
static const lv_font_fmt_txt_kern_classes_t kern_classes =
{
    .class_pair_values   = kern_class_values,
    .left_class_mapping  = kern_left_class_mapping,
    .right_class_mapping = kern_right_class_mapping,
    .left_class_cnt      = 75,
    .right_class_cnt     = 77,
};

/*--------------------
 *  ALL CUSTOM DATA
 *--------------------*/

#if LVGL_VERSION_MAJOR == 8
/*Store all the custom data of the font*/
static  lv_font_fmt_txt_glyph_cache_t cache;
#endif

#if LVGL_VERSION_MAJOR >= 8
static const lv_font_fmt_txt_dsc_t font_dsc = {
#else
static lv_font_fmt_txt_dsc_t font_dsc = {
#endif
    .glyph_bitmap = glyph_bitmap,
    .glyph_dsc = glyph_dsc,
    .cmaps = cmaps,
    .kern_dsc = &kern_classes,
    .kern_scale = 16,
    .cmap_num = 5,
    .bpp = 4,
    .kern_classes = 1,
    .bitmap_format = 0,
#if LVGL_VERSION_MAJOR == 8
    .cache = &cache
#endif
};



/*-----------------
 *  PUBLIC FONT
 *----------------*/

/*Initialize a public general font descriptor*/
#if LVGL_VERSION_MAJOR >= 8
const lv_font_t inter_14 = {
#else
lv_font_t inter_14 = {
#endif
    .get_glyph_dsc = lv_font_get_glyph_dsc_fmt_txt,    /*Function pointer to get glyph's data*/
    .get_glyph_bitmap = lv_font_get_bitmap_fmt_txt,    /*Function pointer to get glyph's bitmap*/
    .line_height = 19,          /*The maximum line height required by the font*/
    .base_line = 4,             /*Baseline measured from the bottom of the line*/
#if !(LVGL_VERSION_MAJOR == 6 && LVGL_VERSION_MINOR == 0)
    .subpx = LV_FONT_SUBPX_NONE,
#endif
#if LV_VERSION_CHECK(7, 4, 0) || LVGL_VERSION_MAJOR >= 8
    .underline_position = -2,
    .underline_thickness = 1,
#endif
    .dsc = &font_dsc,          /*The custom font data. Will be accessed by `get_glyph_bitmap/dsc` */
#if LV_VERSION_CHECK(8, 2, 0) || LVGL_VERSION_MAJOR >= 9
    .fallback = NULL,
#endif
    .user_data = NULL,
};



#endif /*#if INTER_14*/
