/*******************************************************************************
 * Size: 17 px
 * Bpp: 4
 * Opts: --font /tmp/alfred-fonts/inter_17.ttf --size 17 --bpp 4 --format lvgl --no-compress --range 0x20-0x7E,0xA0-0xFF,0x2010-0x2026,0x2190-0x2193 --lv-font-name inter_17 -o apps/companion/firmware/src/ui/fonts/inter_17.c
 ******************************************************************************/

#ifdef LV_LVGL_H_INCLUDE_SIMPLE
#include "lvgl.h"
#else
#include "lvgl.h"
#endif

#ifndef INTER_17
#define INTER_17 1
#endif

#if INTER_17

/*-----------------
 *    BITMAPS
 *----------------*/

/*Store the image of the glyphs*/
static LV_ATTRIBUTE_LARGE_CONST const uint8_t glyph_bitmap[] = {
    /* U+0020 " " */

    /* U+0021 "!" */
    0x8f, 0x77, 0xf7, 0x7f, 0x77, 0xf6, 0x7f, 0x66,
    0xf6, 0x6f, 0x56, 0xf5, 0x13, 0x10, 0x40, 0xaf,
    0x97, 0xf6,

    /* U+0022 "\"" */
    0x5f, 0x74, 0xf8, 0x4f, 0x63, 0xf7, 0x3f, 0x62,
    0xf7, 0x2f, 0x52, 0xf6, 0x19, 0x30, 0x93,

    /* U+0023 "#" */
    0x0, 0x9, 0xd0, 0x3, 0xf3, 0x0, 0x0, 0xcb,
    0x0, 0x6f, 0x0, 0x0, 0xe, 0x80, 0x9, 0xe0,
    0x0, 0xef, 0xff, 0xff, 0xff, 0xf7, 0x6, 0x9f,
    0x86, 0x6f, 0xb6, 0x20, 0x6, 0xf0, 0x1, 0xf5,
    0x0, 0x0, 0x9d, 0x0, 0x4f, 0x30, 0x0, 0x1c,
    0xb1, 0x17, 0xf2, 0x10, 0xaf, 0xff, 0xff, 0xff,
    0xfb, 0x3, 0x6f, 0x84, 0x4d, 0xc4, 0x20, 0x4,
    0xf2, 0x0, 0xf8, 0x0, 0x0, 0x7f, 0x0, 0x1f,
    0x50, 0x0,

    /* U+0024 "$" */
    0x0, 0x0, 0xf, 0x0, 0x0, 0x0, 0x0, 0x0,
    0xf0, 0x0, 0x0, 0x0, 0x2a, 0xef, 0xea, 0x30,
    0x0, 0x3f, 0xfb, 0xfb, 0xff, 0x30, 0xb, 0xf5,
    0xf, 0x4, 0xfc, 0x0, 0xdf, 0x10, 0xf0, 0x4,
    0x40, 0x8, 0xfb, 0x4f, 0x0, 0x0, 0x0, 0xa,
    0xff, 0xfa, 0x60, 0x0, 0x0, 0x2, 0x7f, 0xff,
    0xe3, 0x0, 0x0, 0x0, 0xf0, 0x6f, 0xd0, 0x18,
    0x60, 0xf, 0x0, 0xdf, 0x10, 0xef, 0x30, 0xf0,
    0x3f, 0xe0, 0x6, 0xff, 0xbf, 0xbf, 0xf6, 0x0,
    0x4, 0xbf, 0xfe, 0xb4, 0x0, 0x0, 0x0, 0xf,
    0x0, 0x0, 0x0, 0x0, 0x0, 0x80, 0x0, 0x0,

    /* U+0025 "%" */
    0x6, 0xef, 0xb1, 0x0, 0x0, 0x9d, 0x0, 0x2f,
    0x73, 0xe9, 0x0, 0x5, 0xf3, 0x0, 0x5f, 0x10,
    0xab, 0x0, 0x1e, 0x70, 0x0, 0x3f, 0x51, 0xda,
    0x0, 0xbc, 0x0, 0x0, 0x9, 0xff, 0xe2, 0x7,
    0xf2, 0x0, 0x0, 0x0, 0x12, 0x0, 0x3f, 0x50,
    0x0, 0x0, 0x0, 0x0, 0x0, 0xda, 0x3, 0xdf,
    0xb1, 0x0, 0x0, 0x9, 0xe0, 0xe, 0xa3, 0xea,
    0x0, 0x0, 0x4f, 0x30, 0x3f, 0x30, 0x9d, 0x0,
    0x1, 0xe8, 0x0, 0x3f, 0x30, 0x9d, 0x0, 0xb,
    0xc0, 0x0, 0xe, 0xa3, 0xda, 0x0, 0x6f, 0x20,
    0x0, 0x4, 0xdf, 0xb1,

    /* U+0026 "&" */
    0x0, 0x2b, 0xff, 0xa1, 0x0, 0x0, 0xd, 0xf8,
    0x9f, 0xb0, 0x0, 0x3, 0xf9, 0x0, 0xbf, 0x0,
    0x0, 0x1f, 0xa0, 0x2e, 0xc0, 0x0, 0x0, 0xaf,
    0x9e, 0xe3, 0x0, 0x0, 0x2, 0xff, 0xc1, 0x0,
    0x0, 0x2, 0xef, 0xfe, 0x20, 0x59, 0x10, 0xef,
    0x33, 0xfd, 0x1a, 0xf0, 0x3f, 0xa0, 0x5, 0xfc,
    0xfc, 0x2, 0xfc, 0x0, 0x7, 0xff, 0x40, 0xa,
    0xfc, 0x89, 0xef, 0xf8, 0x0, 0x7, 0xdf, 0xeb,
    0x3a, 0xf6,

    /* U+0027 "'" */
    0x5f, 0x74, 0xf6, 0x3f, 0x62, 0xf5, 0x19, 0x30,

    /* U+0028 "(" */
    0x0, 0x8e, 0x30, 0x1f, 0xd0, 0x6, 0xf7, 0x0,
    0xbf, 0x20, 0xf, 0xd0, 0x3, 0xfa, 0x0, 0x5f,
    0x80, 0x6, 0xf7, 0x0, 0x6f, 0x70, 0x4, 0xf8,
    0x0, 0x2f, 0xc0, 0x0, 0xdf, 0x0, 0x8, 0xf5,
    0x0, 0x1f, 0xc0, 0x0, 0x9f, 0x30,

    /* U+0029 ")" */
    0x1e, 0x90, 0x0, 0xbf, 0x20, 0x5, 0xf8, 0x0,
    0xf, 0xd0, 0x0, 0xcf, 0x10, 0x8, 0xf4, 0x0,
    0x6f, 0x60, 0x5, 0xf8, 0x0, 0x5f, 0x70, 0x7,
    0xf6, 0x0, 0xaf, 0x30, 0xe, 0xf0, 0x4, 0xf9,
    0x0, 0xaf, 0x30, 0x1f, 0xb0, 0x0,

    /* U+002A "*" */
    0x0, 0x4f, 0x0, 0x7, 0x63, 0xf0, 0x84, 0x7e,
    0xdf, 0xdd, 0x40, 0x4f, 0xfd, 0x20, 0xaf, 0x9f,
    0xaf, 0x64, 0x23, 0xf0, 0x42, 0x0, 0x3b, 0x0,
    0x0,

    /* U+002B "+" */
    0x0, 0x3, 0xf7, 0x0, 0x0, 0x0, 0x3f, 0x70,
    0x0, 0x12, 0x24, 0xf8, 0x22, 0x17, 0xff, 0xff,
    0xff, 0xfb, 0x25, 0x57, 0xfa, 0x55, 0x30, 0x0,
    0x3f, 0x70, 0x0, 0x0, 0x3, 0xf7, 0x0, 0x0,
    0x0, 0x3f, 0x70, 0x0,

    /* U+002C "," */
    0x3, 0x94, 0x8, 0xf4, 0xa, 0xf0, 0xd, 0xb0,
    0xf, 0x60,

    /* U+002D "-" */
    0x78, 0x88, 0x85, 0xdf, 0xff, 0xfa,

    /* U+002E "." */
    0x4, 0xa, 0xf9, 0x7f, 0x60,

    /* U+002F "/" */
    0x0, 0x0, 0x66, 0x0, 0x0, 0xfa, 0x0, 0x4,
    0xf5, 0x0, 0x8, 0xf1, 0x0, 0xd, 0xc0, 0x0,
    0x1f, 0x80, 0x0, 0x5f, 0x40, 0x0, 0xaf, 0x0,
    0x0, 0xeb, 0x0, 0x3, 0xf6, 0x0, 0x7, 0xf2,
    0x0, 0xb, 0xe0, 0x0, 0xf, 0x90, 0x0, 0x4f,
    0x50, 0x0, 0x9f, 0x10, 0x0,

    /* U+0030 "0" */
    0x0, 0x8, 0xef, 0xe8, 0x0, 0x0, 0xc, 0xfc,
    0x8c, 0xfb, 0x0, 0x6, 0xfa, 0x0, 0xb, 0xf5,
    0x0, 0xcf, 0x10, 0x0, 0x3f, 0xb0, 0xf, 0xd0,
    0x0, 0x0, 0xfe, 0x1, 0xfc, 0x0, 0x0, 0xd,
    0xf0, 0x1f, 0xc0, 0x0, 0x0, 0xdf, 0x0, 0xfd,
    0x0, 0x0, 0xf, 0xe0, 0xc, 0xf1, 0x0, 0x3,
    0xfb, 0x0, 0x6f, 0xa0, 0x0, 0xbf, 0x50, 0x0,
    0xcf, 0xc9, 0xdf, 0xb0, 0x0, 0x0, 0x8e, 0xfe,
    0x80, 0x0,

    /* U+0031 "1" */
    0x0, 0x5e, 0xf9, 0x9, 0xfe, 0xf9, 0x4f, 0x84,
    0xf9, 0x23, 0x4, 0xf9, 0x0, 0x4, 0xf9, 0x0,
    0x4, 0xf9, 0x0, 0x4, 0xf9, 0x0, 0x4, 0xf9,
    0x0, 0x4, 0xf9, 0x0, 0x4, 0xf9, 0x0, 0x4,
    0xf9, 0x0, 0x4, 0xf9,

    /* U+0032 "2" */
    0x3, 0xbf, 0xfd, 0x60, 0x3, 0xff, 0x99, 0xef,
    0x70, 0xbf, 0x30, 0x1, 0xef, 0x9, 0xa0, 0x0,
    0xa, 0xf2, 0x0, 0x0, 0x0, 0xee, 0x0, 0x0,
    0x0, 0x9f, 0x60, 0x0, 0x0, 0x9f, 0xa0, 0x0,
    0x0, 0x9f, 0xa0, 0x0, 0x0, 0xaf, 0xa0, 0x0,
    0x0, 0xaf, 0xa0, 0x0, 0x0, 0xaf, 0xf9, 0x99,
    0x99, 0x3e, 0xff, 0xff, 0xff, 0xf5,

    /* U+0033 "3" */
    0x0, 0x3a, 0xef, 0xd8, 0x0, 0x3, 0xff, 0xa8,
    0xcf, 0xb0, 0xb, 0xf3, 0x0, 0xc, 0xf3, 0x1,
    0x20, 0x0, 0xa, 0xf3, 0x0, 0x0, 0x22, 0x7f,
    0xb0, 0x0, 0x0, 0xff, 0xfb, 0x0, 0x0, 0x0,
    0x55, 0x9f, 0xd1, 0x0, 0x0, 0x0, 0x7, 0xf8,
    0x7, 0x60, 0x0, 0x3, 0xfb, 0xe, 0xf3, 0x0,
    0x9, 0xf8, 0x5, 0xff, 0xa9, 0xcf, 0xd1, 0x0,
    0x3b, 0xff, 0xe8, 0x10,

    /* U+0034 "4" */
    0x0, 0x0, 0x1, 0xff, 0x90, 0x0, 0x0, 0x0,
    0xbf, 0xf9, 0x0, 0x0, 0x0, 0x6f, 0xbf, 0x90,
    0x0, 0x0, 0x1f, 0xc3, 0xf9, 0x0, 0x0, 0xb,
    0xf2, 0x3f, 0x90, 0x0, 0x6, 0xf7, 0x3, 0xf9,
    0x0, 0x1, 0xfc, 0x0, 0x3f, 0x90, 0x0, 0xbf,
    0x20, 0x3, 0xf9, 0x0, 0x2f, 0xff, 0xff, 0xff,
    0xff, 0x41, 0x99, 0x99, 0x9a, 0xfd, 0x92, 0x0,
    0x0, 0x0, 0x3f, 0x90, 0x0, 0x0, 0x0, 0x3,
    0xf9, 0x0,

    /* U+0035 "5" */
    0x4, 0xff, 0xff, 0xff, 0xa0, 0x6, 0xfb, 0x99,
    0x99, 0x60, 0x8, 0xf3, 0x0, 0x0, 0x0, 0x9,
    0xf2, 0x0, 0x0, 0x0, 0xb, 0xf8, 0xef, 0xd6,
    0x0, 0xd, 0xfd, 0x89, 0xef, 0x70, 0x2, 0x30,
    0x0, 0x1e, 0xf1, 0x0, 0x0, 0x0, 0x9, 0xf4,
    0x5, 0x40, 0x0, 0x9, 0xf4, 0xe, 0xf2, 0x0,
    0x1e, 0xf0, 0x6, 0xfe, 0x99, 0xef, 0x60, 0x0,
    0x4c, 0xff, 0xc5, 0x0,

    /* U+0036 "6" */
    0x0, 0x7, 0xdf, 0xea, 0x10, 0x0, 0xbf, 0xc9,
    0xbf, 0xe1, 0x5, 0xf9, 0x0, 0x8, 0xf7, 0xb,
    0xf0, 0x1, 0x10, 0x0, 0xf, 0xc5, 0xef, 0xfc,
    0x20, 0x1f, 0xef, 0x85, 0x9f, 0xe1, 0x1f, 0xf6,
    0x0, 0x8, 0xf8, 0xf, 0xf0, 0x0, 0x2, 0xfb,
    0xe, 0xf0, 0x0, 0x3, 0xfa, 0x8, 0xf8, 0x0,
    0xa, 0xf6, 0x1, 0xdf, 0xb9, 0xcf, 0xc0, 0x0,
    0x19, 0xef, 0xe8, 0x0,

    /* U+0037 "7" */
    0x5f, 0xff, 0xff, 0xff, 0xe3, 0x99, 0x99, 0x9a,
    0xfd, 0x0, 0x0, 0x0, 0x8f, 0x70, 0x0, 0x0,
    0x1f, 0xe0, 0x0, 0x0, 0x9, 0xf6, 0x0, 0x0,
    0x1, 0xfd, 0x0, 0x0, 0x0, 0x9f, 0x50, 0x0,
    0x0, 0x2f, 0xd0, 0x0, 0x0, 0xa, 0xf5, 0x0,
    0x0, 0x2, 0xfc, 0x0, 0x0, 0x0, 0xaf, 0x40,
    0x0, 0x0, 0x3f, 0xc0, 0x0, 0x0,

    /* U+0038 "8" */
    0x0, 0x3b, 0xef, 0xd8, 0x0, 0x3, 0xff, 0x98,
    0xcf, 0xb0, 0x9, 0xf5, 0x0, 0xc, 0xf2, 0x9,
    0xf3, 0x0, 0xa, 0xf2, 0x2, 0xfd, 0x42, 0x7f,
    0xb0, 0x0, 0x4e, 0xff, 0xfb, 0x0, 0x4, 0xfd,
    0x65, 0x9f, 0xc0, 0xe, 0xf1, 0x0, 0x7, 0xf7,
    0x1f, 0xd0, 0x0, 0x3, 0xfa, 0xf, 0xf2, 0x0,
    0x8, 0xf8, 0x6, 0xfe, 0x98, 0xbf, 0xe1, 0x0,
    0x4b, 0xff, 0xe9, 0x10,

    /* U+0039 "9" */
    0x0, 0x3b, 0xff, 0xd6, 0x0, 0x5, 0xff, 0xa9,
    0xdf, 0x80, 0xe, 0xf3, 0x0, 0xc, 0xf2, 0x1f,
    0xc0, 0x0, 0x5, 0xf7, 0xf, 0xe0, 0x0, 0x8,
    0xfa, 0x9, 0xfb, 0x32, 0x8f, 0xfb, 0x0, 0xaf,
    0xff, 0xe5, 0xfa, 0x0, 0x2, 0x43, 0x3, 0xf8,
    0x8, 0x70, 0x0, 0x8, 0xf5, 0xb, 0xf4, 0x0,
    0x2f, 0xe0, 0x3, 0xff, 0xaa, 0xff, 0x50, 0x0,
    0x3b, 0xff, 0xc4, 0x0,

    /* U+003A ":" */
    0x7f, 0x6a, 0xf9, 0x4, 0x0, 0x0, 0x0, 0x0,
    0x0, 0x4, 0xa, 0xf9, 0x7f, 0x60,

    /* U+003B ";" */
    0x4, 0xf9, 0x7, 0xfc, 0x0, 0x41, 0x0, 0x0,
    0x0, 0x0, 0x0, 0x0, 0x0, 0x0, 0x6, 0xf7,
    0x9, 0xf2, 0xb, 0xd0, 0xe, 0x90, 0x9, 0x30,

    /* U+003C "<" */
    0x0, 0x0, 0x0, 0x0, 0x0, 0x0, 0x0, 0x3,
    0xa6, 0x0, 0x0, 0x4b, 0xff, 0x50, 0x5, 0xcf,
    0xe8, 0x20, 0x4d, 0xfd, 0x60, 0x0, 0x9, 0xfe,
    0x30, 0x0, 0x0, 0x17, 0xef, 0xc5, 0x0, 0x0,
    0x0, 0x6d, 0xfe, 0x71, 0x0, 0x0, 0x5, 0xdf,
    0x70, 0x0, 0x0, 0x0, 0x44,

    /* U+003D "=" */
    0x4f, 0xff, 0xff, 0xff, 0x82, 0x88, 0x88, 0x88,
    0x84, 0x0, 0x0, 0x0, 0x0, 0x2, 0x99, 0x99,
    0x99, 0x94, 0x4f, 0xff, 0xff, 0xff, 0x80,

    /* U+003E ">" */
    0x0, 0x0, 0x0, 0x0, 0x2, 0xc5, 0x0, 0x0,
    0x0, 0x2f, 0xfd, 0x60, 0x0, 0x0, 0x6, 0xdf,
    0xe7, 0x0, 0x0, 0x0, 0x4b, 0xff, 0x70, 0x0,
    0x0, 0x2b, 0xfe, 0x0, 0x3, 0xbf, 0xf9, 0x20,
    0x5c, 0xff, 0x81, 0x0, 0x2f, 0xe7, 0x10, 0x0,
    0x1, 0x60, 0x0, 0x0, 0x0,

    /* U+003F "?" */
    0x1, 0x9e, 0xfe, 0x80, 0x0, 0xcf, 0xb8, 0xcf,
    0xb0, 0x3f, 0xb0, 0x0, 0xdf, 0x11, 0x42, 0x0,
    0xb, 0xf2, 0x0, 0x0, 0x6, 0xfd, 0x0, 0x0,
    0xa, 0xfd, 0x20, 0x0, 0x7, 0xf9, 0x0, 0x0,
    0x0, 0xbf, 0x0, 0x0, 0x0, 0x3, 0x50, 0x0,
    0x0, 0x0, 0x23, 0x0, 0x0, 0x0, 0xf, 0xf4,
    0x0, 0x0, 0x0, 0xce, 0x20, 0x0,

    /* U+0040 "@" */
    0x0, 0x0, 0x28, 0xcf, 0xff, 0xc7, 0x10, 0x0,
    0x0, 0x7, 0xff, 0xa7, 0x67, 0xaf, 0xf5, 0x0,
    0x0, 0x7f, 0xa1, 0x0, 0x0, 0x1, 0xbf, 0x40,
    0x2, 0xfb, 0x0, 0x0, 0x10, 0x11, 0xc, 0xe0,
    0x9, 0xf2, 0x1, 0xaf, 0xfc, 0xcc, 0x4, 0xf6,
    0xe, 0xc0, 0xb, 0xf7, 0x5a, 0xfc, 0x0, 0xea,
    0xf, 0x90, 0x3f, 0x60, 0x0, 0xdc, 0x0, 0xcc,
    0x1f, 0x80, 0x6f, 0x20, 0x0, 0xbc, 0x0, 0xbd,
    0xf, 0x90, 0x5f, 0x20, 0x0, 0xbc, 0x0, 0xcb,
    0xe, 0xc0, 0x2f, 0x60, 0x0, 0xec, 0x0, 0xf8,
    0xa, 0xf2, 0xb, 0xf6, 0x5b, 0xff, 0x59, 0xf2,
    0x3, 0xfb, 0x0, 0xaf, 0xfa, 0x2c, 0xfe, 0x50,
    0x0, 0x8f, 0xa1, 0x0, 0x0, 0x0, 0x0, 0x0,
    0x0, 0x7, 0xff, 0xb7, 0x67, 0x8c, 0x20, 0x0,
    0x0, 0x0, 0x28, 0xce, 0xff, 0xd9, 0x20, 0x0,

    /* U+0041 "A" */
    0x0, 0x0, 0x6f, 0xf4, 0x0, 0x0, 0x0, 0x0,
    0xcf, 0xfa, 0x0, 0x0, 0x0, 0x2, 0xfa, 0xcf,
    0x10, 0x0, 0x0, 0x7, 0xf5, 0x7f, 0x60, 0x0,
    0x0, 0xd, 0xf0, 0x2f, 0xc0, 0x0, 0x0, 0x3f,
    0xb0, 0xc, 0xf2, 0x0, 0x0, 0x9f, 0x50, 0x7,
    0xf8, 0x0, 0x0, 0xff, 0x88, 0x89, 0xfe, 0x0,
    0x5, 0xff, 0xff, 0xff, 0xff, 0x40, 0xb, 0xf4,
    0x0, 0x0, 0x5f, 0xa0, 0x1f, 0xe0, 0x0, 0x0,
    0xf, 0xf0, 0x7f, 0x90, 0x0, 0x0, 0xa, 0xf6,

    /* U+0042 "B" */
    0xaf, 0xff, 0xff, 0xc5, 0x0, 0xaf, 0xa9, 0x9a,
    0xff, 0x60, 0xaf, 0x30, 0x0, 0x3f, 0xc0, 0xaf,
    0x30, 0x0, 0x1f, 0xb0, 0xaf, 0x52, 0x23, 0xcf,
    0x40, 0xaf, 0xff, 0xff, 0xf6, 0x0, 0xaf, 0x75,
    0x55, 0xcf, 0x90, 0xaf, 0x30, 0x0, 0xd, 0xf2,
    0xaf, 0x30, 0x0, 0x9, 0xf4, 0xaf, 0x30, 0x0,
    0xd, 0xf2, 0xaf, 0xa8, 0x89, 0xdf, 0xb0, 0xaf,
    0xff, 0xff, 0xd8, 0x0,

    /* U+0043 "C" */
    0x0, 0x3, 0xae, 0xfe, 0xa3, 0x0, 0x0, 0x6f,
    0xfc, 0xac, 0xff, 0x50, 0x3, 0xfe, 0x30, 0x0,
    0x3f, 0xf2, 0xa, 0xf5, 0x0, 0x0, 0x7, 0xf7,
    0xf, 0xf0, 0x0, 0x0, 0x0, 0x0, 0x1f, 0xc0,
    0x0, 0x0, 0x0, 0x0, 0x1f, 0xc0, 0x0, 0x0,
    0x0, 0x0, 0xf, 0xf0, 0x0, 0x0, 0x0, 0x0,
    0xa, 0xf5, 0x0, 0x0, 0x7, 0xf7, 0x3, 0xfe,
    0x30, 0x0, 0x3f, 0xf2, 0x0, 0x6f, 0xfc, 0xac,
    0xff, 0x50, 0x0, 0x3, 0xae, 0xfe, 0xa2, 0x0,

    /* U+0044 "D" */
    0xaf, 0xff, 0xfe, 0xb5, 0x0, 0xa, 0xfb, 0x99,
    0xbf, 0xf9, 0x0, 0xaf, 0x30, 0x0, 0x1c, 0xf6,
    0xa, 0xf3, 0x0, 0x0, 0x1f, 0xe0, 0xaf, 0x30,
    0x0, 0x0, 0xbf, 0x2a, 0xf3, 0x0, 0x0, 0x9,
    0xf4, 0xaf, 0x30, 0x0, 0x0, 0x9f, 0x4a, 0xf3,
    0x0, 0x0, 0xb, 0xf2, 0xaf, 0x30, 0x0, 0x1,
    0xfe, 0xa, 0xf3, 0x0, 0x1, 0xcf, 0x60, 0xaf,
    0xb9, 0x9b, 0xff, 0x90, 0xa, 0xff, 0xff, 0xeb,
    0x40, 0x0,

    /* U+0045 "E" */
    0xaf, 0xff, 0xff, 0xff, 0x3a, 0xfa, 0x99, 0x99,
    0x91, 0xaf, 0x30, 0x0, 0x0, 0xa, 0xf3, 0x0,
    0x0, 0x0, 0xaf, 0x30, 0x0, 0x0, 0xa, 0xff,
    0xff, 0xff, 0xc0, 0xaf, 0xa9, 0x99, 0x97, 0xa,
    0xf3, 0x0, 0x0, 0x0, 0xaf, 0x30, 0x0, 0x0,
    0xa, 0xf3, 0x0, 0x0, 0x0, 0xaf, 0xa9, 0x99,
    0x99, 0x2a, 0xff, 0xff, 0xff, 0xf4,

    /* U+0046 "F" */
    0xaf, 0xff, 0xff, 0xff, 0x1a, 0xfa, 0x99, 0x99,
    0x90, 0xaf, 0x30, 0x0, 0x0, 0xa, 0xf3, 0x0,
    0x0, 0x0, 0xaf, 0x30, 0x0, 0x0, 0xa, 0xfa,
    0x88, 0x88, 0x40, 0xaf, 0xff, 0xff, 0xf8, 0xa,
    0xf3, 0x0, 0x0, 0x0, 0xaf, 0x30, 0x0, 0x0,
    0xa, 0xf3, 0x0, 0x0, 0x0, 0xaf, 0x30, 0x0,
    0x0, 0xa, 0xf3, 0x0, 0x0, 0x0,

    /* U+0047 "G" */
    0x0, 0x3, 0xae, 0xfe, 0xa3, 0x0, 0x0, 0x6f,
    0xfc, 0xac, 0xff, 0x60, 0x3, 0xfe, 0x30, 0x0,
    0x3e, 0xf3, 0xa, 0xf5, 0x0, 0x0, 0x5, 0xb6,
    0xf, 0xf0, 0x0, 0x0, 0x0, 0x0, 0x1f, 0xc0,
    0x0, 0x18, 0x88, 0x85, 0x1f, 0xc0, 0x0, 0x2f,
    0xff, 0xfb, 0xf, 0xf0, 0x0, 0x0, 0x2, 0xfa,
    0xa, 0xf5, 0x0, 0x0, 0x7, 0xf8, 0x3, 0xfe,
    0x40, 0x0, 0x3f, 0xf1, 0x0, 0x6f, 0xfc, 0xac,
    0xff, 0x50, 0x0, 0x3, 0xae, 0xfe, 0xa3, 0x0,

    /* U+0048 "H" */
    0xaf, 0x30, 0x0, 0x0, 0xaf, 0x3a, 0xf3, 0x0,
    0x0, 0xa, 0xf3, 0xaf, 0x30, 0x0, 0x0, 0xaf,
    0x3a, 0xf3, 0x0, 0x0, 0xa, 0xf3, 0xaf, 0x30,
    0x0, 0x0, 0xaf, 0x3a, 0xff, 0xff, 0xff, 0xff,
    0xf3, 0xaf, 0xa9, 0x99, 0x99, 0xdf, 0x3a, 0xf3,
    0x0, 0x0, 0xa, 0xf3, 0xaf, 0x30, 0x0, 0x0,
    0xaf, 0x3a, 0xf3, 0x0, 0x0, 0xa, 0xf3, 0xaf,
    0x30, 0x0, 0x0, 0xaf, 0x3a, 0xf3, 0x0, 0x0,
    0xa, 0xf3,

    /* U+0049 "I" */
    0xaf, 0x3a, 0xf3, 0xaf, 0x3a, 0xf3, 0xaf, 0x3a,
    0xf3, 0xaf, 0x3a, 0xf3, 0xaf, 0x3a, 0xf3, 0xaf,
    0x3a, 0xf3,

    /* U+004A "J" */
    0x0, 0x0, 0x0, 0x8f, 0x60, 0x0, 0x0, 0x8,
    0xf6, 0x0, 0x0, 0x0, 0x8f, 0x60, 0x0, 0x0,
    0x8, 0xf6, 0x0, 0x0, 0x0, 0x8f, 0x60, 0x0,
    0x0, 0x8, 0xf6, 0x0, 0x0, 0x0, 0x8f, 0x61,
    0x42, 0x0, 0x8, 0xf6, 0x4f, 0x90, 0x0, 0x8f,
    0x52, 0xfd, 0x0, 0xc, 0xf3, 0xb, 0xfd, 0x9c,
    0xfc, 0x0, 0x8, 0xef, 0xe9, 0x10,

    /* U+004B "K" */
    0xaf, 0x30, 0x0, 0xb, 0xfa, 0xa, 0xf3, 0x0,
    0xa, 0xfb, 0x0, 0xaf, 0x30, 0x9, 0xfc, 0x0,
    0xa, 0xf3, 0x8, 0xfc, 0x0, 0x0, 0xaf, 0x36,
    0xfd, 0x10, 0x0, 0xa, 0xf7, 0xff, 0x80, 0x0,
    0x0, 0xaf, 0xfd, 0xef, 0x30, 0x0, 0xa, 0xfd,
    0x14, 0xfd, 0x0, 0x0, 0xaf, 0x40, 0x9, 0xfa,
    0x0, 0xa, 0xf3, 0x0, 0xd, 0xf6, 0x0, 0xaf,
    0x30, 0x0, 0x2f, 0xf2, 0xa, 0xf3, 0x0, 0x0,
    0x6f, 0xc0,

    /* U+004C "L" */
    0xaf, 0x30, 0x0, 0x0, 0xaf, 0x30, 0x0, 0x0,
    0xaf, 0x30, 0x0, 0x0, 0xaf, 0x30, 0x0, 0x0,
    0xaf, 0x30, 0x0, 0x0, 0xaf, 0x30, 0x0, 0x0,
    0xaf, 0x30, 0x0, 0x0, 0xaf, 0x30, 0x0, 0x0,
    0xaf, 0x30, 0x0, 0x0, 0xaf, 0x30, 0x0, 0x0,
    0xaf, 0xa9, 0x99, 0x97, 0xaf, 0xff, 0xff, 0xfd,

    /* U+004D "M" */
    0xaf, 0xf4, 0x0, 0x0, 0x0, 0xef, 0xf1, 0xaf,
    0xfa, 0x0, 0x0, 0x4, 0xff, 0xf1, 0xaf, 0xdf,
    0x10, 0x0, 0xa, 0xfd, 0xf1, 0xaf, 0x8f, 0x70,
    0x0, 0x1f, 0xcc, 0xf1, 0xaf, 0x3f, 0xd0, 0x0,
    0x7f, 0x6c, 0xf1, 0xaf, 0x2b, 0xf3, 0x0, 0xdf,
    0x1d, 0xf1, 0xaf, 0x25, 0xfa, 0x3, 0xfa, 0xd,
    0xf1, 0xaf, 0x20, 0xef, 0x9, 0xf4, 0xd, 0xf1,
    0xaf, 0x20, 0x8f, 0x4e, 0xe0, 0xd, 0xf1, 0xaf,
    0x20, 0x1f, 0xcf, 0x70, 0xd, 0xf1, 0xaf, 0x20,
    0xb, 0xff, 0x10, 0xd, 0xf1, 0xaf, 0x20, 0x4,
    0xfb, 0x0, 0xd, 0xf1,

    /* U+004E "N" */
    0xaf, 0xc0, 0x0, 0x0, 0x7f, 0x6a, 0xff, 0x70,
    0x0, 0x7, 0xf6, 0xaf, 0xdf, 0x20, 0x0, 0x7f,
    0x6a, 0xf6, 0xfc, 0x0, 0x7, 0xf6, 0xaf, 0x39,
    0xf6, 0x0, 0x7f, 0x6a, 0xf3, 0x1e, 0xf1, 0x7,
    0xf6, 0xaf, 0x30, 0x5f, 0xb0, 0x7f, 0x6a, 0xf3,
    0x0, 0xbf, 0x67, 0xf6, 0xaf, 0x30, 0x1, 0xfe,
    0x8f, 0x6a, 0xf3, 0x0, 0x6, 0xfe, 0xf6, 0xaf,
    0x30, 0x0, 0xb, 0xff, 0x6a, 0xf3, 0x0, 0x0,
    0x2f, 0xf6,

    /* U+004F "O" */
    0x0, 0x3, 0xae, 0xfe, 0xa3, 0x0, 0x0, 0x6,
    0xff, 0xca, 0xcf, 0xf6, 0x0, 0x3, 0xfe, 0x30,
    0x0, 0x4e, 0xf3, 0x0, 0xaf, 0x50, 0x0, 0x0,
    0x5f, 0xa0, 0xf, 0xe0, 0x0, 0x0, 0x0, 0xff,
    0x1, 0xfc, 0x0, 0x0, 0x0, 0xd, 0xf1, 0x1f,
    0xc0, 0x0, 0x0, 0x0, 0xdf, 0x10, 0xfe, 0x0,
    0x0, 0x0, 0xf, 0xf0, 0xa, 0xf5, 0x0, 0x0,
    0x5, 0xfa, 0x0, 0x3f, 0xe3, 0x0, 0x4, 0xff,
    0x30, 0x0, 0x6f, 0xfc, 0xac, 0xff, 0x60, 0x0,
    0x0, 0x3a, 0xef, 0xea, 0x30, 0x0,

    /* U+0050 "P" */
    0xaf, 0xff, 0xff, 0xc4, 0x0, 0xaf, 0xa9, 0x9a,
    0xff, 0x50, 0xaf, 0x30, 0x0, 0x3f, 0xd0, 0xaf,
    0x30, 0x0, 0xd, 0xf0, 0xaf, 0x30, 0x0, 0xe,
    0xf0, 0xaf, 0x30, 0x1, 0x9f, 0xa0, 0xaf, 0xff,
    0xff, 0xfd, 0x10, 0xaf, 0xa8, 0x87, 0x40, 0x0,
    0xaf, 0x30, 0x0, 0x0, 0x0, 0xaf, 0x30, 0x0,
    0x0, 0x0, 0xaf, 0x30, 0x0, 0x0, 0x0, 0xaf,
    0x30, 0x0, 0x0, 0x0,

    /* U+0051 "Q" */
    0x0, 0x3, 0xae, 0xfe, 0xa3, 0x0, 0x0, 0x6,
    0xff, 0xca, 0xcf, 0xf6, 0x0, 0x3, 0xfe, 0x30,
    0x0, 0x4e, 0xf3, 0x0, 0xaf, 0x50, 0x0, 0x0,
    0x5f, 0xa0, 0xf, 0xe0, 0x0, 0x0, 0x0, 0xff,
    0x1, 0xfc, 0x0, 0x0, 0x0, 0xd, 0xf1, 0x1f,
    0xc0, 0x0, 0x0, 0x0, 0xdf, 0x10, 0xfe, 0x0,
    0x0, 0x0, 0xf, 0xf0, 0xa, 0xf5, 0x0, 0xbe,
    0x15, 0xfa, 0x0, 0x3f, 0xe3, 0x1, 0xed, 0xff,
    0x30, 0x0, 0x6f, 0xfc, 0xad, 0xff, 0x60, 0x0,
    0x0, 0x3a, 0xef, 0xec, 0xf6, 0x0, 0x0, 0x0,
    0x0, 0x0, 0xa, 0xf3, 0x0,

    /* U+0052 "R" */
    0xaf, 0xff, 0xff, 0xc4, 0x0, 0xaf, 0xa9, 0x9a,
    0xff, 0x50, 0xaf, 0x30, 0x0, 0x3f, 0xe0, 0xaf,
    0x30, 0x0, 0xd, 0xf1, 0xaf, 0x30, 0x0, 0xe,
    0xf0, 0xaf, 0x30, 0x1, 0x9f, 0xb0, 0xaf, 0xff,
    0xff, 0xfd, 0x20, 0xaf, 0xa8, 0x9f, 0xf1, 0x0,
    0xaf, 0x30, 0x9, 0xf8, 0x0, 0xaf, 0x30, 0x1,
    0xff, 0x20, 0xaf, 0x30, 0x0, 0x7f, 0xa0, 0xaf,
    0x30, 0x0, 0xd, 0xf3,

    /* U+0053 "S" */
    0x0, 0x2a, 0xef, 0xea, 0x30, 0x0, 0x3f, 0xfb,
    0x9b, 0xff, 0x30, 0xb, 0xf5, 0x0, 0x4, 0xfc,
    0x0, 0xdf, 0x10, 0x0, 0x4, 0x40, 0x8, 0xfb,
    0x30, 0x0, 0x0, 0x0, 0xa, 0xff, 0xea, 0x60,
    0x0, 0x0, 0x2, 0x7b, 0xff, 0xe3, 0x0, 0x0,
    0x0, 0x0, 0x6f, 0xd0, 0x18, 0x60, 0x0, 0x0,
    0xdf, 0x10, 0xef, 0x30, 0x0, 0x3f, 0xe0, 0x6,
    0xff, 0xb9, 0xbf, 0xf6, 0x0, 0x4, 0xbe, 0xfe,
    0xb4, 0x0,

    /* U+0054 "T" */
    0x5f, 0xff, 0xff, 0xff, 0xff, 0x52, 0x99, 0x9c,
    0xfc, 0x99, 0x92, 0x0, 0x0, 0x7f, 0x70, 0x0,
    0x0, 0x0, 0x7, 0xf7, 0x0, 0x0, 0x0, 0x0,
    0x7f, 0x70, 0x0, 0x0, 0x0, 0x7, 0xf7, 0x0,
    0x0, 0x0, 0x0, 0x7f, 0x70, 0x0, 0x0, 0x0,
    0x7, 0xf7, 0x0, 0x0, 0x0, 0x0, 0x7f, 0x70,
    0x0, 0x0, 0x0, 0x7, 0xf7, 0x0, 0x0, 0x0,
    0x0, 0x7f, 0x70, 0x0, 0x0, 0x0, 0x7, 0xf7,
    0x0, 0x0,

    /* U+0055 "U" */
    0xbf, 0x30, 0x0, 0x0, 0xbf, 0x2b, 0xf3, 0x0,
    0x0, 0xb, 0xf2, 0xbf, 0x30, 0x0, 0x0, 0xbf,
    0x2b, 0xf3, 0x0, 0x0, 0xb, 0xf2, 0xbf, 0x30,
    0x0, 0x0, 0xbf, 0x2b, 0xf3, 0x0, 0x0, 0xb,
    0xf2, 0xbf, 0x30, 0x0, 0x0, 0xbf, 0x2b, 0xf3,
    0x0, 0x0, 0xb, 0xf2, 0x9f, 0x50, 0x0, 0x0,
    0xef, 0x14, 0xfd, 0x20, 0x0, 0x8f, 0xc0, 0xa,
    0xff, 0xba, 0xdf, 0xe2, 0x0, 0x5, 0xcf, 0xfe,
    0x91, 0x0,

    /* U+0056 "V" */
    0x7f, 0x90, 0x0, 0x0, 0xa, 0xf6, 0x1f, 0xe0,
    0x0, 0x0, 0xf, 0xf0, 0xb, 0xf5, 0x0, 0x0,
    0x5f, 0xa0, 0x5, 0xfa, 0x0, 0x0, 0xbf, 0x40,
    0x0, 0xef, 0x10, 0x1, 0xfe, 0x0, 0x0, 0x9f,
    0x60, 0x6, 0xf8, 0x0, 0x0, 0x3f, 0xc0, 0xb,
    0xf2, 0x0, 0x0, 0xd, 0xf1, 0x1f, 0xd0, 0x0,
    0x0, 0x7, 0xf6, 0x6f, 0x70, 0x0, 0x0, 0x1,
    0xfb, 0xbf, 0x10, 0x0, 0x0, 0x0, 0xbf, 0xfb,
    0x0, 0x0, 0x0, 0x0, 0x5f, 0xf5, 0x0, 0x0,

    /* U+0057 "W" */
    0x7f, 0x70, 0x0, 0xb, 0xfa, 0x0, 0x0, 0x9f,
    0x63, 0xfc, 0x0, 0x0, 0xff, 0xe0, 0x0, 0xd,
    0xf2, 0xe, 0xf0, 0x0, 0x3f, 0xdf, 0x20, 0x1,
    0xfd, 0x0, 0xaf, 0x40, 0x7, 0xf7, 0xf6, 0x0,
    0x5f, 0x90, 0x5, 0xf8, 0x0, 0xcf, 0x1f, 0xb0,
    0x9, 0xf4, 0x0, 0x1f, 0xc0, 0xf, 0xb0, 0xcf,
    0x0, 0xdf, 0x0, 0x0, 0xcf, 0x4, 0xf6, 0x7,
    0xf3, 0x1f, 0xb0, 0x0, 0x8, 0xf4, 0x8f, 0x20,
    0x3f, 0x75, 0xf7, 0x0, 0x0, 0x3f, 0x8c, 0xd0,
    0x0, 0xeb, 0x9f, 0x20, 0x0, 0x0, 0xfb, 0xf9,
    0x0, 0xa, 0xec, 0xe0, 0x0, 0x0, 0xb, 0xff,
    0x50, 0x0, 0x6f, 0xfa, 0x0, 0x0, 0x0, 0x6f,
    0xf0, 0x0, 0x1, 0xff, 0x50, 0x0,

    /* U+0058 "X" */
    0xe, 0xf4, 0x0, 0x0, 0x5f, 0xc0, 0x3, 0xfe,
    0x10, 0x2, 0xff, 0x20, 0x0, 0x8f, 0xa0, 0xc,
    0xf5, 0x0, 0x0, 0xc, 0xf4, 0x6f, 0xa0, 0x0,
    0x0, 0x2, 0xfd, 0xee, 0x0, 0x0, 0x0, 0x0,
    0x7f, 0xf4, 0x0, 0x0, 0x0, 0x0, 0xaf, 0xf8,
    0x0, 0x0, 0x0, 0x5, 0xfb, 0xdf, 0x30, 0x0,
    0x0, 0x2f, 0xf1, 0x4f, 0xd0, 0x0, 0x0, 0xcf,
    0x50, 0x9, 0xfa, 0x0, 0x8, 0xfa, 0x0, 0x0,
    0xdf, 0x50, 0x4f, 0xd0, 0x0, 0x0, 0x2f, 0xe1,

    /* U+0059 "Y" */
    0x5f, 0xd0, 0x0, 0x0, 0x2f, 0xf1, 0xa, 0xf7,
    0x0, 0x0, 0xbf, 0x60, 0x1, 0xff, 0x20, 0x5,
    0xfc, 0x0, 0x0, 0x6f, 0xb0, 0xe, 0xf2, 0x0,
    0x0, 0xc, 0xf4, 0x8f, 0x80, 0x0, 0x0, 0x2,
    0xfd, 0xfd, 0x0, 0x0, 0x0, 0x0, 0x8f, 0xf4,
    0x0, 0x0, 0x0, 0x0, 0x1f, 0xd0, 0x0, 0x0,
    0x0, 0x0, 0x1f, 0xd0, 0x0, 0x0, 0x0, 0x0,
    0x1f, 0xd0, 0x0, 0x0, 0x0, 0x0, 0x1f, 0xd0,
    0x0, 0x0, 0x0, 0x0, 0x1f, 0xd0, 0x0, 0x0,

    /* U+005A "Z" */
    0x1f, 0xff, 0xff, 0xff, 0xfe, 0x8, 0x88, 0x88,
    0x8c, 0xfa, 0x0, 0x0, 0x0, 0x2e, 0xe1, 0x0,
    0x0, 0x0, 0xcf, 0x40, 0x0, 0x0, 0x8, 0xf8,
    0x0, 0x0, 0x0, 0x4f, 0xc0, 0x0, 0x0, 0x1,
    0xef, 0x20, 0x0, 0x0, 0xb, 0xf6, 0x0, 0x0,
    0x0, 0x6f, 0xa0, 0x0, 0x0, 0x2, 0xfd, 0x0,
    0x0, 0x0, 0xd, 0xfa, 0x88, 0x88, 0x88, 0xf,
    0xff, 0xff, 0xff, 0xff,

    /* U+005B "[" */
    0x1, 0x11, 0x5, 0xff, 0xf3, 0x5f, 0x94, 0x5,
    0xf6, 0x0, 0x5f, 0x60, 0x5, 0xf6, 0x0, 0x5f,
    0x60, 0x5, 0xf6, 0x0, 0x5f, 0x60, 0x5, 0xf6,
    0x0, 0x5f, 0x60, 0x5, 0xf6, 0x0, 0x5f, 0x60,
    0x5, 0xf7, 0x20, 0x5f, 0xff, 0x31, 0x55, 0x51,

    /* U+005C "\\" */
    0x57, 0x0, 0x0, 0x6f, 0x30, 0x0, 0x2f, 0x70,
    0x0, 0xe, 0xb0, 0x0, 0x9, 0xf0, 0x0, 0x5,
    0xf4, 0x0, 0x1, 0xf9, 0x0, 0x0, 0xcd, 0x0,
    0x0, 0x8f, 0x10, 0x0, 0x3f, 0x60, 0x0, 0xf,
    0xa0, 0x0, 0xa, 0xe0, 0x0, 0x6, 0xf3, 0x0,
    0x2, 0xf7, 0x0, 0x0, 0xdc,

    /* U+005D "]" */
    0x1, 0x11, 0x1, 0xff, 0xf7, 0x4, 0x8f, 0x70,
    0x5, 0xf7, 0x0, 0x5f, 0x70, 0x5, 0xf7, 0x0,
    0x5f, 0x70, 0x5, 0xf7, 0x0, 0x5f, 0x70, 0x5,
    0xf7, 0x0, 0x5f, 0x70, 0x5, 0xf7, 0x0, 0x5f,
    0x70, 0x26, 0xf7, 0x1f, 0xff, 0x70, 0x55, 0x52,

    /* U+005E "^" */
    0x0, 0x9, 0x90, 0x0, 0x0, 0x7f, 0xf7, 0x0,
    0x0, 0xe9, 0x9e, 0x0, 0x7, 0xf2, 0x1f, 0x70,
    0xe, 0xa0, 0x9, 0xe1, 0x14, 0x10, 0x1, 0x41,

    /* U+005F "_" */
    0x88, 0x88, 0x88, 0x86, 0xff, 0xff, 0xff, 0xfd,

    /* U+0060 "`" */
    0x46, 0x0, 0x3f, 0x70, 0x8, 0xe0,

    /* U+0061 "a" */
    0x0, 0x7d, 0xfe, 0xa2, 0x0, 0xaf, 0xc7, 0x9f,
    0xe0, 0x6, 0x80, 0x0, 0x8f, 0x40, 0x0, 0x14,
    0x6c, 0xf5, 0x5, 0xef, 0xfd, 0xdf, 0x52, 0xfd,
    0x30, 0x7, 0xf5, 0x4f, 0x80, 0x0, 0xbf, 0x51,
    0xff, 0x86, 0xbe, 0xf5, 0x4, 0xcf, 0xe9, 0x6f,
    0x50,

    /* U+0062 "b" */
    0xdf, 0x0, 0x0, 0x0, 0xd, 0xf0, 0x0, 0x0,
    0x0, 0xdf, 0x0, 0x0, 0x0, 0xd, 0xf2, 0xbf,
    0xe9, 0x0, 0xdf, 0xda, 0x8c, 0xfb, 0xd, 0xf7,
    0x0, 0xb, 0xf4, 0xdf, 0x10, 0x0, 0x5f, 0x8d,
    0xf0, 0x0, 0x3, 0xf9, 0xdf, 0x10, 0x0, 0x5f,
    0x8d, 0xf8, 0x0, 0xc, 0xf4, 0xdf, 0xda, 0x8c,
    0xfb, 0xd, 0xf2, 0xbf, 0xe9, 0x0,

    /* U+0063 "c" */
    0x0, 0x3b, 0xff, 0xc4, 0x0, 0x4f, 0xf9, 0x8e,
    0xf5, 0xd, 0xf3, 0x0, 0x1e, 0xa2, 0xfb, 0x0,
    0x0, 0x0, 0x3f, 0x90, 0x0, 0x0, 0x2, 0xfb,
    0x0, 0x0, 0x0, 0xd, 0xf2, 0x0, 0x1e, 0xb0,
    0x4f, 0xe9, 0x8e, 0xf5, 0x0, 0x3b, 0xff, 0xc4,
    0x0,

    /* U+0064 "d" */
    0x0, 0x0, 0x0, 0x9, 0xf3, 0x0, 0x0, 0x0,
    0x9, 0xf3, 0x0, 0x0, 0x0, 0x9, 0xf3, 0x0,
    0x5d, 0xfe, 0x59, 0xf3, 0x5, 0xfe, 0x99, 0xed,
    0xf3, 0xe, 0xf2, 0x0, 0x2f, 0xf3, 0x2f, 0xb0,
    0x0, 0xb, 0xf3, 0x3f, 0x90, 0x0, 0x9, 0xf3,
    0x2f, 0xb0, 0x0, 0xb, 0xf3, 0xe, 0xf2, 0x0,
    0x2f, 0xf3, 0x5, 0xfe, 0x99, 0xed, 0xf3, 0x0,
    0x5d, 0xfe, 0x59, 0xf3,

    /* U+0065 "e" */
    0x0, 0x3c, 0xff, 0xb3, 0x0, 0x4, 0xfe, 0x88,
    0xef, 0x30, 0xd, 0xe1, 0x0, 0x2f, 0xc0, 0x2f,
    0xa0, 0x0, 0xc, 0xf0, 0x3f, 0xff, 0xff, 0xff,
    0xf1, 0x2f, 0xc3, 0x33, 0x33, 0x30, 0xd, 0xf1,
    0x0, 0x7, 0x50, 0x4, 0xfe, 0x87, 0xcf, 0x90,
    0x0, 0x3b, 0xff, 0xd6, 0x0,

    /* U+0066 "f" */
    0x0, 0x3c, 0xfd, 0x0, 0xe, 0xf9, 0x60, 0x1,
    0xfb, 0x0, 0xd, 0xff, 0xff, 0xb0, 0x57, 0xfd,
    0x64, 0x0, 0x1f, 0xb0, 0x0, 0x1, 0xfb, 0x0,
    0x0, 0x1f, 0xb0, 0x0, 0x1, 0xfb, 0x0, 0x0,
    0x1f, 0xb0, 0x0, 0x1, 0xfb, 0x0, 0x0, 0x1f,
    0xb0, 0x0,

    /* U+0067 "g" */
    0x0, 0x5d, 0xfe, 0x68, 0xf3, 0x5, 0xff, 0x98,
    0xed, 0xf3, 0xd, 0xf3, 0x0, 0x2f, 0xf3, 0x2f,
    0xb0, 0x0, 0xa, 0xf3, 0x3f, 0x90, 0x0, 0x8,
    0xf3, 0x2f, 0xb0, 0x0, 0xa, 0xf3, 0xe, 0xf2,
    0x0, 0x1f, 0xf3, 0x6, 0xfe, 0x88, 0xed, 0xf3,
    0x0, 0x5d, 0xfe, 0x69, 0xf3, 0x0, 0x20, 0x0,
    0xb, 0xf1, 0x9, 0xfb, 0x77, 0xbf, 0xa0, 0x0,
    0x7d, 0xff, 0xd7, 0x0,

    /* U+0068 "h" */
    0xdf, 0x0, 0x0, 0x0, 0xdf, 0x0, 0x0, 0x0,
    0xdf, 0x0, 0x0, 0x0, 0xdf, 0x2c, 0xfe, 0x80,
    0xdf, 0xda, 0x9e, 0xf7, 0xdf, 0x50, 0x2, 0xfd,
    0xdf, 0x0, 0x0, 0xee, 0xdf, 0x0, 0x0, 0xee,
    0xdf, 0x0, 0x0, 0xee, 0xdf, 0x0, 0x0, 0xee,
    0xdf, 0x0, 0x0, 0xee, 0xdf, 0x0, 0x0, 0xee,

    /* U+0069 "i" */
    0xc, 0xe1, 0xd, 0xf1, 0x0, 0x0, 0xd, 0xf0,
    0xd, 0xf0, 0xd, 0xf0, 0xd, 0xf0, 0xd, 0xf0,
    0xd, 0xf0, 0xd, 0xf0, 0xd, 0xf0, 0xd, 0xf0,

    /* U+006A "j" */
    0x0, 0xce, 0x10, 0xd, 0xf1, 0x0, 0x0, 0x0,
    0xd, 0xf0, 0x0, 0xdf, 0x0, 0xd, 0xf0, 0x0,
    0xdf, 0x0, 0xd, 0xf0, 0x0, 0xdf, 0x0, 0xd,
    0xf0, 0x0, 0xdf, 0x0, 0xd, 0xf0, 0x0, 0xdf,
    0x2, 0x9f, 0xc0, 0x5f, 0xc2, 0x0,

    /* U+006B "k" */
    0xdf, 0x0, 0x0, 0x0, 0xd, 0xf0, 0x0, 0x0,
    0x0, 0xdf, 0x0, 0x0, 0x0, 0xd, 0xf0, 0x0,
    0xaf, 0x80, 0xdf, 0x0, 0x9f, 0x90, 0xd, 0xf0,
    0x8f, 0xa0, 0x0, 0xdf, 0x8f, 0xa0, 0x0, 0xd,
    0xff, 0xfb, 0x0, 0x0, 0xdf, 0x6b, 0xf8, 0x0,
    0xd, 0xf0, 0x1d, 0xf4, 0x0, 0xdf, 0x0, 0x3f,
    0xf2, 0xd, 0xf0, 0x0, 0x6f, 0xd0,

    /* U+006C "l" */
    0xdf, 0xdf, 0xdf, 0xdf, 0xdf, 0xdf, 0xdf, 0xdf,
    0xdf, 0xdf, 0xdf, 0xdf,

    /* U+006D "m" */
    0xde, 0x3c, 0xfd, 0x32, 0xbf, 0xe8, 0xd, 0xfc,
    0x78, 0xfd, 0xd8, 0x6d, 0xf7, 0xdf, 0x30, 0x7,
    0xf8, 0x0, 0x1f, 0xcd, 0xf0, 0x0, 0x6f, 0x60,
    0x0, 0xfd, 0xdf, 0x0, 0x6, 0xf6, 0x0, 0xf,
    0xdd, 0xf0, 0x0, 0x6f, 0x60, 0x0, 0xfd, 0xdf,
    0x0, 0x6, 0xf6, 0x0, 0xf, 0xdd, 0xf0, 0x0,
    0x6f, 0x60, 0x0, 0xfd, 0xdf, 0x0, 0x6, 0xf6,
    0x0, 0xf, 0xd0,

    /* U+006E "n" */
    0xde, 0x2c, 0xfe, 0x80, 0xdf, 0xd8, 0x7d, 0xf7,
    0xdf, 0x40, 0x1, 0xfd, 0xdf, 0x0, 0x0, 0xee,
    0xdf, 0x0, 0x0, 0xee, 0xdf, 0x0, 0x0, 0xee,
    0xdf, 0x0, 0x0, 0xee, 0xdf, 0x0, 0x0, 0xee,
    0xdf, 0x0, 0x0, 0xee,

    /* U+006F "o" */
    0x0, 0x3b, 0xff, 0xc5, 0x0, 0x4, 0xfe, 0x98,
    0xef, 0x60, 0xd, 0xf2, 0x0, 0x1e, 0xf0, 0x2f,
    0xb0, 0x0, 0x9, 0xf4, 0x3f, 0x90, 0x0, 0x7,
    0xf5, 0x2f, 0xb0, 0x0, 0x9, 0xf4, 0xd, 0xf2,
    0x0, 0x1e, 0xf0, 0x4, 0xfe, 0x88, 0xef, 0x60,
    0x0, 0x3b, 0xff, 0xc5, 0x0,

    /* U+0070 "p" */
    0xdf, 0x2c, 0xfe, 0x90, 0xd, 0xfd, 0x86, 0xaf,
    0xb0, 0xdf, 0x60, 0x0, 0xaf, 0x4d, 0xf0, 0x0,
    0x5, 0xf8, 0xdf, 0x0, 0x0, 0x3f, 0x9d, 0xf1,
    0x0, 0x5, 0xf8, 0xdf, 0x80, 0x0, 0xcf, 0x4d,
    0xfd, 0xa8, 0xcf, 0xb0, 0xdf, 0x2b, 0xfe, 0x90,
    0xd, 0xf0, 0x0, 0x0, 0x0, 0xdf, 0x0, 0x0,
    0x0, 0xd, 0xf0, 0x0, 0x0, 0x0,

    /* U+0071 "q" */
    0x0, 0x5d, 0xfe, 0x59, 0xf3, 0x5, 0xfe, 0x99,
    0xed, 0xf3, 0xe, 0xf2, 0x0, 0x2f, 0xf3, 0x2f,
    0xb0, 0x0, 0xb, 0xf3, 0x3f, 0x90, 0x0, 0x9,
    0xf3, 0x2f, 0xb0, 0x0, 0xb, 0xf3, 0xe, 0xf2,
    0x0, 0x2f, 0xf3, 0x5, 0xfe, 0x99, 0xed, 0xf3,
    0x0, 0x5d, 0xfe, 0x59, 0xf3, 0x0, 0x0, 0x0,
    0x9, 0xf3, 0x0, 0x0, 0x0, 0x9, 0xf3, 0x0,
    0x0, 0x0, 0x9, 0xf3,

    /* U+0072 "r" */
    0xdf, 0x4d, 0xf1, 0xdf, 0xe9, 0x80, 0xdf, 0x40,
    0x0, 0xdf, 0x0, 0x0, 0xdf, 0x0, 0x0, 0xdf,
    0x0, 0x0, 0xdf, 0x0, 0x0, 0xdf, 0x0, 0x0,
    0xdf, 0x0, 0x0,

    /* U+0073 "s" */
    0x0, 0x8e, 0xfe, 0x91, 0x0, 0xaf, 0xa6, 0x9f,
    0xb0, 0xf, 0xe0, 0x0, 0x66, 0x0, 0xbf, 0x94,
    0x10, 0x0, 0x1, 0xaf, 0xff, 0xd4, 0x0, 0x0,
    0x3, 0x7f, 0xf1, 0x19, 0x70, 0x0, 0xaf, 0x40,
    0xdf, 0x96, 0x9f, 0xe0, 0x1, 0x9e, 0xfe, 0xa1,
    0x0,

    /* U+0074 "t" */
    0x7, 0xf5, 0x0, 0x7, 0xf5, 0x0, 0xdf, 0xff,
    0xf3, 0x5b, 0xfa, 0x61, 0x7, 0xf5, 0x0, 0x7,
    0xf5, 0x0, 0x7, 0xf5, 0x0, 0x7, 0xf5, 0x0,
    0x7, 0xf5, 0x0, 0x5, 0xfc, 0x71, 0x0, 0x9e,
    0xf4,

    /* U+0075 "u" */
    0xdf, 0x0, 0x0, 0xee, 0xdf, 0x0, 0x0, 0xee,
    0xdf, 0x0, 0x0, 0xee, 0xdf, 0x0, 0x0, 0xee,
    0xdf, 0x0, 0x0, 0xee, 0xcf, 0x0, 0x0, 0xee,
    0xbf, 0x40, 0x3, 0xfe, 0x6f, 0xf9, 0x9e, 0xee,
    0x7, 0xef, 0xc3, 0xde,

    /* U+0076 "v" */
    0x7f, 0x70, 0x0, 0xd, 0xf1, 0x1f, 0xd0, 0x0,
    0x3f, 0xb0, 0xa, 0xf3, 0x0, 0x9f, 0x40, 0x4,
    0xf9, 0x0, 0xee, 0x0, 0x0, 0xee, 0x4, 0xf8,
    0x0, 0x0, 0x8f, 0x49, 0xf2, 0x0, 0x0, 0x2f,
    0x9e, 0xc0, 0x0, 0x0, 0xc, 0xff, 0x60, 0x0,
    0x0, 0x5, 0xff, 0x0, 0x0,

    /* U+0077 "w" */
    0x6f, 0x70, 0x1, 0xff, 0x0, 0x8, 0xf5, 0x1f,
    0xc0, 0x5, 0xff, 0x40, 0xd, 0xf1, 0xc, 0xf0,
    0x9, 0xde, 0x80, 0x1f, 0xb0, 0x7, 0xf4, 0xe,
    0x9a, 0xd0, 0x6f, 0x60, 0x2, 0xf9, 0x2f, 0x56,
    0xf1, 0xaf, 0x10, 0x0, 0xdd, 0x6f, 0x12, 0xf5,
    0xec, 0x0, 0x0, 0x9f, 0xbc, 0x0, 0xdb, 0xf7,
    0x0, 0x0, 0x4f, 0xf7, 0x0, 0x8f, 0xf2, 0x0,
    0x0, 0xe, 0xf2, 0x0, 0x4f, 0xd0, 0x0,

    /* U+0078 "x" */
    0x1e, 0xe1, 0x0, 0x8f, 0x70, 0x5f, 0xa0, 0x3f,
    0xc0, 0x0, 0xaf, 0x4d, 0xf2, 0x0, 0x1, 0xef,
    0xf6, 0x0, 0x0, 0x9, 0xfe, 0x0, 0x0, 0x3,
    0xfd, 0xf8, 0x0, 0x0, 0xdf, 0x1b, 0xf3, 0x0,
    0x8f, 0x70, 0x2f, 0xd0, 0x3f, 0xc0, 0x0, 0x7f,
    0x90,

    /* U+0079 "y" */
    0x7f, 0x80, 0x0, 0xd, 0xf1, 0x1f, 0xd0, 0x0,
    0x3f, 0xa0, 0xa, 0xf4, 0x0, 0x9f, 0x40, 0x3,
    0xf9, 0x0, 0xfd, 0x0, 0x0, 0xdf, 0x5, 0xf7,
    0x0, 0x0, 0x6f, 0x5b, 0xf1, 0x0, 0x0, 0x1f,
    0xaf, 0xa0, 0x0, 0x0, 0xa, 0xff, 0x30, 0x0,
    0x0, 0x4, 0xfd, 0x0, 0x0, 0x0, 0x6, 0xf7,
    0x0, 0x0, 0x5, 0x7e, 0xe0, 0x0, 0x0, 0xb,
    0xfc, 0x30, 0x0, 0x0,

    /* U+007A "z" */
    0xe, 0xff, 0xff, 0xff, 0x30, 0x79, 0x99, 0xaf,
    0xe1, 0x0, 0x0, 0xc, 0xf4, 0x0, 0x0, 0x9,
    0xf7, 0x0, 0x0, 0x6, 0xfb, 0x0, 0x0, 0x3,
    0xfd, 0x10, 0x0, 0x1, 0xef, 0x20, 0x0, 0x0,
    0xcf, 0xd8, 0x88, 0x82, 0xf, 0xff, 0xff, 0xff,
    0x50,

    /* U+007B "{" */
    0x0, 0x1a, 0xe7, 0x0, 0xcf, 0x93, 0x0, 0xfc,
    0x0, 0x0, 0xfa, 0x0, 0x0, 0xfa, 0x0, 0x3,
    0xfa, 0x0, 0xbe, 0xf5, 0x0, 0xff, 0x70, 0x0,
    0x7, 0xf5, 0x0, 0x1, 0xfa, 0x0, 0x0, 0xfa,
    0x0, 0x0, 0xfa, 0x0, 0x0, 0xfb, 0x0, 0x0,
    0xcf, 0x40, 0x0, 0x3e, 0xf7, 0x0, 0x0, 0x32,

    /* U+007C "|" */
    0x75, 0xfb, 0xfb, 0xfb, 0xfb, 0xfb, 0xfb, 0xfb,
    0xfb, 0xfb, 0xfb, 0xfb, 0xfb, 0xfb, 0xfb, 0xfb,
    0xfb, 0xfb, 0xfb, 0xfb,

    /* U+007D "}" */
    0x1f, 0xc5, 0x0, 0x0, 0x7e, 0xf2, 0x0, 0x0,
    0x6f, 0x50, 0x0, 0x4, 0xf6, 0x0, 0x0, 0x4f,
    0x60, 0x0, 0x4, 0xf9, 0x0, 0x0, 0x1e, 0xfc,
    0x30, 0x0, 0x2d, 0xf4, 0x0, 0xe, 0xc1, 0x0,
    0x4, 0xf7, 0x0, 0x0, 0x4f, 0x60, 0x0, 0x4,
    0xf6, 0x0, 0x0, 0x5f, 0x50, 0x0, 0x2c, 0xf2,
    0x0, 0x1f, 0xf8, 0x0, 0x0, 0x41, 0x0, 0x0,

    /* U+007E "~" */
    0xa, 0xfe, 0x70, 0x7, 0xa7, 0xf9, 0xaf, 0xd9,
    0xfb, 0x7a, 0x0, 0x4c, 0xfc, 0x20,

    /* U+00A0 " " */

    /* U+00A1 "¡" */
    0x7f, 0x6a, 0xfa, 0x4, 0x1, 0x31, 0x6f, 0x66,
    0xf6, 0x6f, 0x67, 0xf6, 0x7f, 0x77, 0xf7, 0x7f,
    0x78, 0xf7,

    /* U+00A2 "¢" */
    0x0, 0x0, 0x88, 0x0, 0x0, 0x0, 0x3b, 0xb4,
    0x0, 0x0, 0xbf, 0xff, 0xfc, 0x10, 0x9f, 0x99,
    0x87, 0xfa, 0xf, 0xd0, 0x88, 0x5, 0x33, 0xfa,
    0x8, 0x80, 0x0, 0x3f, 0xa0, 0x88, 0x0, 0x0,
    0xfe, 0x8, 0x80, 0x86, 0x8, 0xfb, 0xaa, 0x9f,
    0x90, 0x9, 0xff, 0xff, 0xa0, 0x0, 0x1, 0xaa,
    0x10, 0x0, 0x0, 0x8, 0x80, 0x0,

    /* U+00A3 "£" */
    0x0, 0x5, 0xcf, 0xfb, 0x20, 0x0, 0x5f, 0xe9,
    0xaf, 0xe1, 0x0, 0xdf, 0x10, 0x5, 0xf7, 0x0,
    0xfc, 0x0, 0x0, 0x10, 0x1, 0xfd, 0x11, 0x10,
    0x0, 0x2f, 0xff, 0xff, 0xf8, 0x0, 0x4, 0xee,
    0x44, 0x42, 0x0, 0x0, 0xde, 0x0, 0x0, 0x0,
    0x0, 0xdf, 0x0, 0x0, 0x0, 0x0, 0xed, 0x0,
    0x0, 0xa6, 0x2c, 0xfa, 0x99, 0x9a, 0xf8, 0x2f,
    0xff, 0xff, 0xff, 0xc1,

    /* U+00A4 "¤" */
    0x0, 0x0, 0x0, 0x0, 0x1, 0xa, 0xc5, 0xcf,
    0xfe, 0x86, 0xf3, 0x4f, 0xfb, 0x54, 0x8f, 0xfb,
    0x2, 0xf8, 0x0, 0x0, 0x3f, 0x80, 0x9e, 0x0,
    0x0, 0x0, 0x8f, 0xc, 0xa0, 0x0, 0x0, 0x4,
    0xf2, 0xba, 0x0, 0x0, 0x0, 0x4f, 0x28, 0xe0,
    0x0, 0x0, 0x9, 0xe0, 0x2f, 0x90, 0x0, 0x4,
    0xf8, 0x8, 0xff, 0xc7, 0x6a, 0xff, 0xe2, 0x78,
    0x3b, 0xff, 0xd7, 0x2b, 0x10,

    /* U+00A5 "¥" */
    0x8f, 0x70, 0x0, 0x1f, 0xe0, 0x1f, 0xe0, 0x0,
    0x8f, 0x70, 0x9, 0xf5, 0x0, 0xee, 0x0, 0x1,
    0xfc, 0x7, 0xf7, 0x0, 0x0, 0x9f, 0x4e, 0xe0,
    0x0, 0x0, 0x1f, 0xef, 0x70, 0x0, 0xf, 0xff,
    0xff, 0xff, 0x30, 0x2, 0x36, 0xfb, 0x33, 0x0,
    0xf, 0xff, 0xff, 0xff, 0x30, 0x2, 0x36, 0xfb,
    0x33, 0x0, 0x0, 0x4, 0xfa, 0x0, 0x0, 0x0,
    0x4, 0xfa, 0x0, 0x0,

    /* U+00A6 "¦" */
    0x6f, 0x46, 0xf4, 0x6f, 0x46, 0xf4, 0x6f, 0x42,
    0x72, 0x0, 0x0, 0x0, 0x38, 0x26, 0xf4, 0x6f,
    0x46, 0xf4, 0x6f, 0x46, 0xf4,

    /* U+00A7 "§" */
    0x0, 0x4c, 0xff, 0xa0, 0x0, 0x2f, 0xd7, 0x9f,
    0xa0, 0x6, 0xf5, 0x0, 0x8b, 0x0, 0x3f, 0xb0,
    0x0, 0x0, 0x0, 0xaf, 0xe7, 0x0, 0x0, 0xbc,
    0x4a, 0xfe, 0x50, 0x1f, 0x70, 0x2, 0xbf, 0x40,
    0xed, 0x20, 0x0, 0xea, 0x3, 0xef, 0x91, 0x2f,
    0x70, 0x0, 0x8f, 0xff, 0x70, 0x0, 0x0, 0x18,
    0xf9, 0x0, 0x47, 0x0, 0xc, 0xf0, 0x8, 0xf8,
    0x24, 0xed, 0x0, 0xb, 0xff, 0xfe, 0x30, 0x0,
    0x2, 0x43, 0x0, 0x0,

    /* U+00A8 "¨" */
    0x0, 0x0, 0x0, 0x9f, 0x31, 0xeb, 0x8e, 0x21,
    0xea,

    /* U+00A9 "©" */
    0x0, 0x0, 0x27, 0x88, 0x40, 0x0, 0x0, 0x0,
    0x1b, 0xff, 0xff, 0xfe, 0x50, 0x0, 0x1, 0xdf,
    0x92, 0x1, 0x5d, 0xf6, 0x0, 0xb, 0xf4, 0x0,
    0x10, 0x0, 0xcf, 0x30, 0x3f, 0x80, 0x5e, 0xff,
    0xa1, 0x1f, 0xa0, 0x8f, 0x24, 0xfb, 0x57, 0xec,
    0xa, 0xf0, 0xaf, 0xa, 0xe0, 0x0, 0x37, 0x8,
    0xf1, 0x9f, 0xb, 0xd0, 0x0, 0x24, 0x9, 0xf0,
    0x6f, 0x55, 0xf9, 0x24, 0xec, 0xd, 0xd0, 0xe,
    0xd0, 0x8f, 0xff, 0xd2, 0x6f, 0x60, 0x5, 0xfc,
    0x21, 0x43, 0x7, 0xfc, 0x0, 0x0, 0x6f, 0xfb,
    0x9a, 0xef, 0xc1, 0x0, 0x0, 0x2, 0x9e, 0xff,
    0xb5, 0x0, 0x0,

    /* U+00AA "ª" */
    0x4, 0xcf, 0xe9, 0x1, 0xfc, 0x56, 0xf9, 0x0,
    0x0, 0x3e, 0xc0, 0x8e, 0xfc, 0xfc, 0x6f, 0x50,
    0xd, 0xc6, 0xf8, 0x48, 0xfc, 0x9, 0xff, 0x8c,
    0xc0,

    /* U+00AB "«" */
    0x0, 0x6, 0xf9, 0xc, 0xf3, 0x0, 0x4f, 0xb0,
    0xbf, 0x40, 0x3, 0xfd, 0x19, 0xf6, 0x0, 0x1e,
    0xf2, 0x7f, 0xa0, 0x0, 0x9, 0xf7, 0x2e, 0xe1,
    0x0, 0x0, 0xbf, 0x53, 0xfd, 0x10, 0x0, 0xc,
    0xf3, 0x4f, 0xb0, 0x0, 0x1, 0x76, 0x4, 0x72,

    /* U+00AC "¬" */
    0x2, 0x22, 0x22, 0x22, 0x3f, 0xff, 0xff, 0xff,
    0x15, 0x55, 0x55, 0xcf, 0x0, 0x0, 0x0, 0xaf,
    0x0, 0x0, 0x0, 0x35,

    /* U+00AE "®" */
    0x0, 0x8, 0xdf, 0xe9, 0x10, 0x0, 0x1d, 0xc5,
    0x34, 0xbe, 0x30, 0xa, 0xb2, 0xdc, 0xc2, 0x8d,
    0x1, 0xf2, 0x2f, 0xa, 0x80, 0xe4, 0x3f, 0x2,
    0xfa, 0xf1, 0xc, 0x61, 0xf1, 0x2f, 0xe, 0x40,
    0xe5, 0xc, 0x90, 0x60, 0x34, 0x6e, 0x0, 0x2e,
    0xa2, 0x1, 0x8f, 0x50, 0x0, 0x2b, 0xff, 0xfc,
    0x30, 0x0, 0x0, 0x0, 0x21, 0x0, 0x0,

    /* U+00AF "¯" */
    0x0, 0x0, 0x0, 0x7f, 0xff, 0xf3, 0x13, 0x33,
    0x30,

    /* U+00B0 "°" */
    0x0, 0x0, 0x0, 0x1b, 0xff, 0x80, 0xbd, 0x57,
    0xf6, 0xf7, 0x0, 0xca, 0xdc, 0x24, 0xf8, 0x3e,
    0xff, 0xb0, 0x0, 0x32, 0x0,

    /* U+00B1 "±" */
    0x0, 0x2, 0xf7, 0x0, 0x0, 0x0, 0x2f, 0x70,
    0x0, 0x38, 0x89, 0xfb, 0x88, 0x56, 0xff, 0xff,
    0xff, 0xfa, 0x0, 0x2, 0xf7, 0x0, 0x0, 0x0,
    0x2f, 0x70, 0x0, 0x0, 0x0, 0x10, 0x0, 0x6,
    0xff, 0xff, 0xff, 0xfa, 0x38, 0x88, 0x88, 0x88,
    0x50,

    /* U+00B2 "²" */
    0x4, 0xdf, 0xe8, 0x0, 0xfb, 0x49, 0xf5, 0x4,
    0x10, 0x3f, 0x50, 0x0, 0x3e, 0xd0, 0x0, 0x6f,
    0xa1, 0x0, 0xaf, 0xb5, 0x53, 0x1f, 0xff, 0xff,
    0x90,

    /* U+00B3 "³" */
    0x3, 0xcf, 0xe9, 0x0, 0xed, 0x57, 0xf7, 0x2,
    0x10, 0x3f, 0x70, 0x0, 0xff, 0xb0, 0x0, 0x2,
    0x4f, 0xa1, 0xfc, 0x57, 0xfb, 0x4, 0xcf, 0xea,
    0x20,

    /* U+00B4 "´" */
    0x4, 0x61, 0xe, 0xb0, 0x7e, 0x10,

    /* U+00B5 "µ" */
    0xdf, 0x0, 0x0, 0xee, 0x0, 0xdf, 0x0, 0x0,
    0xee, 0x0, 0xdf, 0x0, 0x0, 0xee, 0x0, 0xdf,
    0x0, 0x0, 0xee, 0x0, 0xdf, 0x0, 0x0, 0xee,
    0x0, 0xdf, 0x0, 0x0, 0xee, 0x0, 0xdf, 0x30,
    0x1, 0xfe, 0x0, 0xdf, 0xd7, 0x6d, 0xef, 0x60,
    0xdf, 0x5e, 0xe7, 0x2d, 0xf0, 0xdf, 0x0, 0x0,
    0x0, 0x0, 0xdf, 0x0, 0x0, 0x0, 0x0, 0xdf,
    0x0, 0x0, 0x0, 0x0,

    /* U+00B6 "¶" */
    0x0, 0x6d, 0xff, 0xff, 0xc0, 0x8f, 0xff, 0xc8,
    0xfc, 0xf, 0xff, 0xf9, 0xe, 0xc3, 0xff, 0xff,
    0x90, 0xec, 0x2f, 0xff, 0xf9, 0xe, 0xc0, 0xdf,
    0xff, 0x90, 0xec, 0x3, 0xef, 0xf9, 0xe, 0xc0,
    0x0, 0x58, 0x50, 0xec, 0x0, 0x0, 0x0, 0xe,
    0xc0, 0x0, 0x0, 0x0, 0xec, 0x0, 0x0, 0x0,
    0xe, 0xc0, 0x0, 0x0, 0x0, 0xec,

    /* U+00B7 "·" */
    0x4, 0xa, 0xf9, 0x7f, 0x60,

    /* U+00B8 "¸" */
    0xb, 0x0, 0x2f, 0xa1, 0x0, 0xd7, 0x7e, 0xc2,

    /* U+00B9 "¹" */
    0x5, 0xef, 0x33, 0xfb, 0xf3, 0x11, 0x5f, 0x30,
    0x5, 0xf3, 0x0, 0x5f, 0x30, 0x5, 0xf3, 0x0,
    0x5f, 0x30,

    /* U+00BA "º" */
    0x1, 0xaf, 0xfb, 0x20, 0xd, 0xf7, 0x6e, 0xe1,
    0x4f, 0x60, 0x4, 0xf7, 0x6f, 0x30, 0x1, 0xf9,
    0x4f, 0x60, 0x4, 0xf7, 0xd, 0xf7, 0x6e, 0xe1,
    0x1, 0xaf, 0xfb, 0x20,

    /* U+00BB "»" */
    0x1e, 0xe2, 0x6f, 0x90, 0x0, 0x2, 0xfd, 0x19,
    0xf7, 0x0, 0x0, 0x4f, 0xc0, 0xbf, 0x50, 0x0,
    0x7, 0xf9, 0xd, 0xf3, 0x0, 0xc, 0xf3, 0x4f,
    0xb0, 0x0, 0xbf, 0x53, 0xfd, 0x10, 0x9, 0xf7,
    0x1e, 0xe1, 0x0, 0x17, 0x60, 0x47, 0x20, 0x0,

    /* U+00BC "¼" */
    0x3, 0x86, 0x0, 0x0, 0x1, 0x82, 0x0, 0x4e,
    0xeb, 0x0, 0x0, 0xb, 0xb0, 0x0, 0x31, 0xcb,
    0x0, 0x0, 0x7e, 0x10, 0x0, 0x0, 0xcb, 0x0,
    0x3, 0xf5, 0x0, 0x0, 0x0, 0xcb, 0x0, 0xd,
    0x90, 0x0, 0x0, 0x0, 0xcb, 0x0, 0xad, 0x0,
    0x7a, 0x20, 0x0, 0xcb, 0x5, 0xf2, 0x3, 0xff,
    0x30, 0x0, 0x0, 0x2f, 0x60, 0xc, 0xaf, 0x30,
    0x0, 0x0, 0xcb, 0x0, 0x6e, 0x3f, 0x30, 0x0,
    0x8, 0xe1, 0x1, 0xe6, 0x2f, 0x30, 0x0, 0x4f,
    0x40, 0x5, 0xff, 0xff, 0xf0, 0x1, 0xe8, 0x0,
    0x0, 0x22, 0x5f, 0x50, 0x1, 0x30, 0x0, 0x0,
    0x0, 0x3, 0x0,

    /* U+00BD "½" */
    0x1, 0x53, 0x0, 0x0, 0x0, 0x52, 0x0, 0x3e,
    0xfb, 0x0, 0x0, 0xa, 0xd0, 0x0, 0x55, 0xcb,
    0x0, 0x0, 0x5f, 0x20, 0x0, 0x0, 0xcb, 0x0,
    0x2, 0xf6, 0x0, 0x0, 0x0, 0xcb, 0x0, 0xc,
    0xa0, 0x0, 0x0, 0x0, 0xcb, 0x0, 0x9e, 0x10,
    0x0, 0x0, 0x0, 0xcb, 0x5, 0xf3, 0x7, 0xef,
    0xb1, 0x0, 0x22, 0x1e, 0x70, 0x1d, 0x74, 0xf8,
    0x0, 0x0, 0xcb, 0x0, 0x0, 0x2, 0xf5, 0x0,
    0x8, 0xe1, 0x0, 0x0, 0x3e, 0x80, 0x0, 0x4f,
    0x40, 0x0, 0x4, 0xf7, 0x0, 0x1, 0xe8, 0x0,
    0x0, 0x1f, 0xff, 0xfa, 0x1, 0x30, 0x0, 0x0,
    0x3, 0x33, 0x31,

    /* U+00BE "¾" */
    0x5, 0xdf, 0xb1, 0x0, 0x0, 0x1e, 0x80, 0x0,
    0xe8, 0x3e, 0x80, 0x0, 0xa, 0xd0, 0x0, 0x0,
    0x0, 0xe8, 0x0, 0x6, 0xf2, 0x0, 0x0, 0x7,
    0xfd, 0x10, 0x2, 0xf7, 0x0, 0x0, 0x0, 0x2,
    0xdb, 0x0, 0xcb, 0x0, 0x0, 0x2, 0x94, 0xc,
    0xd0, 0x7e, 0x10, 0x0, 0x0, 0xa, 0xff, 0xe4,
    0x3f, 0x50, 0x9, 0xf9, 0x0, 0x1, 0x20, 0xd,
    0xa0, 0x4, 0xfe, 0x90, 0x0, 0x0, 0x9, 0xe1,
    0x0, 0xe7, 0xc9, 0x0, 0x0, 0x4, 0xf4, 0x0,
    0x9c, 0xc, 0x90, 0x0, 0x1, 0xe9, 0x0, 0xf,
    0xff, 0xff, 0x50, 0x0, 0xad, 0x0, 0x0, 0x22,
    0x2d, 0xa1, 0x0, 0x3, 0x10, 0x0, 0x0, 0x0,
    0x22, 0x0,

    /* U+00BF "¿" */
    0x0, 0x2, 0xec, 0x0, 0x0, 0x0, 0x4f, 0xf0,
    0x0, 0x0, 0x0, 0x32, 0x0, 0x0, 0x0, 0x5,
    0x40, 0x0, 0x0, 0x0, 0xfb, 0x0, 0x0, 0x0,
    0x9f, 0x70, 0x0, 0x2, 0xdf, 0xa0, 0x0, 0x0,
    0xdf, 0x50, 0x0, 0x0, 0x2f, 0xb0, 0x0, 0x24,
    0x11, 0xfd, 0x0, 0xb, 0xf3, 0xb, 0xfc, 0x8b,
    0xfc, 0x0, 0x8, 0xef, 0xe9, 0x0,

    /* U+00C0 "À" */
    0x0, 0x1, 0x64, 0x0, 0x0, 0x0, 0x0, 0x0,
    0xbe, 0x0, 0x0, 0x0, 0x0, 0x0, 0x1f, 0x70,
    0x0, 0x0, 0x0, 0x0, 0x0, 0x0, 0x0, 0x0,
    0x0, 0x0, 0x6f, 0xf4, 0x0, 0x0, 0x0, 0x0,
    0xcf, 0xfa, 0x0, 0x0, 0x0, 0x2, 0xfa, 0xcf,
    0x10, 0x0, 0x0, 0x7, 0xf5, 0x7f, 0x60, 0x0,
    0x0, 0xd, 0xf0, 0x2f, 0xc0, 0x0, 0x0, 0x3f,
    0xb0, 0xc, 0xf2, 0x0, 0x0, 0x9f, 0x50, 0x7,
    0xf8, 0x0, 0x0, 0xff, 0x88, 0x89, 0xfe, 0x0,
    0x5, 0xff, 0xff, 0xff, 0xff, 0x40, 0xb, 0xf4,
    0x0, 0x0, 0x5f, 0xa0, 0x1f, 0xe0, 0x0, 0x0,
    0xf, 0xf0, 0x7f, 0x90, 0x0, 0x0, 0xa, 0xf6,

    /* U+00C1 "Á" */
    0x0, 0x0, 0x0, 0x46, 0x0, 0x0, 0x0, 0x0,
    0x1, 0xfa, 0x0, 0x0, 0x0, 0x0, 0x8, 0xe1,
    0x0, 0x0, 0x0, 0x0, 0x0, 0x0, 0x0, 0x0,
    0x0, 0x0, 0x6f, 0xf4, 0x0, 0x0, 0x0, 0x0,
    0xcf, 0xfa, 0x0, 0x0, 0x0, 0x2, 0xfa, 0xcf,
    0x10, 0x0, 0x0, 0x7, 0xf5, 0x7f, 0x60, 0x0,
    0x0, 0xd, 0xf0, 0x2f, 0xc0, 0x0, 0x0, 0x3f,
    0xb0, 0xc, 0xf2, 0x0, 0x0, 0x9f, 0x50, 0x7,
    0xf8, 0x0, 0x0, 0xff, 0x88, 0x89, 0xfe, 0x0,
    0x5, 0xff, 0xff, 0xff, 0xff, 0x40, 0xb, 0xf4,
    0x0, 0x0, 0x5f, 0xa0, 0x1f, 0xe0, 0x0, 0x0,
    0xf, 0xf0, 0x7f, 0x90, 0x0, 0x0, 0xa, 0xf6,

    /* U+00C2 "Â" */
    0x0, 0x0, 0x7, 0x70, 0x0, 0x0, 0x0, 0x0,
    0xae, 0xe9, 0x0, 0x0, 0x0, 0x8, 0xf3, 0x4f,
    0x60, 0x0, 0x0, 0x0, 0x0, 0x0, 0x0, 0x0,
    0x0, 0x0, 0x6f, 0xf4, 0x0, 0x0, 0x0, 0x0,
    0xcf, 0xfa, 0x0, 0x0, 0x0, 0x2, 0xfa, 0xcf,
    0x10, 0x0, 0x0, 0x7, 0xf5, 0x7f, 0x60, 0x0,
    0x0, 0xd, 0xf0, 0x2f, 0xc0, 0x0, 0x0, 0x3f,
    0xb0, 0xc, 0xf2, 0x0, 0x0, 0x9f, 0x50, 0x7,
    0xf8, 0x0, 0x0, 0xff, 0x88, 0x89, 0xfe, 0x0,
    0x5, 0xff, 0xff, 0xff, 0xff, 0x40, 0xb, 0xf4,
    0x0, 0x0, 0x5f, 0xa0, 0x1f, 0xe0, 0x0, 0x0,
    0xf, 0xf0, 0x7f, 0x90, 0x0, 0x0, 0xa, 0xf6,

    /* U+00C3 "Ã" */
    0x0, 0x4, 0xef, 0xff, 0x50, 0x0, 0x0, 0x1,
    0x22, 0x21, 0x0, 0x0, 0x0, 0x0, 0x0, 0x0,
    0x0, 0x0, 0x0, 0x0, 0x6f, 0xf4, 0x0, 0x0,
    0x0, 0x0, 0xcf, 0xfa, 0x0, 0x0, 0x0, 0x2,
    0xfa, 0xcf, 0x10, 0x0, 0x0, 0x7, 0xf5, 0x7f,
    0x60, 0x0, 0x0, 0xd, 0xf0, 0x2f, 0xc0, 0x0,
    0x0, 0x3f, 0xb0, 0xc, 0xf2, 0x0, 0x0, 0x9f,
    0x50, 0x7, 0xf8, 0x0, 0x0, 0xff, 0x88, 0x89,
    0xfe, 0x0, 0x5, 0xff, 0xff, 0xff, 0xff, 0x40,
    0xb, 0xf4, 0x0, 0x0, 0x5f, 0xa0, 0x1f, 0xe0,
    0x0, 0x0, 0xf, 0xf0, 0x7f, 0x90, 0x0, 0x0,
    0xa, 0xf6,

    /* U+00C4 "Ä" */
    0x0, 0x0, 0x0, 0x0, 0x0, 0x0, 0x0, 0xa,
    0xf2, 0x2f, 0xa0, 0x0, 0x0, 0xa, 0xe1, 0x2e,
    0x90, 0x0, 0x0, 0x0, 0x0, 0x0, 0x0, 0x0,
    0x0, 0x0, 0x6f, 0xf4, 0x0, 0x0, 0x0, 0x0,
    0xcf, 0xfa, 0x0, 0x0, 0x0, 0x2, 0xfa, 0xcf,
    0x10, 0x0, 0x0, 0x7, 0xf5, 0x7f, 0x60, 0x0,
    0x0, 0xd, 0xf0, 0x2f, 0xc0, 0x0, 0x0, 0x3f,
    0xb0, 0xc, 0xf2, 0x0, 0x0, 0x9f, 0x50, 0x7,
    0xf8, 0x0, 0x0, 0xff, 0x88, 0x89, 0xfe, 0x0,
    0x5, 0xff, 0xff, 0xff, 0xff, 0x40, 0xb, 0xf4,
    0x0, 0x0, 0x5f, 0xa0, 0x1f, 0xe0, 0x0, 0x0,
    0xf, 0xf0, 0x7f, 0x90, 0x0, 0x0, 0xa, 0xf6,

    /* U+00C5 "Å" */
    0x0, 0x0, 0x7d, 0xd6, 0x0, 0x0, 0x0, 0x2,
    0xf3, 0x4f, 0x10, 0x0, 0x0, 0x0, 0xaf, 0xfa,
    0x0, 0x0, 0x0, 0x0, 0x0, 0x0, 0x0, 0x0,
    0x0, 0x0, 0x6f, 0xf4, 0x0, 0x0, 0x0, 0x0,
    0xcf, 0xfa, 0x0, 0x0, 0x0, 0x2, 0xfa, 0xcf,
    0x10, 0x0, 0x0, 0x7, 0xf5, 0x7f, 0x60, 0x0,
    0x0, 0xd, 0xf0, 0x2f, 0xc0, 0x0, 0x0, 0x3f,
    0xb0, 0xc, 0xf2, 0x0, 0x0, 0x9f, 0x50, 0x7,
    0xf8, 0x0, 0x0, 0xff, 0x88, 0x89, 0xfe, 0x0,
    0x5, 0xff, 0xff, 0xff, 0xff, 0x40, 0xb, 0xf4,
    0x0, 0x0, 0x5f, 0xa0, 0x1f, 0xe0, 0x0, 0x0,
    0xf, 0xf0, 0x7f, 0x90, 0x0, 0x0, 0xa, 0xf6,

    /* U+00C6 "Æ" */
    0x0, 0x0, 0x2, 0xff, 0xff, 0xff, 0xff, 0xff,
    0x0, 0x0, 0x0, 0xaf, 0x6d, 0xf9, 0x99, 0x99,
    0x90, 0x0, 0x0, 0x2f, 0xd0, 0xdf, 0x0, 0x0,
    0x0, 0x0, 0x0, 0x9, 0xf5, 0xd, 0xf0, 0x0,
    0x0, 0x0, 0x0, 0x1, 0xfe, 0x0, 0xdf, 0x0,
    0x0, 0x0, 0x0, 0x0, 0x8f, 0x60, 0xd, 0xf8,
    0x88, 0x88, 0x40, 0x0, 0x1f, 0xf2, 0x22, 0xdf,
    0xee, 0xee, 0xe7, 0x0, 0x7, 0xff, 0xff, 0xff,
    0xf0, 0x0, 0x0, 0x0, 0x0, 0xef, 0x55, 0x55,
    0xef, 0x0, 0x0, 0x0, 0x0, 0x7f, 0x90, 0x0,
    0xd, 0xf0, 0x0, 0x0, 0x0, 0xe, 0xf2, 0x0,
    0x0, 0xdf, 0x99, 0x99, 0x99, 0x6, 0xfa, 0x0,
    0x0, 0xd, 0xff, 0xff, 0xff, 0xf0,

    /* U+00C7 "Ç" */
    0x0, 0x3, 0xae, 0xfe, 0xa3, 0x0, 0x0, 0x6f,
    0xfc, 0xac, 0xff, 0x50, 0x3, 0xfe, 0x30, 0x0,
    0x3f, 0xf2, 0xa, 0xf5, 0x0, 0x0, 0x7, 0xf7,
    0xf, 0xf0, 0x0, 0x0, 0x0, 0x0, 0x1f, 0xc0,
    0x0, 0x0, 0x0, 0x0, 0x1f, 0xc0, 0x0, 0x0,
    0x0, 0x0, 0xf, 0xf0, 0x0, 0x0, 0x0, 0x0,
    0xa, 0xf5, 0x0, 0x0, 0x7, 0xf7, 0x3, 0xfe,
    0x30, 0x0, 0x3f, 0xf2, 0x0, 0x6f, 0xfc, 0xac,
    0xff, 0x50, 0x0, 0x3, 0xae, 0xfe, 0xa2, 0x0,
    0x0, 0x0, 0x1, 0xf6, 0x0, 0x0, 0x0, 0x0,
    0x0, 0x3d, 0x60, 0x0, 0x0, 0x0, 0x7, 0xed,
    0x30, 0x0,

    /* U+00C8 "È" */
    0x0, 0x66, 0x0, 0x0, 0x0, 0x6, 0xf4, 0x0,
    0x0, 0x0, 0xb, 0xc0, 0x0, 0x0, 0x0, 0x0,
    0x0, 0x0, 0xaf, 0xff, 0xff, 0xff, 0x3a, 0xfa,
    0x99, 0x99, 0x91, 0xaf, 0x30, 0x0, 0x0, 0xa,
    0xf3, 0x0, 0x0, 0x0, 0xaf, 0x30, 0x0, 0x0,
    0xa, 0xff, 0xff, 0xff, 0xc0, 0xaf, 0xa9, 0x99,
    0x97, 0xa, 0xf3, 0x0, 0x0, 0x0, 0xaf, 0x30,
    0x0, 0x0, 0xa, 0xf3, 0x0, 0x0, 0x0, 0xaf,
    0xa9, 0x99, 0x99, 0x2a, 0xff, 0xff, 0xff, 0xf4,

    /* U+00C9 "É" */
    0x0, 0x0, 0x26, 0x30, 0x0, 0x0, 0xb, 0xe1,
    0x0, 0x0, 0x3, 0xf4, 0x0, 0x0, 0x0, 0x0,
    0x0, 0x0, 0xaf, 0xff, 0xff, 0xff, 0x3a, 0xfa,
    0x99, 0x99, 0x91, 0xaf, 0x30, 0x0, 0x0, 0xa,
    0xf3, 0x0, 0x0, 0x0, 0xaf, 0x30, 0x0, 0x0,
    0xa, 0xff, 0xff, 0xff, 0xc0, 0xaf, 0xa9, 0x99,
    0x97, 0xa, 0xf3, 0x0, 0x0, 0x0, 0xaf, 0x30,
    0x0, 0x0, 0xa, 0xf3, 0x0, 0x0, 0x0, 0xaf,
    0xa9, 0x99, 0x99, 0x2a, 0xff, 0xff, 0xff, 0xf4,

    /* U+00CA "Ê" */
    0x0, 0x5, 0x82, 0x0, 0x0, 0x5, 0xfc, 0xd1,
    0x0, 0x3, 0xf7, 0x1d, 0xb0, 0x0, 0x0, 0x0,
    0x0, 0x0, 0xaf, 0xff, 0xff, 0xff, 0x3a, 0xfa,
    0x99, 0x99, 0x91, 0xaf, 0x30, 0x0, 0x0, 0xa,
    0xf3, 0x0, 0x0, 0x0, 0xaf, 0x30, 0x0, 0x0,
    0xa, 0xff, 0xff, 0xff, 0xc0, 0xaf, 0xa9, 0x99,
    0x97, 0xa, 0xf3, 0x0, 0x0, 0x0, 0xaf, 0x30,
    0x0, 0x0, 0xa, 0xf3, 0x0, 0x0, 0x0, 0xaf,
    0xa9, 0x99, 0x99, 0x2a, 0xff, 0xff, 0xff, 0xf4,

    /* U+00CB "Ë" */
    0x0, 0x0, 0x0, 0x0, 0x0, 0x5f, 0x60, 0xce,
    0x0, 0x5, 0xf5, 0xc, 0xd0, 0x0, 0x0, 0x0,
    0x0, 0x0, 0xaf, 0xff, 0xff, 0xff, 0x3a, 0xfa,
    0x99, 0x99, 0x91, 0xaf, 0x30, 0x0, 0x0, 0xa,
    0xf3, 0x0, 0x0, 0x0, 0xaf, 0x30, 0x0, 0x0,
    0xa, 0xff, 0xff, 0xff, 0xc0, 0xaf, 0xa9, 0x99,
    0x97, 0xa, 0xf3, 0x0, 0x0, 0x0, 0xaf, 0x30,
    0x0, 0x0, 0xa, 0xf3, 0x0, 0x0, 0x0, 0xaf,
    0xa9, 0x99, 0x99, 0x2a, 0xff, 0xff, 0xff, 0xf4,

    /* U+00CC "Ì" */
    0x6, 0x60, 0x0, 0x6f, 0x40, 0x0, 0xbc, 0x0,
    0x0, 0x0, 0x0, 0xaf, 0x30, 0xa, 0xf3, 0x0,
    0xaf, 0x30, 0xa, 0xf3, 0x0, 0xaf, 0x30, 0xa,
    0xf3, 0x0, 0xaf, 0x30, 0xa, 0xf3, 0x0, 0xaf,
    0x30, 0xa, 0xf3, 0x0, 0xaf, 0x30, 0xa, 0xf3,

    /* U+00CD "Í" */
    0x2, 0x63, 0xb, 0xe1, 0x3f, 0x40, 0x0, 0x0,
    0xaf, 0x30, 0xaf, 0x30, 0xaf, 0x30, 0xaf, 0x30,
    0xaf, 0x30, 0xaf, 0x30, 0xaf, 0x30, 0xaf, 0x30,
    0xaf, 0x30, 0xaf, 0x30, 0xaf, 0x30, 0xaf, 0x30,

    /* U+00CE "Î" */
    0x0, 0x58, 0x20, 0x0, 0x5f, 0xcd, 0x10, 0x3f,
    0x71, 0xdb, 0x0, 0x0, 0x0, 0x0, 0x0, 0xaf,
    0x30, 0x0, 0xa, 0xf3, 0x0, 0x0, 0xaf, 0x30,
    0x0, 0xa, 0xf3, 0x0, 0x0, 0xaf, 0x30, 0x0,
    0xa, 0xf3, 0x0, 0x0, 0xaf, 0x30, 0x0, 0xa,
    0xf3, 0x0, 0x0, 0xaf, 0x30, 0x0, 0xa, 0xf3,
    0x0, 0x0, 0xaf, 0x30, 0x0, 0xa, 0xf3, 0x0,

    /* U+00CF "Ï" */
    0x0, 0x0, 0x0, 0x6, 0xf6, 0xd, 0xe0, 0x5f,
    0x50, 0xcd, 0x0, 0x0, 0x0, 0x0, 0x0, 0xaf,
    0x30, 0x0, 0xa, 0xf3, 0x0, 0x0, 0xaf, 0x30,
    0x0, 0xa, 0xf3, 0x0, 0x0, 0xaf, 0x30, 0x0,
    0xa, 0xf3, 0x0, 0x0, 0xaf, 0x30, 0x0, 0xa,
    0xf3, 0x0, 0x0, 0xaf, 0x30, 0x0, 0xa, 0xf3,
    0x0, 0x0, 0xaf, 0x30, 0x0, 0xa, 0xf3, 0x0,

    /* U+00D0 "Ð" */
    0x4, 0xff, 0xff, 0xfd, 0x81, 0x0, 0x4, 0xfd,
    0x99, 0xae, 0xfe, 0x20, 0x4, 0xfa, 0x0, 0x0,
    0x7f, 0xd0, 0x4, 0xfa, 0x0, 0x0, 0xa, 0xf5,
    0x15, 0xfb, 0x11, 0x10, 0x4, 0xf9, 0xdf, 0xff,
    0xff, 0xb0, 0x2, 0xfb, 0x37, 0xfb, 0x44, 0x30,
    0x2, 0xfb, 0x4, 0xfa, 0x0, 0x0, 0x5, 0xf9,
    0x4, 0xfa, 0x0, 0x0, 0xa, 0xf4, 0x4, 0xfa,
    0x0, 0x0, 0x7f, 0xd0, 0x4, 0xfd, 0x99, 0xae,
    0xfd, 0x20, 0x4, 0xff, 0xff, 0xfc, 0x70, 0x0,

    /* U+00D1 "Ñ" */
    0x0, 0xc, 0xff, 0xfb, 0x0, 0x0, 0x0, 0x22,
    0x22, 0x0, 0x0, 0x0, 0x0, 0x0, 0x0, 0x0,
    0xa, 0xfc, 0x0, 0x0, 0x7, 0xf6, 0xaf, 0xf7,
    0x0, 0x0, 0x7f, 0x6a, 0xfd, 0xf2, 0x0, 0x7,
    0xf6, 0xaf, 0x6f, 0xc0, 0x0, 0x7f, 0x6a, 0xf3,
    0x9f, 0x60, 0x7, 0xf6, 0xaf, 0x31, 0xef, 0x10,
    0x7f, 0x6a, 0xf3, 0x5, 0xfb, 0x7, 0xf6, 0xaf,
    0x30, 0xb, 0xf6, 0x7f, 0x6a, 0xf3, 0x0, 0x1f,
    0xe8, 0xf6, 0xaf, 0x30, 0x0, 0x6f, 0xef, 0x6a,
    0xf3, 0x0, 0x0, 0xbf, 0xf6, 0xaf, 0x30, 0x0,
    0x2, 0xff, 0x60,

    /* U+00D2 "Ò" */
    0x0, 0x0, 0x46, 0x10, 0x0, 0x0, 0x0, 0x0,
    0x3, 0xf7, 0x0, 0x0, 0x0, 0x0, 0x0, 0x8,
    0xe0, 0x0, 0x0, 0x0, 0x0, 0x0, 0x0, 0x0,
    0x0, 0x0, 0x0, 0x3, 0xae, 0xfe, 0xa3, 0x0,
    0x0, 0x6, 0xff, 0xca, 0xcf, 0xf6, 0x0, 0x3,
    0xfe, 0x30, 0x0, 0x4e, 0xf3, 0x0, 0xaf, 0x50,
    0x0, 0x0, 0x5f, 0xa0, 0xf, 0xe0, 0x0, 0x0,
    0x0, 0xff, 0x1, 0xfc, 0x0, 0x0, 0x0, 0xd,
    0xf1, 0x1f, 0xc0, 0x0, 0x0, 0x0, 0xdf, 0x10,
    0xfe, 0x0, 0x0, 0x0, 0xf, 0xf0, 0xa, 0xf5,
    0x0, 0x0, 0x5, 0xfa, 0x0, 0x3f, 0xe3, 0x0,
    0x4, 0xff, 0x30, 0x0, 0x6f, 0xfc, 0xac, 0xff,
    0x60, 0x0, 0x0, 0x3a, 0xef, 0xea, 0x30, 0x0,

    /* U+00D3 "Ó" */
    0x0, 0x0, 0x0, 0x16, 0x40, 0x0, 0x0, 0x0,
    0x0, 0x8, 0xf3, 0x0, 0x0, 0x0, 0x0, 0x1,
    0xf7, 0x0, 0x0, 0x0, 0x0, 0x0, 0x0, 0x0,
    0x0, 0x0, 0x0, 0x3, 0xae, 0xfe, 0xa3, 0x0,
    0x0, 0x6, 0xff, 0xca, 0xcf, 0xf6, 0x0, 0x3,
    0xfe, 0x30, 0x0, 0x4e, 0xf3, 0x0, 0xaf, 0x50,
    0x0, 0x0, 0x5f, 0xa0, 0xf, 0xe0, 0x0, 0x0,
    0x0, 0xff, 0x1, 0xfc, 0x0, 0x0, 0x0, 0xd,
    0xf1, 0x1f, 0xc0, 0x0, 0x0, 0x0, 0xdf, 0x10,
    0xfe, 0x0, 0x0, 0x0, 0xf, 0xf0, 0xa, 0xf5,
    0x0, 0x0, 0x5, 0xfa, 0x0, 0x3f, 0xe3, 0x0,
    0x4, 0xff, 0x30, 0x0, 0x6f, 0xfc, 0xac, 0xff,
    0x60, 0x0, 0x0, 0x3a, 0xef, 0xea, 0x30, 0x0,

    /* U+00D4 "Ô" */
    0x0, 0x0, 0x4, 0x84, 0x0, 0x0, 0x0, 0x0,
    0x5, 0xf8, 0xf5, 0x0, 0x0, 0x0, 0x1, 0x74,
    0x4, 0x70, 0x0, 0x0, 0x0, 0x0, 0x0, 0x0,
    0x0, 0x0, 0x0, 0x3, 0xae, 0xfe, 0xa3, 0x0,
    0x0, 0x6, 0xff, 0xca, 0xcf, 0xf6, 0x0, 0x3,
    0xfe, 0x30, 0x0, 0x4e, 0xf3, 0x0, 0xaf, 0x50,
    0x0, 0x0, 0x5f, 0xa0, 0xf, 0xe0, 0x0, 0x0,
    0x0, 0xff, 0x1, 0xfc, 0x0, 0x0, 0x0, 0xd,
    0xf1, 0x1f, 0xc0, 0x0, 0x0, 0x0, 0xdf, 0x10,
    0xfe, 0x0, 0x0, 0x0, 0xf, 0xf0, 0xa, 0xf5,
    0x0, 0x0, 0x5, 0xfa, 0x0, 0x3f, 0xe3, 0x0,
    0x4, 0xff, 0x30, 0x0, 0x6f, 0xfc, 0xac, 0xff,
    0x60, 0x0, 0x0, 0x3a, 0xef, 0xea, 0x30, 0x0,

    /* U+00D5 "Õ" */
    0x0, 0x0, 0xbf, 0xff, 0xd0, 0x0, 0x0, 0x0,
    0x2, 0x22, 0x20, 0x0, 0x0, 0x0, 0x0, 0x0,
    0x0, 0x0, 0x0, 0x0, 0x0, 0x3a, 0xef, 0xea,
    0x30, 0x0, 0x0, 0x6f, 0xfc, 0xac, 0xff, 0x60,
    0x0, 0x3f, 0xe3, 0x0, 0x4, 0xef, 0x30, 0xa,
    0xf5, 0x0, 0x0, 0x5, 0xfa, 0x0, 0xfe, 0x0,
    0x0, 0x0, 0xf, 0xf0, 0x1f, 0xc0, 0x0, 0x0,
    0x0, 0xdf, 0x11, 0xfc, 0x0, 0x0, 0x0, 0xd,
    0xf1, 0xf, 0xe0, 0x0, 0x0, 0x0, 0xff, 0x0,
    0xaf, 0x50, 0x0, 0x0, 0x5f, 0xa0, 0x3, 0xfe,
    0x30, 0x0, 0x4f, 0xf3, 0x0, 0x6, 0xff, 0xca,
    0xcf, 0xf6, 0x0, 0x0, 0x3, 0xae, 0xfe, 0xa3,
    0x0, 0x0,

    /* U+00D6 "Ö" */
    0x0, 0x2, 0xe9, 0x9, 0xe2, 0x0, 0x0, 0x0,
    0x3f, 0x90, 0x9f, 0x20, 0x0, 0x0, 0x0, 0x0,
    0x0, 0x0, 0x0, 0x0, 0x0, 0x0, 0x0, 0x0,
    0x0, 0x0, 0x0, 0x3, 0xae, 0xfe, 0xa3, 0x0,
    0x0, 0x6, 0xff, 0xca, 0xcf, 0xf6, 0x0, 0x3,
    0xfe, 0x30, 0x0, 0x4e, 0xf3, 0x0, 0xaf, 0x50,
    0x0, 0x0, 0x5f, 0xa0, 0xf, 0xe0, 0x0, 0x0,
    0x0, 0xff, 0x1, 0xfc, 0x0, 0x0, 0x0, 0xd,
    0xf1, 0x1f, 0xc0, 0x0, 0x0, 0x0, 0xdf, 0x10,
    0xfe, 0x0, 0x0, 0x0, 0xf, 0xf0, 0xa, 0xf5,
    0x0, 0x0, 0x5, 0xfa, 0x0, 0x3f, 0xe3, 0x0,
    0x4, 0xff, 0x30, 0x0, 0x6f, 0xfc, 0xac, 0xff,
    0x60, 0x0, 0x0, 0x3a, 0xef, 0xea, 0x30, 0x0,

    /* U+00D7 "×" */
    0x5, 0x10, 0x0, 0x5, 0x2, 0xfd, 0x10, 0x9,
    0xf7, 0x6, 0xfd, 0x1a, 0xfa, 0x0, 0x5, 0xff,
    0xfa, 0x0, 0x0, 0xc, 0xff, 0x20, 0x0, 0xb,
    0xfb, 0xfe, 0x20, 0xb, 0xf8, 0x4, 0xfe, 0x21,
    0xd7, 0x0, 0x4, 0xe4, 0x0, 0x0, 0x0, 0x0,
    0x0,

    /* U+00D8 "Ø" */
    0x0, 0x0, 0x0, 0x0, 0x0, 0x10, 0x0, 0x0,
    0x3a, 0xef, 0xea, 0x6f, 0x40, 0x0, 0x6f, 0xfc,
    0xac, 0xff, 0xd0, 0x0, 0x3f, 0xe3, 0x0, 0xc,
    0xff, 0x30, 0xa, 0xf5, 0x0, 0x7, 0xf9, 0xfa,
    0x0, 0xfe, 0x0, 0x3, 0xf8, 0xf, 0xf0, 0x1f,
    0xc0, 0x1, 0xeb, 0x0, 0xdf, 0x11, 0xfc, 0x0,
    0xbe, 0x10, 0xd, 0xf1, 0xf, 0xe0, 0x8f, 0x30,
    0x0, 0xff, 0x0, 0xaf, 0x9f, 0x70, 0x0, 0x5f,
    0xa0, 0x3, 0xff, 0xc0, 0x0, 0x4f, 0xf3, 0x0,
    0xd, 0xff, 0xca, 0xcf, 0xf6, 0x0, 0x4, 0xf5,
    0xae, 0xfe, 0xa3, 0x0, 0x0, 0x1, 0x0, 0x0,
    0x0, 0x0, 0x0,

    /* U+00D9 "Ù" */
    0x0, 0x6, 0x60, 0x0, 0x0, 0x0, 0x0, 0x7f,
    0x30, 0x0, 0x0, 0x0, 0x0, 0xcb, 0x0, 0x0,
    0x0, 0x0, 0x0, 0x0, 0x0, 0x0, 0xbf, 0x30,
    0x0, 0x0, 0xbf, 0x2b, 0xf3, 0x0, 0x0, 0xb,
    0xf2, 0xbf, 0x30, 0x0, 0x0, 0xbf, 0x2b, 0xf3,
    0x0, 0x0, 0xb, 0xf2, 0xbf, 0x30, 0x0, 0x0,
    0xbf, 0x2b, 0xf3, 0x0, 0x0, 0xb, 0xf2, 0xbf,
    0x30, 0x0, 0x0, 0xbf, 0x2b, 0xf3, 0x0, 0x0,
    0xb, 0xf2, 0x9f, 0x50, 0x0, 0x0, 0xef, 0x14,
    0xfd, 0x20, 0x0, 0x8f, 0xc0, 0xa, 0xff, 0xba,
    0xdf, 0xe2, 0x0, 0x5, 0xcf, 0xfe, 0x91, 0x0,

    /* U+00DA "Ú" */
    0x0, 0x0, 0x2, 0x62, 0x0, 0x0, 0x0, 0x0,
    0xce, 0x0, 0x0, 0x0, 0x0, 0x4f, 0x30, 0x0,
    0x0, 0x0, 0x0, 0x0, 0x0, 0x0, 0xbf, 0x30,
    0x0, 0x0, 0xbf, 0x2b, 0xf3, 0x0, 0x0, 0xb,
    0xf2, 0xbf, 0x30, 0x0, 0x0, 0xbf, 0x2b, 0xf3,
    0x0, 0x0, 0xb, 0xf2, 0xbf, 0x30, 0x0, 0x0,
    0xbf, 0x2b, 0xf3, 0x0, 0x0, 0xb, 0xf2, 0xbf,
    0x30, 0x0, 0x0, 0xbf, 0x2b, 0xf3, 0x0, 0x0,
    0xb, 0xf2, 0x9f, 0x50, 0x0, 0x0, 0xef, 0x14,
    0xfd, 0x20, 0x0, 0x8f, 0xc0, 0xa, 0xff, 0xba,
    0xdf, 0xe2, 0x0, 0x5, 0xcf, 0xfe, 0x91, 0x0,

    /* U+00DB "Û" */
    0x0, 0x0, 0x68, 0x20, 0x0, 0x0, 0x0, 0x9e,
    0x9e, 0x20, 0x0, 0x0, 0x38, 0x20, 0x66, 0x0,
    0x0, 0x0, 0x0, 0x0, 0x0, 0x0, 0xbf, 0x30,
    0x0, 0x0, 0xbf, 0x2b, 0xf3, 0x0, 0x0, 0xb,
    0xf2, 0xbf, 0x30, 0x0, 0x0, 0xbf, 0x2b, 0xf3,
    0x0, 0x0, 0xb, 0xf2, 0xbf, 0x30, 0x0, 0x0,
    0xbf, 0x2b, 0xf3, 0x0, 0x0, 0xb, 0xf2, 0xbf,
    0x30, 0x0, 0x0, 0xbf, 0x2b, 0xf3, 0x0, 0x0,
    0xb, 0xf2, 0x9f, 0x50, 0x0, 0x0, 0xef, 0x14,
    0xfd, 0x20, 0x0, 0x8f, 0xc0, 0xa, 0xff, 0xba,
    0xdf, 0xe2, 0x0, 0x5, 0xcf, 0xfe, 0x91, 0x0,

    /* U+00DC "Ü" */
    0x0, 0x6f, 0x50, 0xcd, 0x0, 0x0, 0x6, 0xf5,
    0xd, 0xd0, 0x0, 0x0, 0x0, 0x0, 0x0, 0x0,
    0x0, 0x0, 0x0, 0x0, 0x0, 0x0, 0xbf, 0x30,
    0x0, 0x0, 0xbf, 0x2b, 0xf3, 0x0, 0x0, 0xb,
    0xf2, 0xbf, 0x30, 0x0, 0x0, 0xbf, 0x2b, 0xf3,
    0x0, 0x0, 0xb, 0xf2, 0xbf, 0x30, 0x0, 0x0,
    0xbf, 0x2b, 0xf3, 0x0, 0x0, 0xb, 0xf2, 0xbf,
    0x30, 0x0, 0x0, 0xbf, 0x2b, 0xf3, 0x0, 0x0,
    0xb, 0xf2, 0x9f, 0x50, 0x0, 0x0, 0xef, 0x14,
    0xfd, 0x20, 0x0, 0x8f, 0xc0, 0xa, 0xff, 0xba,
    0xdf, 0xe2, 0x0, 0x5, 0xcf, 0xfe, 0x91, 0x0,

    /* U+00DD "Ý" */
    0x0, 0x0, 0x0, 0x56, 0x0, 0x0, 0x0, 0x0,
    0x2, 0xf8, 0x0, 0x0, 0x0, 0x0, 0xa, 0xd0,
    0x0, 0x0, 0x0, 0x0, 0x0, 0x0, 0x0, 0x0,
    0x5f, 0xd0, 0x0, 0x0, 0x2f, 0xf1, 0xa, 0xf7,
    0x0, 0x0, 0xbf, 0x60, 0x1, 0xff, 0x20, 0x5,
    0xfc, 0x0, 0x0, 0x6f, 0xb0, 0xe, 0xf2, 0x0,
    0x0, 0xc, 0xf4, 0x8f, 0x80, 0x0, 0x0, 0x2,
    0xfd, 0xfd, 0x0, 0x0, 0x0, 0x0, 0x8f, 0xf4,
    0x0, 0x0, 0x0, 0x0, 0x1f, 0xd0, 0x0, 0x0,
    0x0, 0x0, 0x1f, 0xd0, 0x0, 0x0, 0x0, 0x0,
    0x1f, 0xd0, 0x0, 0x0, 0x0, 0x0, 0x1f, 0xd0,
    0x0, 0x0, 0x0, 0x0, 0x1f, 0xd0, 0x0, 0x0,

    /* U+00DE "Þ" */
    0xcf, 0x20, 0x0, 0x0, 0xc, 0xf2, 0x0, 0x0,
    0x0, 0xcf, 0x98, 0x86, 0x20, 0xc, 0xff, 0xff,
    0xff, 0x70, 0xcf, 0x20, 0x3, 0xdf, 0x3c, 0xf2,
    0x0, 0x4, 0xf8, 0xcf, 0x20, 0x0, 0x4f, 0x8c,
    0xf2, 0x0, 0x3c, 0xf3, 0xcf, 0xff, 0xff, 0xf7,
    0xc, 0xf9, 0x87, 0x61, 0x0, 0xcf, 0x20, 0x0,
    0x0, 0xc, 0xf2, 0x0, 0x0, 0x0,

    /* U+00DF "ß" */
    0x3, 0xbf, 0xfd, 0x70, 0x2, 0xff, 0xa9, 0xef,
    0x80, 0x9f, 0x60, 0x1, 0xff, 0xa, 0xf2, 0x0,
    0xd, 0xf0, 0xaf, 0x20, 0x6, 0xf8, 0xa, 0xf2,
    0x5f, 0xfa, 0x0, 0xaf, 0x22, 0x8a, 0xfe, 0x1a,
    0xf2, 0x0, 0x5, 0xf9, 0xaf, 0x20, 0x0, 0x1f,
    0xca, 0xf2, 0x0, 0x5, 0xfa, 0xaf, 0x23, 0x8a,
    0xff, 0x3a, 0xf2, 0x6f, 0xfc, 0x40,

    /* U+00E0 "à" */
    0x0, 0x36, 0x20, 0x0, 0x0, 0x1, 0xea, 0x0,
    0x0, 0x0, 0x5, 0xf2, 0x0, 0x0, 0x0, 0x0,
    0x0, 0x0, 0x0, 0x7d, 0xfe, 0xa2, 0x0, 0xaf,
    0xc7, 0x9f, 0xe0, 0x6, 0x80, 0x0, 0x8f, 0x40,
    0x0, 0x14, 0x6c, 0xf5, 0x5, 0xef, 0xfd, 0xdf,
    0x52, 0xfd, 0x30, 0x7, 0xf5, 0x4f, 0x80, 0x0,
    0xbf, 0x51, 0xff, 0x86, 0xbe, 0xf5, 0x4, 0xcf,
    0xe9, 0x6f, 0x50,

    /* U+00E1 "á" */
    0x0, 0x0, 0x6, 0x50, 0x0, 0x0, 0x5, 0xf5,
    0x0, 0x0, 0x0, 0xda, 0x0, 0x0, 0x0, 0x0,
    0x0, 0x0, 0x0, 0x7d, 0xfe, 0xa2, 0x0, 0xaf,
    0xc7, 0x9f, 0xe0, 0x6, 0x80, 0x0, 0x8f, 0x40,
    0x0, 0x14, 0x6c, 0xf5, 0x5, 0xef, 0xfd, 0xdf,
    0x52, 0xfd, 0x30, 0x7, 0xf5, 0x4f, 0x80, 0x0,
    0xbf, 0x51, 0xff, 0x86, 0xbe, 0xf5, 0x4, 0xcf,
    0xe9, 0x6f, 0x50,

    /* U+00E2 "â" */
    0x0, 0x3, 0x85, 0x0, 0x0, 0x3, 0xf9, 0xe8,
    0x0, 0x0, 0x75, 0x3, 0x82, 0x0, 0x0, 0x0,
    0x0, 0x0, 0x0, 0x7d, 0xfe, 0xa2, 0x0, 0xaf,
    0xc7, 0x9f, 0xe0, 0x6, 0x80, 0x0, 0x8f, 0x40,
    0x0, 0x14, 0x6c, 0xf5, 0x5, 0xef, 0xfd, 0xdf,
    0x52, 0xfd, 0x30, 0x7, 0xf5, 0x4f, 0x80, 0x0,
    0xbf, 0x51, 0xff, 0x86, 0xbe, 0xf5, 0x4, 0xcf,
    0xe9, 0x6f, 0x50,

    /* U+00E3 "ã" */
    0x0, 0x9f, 0xff, 0xe1, 0x0, 0x2, 0x22, 0x20,
    0x0, 0x0, 0x0, 0x0, 0x0, 0x0, 0x7, 0xdf,
    0xea, 0x20, 0xa, 0xfc, 0x79, 0xfe, 0x0, 0x68,
    0x0, 0x8, 0xf4, 0x0, 0x1, 0x46, 0xcf, 0x50,
    0x5e, 0xff, 0xdd, 0xf5, 0x2f, 0xd3, 0x0, 0x7f,
    0x54, 0xf8, 0x0, 0xb, 0xf5, 0x1f, 0xf8, 0x6b,
    0xef, 0x50, 0x4c, 0xfe, 0x96, 0xf5,

    /* U+00E4 "ä" */
    0x1, 0xeb, 0x6, 0xf4, 0x0, 0x1e, 0xc0, 0x6f,
    0x50, 0x0, 0x0, 0x0, 0x0, 0x0, 0x7, 0xdf,
    0xea, 0x20, 0xa, 0xfc, 0x79, 0xfe, 0x0, 0x68,
    0x0, 0x8, 0xf4, 0x0, 0x1, 0x46, 0xcf, 0x50,
    0x5e, 0xff, 0xdd, 0xf5, 0x2f, 0xd3, 0x0, 0x7f,
    0x54, 0xf8, 0x0, 0xb, 0xf5, 0x1f, 0xf8, 0x6b,
    0xef, 0x50, 0x4c, 0xfe, 0x96, 0xf5,

    /* U+00E5 "å" */
    0x0, 0x9, 0xeb, 0x20, 0x0, 0x6, 0xd2, 0x9b,
    0x0, 0x0, 0x7c, 0x7, 0xc0, 0x0, 0x0, 0xcf,
    0xe4, 0x0, 0x0, 0x0, 0x10, 0x0, 0x0, 0x7,
    0xdf, 0xea, 0x20, 0xa, 0xfc, 0x79, 0xfe, 0x0,
    0x68, 0x0, 0x8, 0xf4, 0x0, 0x1, 0x46, 0xcf,
    0x50, 0x5e, 0xff, 0xdd, 0xf5, 0x2f, 0xd3, 0x0,
    0x7f, 0x54, 0xf8, 0x0, 0xb, 0xf5, 0x1f, 0xf8,
    0x6b, 0xef, 0x50, 0x4c, 0xfe, 0x96, 0xf5,

    /* U+00E6 "æ" */
    0x0, 0x7d, 0xfe, 0x90, 0x6d, 0xfe, 0x80, 0x0,
    0x9f, 0xc7, 0x9f, 0xef, 0xb7, 0xaf, 0xc0, 0x8,
    0x90, 0x0, 0x8f, 0x90, 0x0, 0x8f, 0x50, 0x0,
    0x0, 0x7, 0xf4, 0x0, 0x3, 0xf9, 0x3, 0xbf,
    0xff, 0xff, 0xff, 0xff, 0xff, 0xb1, 0xfe, 0x64,
    0x39, 0xf6, 0x33, 0x33, 0x32, 0x4f, 0x80, 0x0,
    0xbf, 0xa0, 0x0, 0x38, 0x31, 0xff, 0x87, 0xcf,
    0xcf, 0xb7, 0x8e, 0xf2, 0x4, 0xcf, 0xfb, 0x30,
    0x7d, 0xff, 0xb3, 0x0,

    /* U+00E7 "ç" */
    0x0, 0x3b, 0xff, 0xc4, 0x0, 0x4f, 0xf9, 0x8e,
    0xf5, 0xd, 0xf3, 0x0, 0x1e, 0xa2, 0xfb, 0x0,
    0x0, 0x0, 0x3f, 0x90, 0x0, 0x0, 0x2, 0xfb,
    0x0, 0x0, 0x0, 0xd, 0xf2, 0x0, 0x1e, 0xb0,
    0x4f, 0xe9, 0x8e, 0xf5, 0x0, 0x3b, 0xff, 0xc4,
    0x0, 0x0, 0x8, 0xc4, 0x0, 0x0, 0x0, 0x15,
    0xf0, 0x0, 0x0, 0xc, 0xeb, 0x0,

    /* U+00E8 "è" */
    0x0, 0x16, 0x40, 0x0, 0x0, 0x0, 0xb, 0xe0,
    0x0, 0x0, 0x0, 0x1, 0xf7, 0x0, 0x0, 0x0,
    0x0, 0x0, 0x0, 0x0, 0x0, 0x3c, 0xff, 0xb3,
    0x0, 0x4, 0xfe, 0x88, 0xef, 0x30, 0xd, 0xe1,
    0x0, 0x2f, 0xc0, 0x2f, 0xa0, 0x0, 0xc, 0xf0,
    0x3f, 0xff, 0xff, 0xff, 0xf1, 0x2f, 0xc3, 0x33,
    0x33, 0x30, 0xd, 0xf1, 0x0, 0x7, 0x50, 0x4,
    0xfe, 0x87, 0xcf, 0x90, 0x0, 0x3b, 0xff, 0xd6,
    0x0,

    /* U+00E9 "é" */
    0x0, 0x0, 0x4, 0x60, 0x0, 0x0, 0x0, 0x1f,
    0xa0, 0x0, 0x0, 0x0, 0x8e, 0x10, 0x0, 0x0,
    0x0, 0x0, 0x0, 0x0, 0x0, 0x3c, 0xff, 0xb3,
    0x0, 0x4, 0xfe, 0x88, 0xef, 0x30, 0xd, 0xe1,
    0x0, 0x2f, 0xc0, 0x2f, 0xa0, 0x0, 0xc, 0xf0,
    0x3f, 0xff, 0xff, 0xff, 0xf1, 0x2f, 0xc3, 0x33,
    0x33, 0x30, 0xd, 0xf1, 0x0, 0x7, 0x50, 0x4,
    0xfe, 0x87, 0xcf, 0x90, 0x0, 0x3b, 0xff, 0xd6,
    0x0,

    /* U+00EA "ê" */
    0x0, 0x0, 0x77, 0x0, 0x0, 0x0, 0x1c, 0xbc,
    0xb0, 0x0, 0x0, 0x57, 0x0, 0x74, 0x0, 0x0,
    0x0, 0x0, 0x0, 0x0, 0x0, 0x3c, 0xff, 0xb3,
    0x0, 0x4, 0xfe, 0x88, 0xef, 0x30, 0xd, 0xe1,
    0x0, 0x2f, 0xc0, 0x2f, 0xa0, 0x0, 0xc, 0xf0,
    0x3f, 0xff, 0xff, 0xff, 0xf1, 0x2f, 0xc3, 0x33,
    0x33, 0x30, 0xd, 0xf1, 0x0, 0x7, 0x50, 0x4,
    0xfe, 0x87, 0xcf, 0x90, 0x0, 0x3b, 0xff, 0xd6,
    0x0,

    /* U+00EB "ë" */
    0x0, 0xae, 0x12, 0xe9, 0x0, 0x0, 0xaf, 0x22,
    0xf9, 0x0, 0x0, 0x0, 0x0, 0x0, 0x0, 0x0,
    0x3c, 0xff, 0xb3, 0x0, 0x4, 0xfe, 0x88, 0xef,
    0x30, 0xd, 0xe1, 0x0, 0x2f, 0xc0, 0x2f, 0xa0,
    0x0, 0xc, 0xf0, 0x3f, 0xff, 0xff, 0xff, 0xf1,
    0x2f, 0xc3, 0x33, 0x33, 0x30, 0xd, 0xf1, 0x0,
    0x7, 0x50, 0x4, 0xfe, 0x87, 0xcf, 0x90, 0x0,
    0x3b, 0xff, 0xd6, 0x0,

    /* U+00EC "ì" */
    0x6, 0x40, 0x9, 0xf1, 0x0, 0xe9, 0x0, 0x0,
    0x0, 0xdf, 0x0, 0xdf, 0x0, 0xdf, 0x0, 0xdf,
    0x0, 0xdf, 0x0, 0xdf, 0x0, 0xdf, 0x0, 0xdf,
    0x0, 0xdf,

    /* U+00ED "í" */
    0x3, 0x61, 0xe, 0xc0, 0x6f, 0x20, 0x0, 0x0,
    0xdf, 0x0, 0xdf, 0x0, 0xdf, 0x0, 0xdf, 0x0,
    0xdf, 0x0, 0xdf, 0x0, 0xdf, 0x0, 0xdf, 0x0,
    0xdf, 0x0,

    /* U+00EE "î" */
    0x0, 0x77, 0x0, 0x8, 0xfd, 0xb0, 0x6f, 0x42,
    0xf8, 0x0, 0x0, 0x0, 0x0, 0xdf, 0x0, 0x0,
    0xdf, 0x0, 0x0, 0xdf, 0x0, 0x0, 0xdf, 0x0,
    0x0, 0xdf, 0x0, 0x0, 0xdf, 0x0, 0x0, 0xdf,
    0x0, 0x0, 0xdf, 0x0, 0x0, 0xdf, 0x0,

    /* U+00EF "ï" */
    0x8f, 0x31, 0xeb, 0x8f, 0x31, 0xec, 0x0, 0x0,
    0x0, 0x0, 0xdf, 0x0, 0x0, 0xdf, 0x0, 0x0,
    0xdf, 0x0, 0x0, 0xdf, 0x0, 0x0, 0xdf, 0x0,
    0x0, 0xdf, 0x0, 0x0, 0xdf, 0x0, 0x0, 0xdf,
    0x0, 0x0, 0xdf, 0x0,

    /* U+00F0 "ð" */
    0x0, 0x2, 0x0, 0x0, 0x0, 0x0, 0x5f, 0xa1,
    0x6a, 0x0, 0x0, 0x5, 0xff, 0xd3, 0x0, 0x0,
    0x5e, 0xac, 0xf3, 0x0, 0x0, 0x22, 0x1, 0xde,
    0x0, 0x0, 0x7e, 0xfd, 0x8f, 0x70, 0x7, 0xfb,
    0x44, 0xbf, 0xd0, 0xf, 0xd0, 0x0, 0xe, 0xf1,
    0x3f, 0x90, 0x0, 0xa, 0xf2, 0x3f, 0x90, 0x0,
    0xa, 0xf1, 0xe, 0xe1, 0x0, 0x1e, 0xc0, 0x6,
    0xfd, 0x88, 0xef, 0x40, 0x0, 0x5c, 0xff, 0xb3,
    0x0,

    /* U+00F1 "ñ" */
    0x4, 0xef, 0xff, 0x60, 0x1, 0x22, 0x21, 0x0,
    0x0, 0x0, 0x0, 0x0, 0xde, 0x2c, 0xfe, 0x80,
    0xdf, 0xd8, 0x7d, 0xf7, 0xdf, 0x40, 0x1, 0xfd,
    0xdf, 0x0, 0x0, 0xee, 0xdf, 0x0, 0x0, 0xee,
    0xdf, 0x0, 0x0, 0xee, 0xdf, 0x0, 0x0, 0xee,
    0xdf, 0x0, 0x0, 0xee, 0xdf, 0x0, 0x0, 0xee,

    /* U+00F2 "ò" */
    0x0, 0x6, 0x40, 0x0, 0x0, 0x0, 0xa, 0xf1,
    0x0, 0x0, 0x0, 0x1, 0xe8, 0x0, 0x0, 0x0,
    0x0, 0x0, 0x0, 0x0, 0x0, 0x3b, 0xff, 0xc5,
    0x0, 0x4, 0xfe, 0x98, 0xef, 0x60, 0xd, 0xf2,
    0x0, 0x1e, 0xf0, 0x2f, 0xb0, 0x0, 0x9, 0xf4,
    0x3f, 0x90, 0x0, 0x7, 0xf5, 0x2f, 0xb0, 0x0,
    0x9, 0xf4, 0xd, 0xf2, 0x0, 0x1e, 0xf0, 0x4,
    0xfe, 0x88, 0xef, 0x60, 0x0, 0x3b, 0xff, 0xc5,
    0x0,

    /* U+00F3 "ó" */
    0x0, 0x0, 0x3, 0x61, 0x0, 0x0, 0x0, 0xe,
    0xb0, 0x0, 0x0, 0x0, 0x6f, 0x20, 0x0, 0x0,
    0x0, 0x0, 0x0, 0x0, 0x0, 0x3b, 0xff, 0xc5,
    0x0, 0x4, 0xfe, 0x98, 0xef, 0x60, 0xd, 0xf2,
    0x0, 0x1e, 0xf0, 0x2f, 0xb0, 0x0, 0x9, 0xf4,
    0x3f, 0x90, 0x0, 0x7, 0xf5, 0x2f, 0xb0, 0x0,
    0x9, 0xf4, 0xd, 0xf2, 0x0, 0x1e, 0xf0, 0x4,
    0xfe, 0x88, 0xef, 0x60, 0x0, 0x3b, 0xff, 0xc5,
    0x0,

    /* U+00F4 "ô" */
    0x0, 0x0, 0x77, 0x10, 0x0, 0x0, 0xb, 0xcb,
    0xd1, 0x0, 0x0, 0x47, 0x10, 0x75, 0x0, 0x0,
    0x0, 0x0, 0x0, 0x0, 0x0, 0x3b, 0xff, 0xc5,
    0x0, 0x4, 0xfe, 0x98, 0xef, 0x60, 0xd, 0xf2,
    0x0, 0x1e, 0xf0, 0x2f, 0xb0, 0x0, 0x9, 0xf4,
    0x3f, 0x90, 0x0, 0x7, 0xf5, 0x2f, 0xb0, 0x0,
    0x9, 0xf4, 0xd, 0xf2, 0x0, 0x1e, 0xf0, 0x4,
    0xfe, 0x88, 0xef, 0x60, 0x0, 0x3b, 0xff, 0xc5,
    0x0,

    /* U+00F5 "õ" */
    0x0, 0x3e, 0xff, 0xf6, 0x0, 0x0, 0x12, 0x22,
    0x10, 0x0, 0x0, 0x0, 0x0, 0x0, 0x0, 0x0,
    0x3b, 0xff, 0xc5, 0x0, 0x4, 0xfe, 0x98, 0xef,
    0x60, 0xd, 0xf2, 0x0, 0x1e, 0xf0, 0x2f, 0xb0,
    0x0, 0x9, 0xf4, 0x3f, 0x90, 0x0, 0x7, 0xf5,
    0x2f, 0xb0, 0x0, 0x9, 0xf4, 0xd, 0xf2, 0x0,
    0x1e, 0xf0, 0x4, 0xfe, 0x88, 0xef, 0x60, 0x0,
    0x3b, 0xff, 0xc5, 0x0,

    /* U+00F6 "ö" */
    0x0, 0x8f, 0x31, 0xea, 0x0, 0x0, 0x9f, 0x31,
    0xeb, 0x0, 0x0, 0x0, 0x0, 0x0, 0x0, 0x0,
    0x3b, 0xff, 0xc5, 0x0, 0x4, 0xfe, 0x98, 0xef,
    0x60, 0xd, 0xf2, 0x0, 0x1e, 0xf0, 0x2f, 0xb0,
    0x0, 0x9, 0xf4, 0x3f, 0x90, 0x0, 0x7, 0xf5,
    0x2f, 0xb0, 0x0, 0x9, 0xf4, 0xd, 0xf2, 0x0,
    0x1e, 0xf0, 0x4, 0xfe, 0x88, 0xef, 0x60, 0x0,
    0x3b, 0xff, 0xc5, 0x0,

    /* U+00F7 "÷" */
    0x0, 0x4, 0xf8, 0x0, 0x0, 0x0, 0x7f, 0xb0,
    0x0, 0x0, 0x0, 0x41, 0x0, 0x3, 0x88, 0x88,
    0x88, 0x85, 0x5f, 0xff, 0xff, 0xff, 0xa0, 0x0,
    0x0, 0x0, 0x0, 0x0, 0x4, 0xf8, 0x0, 0x0,
    0x0, 0x7f, 0xb0, 0x0, 0x0, 0x0, 0x41, 0x0,
    0x0,

    /* U+00F8 "ø" */
    0x0, 0x0, 0x0, 0x0, 0x0, 0x0, 0x3b, 0xff,
    0xc6, 0xe3, 0x4, 0xfe, 0x98, 0xef, 0xb0, 0xd,
    0xf2, 0x0, 0xcf, 0xf0, 0x2f, 0xb0, 0xb, 0xc9,
    0xf4, 0x3f, 0x90, 0xad, 0x17, 0xf5, 0x2f, 0xb8,
    0xe1, 0x9, 0xf4, 0xd, 0xff, 0x20, 0x1e, 0xf0,
    0x8, 0xff, 0x88, 0xef, 0x60, 0x2f, 0x7b, 0xff,
    0xc5, 0x0, 0x2, 0x0, 0x0, 0x0, 0x0,

    /* U+00F9 "ù" */
    0x0, 0x64, 0x0, 0x0, 0x0, 0xaf, 0x10, 0x0,
    0x0, 0x1e, 0x80, 0x0, 0x0, 0x0, 0x0, 0x0,
    0xdf, 0x0, 0x0, 0xee, 0xdf, 0x0, 0x0, 0xee,
    0xdf, 0x0, 0x0, 0xee, 0xdf, 0x0, 0x0, 0xee,
    0xdf, 0x0, 0x0, 0xee, 0xcf, 0x0, 0x0, 0xee,
    0xbf, 0x40, 0x3, 0xfe, 0x6f, 0xf9, 0x9e, 0xee,
    0x7, 0xef, 0xc3, 0xde,

    /* U+00FA "ú" */
    0x0, 0x0, 0x36, 0x10, 0x0, 0x0, 0xeb, 0x0,
    0x0, 0x7, 0xf2, 0x0, 0x0, 0x0, 0x0, 0x0,
    0xdf, 0x0, 0x0, 0xee, 0xdf, 0x0, 0x0, 0xee,
    0xdf, 0x0, 0x0, 0xee, 0xdf, 0x0, 0x0, 0xee,
    0xdf, 0x0, 0x0, 0xee, 0xcf, 0x0, 0x0, 0xee,
    0xbf, 0x40, 0x3, 0xfe, 0x6f, 0xf9, 0x9e, 0xee,
    0x7, 0xef, 0xc3, 0xde,

    /* U+00FB "û" */
    0x0, 0x7, 0x70, 0x0, 0x0, 0xbc, 0xbc, 0x10,
    0x4, 0x70, 0x7, 0x50, 0x0, 0x0, 0x0, 0x0,
    0xdf, 0x0, 0x0, 0xee, 0xdf, 0x0, 0x0, 0xee,
    0xdf, 0x0, 0x0, 0xee, 0xdf, 0x0, 0x0, 0xee,
    0xdf, 0x0, 0x0, 0xee, 0xcf, 0x0, 0x0, 0xee,
    0xbf, 0x40, 0x3, 0xfe, 0x6f, 0xf9, 0x9e, 0xee,
    0x7, 0xef, 0xc3, 0xde,

    /* U+00FC "ü" */
    0x9, 0xe2, 0x1e, 0xa0, 0x9, 0xf2, 0x1e, 0xb0,
    0x0, 0x0, 0x0, 0x0, 0xdf, 0x0, 0x0, 0xee,
    0xdf, 0x0, 0x0, 0xee, 0xdf, 0x0, 0x0, 0xee,
    0xdf, 0x0, 0x0, 0xee, 0xdf, 0x0, 0x0, 0xee,
    0xcf, 0x0, 0x0, 0xee, 0xbf, 0x40, 0x3, 0xfe,
    0x6f, 0xf9, 0x9e, 0xee, 0x7, 0xef, 0xc3, 0xde,

    /* U+00FD "ý" */
    0x0, 0x0, 0xf, 0xc0, 0x0, 0x0, 0x0, 0x7f,
    0x20, 0x0, 0x0, 0x0, 0x53, 0x0, 0x0, 0x0,
    0x0, 0x0, 0x0, 0x0, 0x7f, 0x80, 0x0, 0xd,
    0xf1, 0x1f, 0xd0, 0x0, 0x3f, 0xa0, 0xa, 0xf4,
    0x0, 0x9f, 0x40, 0x3, 0xf9, 0x0, 0xfd, 0x0,
    0x0, 0xdf, 0x5, 0xf7, 0x0, 0x0, 0x6f, 0x5b,
    0xf1, 0x0, 0x0, 0x1f, 0xaf, 0xa0, 0x0, 0x0,
    0xa, 0xff, 0x30, 0x0, 0x0, 0x4, 0xfd, 0x0,
    0x0, 0x0, 0x6, 0xf7, 0x0, 0x0, 0x5, 0x7e,
    0xe0, 0x0, 0x0, 0xb, 0xfc, 0x30, 0x0, 0x0,

    /* U+00FE "þ" */
    0xdf, 0x0, 0x0, 0x0, 0xd, 0xf0, 0x0, 0x0,
    0x0, 0xdf, 0x0, 0x0, 0x0, 0xd, 0xf2, 0xbf,
    0xe9, 0x0, 0xdf, 0xda, 0x8c, 0xfb, 0xd, 0xf7,
    0x0, 0xb, 0xf4, 0xdf, 0x10, 0x0, 0x5f, 0x8d,
    0xf0, 0x0, 0x3, 0xf9, 0xdf, 0x10, 0x0, 0x5f,
    0x8d, 0xf8, 0x0, 0xc, 0xf4, 0xdf, 0xda, 0x8c,
    0xfb, 0xd, 0xf2, 0xbf, 0xe9, 0x0, 0xdf, 0x0,
    0x0, 0x0, 0xd, 0xf0, 0x0, 0x0, 0x0, 0xdf,
    0x0, 0x0, 0x0, 0x0,

    /* U+00FF "ÿ" */
    0x0, 0xcd, 0x4, 0xf7, 0x0, 0x0, 0xde, 0x4,
    0xf7, 0x0, 0x0, 0x0, 0x0, 0x0, 0x0, 0x7f,
    0x80, 0x0, 0xd, 0xf1, 0x1f, 0xd0, 0x0, 0x3f,
    0xa0, 0xa, 0xf4, 0x0, 0x9f, 0x40, 0x3, 0xf9,
    0x0, 0xfd, 0x0, 0x0, 0xdf, 0x5, 0xf7, 0x0,
    0x0, 0x6f, 0x5b, 0xf1, 0x0, 0x0, 0x1f, 0xaf,
    0xa0, 0x0, 0x0, 0xa, 0xff, 0x30, 0x0, 0x0,
    0x4, 0xfd, 0x0, 0x0, 0x0, 0x6, 0xf7, 0x0,
    0x0, 0x5, 0x7e, 0xe0, 0x0, 0x0, 0xb, 0xfc,
    0x30, 0x0, 0x0,

    /* U+2010 "‐" */
    0x38, 0x88, 0x88, 0x6, 0xff, 0xff, 0xf1,

    /* U+2011 "‑" */
    0x38, 0x88, 0x88, 0x6, 0xff, 0xff, 0xf1,

    /* U+2012 "‒" */
    0x28, 0x88, 0x88, 0x88, 0x88, 0x24, 0xff, 0xff,
    0xff, 0xff, 0xf4,

    /* U+2013 "–" */
    0x88, 0x88, 0x88, 0x88, 0x4f, 0xff, 0xff, 0xff,
    0xf8,

    /* U+2014 "—" */
    0x88, 0x88, 0x88, 0x88, 0x88, 0x88, 0x88, 0x88,
    0x8f, 0xff, 0xff, 0xff, 0xff, 0xff, 0xff, 0xff,
    0xff,

    /* U+2015 "―" */
    0x88, 0x88, 0x88, 0x88, 0x88, 0x88, 0x88, 0x88,
    0x8f, 0xff, 0xff, 0xff, 0xff, 0xff, 0xff, 0xff,
    0xff,

    /* U+2016 "‖" */
    0x75, 0x18, 0x3f, 0xb3, 0xf7, 0xfb, 0x3f, 0x7f,
    0xb3, 0xf7, 0xfb, 0x3f, 0x7f, 0xb3, 0xf7, 0xfb,
    0x3f, 0x7f, 0xb3, 0xf7, 0xfb, 0x3f, 0x7f, 0xb3,
    0xf7, 0xfb, 0x3f, 0x7f, 0xb3, 0xf7, 0xfb, 0x3f,
    0x7f, 0xb3, 0xf7, 0xfb, 0x3f, 0x7f, 0xb3, 0xf7,
    0xfb, 0x3f, 0x7f, 0xb3, 0xf7, 0xfb, 0x3f, 0x7f,
    0xb3, 0xf7,

    /* U+2017 "‗" */
    0x0, 0x0, 0x0, 0x0, 0xff, 0xff, 0xff, 0xfc,
    0x44, 0x44, 0x44, 0x43, 0xff, 0xff, 0xff, 0xfc,
    0x33, 0x33, 0x33, 0x32,

    /* U+2018 "‘" */
    0x9, 0xd0, 0xda, 0x2f, 0x77, 0xf5, 0x69, 0x10,

    /* U+2019 "’" */
    0x9, 0x73, 0xf9, 0x6f, 0x48, 0xf0, 0xbb, 0x0,

    /* U+201A "‚" */
    0x3, 0x94, 0x8, 0xf3, 0xb, 0xe0, 0xd, 0xa0,
    0xf, 0x50,

    /* U+201B "‛" */
    0x3f, 0xa0, 0xf, 0xc0, 0xa, 0xf0, 0x5, 0xf1,
    0x1, 0x92,

    /* U+201C "“" */
    0x9, 0xd0, 0x5f, 0x10, 0xda, 0x9, 0xe0, 0x2f,
    0x70, 0xec, 0x7, 0xf5, 0x3f, 0x90, 0x69, 0x14,
    0x94, 0x0,

    /* U+201D "”" */
    0x9, 0x70, 0x89, 0x3, 0xf9, 0xf, 0xc0, 0x6f,
    0x42, 0xf7, 0x8, 0xf0, 0x5f, 0x30, 0xbb, 0x7,
    0xe0, 0x0,

    /* U+201E "„" */
    0x3, 0x94, 0x29, 0x60, 0x8f, 0x35, 0xf7, 0xb,
    0xe0, 0x8f, 0x20, 0xda, 0xa, 0xd0, 0xf, 0x50,
    0xd9, 0x0,

    /* U+201F "‟" */
    0x3f, 0xa0, 0xfd, 0x0, 0xfc, 0xb, 0xf0, 0xa,
    0xf0, 0x7f, 0x20, 0x5f, 0x12, 0xf5, 0x1, 0x92,
    0x8, 0x40,

    /* U+2020 "†" */
    0x0, 0x7f, 0x40, 0x0, 0x7, 0xf4, 0x0, 0x11,
    0x8f, 0x51, 0x1f, 0xff, 0xff, 0xfc, 0x44, 0xaf,
    0x74, 0x30, 0x7, 0xf4, 0x0, 0x0, 0x6f, 0x30,
    0x0, 0x4, 0xf1, 0x0, 0x0, 0x3f, 0x0, 0x0,

    /* U+2021 "‡" */
    0x0, 0x7f, 0x40, 0x0, 0x7, 0xf4, 0x0, 0x11,
    0x8f, 0x51, 0x1f, 0xff, 0xff, 0xfc, 0x44, 0xaf,
    0x74, 0x31, 0x18, 0xf5, 0x11, 0xff, 0xff, 0xff,
    0xc4, 0x4a, 0xf7, 0x43, 0x0, 0x7f, 0x40, 0x0,
    0x6, 0xf2, 0x0, 0x0, 0x4f, 0x10, 0x0, 0x3,
    0xf0, 0x0,

    /* U+2022 "•" */
    0x0, 0x1, 0x0, 0x0, 0x4e, 0xfe, 0x30, 0xf,
    0xff, 0xfe, 0x2, 0xff, 0xff, 0xf1, 0xe, 0xff,
    0xfd, 0x0, 0x3d, 0xfc, 0x20,

    /* U+2023 "‣" */
    0x10, 0x0, 0x0, 0x6d, 0x40, 0x0, 0x6f, 0xfa,
    0x10, 0x6f, 0xff, 0x80, 0x6f, 0xb2, 0x0, 0x45,
    0x0, 0x0,

    /* U+2024 "․" */
    0x4, 0xa, 0xf9, 0x7f, 0x60,

    /* U+2025 "‥" */
    0x4, 0x0, 0x1, 0x40, 0xaf, 0x90, 0xb, 0xf8,
    0x7f, 0x60, 0x8, 0xf5,

    /* U+2026 "…" */
    0x4, 0x0, 0x1, 0x40, 0x0, 0x14, 0xa, 0xf9,
    0x0, 0xbf, 0x80, 0xc, 0xf7, 0x7f, 0x60, 0x8,
    0xf5, 0x0, 0x8f, 0x40,

    /* U+2190 "←" */
    0x0, 0x0, 0x3, 0x90, 0x0, 0x0, 0x0, 0x0,
    0x0, 0x3e, 0xe1, 0x0, 0x0, 0x0, 0x0, 0x3,
    0xee, 0x20, 0x0, 0x0, 0x0, 0x0, 0x3e, 0xe2,
    0x0, 0x0, 0x0, 0x0, 0x3, 0xec, 0x10, 0x0,
    0x0, 0x0, 0x0, 0x2e, 0xff, 0xff, 0xff, 0xff,
    0xff, 0xf0, 0x9, 0xfb, 0x88, 0x88, 0x88, 0x88,
    0x80, 0x0, 0x9f, 0x70, 0x0, 0x0, 0x0, 0x0,
    0x0, 0x9, 0xf9, 0x0, 0x0, 0x0, 0x0, 0x0,
    0x0, 0x9f, 0x90, 0x0, 0x0, 0x0, 0x0, 0x0,
    0x9, 0xe1, 0x0, 0x0, 0x0, 0x0, 0x0, 0x0,
    0x20, 0x0, 0x0, 0x0,

    /* U+2191 "↑" */
    0x0, 0x0, 0x0, 0x40, 0x0, 0x0, 0x0, 0x0,
    0xc, 0xf5, 0x0, 0x0, 0x0, 0x0, 0xcf, 0xff,
    0x50, 0x0, 0x0, 0xc, 0xf9, 0xfa, 0xf5, 0x0,
    0x0, 0xcf, 0x48, 0xf0, 0xcf, 0x50, 0xc, 0xf5,
    0x8, 0xf0, 0x1c, 0xf5, 0x1c, 0x50, 0x8, 0xf0,
    0x1, 0xc6, 0x0, 0x0, 0x8, 0xf0, 0x0, 0x0,
    0x0, 0x0, 0x8, 0xf0, 0x0, 0x0, 0x0, 0x0,
    0x8, 0xf0, 0x0, 0x0, 0x0, 0x0, 0x8, 0xf0,
    0x0, 0x0, 0x0, 0x0, 0x8, 0xf0, 0x0, 0x0,
    0x0, 0x0, 0x8, 0xf0, 0x0, 0x0,

    /* U+2192 "→" */
    0x0, 0x0, 0x0, 0x74, 0x0, 0x0, 0x0, 0x0,
    0x0, 0xd, 0xf4, 0x0, 0x0, 0x0, 0x0, 0x0,
    0x1d, 0xf4, 0x0, 0x0, 0x0, 0x0, 0x0, 0x1c,
    0xf4, 0x0, 0x0, 0x0, 0x0, 0x0, 0x1a, 0xf4,
    0xe, 0xff, 0xff, 0xff, 0xff, 0xff, 0xf3, 0x78,
    0x88, 0x88, 0x88, 0x8a, 0xfb, 0x0, 0x0, 0x0,
    0x0, 0x5, 0xfb, 0x0, 0x0, 0x0, 0x0, 0x6,
    0xfb, 0x0, 0x0, 0x0, 0x0, 0x7, 0xfb, 0x0,
    0x0, 0x0, 0x0, 0x0, 0xdb, 0x0, 0x0, 0x0,
    0x0, 0x0, 0x1, 0x0, 0x0, 0x0,

    /* U+2193 "↓" */
    0x0, 0x0, 0x3, 0x60, 0x0, 0x0, 0x0, 0x0,
    0x8, 0xf0, 0x0, 0x0, 0x0, 0x0, 0x8, 0xf0,
    0x0, 0x0, 0x0, 0x0, 0x8, 0xf0, 0x0, 0x0,
    0x0, 0x0, 0x8, 0xf0, 0x0, 0x0, 0x0, 0x0,
    0x8, 0xf0, 0x0, 0x0, 0x3, 0x0, 0x8, 0xf0,
    0x0, 0x30, 0x2f, 0xb0, 0x8, 0xf0, 0x4, 0xf9,
    0x7, 0xfb, 0x8, 0xf0, 0x3f, 0xd1, 0x0, 0x7f,
    0x98, 0xf2, 0xfd, 0x10, 0x0, 0x7, 0xfc, 0xfd,
    0xd1, 0x0, 0x0, 0x0, 0x7f, 0xfd, 0x10, 0x0,
    0x0, 0x0, 0x7, 0xd1, 0x0, 0x0, 0x0, 0x0,
    0x0, 0x0, 0x0, 0x0
};


/*---------------------
 *  GLYPH DESCRIPTION
 *--------------------*/

static const lv_font_fmt_txt_glyph_dsc_t glyph_dsc[] = {
    {.bitmap_index = 0, .adv_w = 0, .box_w = 0, .box_h = 0, .ofs_x = 0, .ofs_y = 0} /* id = 0 reserved */,
    {.bitmap_index = 0, .adv_w = 71, .box_w = 0, .box_h = 0, .ofs_x = 0, .ofs_y = 0},
    {.bitmap_index = 0, .adv_w = 79, .box_w = 3, .box_h = 12, .ofs_x = 1, .ofs_y = 0},
    {.bitmap_index = 18, .adv_w = 131, .box_w = 6, .box_h = 5, .ofs_x = 1, .ofs_y = 7},
    {.bitmap_index = 33, .adv_w = 172, .box_w = 11, .box_h = 12, .ofs_x = 0, .ofs_y = 0},
    {.bitmap_index = 99, .adv_w = 175, .box_w = 11, .box_h = 16, .ofs_x = 0, .ofs_y = -2},
    {.bitmap_index = 187, .adv_w = 265, .box_w = 14, .box_h = 12, .ofs_x = 1, .ofs_y = 0},
    {.bitmap_index = 271, .adv_w = 176, .box_w = 11, .box_h = 12, .ofs_x = 0, .ofs_y = 0},
    {.bitmap_index = 337, .adv_w = 83, .box_w = 3, .box_h = 5, .ofs_x = 1, .ofs_y = 7},
    {.bitmap_index = 345, .adv_w = 98, .box_w = 5, .box_h = 15, .ofs_x = 1, .ofs_y = -2},
    {.bitmap_index = 383, .adv_w = 98, .box_w = 5, .box_h = 15, .ofs_x = 0, .ofs_y = -2},
    {.bitmap_index = 421, .adv_w = 140, .box_w = 7, .box_h = 7, .ofs_x = 1, .ofs_y = 5},
    {.bitmap_index = 446, .adv_w = 180, .box_w = 9, .box_h = 8, .ofs_x = 1, .ofs_y = 1},
    {.bitmap_index = 482, .adv_w = 79, .box_w = 4, .box_h = 5, .ofs_x = 0, .ofs_y = -3},
    {.bitmap_index = 492, .adv_w = 125, .box_w = 6, .box_h = 2, .ofs_x = 1, .ofs_y = 4},
    {.bitmap_index = 498, .adv_w = 79, .box_w = 3, .box_h = 3, .ofs_x = 1, .ofs_y = 0},
    {.bitmap_index = 503, .adv_w = 99, .box_w = 6, .box_h = 15, .ofs_x = 0, .ofs_y = -2},
    {.bitmap_index = 548, .adv_w = 175, .box_w = 11, .box_h = 12, .ofs_x = 0, .ofs_y = 0},
    {.bitmap_index = 614, .adv_w = 111, .box_w = 6, .box_h = 12, .ofs_x = 0, .ofs_y = 0},
    {.bitmap_index = 650, .adv_w = 166, .box_w = 9, .box_h = 12, .ofs_x = 1, .ofs_y = 0},
    {.bitmap_index = 704, .adv_w = 170, .box_w = 10, .box_h = 12, .ofs_x = 0, .ofs_y = 0},
    {.bitmap_index = 764, .adv_w = 177, .box_w = 11, .box_h = 12, .ofs_x = 0, .ofs_y = 0},
    {.bitmap_index = 830, .adv_w = 163, .box_w = 10, .box_h = 12, .ofs_x = 0, .ofs_y = 0},
    {.bitmap_index = 890, .adv_w = 170, .box_w = 10, .box_h = 12, .ofs_x = 0, .ofs_y = 0},
    {.bitmap_index = 950, .adv_w = 153, .box_w = 9, .box_h = 12, .ofs_x = 0, .ofs_y = 0},
    {.bitmap_index = 1004, .adv_w = 170, .box_w = 10, .box_h = 12, .ofs_x = 0, .ofs_y = 0},
    {.bitmap_index = 1064, .adv_w = 170, .box_w = 10, .box_h = 12, .ofs_x = 0, .ofs_y = 0},
    {.bitmap_index = 1124, .adv_w = 79, .box_w = 3, .box_h = 9, .ofs_x = 1, .ofs_y = 0},
    {.bitmap_index = 1138, .adv_w = 82, .box_w = 4, .box_h = 12, .ofs_x = 0, .ofs_y = -3},
    {.bitmap_index = 1162, .adv_w = 180, .box_w = 9, .box_h = 10, .ofs_x = 1, .ofs_y = 0},
    {.bitmap_index = 1207, .adv_w = 180, .box_w = 9, .box_h = 5, .ofs_x = 1, .ofs_y = 2},
    {.bitmap_index = 1230, .adv_w = 180, .box_w = 9, .box_h = 10, .ofs_x = 1, .ofs_y = 0},
    {.bitmap_index = 1275, .adv_w = 144, .box_w = 9, .box_h = 12, .ofs_x = 0, .ofs_y = 0},
    {.bitmap_index = 1329, .adv_w = 267, .box_w = 16, .box_h = 15, .ofs_x = 0, .ofs_y = -3},
    {.bitmap_index = 1449, .adv_w = 191, .box_w = 12, .box_h = 12, .ofs_x = 0, .ofs_y = 0},
    {.bitmap_index = 1521, .adv_w = 178, .box_w = 10, .box_h = 12, .ofs_x = 1, .ofs_y = 0},
    {.bitmap_index = 1581, .adv_w = 199, .box_w = 12, .box_h = 12, .ofs_x = 0, .ofs_y = 0},
    {.bitmap_index = 1653, .adv_w = 195, .box_w = 11, .box_h = 12, .ofs_x = 1, .ofs_y = 0},
    {.bitmap_index = 1719, .adv_w = 163, .box_w = 9, .box_h = 12, .ofs_x = 1, .ofs_y = 0},
    {.bitmap_index = 1773, .adv_w = 159, .box_w = 9, .box_h = 12, .ofs_x = 1, .ofs_y = 0},
    {.bitmap_index = 1827, .adv_w = 203, .box_w = 12, .box_h = 12, .ofs_x = 0, .ofs_y = 0},
    {.bitmap_index = 1899, .adv_w = 201, .box_w = 11, .box_h = 12, .ofs_x = 1, .ofs_y = 0},
    {.bitmap_index = 1965, .adv_w = 73, .box_w = 3, .box_h = 12, .ofs_x = 1, .ofs_y = 0},
    {.bitmap_index = 1983, .adv_w = 155, .box_w = 9, .box_h = 12, .ofs_x = 0, .ofs_y = 0},
    {.bitmap_index = 2037, .adv_w = 185, .box_w = 11, .box_h = 12, .ofs_x = 1, .ofs_y = 0},
    {.bitmap_index = 2103, .adv_w = 153, .box_w = 8, .box_h = 12, .ofs_x = 1, .ofs_y = 0},
    {.bitmap_index = 2151, .adv_w = 246, .box_w = 14, .box_h = 12, .ofs_x = 1, .ofs_y = 0},
    {.bitmap_index = 2235, .adv_w = 204, .box_w = 11, .box_h = 12, .ofs_x = 1, .ofs_y = 0},
    {.bitmap_index = 2301, .adv_w = 208, .box_w = 13, .box_h = 12, .ofs_x = 0, .ofs_y = 0},
    {.bitmap_index = 2379, .adv_w = 173, .box_w = 10, .box_h = 12, .ofs_x = 1, .ofs_y = 0},
    {.bitmap_index = 2439, .adv_w = 208, .box_w = 13, .box_h = 13, .ofs_x = 0, .ofs_y = -1},
    {.bitmap_index = 2524, .adv_w = 176, .box_w = 10, .box_h = 12, .ofs_x = 1, .ofs_y = 0},
    {.bitmap_index = 2584, .adv_w = 175, .box_w = 11, .box_h = 12, .ofs_x = 0, .ofs_y = 0},
    {.bitmap_index = 2650, .adv_w = 176, .box_w = 11, .box_h = 12, .ofs_x = 0, .ofs_y = 0},
    {.bitmap_index = 2716, .adv_w = 200, .box_w = 11, .box_h = 12, .ofs_x = 1, .ofs_y = 0},
    {.bitmap_index = 2782, .adv_w = 191, .box_w = 12, .box_h = 12, .ofs_x = 0, .ofs_y = 0},
    {.bitmap_index = 2854, .adv_w = 271, .box_w = 17, .box_h = 12, .ofs_x = 0, .ofs_y = 0},
    {.bitmap_index = 2956, .adv_w = 189, .box_w = 12, .box_h = 12, .ofs_x = 0, .ofs_y = 0},
    {.bitmap_index = 3028, .adv_w = 188, .box_w = 12, .box_h = 12, .ofs_x = 0, .ofs_y = 0},
    {.bitmap_index = 3100, .adv_w = 173, .box_w = 10, .box_h = 12, .ofs_x = 0, .ofs_y = 0},
    {.bitmap_index = 3160, .adv_w = 98, .box_w = 5, .box_h = 16, .ofs_x = 1, .ofs_y = -3},
    {.bitmap_index = 3200, .adv_w = 99, .box_w = 6, .box_h = 15, .ofs_x = 0, .ofs_y = -2},
    {.bitmap_index = 3245, .adv_w = 98, .box_w = 5, .box_h = 16, .ofs_x = 0, .ofs_y = -3},
    {.bitmap_index = 3285, .adv_w = 128, .box_w = 8, .box_h = 6, .ofs_x = 0, .ofs_y = 6},
    {.bitmap_index = 3309, .adv_w = 126, .box_w = 8, .box_h = 2, .ofs_x = 0, .ofs_y = -1},
    {.bitmap_index = 3317, .adv_w = 88, .box_w = 4, .box_h = 3, .ofs_x = 1, .ofs_y = 10},
    {.bitmap_index = 3323, .adv_w = 153, .box_w = 9, .box_h = 9, .ofs_x = 0, .ofs_y = 0},
    {.bitmap_index = 3364, .adv_w = 166, .box_w = 9, .box_h = 12, .ofs_x = 1, .ofs_y = 0},
    {.bitmap_index = 3418, .adv_w = 155, .box_w = 9, .box_h = 9, .ofs_x = 0, .ofs_y = 0},
    {.bitmap_index = 3459, .adv_w = 166, .box_w = 10, .box_h = 12, .ofs_x = 0, .ofs_y = 0},
    {.bitmap_index = 3519, .adv_w = 158, .box_w = 10, .box_h = 9, .ofs_x = 0, .ofs_y = 0},
    {.bitmap_index = 3564, .adv_w = 101, .box_w = 7, .box_h = 12, .ofs_x = 0, .ofs_y = 0},
    {.bitmap_index = 3606, .adv_w = 167, .box_w = 10, .box_h = 12, .ofs_x = 0, .ofs_y = -3},
    {.bitmap_index = 3666, .adv_w = 162, .box_w = 8, .box_h = 12, .ofs_x = 1, .ofs_y = 0},
    {.bitmap_index = 3714, .adv_w = 67, .box_w = 4, .box_h = 12, .ofs_x = 0, .ofs_y = 0},
    {.bitmap_index = 3738, .adv_w = 67, .box_w = 5, .box_h = 15, .ofs_x = -1, .ofs_y = -3},
    {.bitmap_index = 3776, .adv_w = 150, .box_w = 9, .box_h = 12, .ofs_x = 1, .ofs_y = 0},
    {.bitmap_index = 3830, .adv_w = 67, .box_w = 2, .box_h = 12, .ofs_x = 1, .ofs_y = 0},
    {.bitmap_index = 3842, .adv_w = 240, .box_w = 13, .box_h = 9, .ofs_x = 1, .ofs_y = 0},
    {.bitmap_index = 3901, .adv_w = 162, .box_w = 8, .box_h = 9, .ofs_x = 1, .ofs_y = 0},
    {.bitmap_index = 3937, .adv_w = 162, .box_w = 10, .box_h = 9, .ofs_x = 0, .ofs_y = 0},
    {.bitmap_index = 3982, .adv_w = 166, .box_w = 9, .box_h = 12, .ofs_x = 1, .ofs_y = -3},
    {.bitmap_index = 4036, .adv_w = 166, .box_w = 10, .box_h = 12, .ofs_x = 0, .ofs_y = -3},
    {.bitmap_index = 4096, .adv_w = 103, .box_w = 6, .box_h = 9, .ofs_x = 1, .ofs_y = 0},
    {.bitmap_index = 4123, .adv_w = 144, .box_w = 9, .box_h = 9, .ofs_x = 0, .ofs_y = 0},
    {.bitmap_index = 4164, .adv_w = 92, .box_w = 6, .box_h = 11, .ofs_x = 0, .ofs_y = 0},
    {.bitmap_index = 4197, .adv_w = 162, .box_w = 8, .box_h = 9, .ofs_x = 1, .ofs_y = 0},
    {.bitmap_index = 4233, .adv_w = 154, .box_w = 10, .box_h = 9, .ofs_x = 0, .ofs_y = 0},
    {.bitmap_index = 4278, .adv_w = 223, .box_w = 14, .box_h = 9, .ofs_x = 0, .ofs_y = 0},
    {.bitmap_index = 4341, .adv_w = 150, .box_w = 9, .box_h = 9, .ofs_x = 0, .ofs_y = 0},
    {.bitmap_index = 4382, .adv_w = 154, .box_w = 10, .box_h = 12, .ofs_x = 0, .ofs_y = -3},
    {.bitmap_index = 4442, .adv_w = 149, .box_w = 9, .box_h = 9, .ofs_x = 0, .ofs_y = 0},
    {.bitmap_index = 4483, .adv_w = 118, .box_w = 6, .box_h = 16, .ofs_x = 1, .ofs_y = -4},
    {.bitmap_index = 4531, .adv_w = 93, .box_w = 2, .box_h = 20, .ofs_x = 2, .ofs_y = -4},
    {.bitmap_index = 4551, .adv_w = 118, .box_w = 7, .box_h = 16, .ofs_x = 0, .ofs_y = -4},
    {.bitmap_index = 4607, .adv_w = 180, .box_w = 9, .box_h = 3, .ofs_x = 1, .ofs_y = 3},
    {.bitmap_index = 4621, .adv_w = 71, .box_w = 0, .box_h = 0, .ofs_x = 0, .ofs_y = 0},
    {.bitmap_index = 4621, .adv_w = 80, .box_w = 3, .box_h = 12, .ofs_x = 1, .ofs_y = -3},
    {.bitmap_index = 4639, .adv_w = 155, .box_w = 9, .box_h = 12, .ofs_x = 0, .ofs_y = 0},
    {.bitmap_index = 4693, .adv_w = 167, .box_w = 10, .box_h = 12, .ofs_x = 0, .ofs_y = 0},
    {.bitmap_index = 4753, .adv_w = 199, .box_w = 11, .box_h = 11, .ofs_x = 1, .ofs_y = 0},
    {.bitmap_index = 4814, .adv_w = 150, .box_w = 10, .box_h = 12, .ofs_x = 0, .ofs_y = 0},
    {.bitmap_index = 4874, .adv_w = 78, .box_w = 3, .box_h = 14, .ofs_x = 1, .ofs_y = -2},
    {.bitmap_index = 4895, .adv_w = 153, .box_w = 9, .box_h = 15, .ofs_x = 0, .ofs_y = -3},
    {.bitmap_index = 4963, .adv_w = 162, .box_w = 6, .box_h = 3, .ofs_x = 2, .ofs_y = 10},
    {.bitmap_index = 4972, .adv_w = 247, .box_w = 14, .box_h = 13, .ofs_x = 1, .ofs_y = 0},
    {.bitmap_index = 5063, .adv_w = 123, .box_w = 7, .box_h = 7, .ofs_x = 0, .ofs_y = 6},
    {.bitmap_index = 5088, .adv_w = 163, .box_w = 10, .box_h = 8, .ofs_x = 0, .ofs_y = 1},
    {.bitmap_index = 5128, .adv_w = 180, .box_w = 8, .box_h = 5, .ofs_x = 1, .ofs_y = 2},
    {.bitmap_index = 5148, .adv_w = 179, .box_w = 11, .box_h = 10, .ofs_x = 0, .ofs_y = 2},
    {.bitmap_index = 5203, .adv_w = 124, .box_w = 6, .box_h = 3, .ofs_x = 1, .ofs_y = 10},
    {.bitmap_index = 5212, .adv_w = 123, .box_w = 6, .box_h = 7, .ofs_x = 1, .ofs_y = 6},
    {.bitmap_index = 5233, .adv_w = 180, .box_w = 9, .box_h = 9, .ofs_x = 1, .ofs_y = 0},
    {.bitmap_index = 5274, .adv_w = 119, .box_w = 7, .box_h = 7, .ofs_x = 0, .ofs_y = 8},
    {.bitmap_index = 5299, .adv_w = 121, .box_w = 7, .box_h = 7, .ofs_x = 0, .ofs_y = 8},
    {.bitmap_index = 5324, .adv_w = 88, .box_w = 4, .box_h = 3, .ofs_x = 1, .ofs_y = 10},
    {.bitmap_index = 5330, .adv_w = 162, .box_w = 10, .box_h = 12, .ofs_x = 1, .ofs_y = -3},
    {.bitmap_index = 5390, .adv_w = 162, .box_w = 9, .box_h = 12, .ofs_x = 0, .ofs_y = 0},
    {.bitmap_index = 5444, .adv_w = 79, .box_w = 3, .box_h = 3, .ofs_x = 1, .ofs_y = 5},
    {.bitmap_index = 5449, .adv_w = 80, .box_w = 4, .box_h = 4, .ofs_x = 1, .ofs_y = -3},
    {.bitmap_index = 5457, .adv_w = 83, .box_w = 5, .box_h = 7, .ofs_x = 0, .ofs_y = 8},
    {.bitmap_index = 5475, .adv_w = 130, .box_w = 8, .box_h = 7, .ofs_x = 0, .ofs_y = 6},
    {.bitmap_index = 5503, .adv_w = 163, .box_w = 10, .box_h = 8, .ofs_x = 0, .ofs_y = 1},
    {.bitmap_index = 5543, .adv_w = 219, .box_w = 14, .box_h = 13, .ofs_x = 0, .ofs_y = -1},
    {.bitmap_index = 5634, .adv_w = 230, .box_w = 14, .box_h = 13, .ofs_x = 0, .ofs_y = -1},
    {.bitmap_index = 5725, .adv_w = 240, .box_w = 15, .box_h = 13, .ofs_x = 0, .ofs_y = -1},
    {.bitmap_index = 5823, .adv_w = 144, .box_w = 9, .box_h = 12, .ofs_x = 0, .ofs_y = -3},
    {.bitmap_index = 5877, .adv_w = 191, .box_w = 12, .box_h = 16, .ofs_x = 0, .ofs_y = 0},
    {.bitmap_index = 5973, .adv_w = 191, .box_w = 12, .box_h = 16, .ofs_x = 0, .ofs_y = 0},
    {.bitmap_index = 6069, .adv_w = 191, .box_w = 12, .box_h = 16, .ofs_x = 0, .ofs_y = 0},
    {.bitmap_index = 6165, .adv_w = 191, .box_w = 12, .box_h = 15, .ofs_x = 0, .ofs_y = 0},
    {.bitmap_index = 6255, .adv_w = 191, .box_w = 12, .box_h = 16, .ofs_x = 0, .ofs_y = 0},
    {.bitmap_index = 6351, .adv_w = 191, .box_w = 12, .box_h = 16, .ofs_x = 0, .ofs_y = 0},
    {.bitmap_index = 6447, .adv_w = 272, .box_w = 17, .box_h = 12, .ofs_x = 0, .ofs_y = 0},
    {.bitmap_index = 6549, .adv_w = 199, .box_w = 12, .box_h = 15, .ofs_x = 0, .ofs_y = -3},
    {.bitmap_index = 6639, .adv_w = 163, .box_w = 9, .box_h = 16, .ofs_x = 1, .ofs_y = 0},
    {.bitmap_index = 6711, .adv_w = 163, .box_w = 9, .box_h = 16, .ofs_x = 1, .ofs_y = 0},
    {.bitmap_index = 6783, .adv_w = 163, .box_w = 9, .box_h = 16, .ofs_x = 1, .ofs_y = 0},
    {.bitmap_index = 6855, .adv_w = 163, .box_w = 9, .box_h = 16, .ofs_x = 1, .ofs_y = 0},
    {.bitmap_index = 6927, .adv_w = 73, .box_w = 5, .box_h = 16, .ofs_x = -1, .ofs_y = 0},
    {.bitmap_index = 6967, .adv_w = 73, .box_w = 4, .box_h = 16, .ofs_x = 1, .ofs_y = 0},
    {.bitmap_index = 6999, .adv_w = 73, .box_w = 7, .box_h = 16, .ofs_x = -1, .ofs_y = 0},
    {.bitmap_index = 7055, .adv_w = 73, .box_w = 7, .box_h = 16, .ofs_x = -1, .ofs_y = 0},
    {.bitmap_index = 7111, .adv_w = 202, .box_w = 12, .box_h = 12, .ofs_x = 0, .ofs_y = 0},
    {.bitmap_index = 7183, .adv_w = 204, .box_w = 11, .box_h = 15, .ofs_x = 1, .ofs_y = 0},
    {.bitmap_index = 7266, .adv_w = 208, .box_w = 13, .box_h = 16, .ofs_x = 0, .ofs_y = 0},
    {.bitmap_index = 7370, .adv_w = 208, .box_w = 13, .box_h = 16, .ofs_x = 0, .ofs_y = 0},
    {.bitmap_index = 7474, .adv_w = 208, .box_w = 13, .box_h = 16, .ofs_x = 0, .ofs_y = 0},
    {.bitmap_index = 7578, .adv_w = 208, .box_w = 13, .box_h = 15, .ofs_x = 0, .ofs_y = 0},
    {.bitmap_index = 7676, .adv_w = 208, .box_w = 13, .box_h = 16, .ofs_x = 0, .ofs_y = 0},
    {.bitmap_index = 7780, .adv_w = 180, .box_w = 9, .box_h = 9, .ofs_x = 1, .ofs_y = 0},
    {.bitmap_index = 7821, .adv_w = 208, .box_w = 13, .box_h = 14, .ofs_x = 0, .ofs_y = -1},
    {.bitmap_index = 7912, .adv_w = 200, .box_w = 11, .box_h = 16, .ofs_x = 1, .ofs_y = 0},
    {.bitmap_index = 8000, .adv_w = 200, .box_w = 11, .box_h = 16, .ofs_x = 1, .ofs_y = 0},
    {.bitmap_index = 8088, .adv_w = 200, .box_w = 11, .box_h = 16, .ofs_x = 1, .ofs_y = 0},
    {.bitmap_index = 8176, .adv_w = 200, .box_w = 11, .box_h = 16, .ofs_x = 1, .ofs_y = 0},
    {.bitmap_index = 8264, .adv_w = 188, .box_w = 12, .box_h = 16, .ofs_x = 0, .ofs_y = 0},
    {.bitmap_index = 8360, .adv_w = 175, .box_w = 9, .box_h = 12, .ofs_x = 1, .ofs_y = 0},
    {.bitmap_index = 8414, .adv_w = 170, .box_w = 9, .box_h = 12, .ofs_x = 1, .ofs_y = 0},
    {.bitmap_index = 8468, .adv_w = 153, .box_w = 9, .box_h = 13, .ofs_x = 0, .ofs_y = 0},
    {.bitmap_index = 8527, .adv_w = 153, .box_w = 9, .box_h = 13, .ofs_x = 0, .ofs_y = 0},
    {.bitmap_index = 8586, .adv_w = 153, .box_w = 9, .box_h = 13, .ofs_x = 0, .ofs_y = 0},
    {.bitmap_index = 8645, .adv_w = 153, .box_w = 9, .box_h = 12, .ofs_x = 0, .ofs_y = 0},
    {.bitmap_index = 8699, .adv_w = 153, .box_w = 9, .box_h = 12, .ofs_x = 0, .ofs_y = 0},
    {.bitmap_index = 8753, .adv_w = 153, .box_w = 9, .box_h = 14, .ofs_x = 0, .ofs_y = 0},
    {.bitmap_index = 8816, .adv_w = 247, .box_w = 15, .box_h = 9, .ofs_x = 0, .ofs_y = 0},
    {.bitmap_index = 8884, .adv_w = 155, .box_w = 9, .box_h = 12, .ofs_x = 0, .ofs_y = -3},
    {.bitmap_index = 8938, .adv_w = 158, .box_w = 10, .box_h = 13, .ofs_x = 0, .ofs_y = 0},
    {.bitmap_index = 9003, .adv_w = 158, .box_w = 10, .box_h = 13, .ofs_x = 0, .ofs_y = 0},
    {.bitmap_index = 9068, .adv_w = 158, .box_w = 10, .box_h = 13, .ofs_x = 0, .ofs_y = 0},
    {.bitmap_index = 9133, .adv_w = 158, .box_w = 10, .box_h = 12, .ofs_x = 0, .ofs_y = 0},
    {.bitmap_index = 9193, .adv_w = 67, .box_w = 4, .box_h = 13, .ofs_x = -1, .ofs_y = 0},
    {.bitmap_index = 9219, .adv_w = 67, .box_w = 4, .box_h = 13, .ofs_x = 1, .ofs_y = 0},
    {.bitmap_index = 9245, .adv_w = 67, .box_w = 6, .box_h = 13, .ofs_x = -1, .ofs_y = 0},
    {.bitmap_index = 9284, .adv_w = 67, .box_w = 6, .box_h = 12, .ofs_x = -1, .ofs_y = 0},
    {.bitmap_index = 9320, .adv_w = 159, .box_w = 10, .box_h = 13, .ofs_x = 0, .ofs_y = 0},
    {.bitmap_index = 9385, .adv_w = 162, .box_w = 8, .box_h = 12, .ofs_x = 1, .ofs_y = 0},
    {.bitmap_index = 9433, .adv_w = 162, .box_w = 10, .box_h = 13, .ofs_x = 0, .ofs_y = 0},
    {.bitmap_index = 9498, .adv_w = 162, .box_w = 10, .box_h = 13, .ofs_x = 0, .ofs_y = 0},
    {.bitmap_index = 9563, .adv_w = 162, .box_w = 10, .box_h = 13, .ofs_x = 0, .ofs_y = 0},
    {.bitmap_index = 9628, .adv_w = 162, .box_w = 10, .box_h = 12, .ofs_x = 0, .ofs_y = 0},
    {.bitmap_index = 9688, .adv_w = 162, .box_w = 10, .box_h = 12, .ofs_x = 0, .ofs_y = 0},
    {.bitmap_index = 9748, .adv_w = 180, .box_w = 9, .box_h = 9, .ofs_x = 1, .ofs_y = 0},
    {.bitmap_index = 9789, .adv_w = 162, .box_w = 10, .box_h = 11, .ofs_x = 0, .ofs_y = -1},
    {.bitmap_index = 9844, .adv_w = 162, .box_w = 8, .box_h = 13, .ofs_x = 1, .ofs_y = 0},
    {.bitmap_index = 9896, .adv_w = 162, .box_w = 8, .box_h = 13, .ofs_x = 1, .ofs_y = 0},
    {.bitmap_index = 9948, .adv_w = 162, .box_w = 8, .box_h = 13, .ofs_x = 1, .ofs_y = 0},
    {.bitmap_index = 10000, .adv_w = 162, .box_w = 8, .box_h = 12, .ofs_x = 1, .ofs_y = 0},
    {.bitmap_index = 10048, .adv_w = 154, .box_w = 10, .box_h = 16, .ofs_x = 0, .ofs_y = -3},
    {.bitmap_index = 10128, .adv_w = 166, .box_w = 9, .box_h = 15, .ofs_x = 1, .ofs_y = -3},
    {.bitmap_index = 10196, .adv_w = 154, .box_w = 10, .box_h = 15, .ofs_x = 0, .ofs_y = -3},
    {.bitmap_index = 10271, .adv_w = 105, .box_w = 7, .box_h = 2, .ofs_x = 0, .ofs_y = 4},
    {.bitmap_index = 10278, .adv_w = 105, .box_w = 7, .box_h = 2, .ofs_x = 0, .ofs_y = 4},
    {.bitmap_index = 10285, .adv_w = 176, .box_w = 11, .box_h = 2, .ofs_x = 0, .ofs_y = 5},
    {.bitmap_index = 10296, .adv_w = 136, .box_w = 9, .box_h = 2, .ofs_x = 0, .ofs_y = 4},
    {.bitmap_index = 10305, .adv_w = 272, .box_w = 17, .box_h = 2, .ofs_x = 0, .ofs_y = 4},
    {.bitmap_index = 10322, .adv_w = 272, .box_w = 17, .box_h = 2, .ofs_x = 0, .ofs_y = 4},
    {.bitmap_index = 10339, .adv_w = 137, .box_w = 5, .box_h = 20, .ofs_x = 2, .ofs_y = -4},
    {.bitmap_index = 10389, .adv_w = 124, .box_w = 8, .box_h = 5, .ofs_x = 0, .ofs_y = -4},
    {.bitmap_index = 10409, .adv_w = 72, .box_w = 3, .box_h = 5, .ofs_x = 1, .ofs_y = 7},
    {.bitmap_index = 10417, .adv_w = 72, .box_w = 3, .box_h = 5, .ofs_x = 1, .ofs_y = 7},
    {.bitmap_index = 10425, .adv_w = 67, .box_w = 4, .box_h = 5, .ofs_x = 0, .ofs_y = -3},
    {.bitmap_index = 10435, .adv_w = 72, .box_w = 4, .box_h = 5, .ofs_x = 0, .ofs_y = 7},
    {.bitmap_index = 10445, .adv_w = 124, .box_w = 7, .box_h = 5, .ofs_x = 1, .ofs_y = 7},
    {.bitmap_index = 10463, .adv_w = 123, .box_w = 7, .box_h = 5, .ofs_x = 1, .ofs_y = 7},
    {.bitmap_index = 10481, .adv_w = 118, .box_w = 7, .box_h = 5, .ofs_x = 0, .ofs_y = -3},
    {.bitmap_index = 10499, .adv_w = 123, .box_w = 7, .box_h = 5, .ofs_x = 0, .ofs_y = 7},
    {.bitmap_index = 10517, .adv_w = 141, .box_w = 7, .box_h = 9, .ofs_x = 1, .ofs_y = 3},
    {.bitmap_index = 10549, .adv_w = 141, .box_w = 7, .box_h = 12, .ofs_x = 1, .ofs_y = 0},
    {.bitmap_index = 10591, .adv_w = 142, .box_w = 7, .box_h = 6, .ofs_x = 1, .ofs_y = 2},
    {.bitmap_index = 10612, .adv_w = 142, .box_w = 6, .box_h = 6, .ofs_x = 2, .ofs_y = 2},
    {.bitmap_index = 10630, .adv_w = 79, .box_w = 3, .box_h = 3, .ofs_x = 1, .ofs_y = 0},
    {.bitmap_index = 10635, .adv_w = 158, .box_w = 8, .box_h = 3, .ofs_x = 1, .ofs_y = 0},
    {.bitmap_index = 10647, .adv_w = 237, .box_w = 13, .box_h = 3, .ofs_x = 1, .ofs_y = 0},
    {.bitmap_index = 10667, .adv_w = 258, .box_w = 14, .box_h = 12, .ofs_x = 1, .ofs_y = -1},
    {.bitmap_index = 10751, .adv_w = 232, .box_w = 12, .box_h = 13, .ofs_x = 1, .ofs_y = 0},
    {.bitmap_index = 10829, .adv_w = 258, .box_w = 13, .box_h = 12, .ofs_x = 2, .ofs_y = -1},
    {.bitmap_index = 10907, .adv_w = 232, .box_w = 12, .box_h = 14, .ofs_x = 1, .ofs_y = -1}
};

/*---------------------
 *  CHARACTER MAPPING
 *--------------------*/



/*Collect the unicode lists and glyph_id offsets*/
static const lv_font_fmt_txt_cmap_t cmaps[] =
{
    {
        .range_start = 32, .range_length = 95, .glyph_id_start = 1,
        .unicode_list = NULL, .glyph_id_ofs_list = NULL, .list_length = 0, .type = LV_FONT_FMT_TXT_CMAP_FORMAT0_TINY
    },
    {
        .range_start = 160, .range_length = 13, .glyph_id_start = 96,
        .unicode_list = NULL, .glyph_id_ofs_list = NULL, .list_length = 0, .type = LV_FONT_FMT_TXT_CMAP_FORMAT0_TINY
    },
    {
        .range_start = 174, .range_length = 82, .glyph_id_start = 109,
        .unicode_list = NULL, .glyph_id_ofs_list = NULL, .list_length = 0, .type = LV_FONT_FMT_TXT_CMAP_FORMAT0_TINY
    },
    {
        .range_start = 8208, .range_length = 23, .glyph_id_start = 191,
        .unicode_list = NULL, .glyph_id_ofs_list = NULL, .list_length = 0, .type = LV_FONT_FMT_TXT_CMAP_FORMAT0_TINY
    },
    {
        .range_start = 8592, .range_length = 4, .glyph_id_start = 214,
        .unicode_list = NULL, .glyph_id_ofs_list = NULL, .list_length = 0, .type = LV_FONT_FMT_TXT_CMAP_FORMAT0_TINY
    }
};

/*-----------------
 *    KERNING
 *----------------*/


/*Map glyph_ids to kern left classes*/
static const uint8_t kern_left_class_mapping[] =
{
    0, 0, 0, 1, 0, 2, 0, 3,
    1, 4, 0, 5, 6, 7, 6, 7,
    8, 9, 10, 0, 11, 12, 13, 0,
    14, 11, 9, 15, 15, 0, 16, 17,
    18, 19, 20, 21, 22, 23, 24, 25,
    26, 27, 27, 28, 29, 30, 27, 27,
    23, 31, 23, 32, 33, 34, 28, 35,
    36, 37, 38, 39, 4, 40, 0, 5,
    41, 0, 42, 43, 43, 27, 43, 44,
    45, 42, 46, 46, 47, 27, 42, 42,
    43, 43, 45, 48, 49, 50, 51, 52,
    53, 54, 52, 55, 4, 10, 0, 56,
    0, 57, 58, 0, 0, 59, 0, 0,
    0, 19, 60, 61, 62, 63, 0, 5,
    16, 0, 0, 0, 64, 10, 65, 0,
    0, 60, 66, 0, 0, 0, 67, 20,
    20, 20, 20, 20, 20, 24, 22, 24,
    24, 24, 24, 27, 27, 68, 68, 23,
    27, 23, 23, 23, 23, 23, 69, 23,
    28, 28, 28, 28, 38, 70, 71, 42,
    42, 42, 42, 42, 42, 72, 43, 43,
    43, 43, 43, 46, 46, 73, 74, 43,
    75, 43, 43, 43, 76, 76, 6, 43,
    51, 51, 51, 51, 52, 43, 52, 0,
    0, 0, 0, 0, 0, 0, 0, 77,
    78, 79, 0, 77, 78, 79, 0, 80,
    80, 81, 81, 0, 0, 7, 6, 0,
    0, 0
};

/*Map glyph_ids to kern right classes*/
static const uint8_t kern_right_class_mapping[] =
{
    0, 0, 0, 1, 0, 2, 0, 3,
    1, 0, 4, 5, 6, 7, 8, 9,
    10, 11, 12, 0, 13, 14, 0, 11,
    15, 13, 0, 16, 16, 17, 18, 0,
    19, 20, 21, 22, 23, 22, 22, 22,
    23, 22, 22, 24, 22, 22, 22, 22,
    23, 22, 23, 22, 25, 26, 27, 28,
    29, 30, 31, 32, 0, 33, 4, 34,
    35, 0, 36, 22, 37, 37, 37, 38,
    37, 22, 39, 40, 22, 22, 41, 41,
    37, 41, 37, 41, 42, 43, 44, 45,
    46, 47, 45, 48, 0, 49, 4, 50,
    0, 0, 51, 0, 0, 52, 0, 0,
    0, 53, 54, 55, 56, 57, 0, 58,
    18, 0, 0, 0, 59, 60, 61, 0,
    0, 54, 62, 0, 0, 0, 63, 21,
    21, 21, 21, 21, 21, 21, 23, 22,
    22, 22, 22, 22, 22, 64, 64, 65,
    22, 23, 23, 23, 23, 23, 66, 23,
    27, 27, 27, 27, 31, 22, 22, 36,
    36, 36, 67, 68, 36, 36, 37, 37,
    37, 37, 69, 70, 71, 70, 72, 37,
    41, 37, 37, 37, 73, 69, 6, 37,
    44, 44, 44, 74, 45, 22, 75, 0,
    0, 0, 0, 0, 0, 0, 0, 76,
    77, 78, 79, 76, 77, 78, 79, 80,
    80, 81, 81, 0, 0, 82, 0, 0,
    6, 0
};

/*Kern values between classes*/
static const int8_t kern_class_values[] =
{
    0, 0, 0, 0, 0, 0, 0, 0,
    0, 0, 0, 0, 0, 0, 0, 0,
    0, 0, 0, 0, -22, 0, 0, -45,
    0, 0, 0, 0, 0, 0, 0, 0,
    0, 0, 0, 0, -6, 0, 0, 0,
    0, -2, 0, 0, 0, 0, 0, 0,
    0, 0, 0, 0, 0, 0, 0, 0,
    0, 0, 0, 0, 0, 0, 0, 0,
    0, 0, 0, 0, -6, 0, 0, 0,
    -6, 0, 0, 0, 0, 0, 0, 0,
    0, 0, 0, 0, 0, 0, 0, 0,
    0, 0, 0, 0, 0, 0, 0, 0,
    0, 0, 0, 0, 0, 0, -1, 0,
    0, 0, 0, -2, 0, 0, 0, -3,
    0, 0, 0, 0, 0, 0, 0, 0,
    0, 0, 0, 0, 0, 0, 0, 0,
    0, 0, 0, 0, 0, 0, 0, 0,
    0, 0, 0, 0, 0, 0, 0, 0,
    0, 0, 0, 0, 0, 0, 0, 0,
    0, 12, 0, 0, 0, 0, 0, 0,
    0, 0, 0, 0, 0, 0, 0, 0,
    0, 0, 0, 0, 0, 0, 0, 0,
    0, 0, 0, 0, 0, 0, 0, 0,
    0, 0, 0, 0, 0, -15, 0, -17,
    -11, 0, -20, 0, 0, 0, 0, 0,
    0, 0, 0, 0, 0, 0, 0, 0,
    -9, -9, 0, 0, 0, 0, 0, 0,
    0, -11, 0, 0, 0, 0, 0, 0,
    0, 0, 0, 0, 0, 0, 0, 0,
    0, 0, 0, 0, 0, 0, -9, 0,
    0, 0, 0, 0, 0, 0, 0, 0,
    0, 0, 0, 0, 0, 0, 0, 0,
    0, 0, 0, 0, 0, 0, 0, 0,
    0, 0, 0, 1, 0, 0, 0, 0,
    0, 0, 0, 0, 0, 0, 0, 0,
    0, 0, -3, 0, 0, 6, 1, 0,
    0, 0, 0, 0, 0, 0, 0, 0,
    0, 0, 0, 0, 0, 0, 0, 0,
    0, 0, 0, 0, 0, 0, 0, 0,
    0, 0, -3, 0, 0, 0, -3, 0,
    0, 0, 0, 0, 0, 0, 0, 0,
    0, 0, 0, 0, 0, 0, 0, 0,
    0, 0, 0, 0, 0, 0, 0, 0,
    0, 0, 0, 0, -23, 0, -3, -26,
    0, 0, 0, 0, 0, 0, 0, 0,
    0, 0, 0, 0, 0, 0, 0, 0,
    0, 0, 0, 0, 0, 0, 0, 0,
    0, 0, 0, 0, 0, 0, 0, 0,
    0, 0, 0, 0, 0, 0, 0, 0,
    2, 0, 0, 0, 0, 0, 0, 0,
    0, 0, 0, 0, 0, 0, 0, 0,
    0, 0, 0, 0, 0, 0, 0, 0,
    0, 0, 0, 0, 0, 0, 0, 0,
    0, 0, 0, 0, 0, 0, -9, 0,
    0, -12, 0, -20, 0, -13, -12, -10,
    -20, 0, 0, 0, 0, 0, 0, 0,
    0, 0, 0, 0, 0, 0, -1, 0,
    -6, 0, 0, 0, 0, 0, 0, 0,
    0, 0, 0, 0, 0, 0, 0, 0,
    0, 0, 0, 0, 0, 0, 0, 0,
    0, 0, 0, 0, -1, 0, 0, 0,
    0, 0, 0, 0, 0, 0, 0, 0,
    0, 0, 0, 0, 0, 0, 0, 0,
    0, 0, 0, 0, 0, 0, 0, 0,
    0, 0, -12, 0, 0, -9, 0, 0,
    0, 0, -12, 0, 0, 0, 0, 0,
    0, 0, 0, 0, 0, 0, 0, 0,
    0, 0, 0, 0, 0, 0, 0, 0,
    0, 0, 0, 0, 0, 0, 0, 0,
    0, 0, 0, 0, 0, 0, 0, 0,
    0, 0, 0, 0, 0, 0, 0, 0,
    0, 0, 0, 0, 0, 0, 0, 0,
    0, 0, 0, 0, 0, 0, 0, 0,
    0, 0, 0, 0, 0, 0, 0, 0,
    0, 0, -7, 0, 0, -17, 0, 0,
    0, 1, 1, 0, 0, 0, 0, 0,
    0, 0, 0, 0, 0, 0, 0, 0,
    0, 0, 0, 0, 0, 0, 0, 0,
    0, 0, 0, 0, 0, 0, 0, 0,
    0, 0, 0, 0, 0, 0, 0, 0,
    0, 0, 0, 0, 0, 0, 0, 0,
    0, 0, 0, 0, 0, 0, 0, 0,
    0, 0, 0, 0, 0, 0, 0, 0,
    0, 0, 0, 0, 0, 0, 0, 0,
    0, 0, 0, 0, -1, 0, 0, 0,
    0, 0, 0, -5, 0, -10, -9, 0,
    0, 0, 0, 0, 0, 0, 0, 0,
    0, 0, 4, 0, 0, 0, 0, 0,
    0, 0, 0, 0, 0, 0, 0, 0,
    0, 0, 0, 0, 0, 0, 0, 0,
    0, 0, 0, 0, 0, 0, 0, 0,
    0, 0, 0, 0, 0, 0, 0, 0,
    0, 0, 0, 0, 0, 0, 0, 0,
    0, 0, 0, 0, 0, 0, 0, 0,
    0, 0, 0, 0, 0, 0, 0, 0,
    0, 0, 0, 0, 0, 0, 0, 0,
    0, 0, 0, 0, 0, 0, 0, 0,
    0, 0, 0, 0, 4, 0, 2, 0,
    0, 0, 0, 0, 0, 0, 0, 0,
    0, 0, 0, 0, 0, 0, 0, 0,
    0, 0, 9, 0, 0, 0, 0, 0,
    0, 17, 0, 0, 2, 0, 0, 0,
    0, 0, 0, 0, 0, 0, 0, 0,
    0, 0, 0, 0, 0, 0, 0, 0,
    0, 0, 0, 0, 0, 0, 0, 0,
    0, 0, 0, 0, 0, 0, 0, 0,
    0, -6, 0, 0, 0, 0, 0, 0,
    0, 0, 0, 0, 0, 0, 0, 0,
    0, 0, 0, 0, 0, 0, 0, 0,
    0, 0, 0, 0, 0, 0, 0, 0,
    0, 0, 0, 0, 0, 0, 0, 0,
    0, 0, 0, 0, 0, 0, 0, 0,
    0, 0, 0, 0, 0, 0, 0, 0,
    0, 0, 0, 0, 0, 0, 0, 0,
    0, 0, 0, 0, 0, 0, 0, 0,
    0, 0, 0, 0, 0, 0, 0, 0,
    0, 0, 0, 0, 0, 0, 0, 0,
    0, 0, 0, 0, 0, 0, 0, 0,
    -1, 0, 0, 0, 0, 0, 0, 0,
    0, 0, 0, 0, 0, 0, 0, 0,
    0, 0, 0, 0, 0, 0, 0, 0,
    0, 0, 0, 0, 0, 0, 0, 0,
    0, 0, 0, 0, 0, 0, 0, 0,
    0, 0, 0, 0, 0, 0, 0, 0,
    0, 0, 0, 0, 0, 0, 0, 0,
    0, 0, 0, 0, 0, 0, 0, 0,
    0, 0, 0, 0, 0, 0, 0, 0,
    0, 0, 0, 0, 0, 0, 0, 0,
    0, 0, -1, 0, 0, 0, 0, 0,
    0, 0, 0, 0, 0, 0, 0, 0,
    0, 0, 0, 0, 0, 0, 0, 0,
    0, 0, 0, 0, 0, 0, 0, 0,
    0, 0, 0, 0, 0, 0, 0, 0,
    0, 0, 0, 0, 0, 0, 0, 0,
    0, 0, 0, 0, 0, 0, 0, 0,
    0, 0, 0, 0, 0, 0, -29, 0,
    0, -26, 0, 0, 0, 0, 0, 0,
    0, 0, 0, 0, 0, -12, -14, 0,
    0, 0, -14, -12, 0, 0, 0, 0,
    0, 0, 0, 0, 0, 0, 0, 0,
    0, 0, 0, 0, 0, 0, 0, 0,
    0, 0, 0, 0, -12, -12, -14, 0,
    0, 25, -14, 0, 0, 0, 0, 0,
    0, 0, 0, 0, 0, 0, 0, 0,
    0, 0, 0, 0, 0, 0, 0, 0,
    0, 0, 0, 0, 0, 0, 0, 0,
    0, 0, 0, 0, 0, -9, 0, -17,
    0, 0, 0, 0, 0, 0, 0, 0,
    0, 0, 0, 0, 0, 0, 0, 0,
    0, 0, 0, 0, 0, 0, 0, 0,
    0, 0, 0, 0, 0, 0, 0, 0,
    0, 0, 0, 0, 0, 0, 0, 0,
    0, 0, 0, 0, 0, 0, 0, 0,
    0, 0, 0, 0, 0, 0, 0, 0,
    0, 0, 0, 0, 0, 0, 0, 0,
    0, 0, 0, 0, 0, 0, 0, 0,
    0, 0, -14, 0, 0, 0, 0, -12,
    0, -18, -17, -14, -26, 0, 0, 0,
    0, 0, 0, 0, 0, 0, 0, 0,
    0, 0, -11, 0, -9, 0, 0, 0,
    0, 0, 0, 0, 0, 0, 0, 0,
    0, 0, 0, 0, 0, 0, 0, 0,
    0, 0, 0, 0, 0, 0, 0, 0,
    -11, 0, 0, 0, 0, 0, 0, 0,
    0, 0, 0, 0, 0, 0, 0, 0,
    0, 0, 0, 0, 0, 0, 0, 0,
    0, 0, 0, 0, -3, 0, 0, 0,
    0, -22, 0, -20, -20, -15, -25, -17,
    0, 0, 0, 0, 0, 0, 0, 0,
    0, 0, 0, 0, 0, 0, 0, 0,
    0, 0, 0, 0, 0, 0, 0, 0,
    0, 0, 0, 0, 0, 0, 0, 0,
    0, 0, 0, 0, 0, 0, 0, 0,
    0, 0, 0, 0, 0, 0, 0, 0,
    0, 0, 0, 0, 0, 0, 0, 0,
    0, 0, 0, 0, 0, 0, 0, 0,
    0, 0, 0, 0, 0, 0, -17, 0,
    0, 0, 0, 0, 0, 0, 0, 0,
    0, 0, 0, 0, 0, 0, 0, 0,
    0, 0, 0, 0, 0, 0, 0, 0,
    0, 0, 0, 0, 0, 0, 0, 0,
    0, 0, 0, 0, 0, 0, 0, 0,
    0, 0, 0, 0, 0, 0, 0, 0,
    0, 0, 0, 0, 0, 0, 0, 0,
    0, 0, 0, 0, 0, 0, 0, 0,
    0, 0, 0, 0, 0, 0, 0, 0,
    0, 0, 0, 0, 0, 0, 0, 0,
    -10, 0, 0, 0, 0, -9, 0, -10,
    -3, -12, -11, 0, 0, 0, 0, 0,
    0, 0, 0, 0, 0, 0, 0, 0,
    0, 0, 0, 0, 0, 0, 0, 0,
    0, 0, 0, 0, 0, 0, 0, 0,
    0, 0, 0, 0, 0, 0, 0, 0,
    0, 0, 0, 0, 0, 0, 0, 0,
    0, 0, 0, 0, 0, 0, -22, -1,
    0, 0, -23, -9, 0, -9, 0, 5,
    -1, -13, 0, 0, 0, 0, -3, -14,
    -17, -10, 4, 0, -10, 0, -1, -24,
    -6, -21, -17, 0, -22, 0, -21, -23,
    0, 0, -3, -1, 1, 0, 0, -1,
    -7, 0, -18, -18, 0, 0, 0, -9,
    -3, 0, -10, -20, -9, -9, -19, -23,
    0, -14, -9, -9, 0, 0, 0, -9,
    0, 0, -3, 1, 1, 0, -3, 0,
    -18, -35, -28, 0, 0, -20, -9, 0,
    0, 0, 0, 0, 0, 0, 0, 0,
    0, 0, 0, 0, 0, 0, 0, 0,
    0, 0, 0, 0, 0, 0, 0, 0,
    0, -14, 0, 0, 0, 0, 0, 0,
    0, 0, 0, 0, 0, 0, 0, 0,
    0, 0, 0, 0, 0, 0, 0, 0,
    0, 0, 0, 0, 0, 0, 0, 0,
    0, 0, 0, 0, 0, 0, 0, 0,
    0, 0, 0, 0, 0, 0, 0, 9,
    0, 0, 0, -15, 0, 0, 0, 0,
    0, 0, 0, 0, 0, 0, 0, 0,
    0, 0, 0, 0, 0, 0, 0, 0,
    0, 0, 0, 0, 0, 0, -6, 0,
    0, 0, 0, 0, 0, 0, 0, -2,
    0, 0, 0, 0, -11, 0, 0, 0,
    0, 0, 0, 0, 0, 0, 1, 0,
    0, 0, 0, 0, 0, 0, 0, 0,
    0, 0, 0, 0, 0, 0, 0, 0,
    0, 0, 0, 0, 0, 0, 0, 0,
    0, 9, 0, 0, 1, 0, 0, 0,
    0, 0, 0, 0, 0, 0, 0, 0,
    0, 0, -12, 0, -12, -11, 0, 0,
    0, 0, 0, 0, 0, 0, 0, 0,
    -10, 0, 0, 0, 0, -9, 0, -10,
    -3, -12, -11, 0, -10, 0, -11, 0,
    0, 0, 0, 0, 0, 0, 0, 0,
    0, 0, 0, 0, 0, 0, 0, 0,
    0, 0, 0, 0, -1, 0, 0, 0,
    0, 0, 0, 0, 0, 0, 0, 0,
    0, 0, 0, 0, 0, 0, 0, -9,
    0, -11, 0, 0, 0, -12, 0, 0,
    0, 0, 0, 0, 0, 0, 0, 0,
    0, 0, 0, 0, 0, 0, 0, 0,
    0, 0, 0, 0, 0, 0, 0, 0,
    0, 0, 0, 0, 0, 0, 0, 0,
    0, 0, 0, 0, 0, 0, 0, 0,
    0, 0, 0, 0, 0, 0, 0, 0,
    0, 0, 0, 0, 0, 0, 0, 0,
    0, 0, 0, 0, 0, 0, 0, 0,
    0, 0, 0, 0, 0, 20, 0, 0,
    0, 0, 0, 0, 0, 0, 0, 0,
    0, 0, 0, 0, 0, 0, -11, 0,
    -9, -1, 0, 0, 0, 0, 0, 0,
    0, 0, 0, 0, -25, 0, 0, -18,
    0, 0, 0, 0, 0, 0, 0, 0,
    0, 0, -9, -6, -8, 0, 0, 0,
    -7, 0, 0, -9, -9, 0, 0, -9,
    0, 0, -8, 0, 0, 0, 0, 0,
    0, 0, -9, 0, 0, 0, 0, 0,
    0, 0, -6, -6, -8, 0, 0, 0,
    -8, -9, -9, 0, 0, -32, 0, 0,
    0, -23, 0, 0, 0, 0, 0, 0,
    0, 0, 0, 0, 0, 0, 0, 0,
    0, 0, 0, 0, 0, 0, -7, 0,
    0, 0, 0, -8, 0, -6, 0, -2,
    -7, 0, -6, 0, 0, 0, 0, 0,
    0, 0, 0, 0, 0, 0, 0, 0,
    0, 0, 0, 0, 0, 0, 0, 0,
    0, 0, 0, 0, 0, 0, 0, 0,
    0, 0, 0, 0, 0, 0, 0, 0,
    0, 9, 0, 0, 0, 0, 0, 0,
    0, 0, 0, 0, 0, 0, 0, 1,
    0, 0, 0, 0, 0, 0, 0, 0,
    0, 0, 0, 0, 0, 0, 0, 0,
    0, 0, 0, 0, 0, 0, 0, 0,
    0, 0, 0, 0, 0, 0, 1, 0,
    0, 0, 0, 0, 0, 0, 4, 0,
    2, 0, 0, 0, 0, 0, 0, 0,
    0, 0, 0, 0, 0, 0, 0, 0,
    0, 0, 0, 0, 9, 0, 0, 0,
    0, 0, 0, 17, 0, 0, 2, 0,
    0, 0, 0, 0, 0, 0, 0, 0,
    0, 0, 0, 0, -9, 0, -9, -15,
    0, 0, 0, 0, 0, 0, 0, 0,
    0, 0, -6, 0, 0, 0, 0, 0,
    0, 0, 0, 0, 0, 0, 0, 0,
    -14, 0, 0, 0, 0, 0, 0, 0,
    0, 0, 0, 0, 0, 0, 0, 0,
    0, 0, 0, 0, 0, 0, 0, 0,
    0, 0, 0, 0, 0, 0, 0, 0,
    0, 0, 0, 0, 0, 0, 0, 0,
    0, 0, 0, -22, 0, 0, 0, -9,
    0, -3, 0, 0, 0, -27, 0, -27,
    0, 0, 0, 0, 0, 0, 0, 0,
    -18, -9, 0, -10, 0, 0, -10, 0,
    -3, 0, 0, 0, 0, 0, 0, 0,
    0, 0, 0, 0, -11, 0, 3, 0,
    0, 0, 0, -9, -11, -17, 0, 0,
    0, -27, -11, 0, -10, 0, -14, -14,
    -4, 0, -9, 0, -12, 0, 0, 0,
    0, -9, 0, 0, -11, 3, 3, 23,
    -11, -9, -11, 0, 0, 0, 0, 0,
    -9, 0, -25, 0, 0, 0, -11, -21,
    0, -14, 0, 0, 0, -12, 0, 0,
    0, 0, 0, 0, -3, -8, 0, 0,
    -8, 0, 0, -26, 0, -19, -3, 0,
    -18, 0, -19, -35, 0, 0, 0, 0,
    0, 0, 0, 0, -6, 0, -18, 0,
    0, 0, 0, -11, 0, 0, -8, -26,
    -17, -35, -22, -12, 0, -23, -17, 0,
    0, 0, 0, -9, 0, 0, 0, 0,
    0, 0, 0, 0, -18, -23, -15, 0,
    -12, -26, -9, 0, 0, 0, -9, 0,
    0, -10, -11, -10, -9, 0, 0, 0,
    0, 0, 0, 0, 0, 0, 0, 0,
    -21, 0, 0, -26, 0, 0, 0, 0,
    0, 0, 0, 0, 0, 0, 0, -2,
    -3, 0, 0, 0, 0, 0, 0, 0,
    0, 0, 0, 0, 0, -10, -3, 0,
    0, 0, 0, -10, 0, 0, 0, 0,
    -10, 0, 0, 0, 0, 0, -2, -2,
    -3, 0, 0, 0, -3, 0, 0, 0,
    0, -39, 0, 0, 0, -26, 0, 0,
    0, 0, 0, 0, 0, 0, 0, 0,
    0, 0, 0, 0, 0, 0, 0, 0,
    0, 0, 0, 0, 0, 0, 0, -1,
    0, -5, 0, 0, -7, 0, -5, 0,
    0, -2, -4, 0, 0, 0, 0, 0,
    0, 0, 0, 0, 0, 0, 0, 0,
    -4, 0, 0, 0, 0, 0, 0, 0,
    0, 0, 0, 0, 0, 0, 0, 0,
    -2, -2, -4, 0, 0, 12, -4, 0,
    0, 0, 0, 0, 0, 0, 0, 0,
    0, 0, 0, 0, 0, 0, 0, 0,
    0, 0, 0, 0, 0, 0, 0, 0,
    0, 0, 0, 0, -1, 0, 0, 0,
    0, -2, 0, 0, 0, -3, 0, 0,
    0, 0, 0, 0, 0, 0, 0, 0,
    0, 0, 0, 0, 0, 0, 0, 0,
    0, 0, 0, 0, 0, 0, 0, 0,
    0, 0, 0, 0, 0, 0, 0, 0,
    0, 0, 0, 0, 0, 0, 0, 12,
    0, 0, 0, 0, 0, 0, 0, 0,
    0, 0, 0, -1, -9, 0, 0, -18,
    -9, -18, -9, -14, -9, 0, 0, -18,
    -22, -9, -22, -9, 0, -9, -24, 0,
    -9, -25, -1, 0, 0, 0, 0, 0,
    4, 0, 0, 0, -15, -22, -23, -1,
    0, 0, -17, -22, -24, -21, -19, -19,
    -16, -14, 0, -18, -23, 0, -9, 0,
    -35, -18, 0, 0, -28, 0, -22, -14,
    0, 0, 0, -9, -11, -11, -14, 0,
    0, 25, -14, -16, -9, 0, 0, -32,
    0, 0, -9, -23, 0, 0, -14, 0,
    0, -14, -26, -14, -26, -14, -5, 0,
    0, -9, 0, -17, -20, -17, 0, -9,
    -21, 0, -10, -26, 0, 0, 0, 4,
    0, 0, 0, 0, 4, 0, -22, -15,
    -16, 0, 0, 0, -2, -12, 0, 0,
    0, 0, 0, 0, 0, -14, -16, 0,
    -10, 0, -15, -17, 0, 0, 0, 0,
    -11, 0, -3, 0, 0, -11, -15, -11,
    -16, 0, 0, 23, -12, 0, 0, 0,
    0, -31, 0, 0, -11, -26, 0, -1,
    -14, 0, 0, -13, -26, -13, -26, -3,
    0, 0, 0, -9, 0, -14, -20, -17,
    0, -3, -17, 0, -3, -17, -1, 0,
    0, 1, 6, 0, 0, 0, 1, 0,
    0, -14, -14, 0, 0, 0, -9, -9,
    0, 0, 0, 0, 0, 0, 0, -13,
    -14, 0, -3, 0, -15, -13, 0, 0,
    0, 0, -9, 0, -3, 0, 0, 0,
    -14, -14, -14, 0, 0, 0, -14, 0,
    0, 0, 0, -29, 0, 0, 0, -26,
    0, -3, 0, 0, 0, -10, 0, -10,
    0, 0, -10, 0, -6, -11, 0, 0,
    -15, -14, 0, -12, 0, 0, -12, 0,
    -3, -9, 0, 0, 0, 0, 0, 0,
    0, 0, 0, -15, -8, 0, 0, 0,
    0, 0, 0, 0, 0, 0, 0, 0,
    0, -9, -8, 0, -12, 0, -11, -14,
    -2, 0, 0, 0, -12, 0, 0, 0,
    0, -12, -15, -15, -8, 0, 0, 0,
    -8, 0, 0, 0, 0, 0, 0, 0,
    -12, 0, 0, 0, -17, 0, 0, -20,
    -12, -20, -12, 0, 0, 0, 0, -18,
    0, -17, -28, -26, 0, -11, -22, 0,
    -11, -9, 0, 4, 0, 0, 0, 0,
    0, 0, 0, 0, 0, -23, -25, 0,
    -7, 0, -12, -18, 0, -11, 0, 0,
    0, 0, 0, -20, -25, 0, -11, 0,
    -25, -14, -2, 0, -11, 0, -14, -17,
    0, 0, 0, -12, -19, -13, -25, -7,
    -8, 0, -25, -11, 0, 0, 0, -29,
    0, 0, -11, -26, 0, 0, 0, 0,
    0, -10, 0, -10, 0, 0, 0, 0,
    0, 0, 0, 0, -17, 0, 0, -9,
    0, 0, -9, 0, 0, 0, 0, 0,
    0, 0, 0, 0, 0, 0, 0, 0,
    0, 0, 0, 0, 0, 0, 0, 0,
    0, 0, 0, 0, 0, -10, 0, 0,
    -9, 0, -9, -10, 0, 0, 0, 0,
    -9, 0, 0, 0, 0, 0, 0, 0,
    0, 0, 0, 23, 0, 0, 0, 0,
    0, 0, 0, 0, 0, 0, 0, 0,
    0, 0, 0, 0, 0, 0, 0, 0,
    0, 0, 0, 0, 0, 0, 0, 0,
    0, 0, 4, 0, -10, 0, -1, -11,
    -6, -14, -16, 0, -22, 0, 0, 0,
    0, 0, -3, -1, 1, 0, 0, -1,
    -7, 0, -14, -18, 0, 0, 0, 0,
    0, 0, 0, -20, 0, 0, 0, 0,
    0, 0, 0, 0, 0, 0, 0, 0,
    0, 0, -3, 1, 1, 0, -3, 0,
    -14, 0, 0, 0, 0, 0, 0, 0,
    0, 0, 0, 0, 0, 0, 0, 0,
    0, 0, 0, 0, 0, 0, 0, 0,
    0, 0, 0, 0, 0, 8, -11, 0,
    0, -15, -11, -22, 0, 0, 0, 0,
    0, 0, 0, 0, 0, 0, 6, 26,
    8, 0, 0, 0, -22, 0, 0, 0,
    0, 0, 0, 0, 0, 0, 0, 0,
    0, 0, 0, 0, 0, 0, 0, 0,
    0, 0, 0, 0, 0, 6, 6, 0,
    0, 0, -22, 0, 0, 0, 0, 0,
    0, 0, -4, 0, 0, 0, 0, 0,
    0, 0, 0, 0, 0, -11, 0, 0,
    0, 0, 0, 0, 0, 0, 0, 0,
    0, 0, 0, -20, 0, -14, -14, 0,
    -22, 0, -14, 0, 0, 0, 0, 0,
    0, 0, 0, 0, 0, 0, -5, 0,
    0, 0, 0, 0, 0, 0, 0, 0,
    0, 0, -2, 0, 0, 0, 0, 0,
    0, 0, 0, 0, 0, 0, 0, 0,
    0, 0, 0, 0, -5, -12, -7, 0,
    0, 0, 0, 0, -6, 0, 0, -3,
    0, 0, 0, 0, 0, 0, 0, -9,
    0, 0, 0, 0, 0, 0, 0, 0,
    -9, 0, 0, 0, 0, -23, 0, -16,
    -14, -8, -26, 0, -16, 0, 0, 3,
    0, 0, 0, 0, 0, 0, 0, 0,
    -5, -5, -6, -5, 0, 0, 0, 0,
    0, -9, 0, 0, -3, 0, 0, 0,
    0, 0, 0, 0, 0, 0, 3, 3,
    0, 0, 0, 0, 0, 0, -5, -17,
    -6, 0, 0, -9, 0, 0, 0, 0,
    0, 0, 0, -7, -15, -7, -15, -6,
    0, 0, 0, -17, 0, 0, 0, 0,
    0, 0, -9, 0, 0, -17, 0, 0,
    0, 0, 0, 0, 2, 0, 0, 0,
    -4, -5, -7, -11, 1, 1, 0, -6,
    -10, 0, 0, 5, 0, 0, 0, -7,
    -7, 0, 0, 0, -11, -7, 0, 0,
    0, 0, -7, 0, 0, 0, 0, -6,
    -5, -5, -7, 1, 1, 28, -7, 0,
    0, 0, 0, -25, 0, 0, -6, -15,
    0, 0, 0, 0, 0, 0, 0, 0,
    0, 0, 0, 0, 0, 0, 0, 0,
    0, 0, 0, 0, 0, 0, 0, 0,
    0, -14, 0, 0, 0, 0, 0, 0,
    0, 0, 0, 0, 0, 0, 0, 1,
    0, 0, 0, 0, 0, 0, 0, 0,
    0, 0, 0, 0, 0, 0, 0, 0,
    0, 0, 0, 0, 0, 0, 0, 0,
    0, 0, 0, 0, 0, 0, 0, 0,
    0, 0, 0, 0, 0, 0, 0, 0,
    0, 0, 0, 0, 0, 1, 0, 0,
    0, 0, 0, 0, 0, 0, 0, 0,
    0, 0, 0, 0, 0, 0, 0, 0,
    0, 0, 0, 0, 0, 0, 0, 0,
    0, 0, 0, 0, 0, 0, 0, 0,
    0, 0, 0, 0, 0, 0, 0, 0,
    0, 0, 0, 0, 0, 1, 0, 0,
    0, 0, 0, 0, 0, 0, 0, 0,
    0, 0, 0, 0, 0, 0, 0, 0,
    0, 18, 0, 0, 0, 0, 0, 0,
    0, 0, 0, 0, 0, 0, 0, 0,
    0, -13, 0, -13, 0, 0, 0, 0,
    0, -12, 0, 0, -23, 0, 0, 0,
    0, 0, 0, 0, 0, -15, 0, 0,
    0, 0, 0, 0, 0, 0, 0, 0,
    -6, 0, 0, 0, 0, 0, 0, 0,
    1, 0, 0, 0, 0, -13, -6, 0,
    0, 0, -14, -18, 0, 0, 0, 0,
    -13, 0, 0, 0, 0, 0, 0, 0,
    -6, 0, 0, 0, -6, 0, 1, 0,
    0, 0, 0, 0, 0, 0, 0, 0,
    0, 0, 0, -10, -17, -10, -17, -9,
    0, 0, 0, 0, 0, 0, -10, 0,
    0, 0, -11, 3, 0, -15, 0, -15,
    0, 0, 0, 0, 0, -9, 0, 0,
    0, -2, -5, 5, 2, 4, 3, 0,
    5, 0, 4, 2, 4, 0, 3, -10,
    -5, 0, 0, 0, 0, -9, 0, 0,
    0, 0, -10, 0, 0, 0, 0, 0,
    -2, -2, -5, 2, 2, 6, -5, 0,
    4, -11, 4, -22, 0, 0, 0, -17,
    -2, 0, 0, 0, 0, 0, 0, 0,
    0, 0, 0, 0, 0, 0, 0, 0,
    0, 0, 0, 0, 0, 0, 0, 0,
    0, -20, 0, -12, -9, 0, -20, 0,
    -12, 0, 0, 0, 0, 0, 0, 0,
    0, 0, 0, 0, -1, 0, 0, 0,
    0, 0, 0, 0, 0, 0, 0, 0,
    -2, 0, 0, 0, 0, 0, 0, 0,
    0, 0, 0, 0, 0, 0, 0, 0,
    0, 0, -1, -14, 0, -3, 0, 0,
    0, 0, 0, 0, 0, 0, 0, -5,
    0, -5, 0, 0, 0, 0, 0, -3,
    0, 0, -8, 0, 0, 0, 0, 0,
    0, 0, 0, -9, 0, -2, -2, 0,
    -3, 0, -2, 0, 0, 2, -3, -7,
    0, 2, 0, -2, -3, 0, 6, 5,
    0, 0, 0, -5, -3, 0, 0, 0,
    0, -5, 0, 0, 0, 0, -5, 0,
    0, 0, 0, -3, 2, 2, -3, 0,
    0, 0, -3, 0, 6, -11, 2, 0,
    0, 0, -3, 0, 0, 0, 0, 0,
    0, -10, 0, -10, 0, -9, 0, 0,
    0, 0, 0, 0, -11, 0, 0, 0,
    0, 0, 0, 0, 0, -14, 0, 0,
    0, 0, -15, 0, 0, 0, -9, 0,
    0, 0, 0, 0, 0, 0, 0, 0,
    0, 0, 0, 0, 0, -10, 0, 0,
    0, 0, 0, -9, 0, 0, 0, 0,
    -10, 0, 0, 0, 0, 0, 0, 0,
    0, 0, 0, 0, 0, 0, 0, -11,
    4, 0, 0, 0, 0, 0, 0, 0,
    0, 0, 0, -10, -13, -10, -13, -15,
    0, 0, 0, 0, 0, 0, -9, -11,
    0, 0, -18, 1, 0, -17, 0, -9,
    0, 0, 0, 0, -9, 0, 0, 0,
    -22, -2, -5, 4, 0, 0, 0, 0,
    4, 0, 0, 0, 0, 0, 1, -10,
    -5, 0, 0, 0, -11, -10, 0, 0,
    0, 0, -10, 0, 0, 0, 0, 0,
    -2, -2, -5, 0, 0, 2, -5, 0,
    0, 0, 2, -22, 0, 0, 0, -20,
    0, 0, -9, 0, 0, 0, -20, 0,
    -20, 0, 0, 0, 0, 0, 0, 0,
    0, 0, 0, 0, -18, 0, 0, -15,
    0, -14, 0, 0, 0, 0, 0, -9,
    0, 0, 0, -1, -5, 0, 0, 0,
    0, 0, 0, 0, 0, 0, 0, 0,
    0, 0, -5, 0, 0, 0, -9, 0,
    0, 0, 0, 0, 0, 0, 0, 0,
    0, 0, -1, -1, -5, 0, 0, 0,
    -5, 0, 0, 0, 2, -22, 0, 0,
    0, -20, 0, 0, 0, 0, 0, -6,
    0, -6, 0, 0, 0, 0, 0, 0,
    0, 0, 0, -9, 0, 0, 0, 0,
    0, 0, 0, -14, 0, 0, 0, 0,
    0, 0, 0, 0, 0, -1, -6, 5,
    0, 0, 0, 0, 5, 0, 0, 0,
    0, 0, 0, -6, -6, 0, 0, 0,
    -9, -6, 0, 0, 0, 0, -6, 0,
    0, 0, 0, 0, -1, -1, -6, 0,
    0, 0, -6, 0, 0, 0, 0, 0,
    0, 0, 0, 0, 0, 0, 0, 0,
    0, 0, 0, 0, 0, 0, 0, 0,
    0, 0, 0, 0, 0, 0, 0, 0,
    0, 0, 0, 0, 0, -9, 0, 0,
    0, 0, 0, 0, 0, 0, 0, 0,
    -5, 0, 0, 0, 0, 0, 0, 0,
    0, 0, 0, 0, 0, 0, -5, 0,
    0, 0, 0, 0, 0, 0, 0, 0,
    0, 0, 0, 0, 0, 0, 0, 0,
    -5, 0, 0, 0, -5, 0, 0, 0,
    0, 0, 0, 0, 0, 0, 0, 0,
    0, 0, 0, 0, 0, 0, 0, 0,
    0, 0, 0, 0, 0, 0, 0, 0,
    0, 0, -9, 0, 0, -12, 0, -20,
    0, -13, -12, -10, -20, 0, 0, 0,
    0, 0, 0, 0, 0, 0, 0, 0,
    0, 0, -1, 0, -6, 0, 0, 0,
    0, 0, 0, 0, 0, 0, 0, 0,
    0, 0, 0, 0, 0, 0, 0, 0,
    0, 0, 0, 0, 0, 0, 0, 0,
    -1, 0, 0, 0, 0, 0, 0, 0,
    0, 0, 0, 0, 0, 0, 0, 0,
    0, 0, 0, 0, 0, 0, 0, 0,
    0, 0, 0, 0, 0, 0, 0, 0,
    0, -18, 0, -9, 0, 0, -18, 0,
    0, 0, 0, 0, 0, 0, 0, 0,
    0, 0, 0, 0, 0, 0, 0, 0,
    0, 0, 0, 0, 0, 0, 0, 0,
    0, 0, 0, 0, 0, 0, 0, 0,
    0, 0, 0, 0, 0, 0, 0, 0,
    0, 0, 0, 0, 0, 0, 0, 0,
    0, 0, 0, 0, 0, 0, 0, 0,
    0, 0, 0, 0, 0, 0, 0, 0,
    0, 0, 0, 0, 0, 0, -9, 0,
    0, 0, 0, -23, 0, -16, -14, -8,
    -26, 0, 0, 0, 0, 3, 0, 0,
    0, 0, 0, 0, 0, 0, -5, -5,
    -6, -5, 0, 0, 0, 0, 0, -9,
    0, 0, 0, 0, 0, 0, 0, 0,
    0, 0, 0, 0, 3, 3, 0, 0,
    0, 0, 0, 0, -5, 0, 0, 0,
    0, 0, 0, 0, 0, 0, 0, 0,
    0, 0, 0, 0, 0, 0, 0, 0,
    0, 0, 0, 0, 0, 0, 0, 0,
    0, 0, 0, 0, 0, 0, 0, 0,
    0, 0, 0, 0, 0, 0, 0, 0,
    0, 0, 9, 0, 0, 0, 0, 0,
    0, 0, 0, 0, 0, 0, 0, 0,
    0, 0, 0, 0, 0, 0, 0, 0,
    0, 0, 0, 0, 0, 0, 0, 0,
    0, 9, 9, 0, 0, 0, 0, 0,
    0, 0, 0, 0, 0, 0, 0, 0,
    -11, 0, 0, 0, 0, 0, 0, 0,
    0, 0, 0, 0, 0, 0, 0, 0,
    0, 0, -20, 0, 0, -20, 0, 0,
    0, 0, 0, 0, 0, 0, 0, 0,
    0, 0, -9, 0, 0, 0, 0, 0,
    0, 0, 0, 0, 0, 0, 0, 0,
    -9, 0, 0, 0, 0, 0, 0, 0,
    0, 0, 0, 0, 0, 0, 0, 0,
    0, 0, -9, 0, 0, 0, -9, 0,
    0, 0, 0, 0, 0, 0, 0, 0,
    0, 0, 0, 0, 0, 0, 0, 0,
    0, 0, 0, 0, 0, 0, 0, 0,
    0, 0, 0, 0, -9, 0, 0, 0,
    0, -14, 0, 0, 0, 0, -17, 0,
    0, 0, 0, 0, 0, 0, 0, 0,
    0, 0, 0, 0, 0, 0, 0, 0,
    0, 0, 0, 0, 0, 0, 0, 0,
    0, 0, 0, 0, 0, 0, 0, 0,
    0, 0, 0, 0, 0, 0, 0, 0,
    0, 0, 0, 0, 0, 0, 0, 0,
    0, 0, 0, 0, 0, 0, 0, 0,
    0, 0, 0, 0, 0, 0, 0, 0,
    0, 0, 0, 0, 0, 0, 0, 0,
    0, 0, 0, -14, 0, 0, 0, 0,
    0, 0, 0, 0, 0, 0, 0, 0,
    0, 0, 0, 0, 0, 0, 0, 0,
    0, 0, 0, 0, 0, 0, 0, 0,
    0, 0, 0, 0, 0, 0, 0, 0,
    0, 0, 0, 0, 0, 0, 0, 0,
    0, 0, 0, 0, 0, 0, 0, 0,
    0, 0, 0, 0, 0, 0, 0, 0,
    0, 0, 0, 0, 0, 0, 0, 0,
    0, 0, 0, 0, 0, 0, 0, 0,
    -19, 0, -1, -19, 0, 0, 0, 0,
    0, -2, -2, 0, 0, 0, 0, -3,
    -8, 0, 0, 0, 0, -3, 0, 0,
    0, 0, 0, 0, 0, 0, 0, 0,
    0, 0, 0, 0, 0, 0, 0, 0,
    0, 0, 0, 0, 0, 0, -3, -3,
    -8, 0, 0, 0, -8, 0, 0, 0,
    0, 0, 0, 0, 0, 0, 0, 0,
    0, 0, 0, 0, 0, 0, 0, 0,
    0, 0, 0, 0, 0, 0, 0, 0,
    0, 0, 0, 0, 0, 0, 0, -14,
    0, 0, 0, 0, -15, 0, 0, 0,
    0, 0, 0, 0, 0, 0, 0, 0,
    0, 0, 0, 0, 0, 0, 0, 0,
    0, 0, 0, 0, 0, 0, 0, 0,
    0, 0, 0, 0, 0, 0, 0, 0,
    0, 0, 0, 0, 0, 0, 0, 0,
    0, 0, 0, 0, 0, 0, 0, 0,
    0, 0, 0, 0, 0, 0, 0, 0,
    0, 0, 0, 0, 0, 0, 0, 0,
    0, 0, 0, 0, -9, 0, 0, -12,
    0, -22, 0, -11, -12, -12, -14, 0,
    0, 0, 0, 0, 0, 0, 0, 0,
    0, 0, 0, 0, -1, 0, -6, 0,
    0, 0, 0, 0, 0, 0, 0, 0,
    0, 0, 0, 0, 0, 0, 0, 0,
    0, 0, 0, 0, 0, 0, 0, 0,
    0, 0, -1, 0, 0, 0, 0, 0,
    0, 0, 0, 0, 0, 0, 0, 0,
    0, 0, 0, 0, 0, 0, 0, 0,
    0, 0, 0, 0, 0, 0, -9, 0,
    0, 0, 0, -35, 0, -17, -15, -11,
    -25, -9, 0, 0, 0, 0, 0, 0,
    0, 0, 0, 0, 0, 0, -9, -9,
    -9, 0, 0, 0, 0, 0, 0, 0,
    0, 0, 0, 0, 0, 0, 0, 0,
    0, 0, 0, 0, 0, 0, 0, 0,
    0, 0, 0, 0, -9, 0, 0, 0,
    0, 0, 0, 0, 0, 0, 0, 0,
    0, 0, 0, 0, 0, 0, 0, 0,
    0, 0, 0, 0, 0, 0, 0, 0,
    0, 0, 0, 0, 0, -18, 0, -25,
    -22, 0, 0, 0, 0, 0, 0, 0,
    0, 0, 0, 0, 0, 0, 0, 0,
    0, 0, 0, 0, 0, 0, 0, 0,
    0, 0, 0, 0, 0, 0, 0, 0,
    0, 0, 0, 0, 0, 0, 0, 0,
    0, 0, 0, 0, 0, 0, 0, 0,
    0, 0, 0, 0, 0, 0, 0, 0,
    0, 0, 0, 0, 0, 0, 0, 0,
    0, 0, 0, 0, 0, 0, 0, 0,
    0, 0, 0, 0, 0, 0, 0, 0,
    0, 0, 0, 0, 0, 0, 0, 0,
    0, 0, 0, 0, 0, 0, 0, 0,
    0, 0, 0, 0, 0, 0, 0, 0,
    0, 0, 0, 0, 0, 0, 0, 0,
    0, 0, 0, 0, 0, 0, 0, 0,
    0, 0, 0, 0, 0, 7, 0, 0,
    0, 0, 0, 0, 0, 0, 0, 0,
    0, 0, 0, 0, 0, 0, 0, 0,
    0, 0, 0, 0, 0, 0, 0, 0,
    0, 0, 0, 0, -9, 0, 0, 0,
    0, -15, 0, -11, 0, -12, -12, 0,
    0, 0, 0, 0, 0, 0, 0, 0,
    0, 0, 0, 0, 0, 0, 0, 0,
    0, 0, 0, 0, 0, 0, 0, 0,
    0, 0, 0, 0, 0, 0, 0, 0,
    0, 0, 0, 0, 0, 0, 0, 0,
    0, 0, 0, 0, 0, 0, 0, 0,
    0, 0, 0, 0, 0, 0, 0, 0,
    -28, 0, -28, 0, 0, 0, 0, 0,
    0, 0, 0, 0, 0, 0, -11, 0,
    0, -11, 0, -15, 0, -14, 0, 0,
    0, -11, -14, 0, 0, 0, 0, 0,
    0, 0, 0, 0, 0, 0, 0, 0,
    0, 0, 0, 0, 0, 0, 0, 0,
    0, 0, 0, 0, 0, 0, 0, 0,
    0, 0, 0, 0, 0, 0, 0, 0,
    0, 0, 0, 0, 0, -15, 0, -34,
    0, 0, 0, -28, 0, 0, 0, 0,
    0, 0, 0, 0, 0, 0, 0, 0,
    0, 0, 0, 0, 0, 0, 0, 0,
    0, 0, 0, 0, 0, -14, 0, 0,
    0, 0, 0, 0, 0, 0, 0, 0,
    0, 0, 0, 0, 0, 0, 0, 0,
    0, 0, 0, 0, 0, 0, 0, 0,
    0, 0, 0, 0, 0, 0, 0, 0,
    0, 0, 0, 0, 0, 0, 0, 0,
    0, 0, 0, 9, 0, 0, 0, -18,
    0, 0, 0, 0, 0, 0, 0, 0,
    0, 0, 0, 0, 0, 0, 0, 0,
    0, 0, 0, 0, 0, 0, 0, 0,
    0, 0, 0, 0, 0, 0, 0, -22,
    0, 0, 0, 0, 0, 0, 0, 0,
    0, 0, 0, 0, 0, 0, 0, 0,
    0, 0, 0, 0, 0, 0, 0, 0,
    0, 0, 0, 0, 0, 0, 0, 0,
    0, 0, 0, 0, 0, 0, 0, 0,
    0, 0, 0, 0, 0, 0, 0, 0,
    0, 0, 0, 0, 0, 0, 0, 0,
    0, 0, 0, 1, 0, 0, 0, 0,
    0, 0, 0, 0, 0, 0, 0, 0,
    0, 0, 0, 0, 0, 0, 0, 0,
    0, 0, 0, 0, 0, 0, 0, 0,
    0, 0, 0, 0, 0, 0, 0, 0,
    0, 0, 0, 0, 0, 0, 0, 0,
    0, 0, 0, 1, 0, 0, 0, 0,
    0, 0, 0, 0, 0, 0, 0, 0,
    0, 0, 0, 0, 0, 0, 0, 9,
    0, 0, 0, 0, 0, 0, 0, 0,
    0, 0, 0, 0, 0, 0, 0, 0,
    0, 0, 0, 0, 0, 12, 0, 0,
    25, 0, 0, 0, 0, 0, 0, 17,
    0, 0, 0, 25, 0, 23, 0, 0,
    0, 25, 23, 0, 0, 0, 0, 11,
    18, 18, 6, 0, 14, 0, 0, 0,
    0, 0, 17, 0, 0, 0, 0, 0,
    0, 0, 0, 0, 0, 0, 0, 0,
    0, 7, 0, 0, 0, 0, 0, 9,
    18, 46, 0, 0, 0, 0, 0, 0,
    0, 0, 0, 0, -4, 0, 0, 0,
    0, 0, 0, 0, 0, 0, 0, -11,
    0, 0, 0, 0, 0, 0, 0, 0,
    0, 0, 0, 0, 0, -14, 0, -14,
    -14, 0, -22, 0, -14, 0, 0, 0,
    0, 0, 0, 0, 0, 0, 0, 0,
    -5, 0, 0, 0, 0, 0, 0, 0,
    0, 0, 0, 0, -2, 0, 0, 0,
    0, 0, 0, 0, 0, 0, 0, 0,
    0, 0, 0, 0, 0, 0, -5, -12,
    -7, 0, 0, 0, 0, 0, -6, 0,
    0, -3, 0, 0, 0, 0, 0, 0,
    0, -9, 0, 0, 0, 0, 0, 0,
    0, 0, -9, 0, 0, 0, 0, -14,
    0, -16, -14, -8, -26, 0, -16, 0,
    0, 3, 0, 0, 0, 0, 0, 0,
    0, 0, -5, -5, -6, -5, 0, 0,
    0, 0, 0, -9, 0, 0, -3, 0,
    0, 0, 0, 0, 0, 0, 0, 0,
    3, 3, 0, 0, 0, 0, 0, 0,
    -5, -17, -6, 0, 0, -9, 0, 0,
    0, 0, 0, 0, 0, 0, 0, 0,
    0, 0, 0, 0, 0, 0, 0, 0,
    0, 0, 0, 0, -26, 0, 0, -40,
    0, 0, 0, 0, 0, 0, 0, 0,
    0, 0, 0, 0, -11, 0, 0, 0,
    0, -6, 0, 0, 0, 0, 0, 0,
    0, 0, 0, 0, 0, 0, 0, 0,
    0, 0, 0, 0, 0, 0, 0, 0,
    0, 0, 0, 0, -11, 0, 0, 0,
    -11, 0, 0, 0, 0, 0, 0, 0,
    0, 0, 0, 0, 0, 0, 0, 0,
    0, 0, 0, 0, 0, 0, 0, 0,
    0, 0, 0, 0, 0, 0, -37, 0,
    -15, -34, 0, 0, 0, 0, 0, 0,
    0, 0, 0, 0, 0, -15, -17, 0,
    0, 0, -6, -20, 3, -11, 3, 0,
    0, 0, 0, 0, 0, 0, 0, 0,
    0, 0, 0, 0, 0, 0, 0, 0,
    0, 0, 0, 0, -15, -15, -17, 0,
    0, 0, -17, -11, 3, 0, 0, 0,
    0, 0, 0, 0, 0, 0, 0, 0,
    0, 0, 0, 0, 0, 0, 0, 0,
    0, 0, 0, 0, 0, 0, 0, 0,
    0, 0, 0, 0, 0, -26, 0, -25,
    -17, 0, -29, 0, 0, 0, 0, -9,
    0, 0, 0, 0, 0, 0, 0, 0,
    -14, 0, 0, 0, 0, 0, 0, 0,
    0, 0, 0, 0, 0, 0, 0, 0,
    0, 0, 0, 0, 0, 0, -9, -9,
    0, 0, 0, 0, 0, 0, -14, 0,
    0, 0, 0, 0, 0, 0, 0, 0,
    0, 0, 0, 0, 0, 0, 0, 0,
    0, 0, 0, 0, 0, 0, 0, 0,
    0, 0, -20, 0, 0, -20, 0, 0,
    0, 0, 0, 0, 0, 0, 0, 0,
    0, 0, -9, 0, 0, 0, 0, 0,
    0, 0, 0, 0, 0, 0, 0, 0,
    0, 0, 0, 0, 0, 0, 0, 0,
    0, 0, 0, 0, 0, 0, 0, 0,
    0, 0, -9, 0, 0, 0, -9, 0,
    0, 0, 0, 0, 0, 0, 0, 0,
    0, 0, 0, 0, 0, 0, 0, 0,
    0, 0, 0, 0, 0, 0, 0, 0,
    0, 0, 0, 0, -9, 0, 0, 0,
    0, -9, 0, -11, 0, -12, -12, 0,
    0, 0, 0, 0, 0, 0, 0, 0,
    0, 0, 0, 0, 0, 0, 0, 0,
    0, 0, 0, 0, 0, 0, 0, 0,
    0, 0, 0, 0, 0, 0, 0, 0,
    0, 0, 0, 0, 0, 0, 0, 0,
    0, 0, 0, 0, 0, 0, 0, 0,
    0, 0
};


/*Collect the kern class' data in one place*/
static const lv_font_fmt_txt_kern_classes_t kern_classes =
{
    .class_pair_values   = kern_class_values,
    .left_class_mapping  = kern_left_class_mapping,
    .right_class_mapping = kern_right_class_mapping,
    .left_class_cnt      = 81,
    .right_class_cnt     = 82,
};

/*--------------------
 *  ALL CUSTOM DATA
 *--------------------*/

#if LVGL_VERSION_MAJOR == 8
/*Store all the custom data of the font*/
static  lv_font_fmt_txt_glyph_cache_t cache;
#endif

#if LVGL_VERSION_MAJOR >= 8
static const lv_font_fmt_txt_dsc_t font_dsc = {
#else
static lv_font_fmt_txt_dsc_t font_dsc = {
#endif
    .glyph_bitmap = glyph_bitmap,
    .glyph_dsc = glyph_dsc,
    .cmaps = cmaps,
    .kern_dsc = &kern_classes,
    .kern_scale = 16,
    .cmap_num = 5,
    .bpp = 4,
    .kern_classes = 1,
    .bitmap_format = 0,
#if LVGL_VERSION_MAJOR == 8
    .cache = &cache
#endif
};



/*-----------------
 *  PUBLIC FONT
 *----------------*/

/*Initialize a public general font descriptor*/
#if LVGL_VERSION_MAJOR >= 8
const lv_font_t inter_17 = {
#else
lv_font_t inter_17 = {
#endif
    .get_glyph_dsc = lv_font_get_glyph_dsc_fmt_txt,    /*Function pointer to get glyph's data*/
    .get_glyph_bitmap = lv_font_get_bitmap_fmt_txt,    /*Function pointer to get glyph's bitmap*/
    .line_height = 20,          /*The maximum line height required by the font*/
    .base_line = 4,             /*Baseline measured from the bottom of the line*/
#if !(LVGL_VERSION_MAJOR == 6 && LVGL_VERSION_MINOR == 0)
    .subpx = LV_FONT_SUBPX_NONE,
#endif
#if LV_VERSION_CHECK(7, 4, 0) || LVGL_VERSION_MAJOR >= 8
    .underline_position = -3,
    .underline_thickness = 1,
#endif
    .dsc = &font_dsc,          /*The custom font data. Will be accessed by `get_glyph_bitmap/dsc` */
#if LV_VERSION_CHECK(8, 2, 0) || LVGL_VERSION_MAJOR >= 9
    .fallback = NULL,
#endif
    .user_data = NULL,
};



#endif /*#if INTER_17*/
