/*******************************************************************************
 * Size: 23 px
 * Bpp: 4
 * Opts: --font /tmp/alfred-fonts/inter_23.ttf --size 23 --bpp 4 --format lvgl --no-compress --range 0x20-0x7E,0xA0-0xFF,0x2010-0x2026,0x2190-0x2193 --lv-font-name inter_23 -o apps/companion/firmware/src/ui/fonts/inter_23.c
 ******************************************************************************/

#ifdef LV_LVGL_H_INCLUDE_SIMPLE
#include "lvgl.h"
#else
#include "lvgl.h"
#endif

#ifndef INTER_23
#define INTER_23 1
#endif

#if INTER_23

/*-----------------
 *    BITMAPS
 *----------------*/

/*Store the image of the glyphs*/
static LV_ATTRIBUTE_LARGE_CONST const uint8_t glyph_bitmap[] = {
    /* U+0020 " " */

    /* U+0021 "!" */
    0x5f, 0xfc, 0x5f, 0xfb, 0x4f, 0xfb, 0x4f, 0xfb,
    0x4f, 0xfa, 0x3f, 0xfa, 0x3f, 0xfa, 0x3f, 0xf9,
    0x3f, 0xf9, 0x2f, 0xf9, 0x2f, 0xf9, 0x2f, 0xf8,
    0x3, 0x32, 0x0, 0x0, 0x8, 0x92, 0x6f, 0xfd,
    0x8f, 0xff, 0x1d, 0xf6,

    /* U+0022 "\"" */
    0xff, 0xc0, 0x9f, 0xf2, 0xef, 0xb0, 0x8f, 0xf1,
    0xef, 0xa0, 0x7f, 0xf0, 0xdf, 0xa0, 0x7f, 0xf0,
    0xcf, 0x90, 0x6f, 0xf0, 0xbf, 0x80, 0x5f, 0xe0,
    0x8b, 0x50, 0x3b, 0xa0,

    /* U+0023 "#" */
    0x0, 0x0, 0x8f, 0xb0, 0x0, 0xaf, 0x90, 0x0,
    0x0, 0xa, 0xf9, 0x0, 0xc, 0xf7, 0x0, 0x0,
    0x0, 0xdf, 0x60, 0x0, 0xff, 0x40, 0x0, 0x0,
    0xf, 0xf4, 0x0, 0x1f, 0xf2, 0x0, 0x0, 0x2,
    0xff, 0x10, 0x4, 0xff, 0x0, 0x0, 0x9f, 0xff,
    0xff, 0xff, 0xff, 0xff, 0xf4, 0xb, 0xff, 0xff,
    0xff, 0xff, 0xff, 0xff, 0x10, 0x45, 0xcf, 0xc5,
    0x55, 0xdf, 0xb5, 0x50, 0x0, 0xb, 0xf8, 0x0,
    0xd, 0xf6, 0x0, 0x0, 0x0, 0xef, 0x50, 0x0,
    0xff, 0x30, 0x0, 0x0, 0xf, 0xf3, 0x0, 0x2f,
    0xf1, 0x0, 0x8, 0xff, 0xff, 0xff, 0xff, 0xff,
    0xff, 0x40, 0xbf, 0xff, 0xff, 0xff, 0xff, 0xff,
    0xf2, 0x4, 0x5b, 0xfd, 0x55, 0x5c, 0xfb, 0x55,
    0x0, 0x0, 0xaf, 0x90, 0x0, 0xcf, 0x70, 0x0,
    0x0, 0xc, 0xf6, 0x0, 0xe, 0xf4, 0x0, 0x0,
    0x0, 0xff, 0x40, 0x1, 0xff, 0x20, 0x0, 0x0,
    0x1f, 0xf2, 0x0, 0x3f, 0xf0, 0x0, 0x0,

    /* U+0024 "$" */
    0x0, 0x0, 0x0, 0x28, 0x20, 0x0, 0x0, 0x0,
    0x0, 0x0, 0x5f, 0x50, 0x0, 0x0, 0x0, 0x0,
    0x0, 0x5f, 0x50, 0x0, 0x0, 0x0, 0x0, 0x7c,
    0xff, 0xfb, 0x60, 0x0, 0x0, 0x2d, 0xff, 0xff,
    0xff, 0xfc, 0x10, 0x0, 0xdf, 0xff, 0xdf, 0xdf,
    0xff, 0xb0, 0x6, 0xff, 0xe2, 0x5f, 0x53, 0xef,
    0xf3, 0x9, 0xff, 0x60, 0x5f, 0x50, 0x7f, 0xf7,
    0xa, 0xff, 0x60, 0x5f, 0x50, 0x14, 0x42, 0x7,
    0xff, 0xe4, 0x5f, 0x50, 0x0, 0x0, 0x1, 0xef,
    0xff, 0xff, 0x80, 0x0, 0x0, 0x0, 0x3d, 0xff,
    0xff, 0xff, 0xb3, 0x0, 0x0, 0x0, 0x6c, 0xff,
    0xff, 0xff, 0x70, 0x0, 0x0, 0x0, 0x6f, 0xbe,
    0xff, 0xf5, 0x0, 0x0, 0x0, 0x5f, 0x50, 0xaf,
    0xfb, 0xb, 0xba, 0x0, 0x5f, 0x50, 0x2f, 0xfe,
    0xe, 0xff, 0x20, 0x5f, 0x50, 0x3f, 0xfd, 0xa,
    0xff, 0xc1, 0x5f, 0x51, 0xcf, 0xf9, 0x2, 0xff,
    0xff, 0xdf, 0xdf, 0xff, 0xf2, 0x0, 0x4f, 0xff,
    0xff, 0xff, 0xfe, 0x40, 0x0, 0x1, 0x8c, 0xff,
    0xfc, 0x81, 0x0, 0x0, 0x0, 0x0, 0x5f, 0x50,
    0x0, 0x0, 0x0, 0x0, 0x0, 0x5f, 0x50, 0x0,
    0x0,

    /* U+0025 "%" */
    0x0, 0x6d, 0xfd, 0x60, 0x0, 0x0, 0x0, 0xbf,
    0x70, 0x0, 0x5, 0xff, 0xff, 0xf5, 0x0, 0x0,
    0x6, 0xfd, 0x0, 0x0, 0xd, 0xf7, 0x7, 0xfd,
    0x0, 0x0, 0x1e, 0xf3, 0x0, 0x0, 0x1f, 0xf1,
    0x1, 0xff, 0x10, 0x0, 0xaf, 0x90, 0x0, 0x0,
    0x2f, 0xf0, 0x0, 0xff, 0x20, 0x4, 0xfe, 0x0,
    0x0, 0x0, 0x1f, 0xf1, 0x1, 0xff, 0x10, 0xe,
    0xf4, 0x0, 0x0, 0x0, 0xd, 0xf8, 0x8, 0xfd,
    0x0, 0x9f, 0xa0, 0x0, 0x0, 0x0, 0x5, 0xff,
    0xff, 0xf5, 0x3, 0xfe, 0x10, 0x0, 0x0, 0x0,
    0x0, 0x5c, 0xec, 0x50, 0xd, 0xf6, 0x0, 0x0,
    0x0, 0x0, 0x0, 0x0, 0x0, 0x0, 0x7f, 0xb0,
    0x5, 0xce, 0xc5, 0x0, 0x0, 0x0, 0x0, 0x2,
    0xff, 0x20, 0x5f, 0xff, 0xff, 0x50, 0x0, 0x0,
    0x0, 0xc, 0xf7, 0x0, 0xdf, 0x80, 0x8f, 0xd0,
    0x0, 0x0, 0x0, 0x6f, 0xd0, 0x1, 0xff, 0x10,
    0x1f, 0xf1, 0x0, 0x0, 0x1, 0xff, 0x30, 0x2,
    0xff, 0x0, 0xf, 0xf2, 0x0, 0x0, 0xa, 0xf8,
    0x0, 0x1, 0xff, 0x10, 0x1f, 0xf1, 0x0, 0x0,
    0x5f, 0xd0, 0x0, 0x0, 0xef, 0x70, 0x7f, 0xd0,
    0x0, 0x1, 0xef, 0x40, 0x0, 0x0, 0x6f, 0xff,
    0xff, 0x50, 0x0, 0x9, 0xfa, 0x0, 0x0, 0x0,
    0x6, 0xdf, 0xd6, 0x0,

    /* U+0026 "&" */
    0x0, 0x0, 0x8d, 0xfe, 0xa1, 0x0, 0x0, 0x0,
    0x0, 0xbf, 0xff, 0xff, 0xe1, 0x0, 0x0, 0x0,
    0x5f, 0xfd, 0x8b, 0xff, 0x90, 0x0, 0x0, 0xa,
    0xff, 0x10, 0xb, 0xfd, 0x0, 0x0, 0x0, 0xbf,
    0xe0, 0x0, 0xaf, 0xd0, 0x0, 0x0, 0x9, 0xff,
    0x20, 0x3f, 0xf9, 0x0, 0x0, 0x0, 0x3f, 0xfb,
    0x6f, 0xff, 0x10, 0x0, 0x0, 0x0, 0xaf, 0xff,
    0xfe, 0x30, 0x0, 0x0, 0x0, 0x4, 0xff, 0xfd,
    0x20, 0x0, 0x0, 0x0, 0x5, 0xff, 0xff, 0xe2,
    0x0, 0x23, 0x30, 0x4, 0xff, 0xfa, 0xff, 0xd0,
    0xa, 0xfd, 0x0, 0xdf, 0xf4, 0x9, 0xff, 0xa0,
    0xdf, 0xb0, 0x1f, 0xfc, 0x0, 0xc, 0xff, 0xaf,
    0xf8, 0x1, 0xff, 0xc0, 0x0, 0x1e, 0xff, 0xff,
    0x30, 0xe, 0xff, 0x30, 0x0, 0x4f, 0xff, 0xa0,
    0x0, 0x8f, 0xff, 0xa8, 0xaf, 0xff, 0xfd, 0x0,
    0x0, 0xbf, 0xff, 0xff, 0xff, 0xdf, 0xfa, 0x0,
    0x0, 0x5c, 0xff, 0xea, 0x40, 0xaf, 0xf7,

    /* U+0027 "'" */
    0xff, 0xce, 0xfb, 0xef, 0xad, 0xfa, 0xcf, 0x9b,
    0xf8, 0x8b, 0x50,

    /* U+0028 "(" */
    0x0, 0x9, 0xdd, 0x10, 0x2, 0xff, 0xb0, 0x0,
    0x8f, 0xf5, 0x0, 0xe, 0xff, 0x0, 0x3, 0xff,
    0xb0, 0x0, 0x7f, 0xf7, 0x0, 0xb, 0xff, 0x40,
    0x0, 0xef, 0xf1, 0x0, 0xf, 0xfe, 0x0, 0x2,
    0xff, 0xc0, 0x0, 0x3f, 0xfb, 0x0, 0x3, 0xff,
    0xb0, 0x0, 0x3f, 0xfb, 0x0, 0x2, 0xff, 0xc0,
    0x0, 0xf, 0xfe, 0x0, 0x0, 0xdf, 0xf1, 0x0,
    0xa, 0xff, 0x50, 0x0, 0x5f, 0xf9, 0x0, 0x1,
    0xff, 0xe0, 0x0, 0xa, 0xff, 0x40, 0x0, 0x3f,
    0xfa, 0x0, 0x0, 0xbf, 0xf1,

    /* U+0029 ")" */
    0x1d, 0xd9, 0x0, 0x0, 0xbf, 0xf2, 0x0, 0x6,
    0xff, 0x80, 0x0, 0x1f, 0xfe, 0x0, 0x0, 0xbf,
    0xf2, 0x0, 0x7, 0xff, 0x70, 0x0, 0x4f, 0xfa,
    0x0, 0x1, 0xff, 0xd0, 0x0, 0xe, 0xff, 0x0,
    0x0, 0xdf, 0xf1, 0x0, 0xb, 0xff, 0x20, 0x0,
    0xbf, 0xf3, 0x0, 0xb, 0xff, 0x20, 0x0, 0xcf,
    0xf1, 0x0, 0xf, 0xff, 0x0, 0x2, 0xff, 0xd0,
    0x0, 0x5f, 0xf9, 0x0, 0xa, 0xff, 0x50, 0x0,
    0xef, 0xf0, 0x0, 0x4f, 0xfa, 0x0, 0xa, 0xff,
    0x30, 0x1, 0xff, 0xb0, 0x0,

    /* U+002A "*" */
    0x0, 0x0, 0xef, 0x0, 0x0, 0x3, 0x0, 0xdf,
    0x0, 0x30, 0x1f, 0xb1, 0xce, 0x1a, 0xf2, 0x3e,
    0xfe, 0xef, 0xef, 0xe4, 0x0, 0x7e, 0xff, 0xf7,
    0x0, 0x1, 0x8f, 0xff, 0xf9, 0x10, 0x4f, 0xfd,
    0xee, 0xcf, 0xf5, 0xe, 0x90, 0xce, 0x8, 0xf1,
    0x1, 0x0, 0xdf, 0x0, 0x10, 0x0, 0x0, 0xcd,
    0x0, 0x0,

    /* U+002B "+" */
    0x0, 0x0, 0xa, 0xfd, 0x0, 0x0, 0x0, 0x0,
    0x0, 0xaf, 0xd0, 0x0, 0x0, 0x0, 0x0, 0xa,
    0xfd, 0x0, 0x0, 0x0, 0x0, 0x0, 0xaf, 0xd0,
    0x0, 0x0, 0x8, 0x88, 0x8d, 0xfe, 0x88, 0x88,
    0x10, 0xff, 0xff, 0xff, 0xff, 0xff, 0xf3, 0xf,
    0xff, 0xff, 0xff, 0xff, 0xff, 0x30, 0x0, 0x0,
    0xaf, 0xd0, 0x0, 0x0, 0x0, 0x0, 0xa, 0xfd,
    0x0, 0x0, 0x0, 0x0, 0x0, 0xaf, 0xd0, 0x0,
    0x0, 0x0, 0x0, 0xa, 0xfd, 0x0, 0x0, 0x0,
    0x0, 0x0, 0xaf, 0xd0, 0x0, 0x0,

    /* U+002C "," */
    0x1, 0xaa, 0x70, 0x4f, 0xf7, 0x6, 0xff, 0x30,
    0x8f, 0xe0, 0xb, 0xfa, 0x0, 0xdf, 0x60, 0xf,
    0xf1, 0x0,

    /* U+002D "-" */
    0x48, 0x88, 0x88, 0x87, 0x8f, 0xff, 0xff, 0xff,
    0x8f, 0xff, 0xff, 0xff,

    /* U+002E "." */
    0x8, 0xa2, 0x7f, 0xfd, 0x8f, 0xfe, 0x1d, 0xf6,

    /* U+002F "/" */
    0x0, 0x0, 0x8, 0xff, 0x0, 0x0, 0x0, 0xcf,
    0xc0, 0x0, 0x0, 0xf, 0xf8, 0x0, 0x0, 0x4,
    0xff, 0x40, 0x0, 0x0, 0x8f, 0xf0, 0x0, 0x0,
    0xc, 0xfc, 0x0, 0x0, 0x0, 0xff, 0x80, 0x0,
    0x0, 0x4f, 0xf4, 0x0, 0x0, 0x9, 0xff, 0x0,
    0x0, 0x0, 0xdf, 0xb0, 0x0, 0x0, 0x1f, 0xf7,
    0x0, 0x0, 0x5, 0xff, 0x30, 0x0, 0x0, 0x9f,
    0xf0, 0x0, 0x0, 0xd, 0xfb, 0x0, 0x0, 0x1,
    0xff, 0x70, 0x0, 0x0, 0x5f, 0xf3, 0x0, 0x0,
    0x9, 0xfe, 0x0, 0x0, 0x0, 0xdf, 0xa0, 0x0,
    0x0, 0x2f, 0xf6, 0x0, 0x0, 0x6, 0xff, 0x20,
    0x0, 0x0, 0xaf, 0xe0, 0x0, 0x0, 0x0,

    /* U+0030 "0" */
    0x0, 0x0, 0x3b, 0xef, 0xea, 0x30, 0x0, 0x0,
    0x7, 0xff, 0xff, 0xff, 0xf6, 0x0, 0x0, 0x5f,
    0xff, 0xc9, 0xcf, 0xff, 0x40, 0x0, 0xef, 0xf6,
    0x0, 0x8, 0xff, 0xd0, 0x5, 0xff, 0xb0, 0x0,
    0x0, 0xdf, 0xf4, 0xa, 0xff, 0x50, 0x0, 0x0,
    0x6f, 0xf8, 0xd, 0xff, 0x10, 0x0, 0x0, 0x3f,
    0xfb, 0xf, 0xff, 0x0, 0x0, 0x0, 0xf, 0xfd,
    0xf, 0xfe, 0x0, 0x0, 0x0, 0xf, 0xfe, 0xf,
    0xfe, 0x0, 0x0, 0x0, 0xf, 0xfe, 0xf, 0xff,
    0x0, 0x0, 0x0, 0xf, 0xfd, 0xd, 0xff, 0x10,
    0x0, 0x0, 0x3f, 0xfb, 0xa, 0xff, 0x50, 0x0,
    0x0, 0x6f, 0xf8, 0x5, 0xff, 0xb0, 0x0, 0x0,
    0xdf, 0xf4, 0x0, 0xef, 0xf7, 0x0, 0x8, 0xff,
    0xd0, 0x0, 0x5f, 0xff, 0xca, 0xdf, 0xff, 0x40,
    0x0, 0x7, 0xff, 0xff, 0xff, 0xf6, 0x0, 0x0,
    0x0, 0x3b, 0xef, 0xea, 0x30, 0x0,

    /* U+0031 "1" */
    0x0, 0x2, 0xdf, 0xfb, 0x0, 0x6f, 0xff, 0xfb,
    0xb, 0xff, 0xff, 0xfb, 0x3f, 0xfd, 0x6f, 0xfb,
    0x3f, 0x90, 0x3f, 0xfb, 0x25, 0x0, 0x3f, 0xfb,
    0x0, 0x0, 0x3f, 0xfb, 0x0, 0x0, 0x3f, 0xfb,
    0x0, 0x0, 0x3f, 0xfb, 0x0, 0x0, 0x3f, 0xfb,
    0x0, 0x0, 0x3f, 0xfb, 0x0, 0x0, 0x3f, 0xfb,
    0x0, 0x0, 0x3f, 0xfb, 0x0, 0x0, 0x3f, 0xfb,
    0x0, 0x0, 0x3f, 0xfb, 0x0, 0x0, 0x3f, 0xfb,
    0x0, 0x0, 0x3f, 0xfb, 0x0, 0x0, 0x3f, 0xfb,

    /* U+0032 "2" */
    0x0, 0x18, 0xdf, 0xfd, 0x70, 0x0, 0x3, 0xef,
    0xff, 0xff, 0xfd, 0x20, 0xe, 0xff, 0xd9, 0xae,
    0xff, 0xc0, 0x6f, 0xfb, 0x0, 0x1, 0xdf, 0xf4,
    0xbf, 0xf3, 0x0, 0x0, 0x6f, 0xf8, 0xbe, 0xe0,
    0x0, 0x0, 0x4f, 0xf9, 0x0, 0x0, 0x0, 0x0,
    0x6f, 0xf7, 0x0, 0x0, 0x0, 0x0, 0xdf, 0xf2,
    0x0, 0x0, 0x0, 0xa, 0xff, 0xa0, 0x0, 0x0,
    0x0, 0x8f, 0xfe, 0x10, 0x0, 0x0, 0x8, 0xff,
    0xe2, 0x0, 0x0, 0x0, 0x8f, 0xff, 0x30, 0x0,
    0x0, 0x9, 0xff, 0xf3, 0x0, 0x0, 0x0, 0x9f,
    0xff, 0x30, 0x0, 0x0, 0x9, 0xff, 0xf3, 0x0,
    0x0, 0x0, 0x8f, 0xff, 0xca, 0xaa, 0xaa, 0xa7,
    0xcf, 0xff, 0xff, 0xff, 0xff, 0xfc, 0xcf, 0xff,
    0xff, 0xff, 0xff, 0xfc,

    /* U+0033 "3" */
    0x0, 0x7, 0xcf, 0xfe, 0x92, 0x0, 0x0, 0x1d,
    0xff, 0xff, 0xff, 0xf5, 0x0, 0xc, 0xff, 0xe9,
    0x8c, 0xff, 0xf2, 0x4, 0xff, 0xd1, 0x0, 0x9,
    0xff, 0x90, 0x8f, 0xf5, 0x0, 0x0, 0x1f, 0xfc,
    0x1, 0x33, 0x0, 0x0, 0x1, 0xff, 0xb0, 0x0,
    0x0, 0x0, 0x0, 0x8f, 0xf7, 0x0, 0x0, 0x3,
    0x67, 0xbf, 0xfb, 0x0, 0x0, 0x0, 0x9f, 0xff,
    0xf7, 0x0, 0x0, 0x0, 0x9, 0xff, 0xff, 0xfa,
    0x0, 0x0, 0x0, 0x0, 0x4, 0xcf, 0xfa, 0x0,
    0x0, 0x0, 0x0, 0x0, 0xef, 0xf2, 0x77, 0x70,
    0x0, 0x0, 0xa, 0xff, 0x5d, 0xff, 0x20, 0x0,
    0x0, 0xcf, 0xf5, 0x9f, 0xfb, 0x0, 0x0, 0x6f,
    0xff, 0x11, 0xef, 0xfe, 0xa9, 0xcf, 0xff, 0x80,
    0x3, 0xef, 0xff, 0xff, 0xff, 0xa0, 0x0, 0x1,
    0x8d, 0xff, 0xea, 0x40, 0x0,

    /* U+0034 "4" */
    0x0, 0x0, 0x0, 0x1, 0xff, 0xff, 0x0, 0x0,
    0x0, 0x0, 0x0, 0xaf, 0xff, 0xf0, 0x0, 0x0,
    0x0, 0x0, 0x4f, 0xff, 0xff, 0x0, 0x0, 0x0,
    0x0, 0xd, 0xfe, 0xef, 0xf0, 0x0, 0x0, 0x0,
    0x7, 0xff, 0x5e, 0xff, 0x0, 0x0, 0x0, 0x1,
    0xff, 0xc0, 0xef, 0xf0, 0x0, 0x0, 0x0, 0xaf,
    0xf3, 0xe, 0xff, 0x0, 0x0, 0x0, 0x4f, 0xf9,
    0x0, 0xef, 0xf0, 0x0, 0x0, 0xd, 0xfe, 0x10,
    0xe, 0xff, 0x0, 0x0, 0x8, 0xff, 0x60, 0x0,
    0xef, 0xf0, 0x0, 0x2, 0xff, 0xc0, 0x0, 0xe,
    0xff, 0x0, 0x0, 0xbf, 0xf3, 0x0, 0x0, 0xef,
    0xf0, 0x0, 0x1f, 0xff, 0xff, 0xff, 0xff, 0xff,
    0xff, 0x31, 0xff, 0xff, 0xff, 0xff, 0xff, 0xff,
    0xf3, 0x9, 0x99, 0x99, 0x99, 0x9f, 0xff, 0x99,
    0x10, 0x0, 0x0, 0x0, 0x0, 0xef, 0xf0, 0x0,
    0x0, 0x0, 0x0, 0x0, 0xe, 0xff, 0x0, 0x0,
    0x0, 0x0, 0x0, 0x0, 0xef, 0xf0, 0x0,

    /* U+0035 "5" */
    0x1, 0xff, 0xff, 0xff, 0xff, 0xff, 0x0, 0x2f,
    0xff, 0xff, 0xff, 0xff, 0xf0, 0x3, 0xff, 0xc9,
    0x99, 0x99, 0x99, 0x0, 0x5f, 0xf6, 0x0, 0x0,
    0x0, 0x0, 0x6, 0xff, 0x50, 0x0, 0x0, 0x0,
    0x0, 0x7f, 0xf4, 0x0, 0x0, 0x0, 0x0, 0x8,
    0xff, 0x38, 0xef, 0xe9, 0x10, 0x0, 0x9f, 0xfe,
    0xff, 0xff, 0xfe, 0x30, 0xa, 0xff, 0xfb, 0x78,
    0xef, 0xfe, 0x0, 0x9e, 0xf5, 0x0, 0x0, 0xcf,
    0xf6, 0x0, 0x0, 0x0, 0x0, 0x4, 0xff, 0xb0,
    0x0, 0x0, 0x0, 0x0, 0xf, 0xfd, 0x4, 0x44,
    0x0, 0x0, 0x0, 0xff, 0xd0, 0xff, 0xf0, 0x0,
    0x0, 0x4f, 0xfb, 0xa, 0xff, 0x90, 0x0, 0x1d,
    0xff, 0x50, 0x2f, 0xff, 0xd9, 0x9e, 0xff, 0xc0,
    0x0, 0x4f, 0xff, 0xff, 0xff, 0xd1, 0x0, 0x0,
    0x19, 0xdf, 0xfc, 0x70, 0x0,

    /* U+0036 "6" */
    0x0, 0x0, 0x3a, 0xef, 0xeb, 0x40, 0x0, 0x0,
    0x6, 0xff, 0xff, 0xff, 0xf8, 0x0, 0x0, 0x4f,
    0xff, 0xca, 0xcf, 0xff, 0x60, 0x0, 0xdf, 0xf5,
    0x0, 0x6, 0xff, 0xd0, 0x4, 0xff, 0x90, 0x0,
    0x0, 0x9c, 0xc1, 0x8, 0xff, 0x20, 0x0, 0x0,
    0x0, 0x0, 0xc, 0xff, 0x5, 0xcf, 0xfc, 0x50,
    0x0, 0xe, 0xfd, 0x8f, 0xff, 0xff, 0xfa, 0x0,
    0xf, 0xff, 0xff, 0x97, 0xaf, 0xff, 0x60, 0xf,
    0xff, 0xf2, 0x0, 0x6, 0xff, 0xe0, 0xf, 0xff,
    0x70, 0x0, 0x0, 0xcf, 0xf3, 0xe, 0xff, 0x30,
    0x0, 0x0, 0x8f, 0xf5, 0xb, 0xff, 0x40, 0x0,
    0x0, 0x9f, 0xf4, 0x7, 0xff, 0x80, 0x0, 0x0,
    0xdf, 0xf2, 0x1, 0xff, 0xf3, 0x0, 0x8, 0xff,
    0xd0, 0x0, 0x8f, 0xff, 0xa9, 0xcf, 0xff, 0x40,
    0x0, 0xa, 0xff, 0xff, 0xff, 0xf6, 0x0, 0x0,
    0x0, 0x5b, 0xff, 0xea, 0x30, 0x0,

    /* U+0037 "7" */
    0x4f, 0xff, 0xff, 0xff, 0xff, 0xff, 0x14, 0xff,
    0xff, 0xff, 0xff, 0xff, 0xf1, 0x2a, 0xaa, 0xaa,
    0xaa, 0xbf, 0xff, 0x10, 0x0, 0x0, 0x0, 0x5,
    0xff, 0xb0, 0x0, 0x0, 0x0, 0x0, 0xdf, 0xf4,
    0x0, 0x0, 0x0, 0x0, 0x4f, 0xfc, 0x0, 0x0,
    0x0, 0x0, 0xc, 0xff, 0x50, 0x0, 0x0, 0x0,
    0x3, 0xff, 0xd0, 0x0, 0x0, 0x0, 0x0, 0xaf,
    0xf6, 0x0, 0x0, 0x0, 0x0, 0x2f, 0xfe, 0x0,
    0x0, 0x0, 0x0, 0xa, 0xff, 0x70, 0x0, 0x0,
    0x0, 0x1, 0xff, 0xe0, 0x0, 0x0, 0x0, 0x0,
    0x8f, 0xf8, 0x0, 0x0, 0x0, 0x0, 0x1f, 0xff,
    0x10, 0x0, 0x0, 0x0, 0x7, 0xff, 0x90, 0x0,
    0x0, 0x0, 0x0, 0xef, 0xf2, 0x0, 0x0, 0x0,
    0x0, 0x6f, 0xfa, 0x0, 0x0, 0x0, 0x0, 0xe,
    0xff, 0x30, 0x0, 0x0, 0x0,

    /* U+0038 "8" */
    0x0, 0x0, 0x7c, 0xff, 0xd9, 0x20, 0x0, 0x0,
    0x2d, 0xff, 0xff, 0xff, 0xf5, 0x0, 0x0, 0xcf,
    0xfe, 0x87, 0xcf, 0xff, 0x20, 0x3, 0xff, 0xd0,
    0x0, 0xa, 0xff, 0x80, 0x6, 0xff, 0x80, 0x0,
    0x3, 0xff, 0xb0, 0x5, 0xff, 0x80, 0x0, 0x3,
    0xff, 0xa0, 0x1, 0xff, 0xd0, 0x0, 0xa, 0xff,
    0x50, 0x0, 0x5f, 0xfd, 0x76, 0xbf, 0xfa, 0x0,
    0x0, 0x3, 0xdf, 0xff, 0xff, 0x60, 0x0, 0x0,
    0x4e, 0xff, 0xff, 0xff, 0xf8, 0x0, 0x3, 0xff,
    0xf6, 0x10, 0x4d, 0xff, 0x80, 0xb, 0xff, 0x50,
    0x0, 0x1, 0xff, 0xf1, 0xf, 0xff, 0x0, 0x0,
    0x0, 0xcf, 0xf4, 0xf, 0xff, 0x10, 0x0, 0x0,
    0xcf, 0xf4, 0xc, 0xff, 0x90, 0x0, 0x4, 0xff,
    0xf1, 0x4, 0xff, 0xfc, 0x76, 0xaf, 0xff, 0x90,
    0x0, 0x6f, 0xff, 0xff, 0xff, 0xfa, 0x0, 0x0,
    0x2, 0x9d, 0xff, 0xea, 0x40, 0x0,

    /* U+0039 "9" */
    0x0, 0x1, 0x8d, 0xff, 0xd7, 0x0, 0x0, 0x0,
    0x3e, 0xff, 0xff, 0xff, 0xd2, 0x0, 0x1, 0xef,
    0xfe, 0x99, 0xef, 0xfd, 0x0, 0x9, 0xff, 0xb0,
    0x0, 0xc, 0xff, 0x60, 0xe, 0xff, 0x20, 0x0,
    0x2, 0xff, 0xc0, 0xf, 0xfe, 0x0, 0x0, 0x0,
    0xef, 0xf1, 0xf, 0xfe, 0x0, 0x0, 0x0, 0xff,
    0xf3, 0xc, 0xff, 0x50, 0x0, 0x6, 0xff, 0xf4,
    0x6, 0xff, 0xf5, 0x1, 0x6f, 0xff, 0xf5, 0x0,
    0xcf, 0xff, 0xff, 0xff, 0xbf, 0xf5, 0x0, 0xa,
    0xff, 0xff, 0xe4, 0x9f, 0xf3, 0x0, 0x0, 0x15,
    0x64, 0x0, 0xbf, 0xf1, 0x1, 0x22, 0x0, 0x0,
    0x0, 0xef, 0xe0, 0xc, 0xff, 0x20, 0x0, 0x5,
    0xff, 0x90, 0x7, 0xff, 0xc0, 0x0, 0x2e, 0xff,
    0x20, 0x0, 0xef, 0xfe, 0xab, 0xff, 0xf9, 0x0,
    0x0, 0x3e, 0xff, 0xff, 0xff, 0xb0, 0x0, 0x0,
    0x1, 0x8d, 0xff, 0xc5, 0x0, 0x0,

    /* U+003A ":" */
    0x8, 0xa2, 0x7f, 0xfd, 0x8f, 0xfe, 0x1d, 0xf6,
    0x0, 0x0, 0x0, 0x0, 0x0, 0x0, 0x0, 0x0,
    0x0, 0x0, 0x8, 0xa2, 0x7f, 0xfd, 0x8f, 0xfe,
    0x1d, 0xf6,

    /* U+003B ";" */
    0x0, 0xbf, 0x70, 0x6, 0xff, 0xf1, 0x4, 0xff,
    0xf0, 0x0, 0x7a, 0x30, 0x0, 0x0, 0x0, 0x0,
    0x0, 0x0, 0x0, 0x0, 0x0, 0x0, 0x0, 0x0,
    0x0, 0x0, 0x0, 0x1, 0xaa, 0x70, 0x4, 0xff,
    0x70, 0x6, 0xff, 0x30, 0x8, 0xfe, 0x0, 0xb,
    0xfa, 0x0, 0xd, 0xf6, 0x0, 0xf, 0xf1, 0x0,

    /* U+003C "<" */
    0x0, 0x0, 0x0, 0x0, 0x0, 0x5, 0x0, 0x0,
    0x0, 0x0, 0x6, 0xde, 0x0, 0x0, 0x0, 0x6,
    0xef, 0xfe, 0x0, 0x0, 0x7, 0xef, 0xff, 0xf9,
    0x0, 0x7, 0xef, 0xff, 0xf8, 0x10, 0x7, 0xef,
    0xff, 0xe7, 0x0, 0x0, 0x3f, 0xff, 0xc5, 0x0,
    0x0, 0x0, 0x3f, 0xff, 0xa3, 0x0, 0x0, 0x0,
    0x19, 0xff, 0xff, 0xc4, 0x0, 0x0, 0x0, 0x19,
    0xff, 0xff, 0xd6, 0x0, 0x0, 0x0, 0x18, 0xff,
    0xff, 0xe7, 0x0, 0x0, 0x0, 0x18, 0xff, 0xfe,
    0x0, 0x0, 0x0, 0x0, 0x17, 0xee, 0x0, 0x0,
    0x0, 0x0, 0x0, 0x6,

    /* U+003D "=" */
    0xdf, 0xff, 0xff, 0xff, 0xff, 0xfd, 0xff, 0xff,
    0xff, 0xff, 0xff, 0x79, 0x99, 0x99, 0x99, 0x99,
    0x90, 0x0, 0x0, 0x0, 0x0, 0x0, 0x0, 0x0,
    0x0, 0x0, 0x0, 0x8, 0x99, 0x99, 0x99, 0x99,
    0x99, 0xdf, 0xff, 0xff, 0xff, 0xff, 0xfd, 0xff,
    0xff, 0xff, 0xff, 0xff,

    /* U+003E ">" */
    0x40, 0x0, 0x0, 0x0, 0x0, 0x0, 0xce, 0x70,
    0x0, 0x0, 0x0, 0x0, 0xcf, 0xfe, 0x71, 0x0,
    0x0, 0x0, 0x7f, 0xff, 0xff, 0x81, 0x0, 0x0,
    0x1, 0x7e, 0xff, 0xff, 0x81, 0x0, 0x0, 0x0,
    0x5d, 0xff, 0xff, 0x91, 0x0, 0x0, 0x0, 0x4b,
    0xff, 0xf6, 0x0, 0x0, 0x0, 0x29, 0xff, 0xf6,
    0x0, 0x0, 0x3a, 0xff, 0xff, 0xa2, 0x0, 0x5c,
    0xff, 0xff, 0xa2, 0x0, 0x5d, 0xff, 0xff, 0xa2,
    0x0, 0x0, 0xcf, 0xff, 0x92, 0x0, 0x0, 0x0,
    0xcf, 0x91, 0x0, 0x0, 0x0, 0x0, 0x51, 0x0,
    0x0, 0x0, 0x0, 0x0,

    /* U+003F "?" */
    0x0, 0x5, 0xcf, 0xfe, 0x92, 0x0, 0x0, 0xaf,
    0xff, 0xff, 0xff, 0x40, 0x7, 0xff, 0xf9, 0x8d,
    0xff, 0xf1, 0xe, 0xff, 0x30, 0x0, 0xbf, 0xf6,
    0x2f, 0xfb, 0x0, 0x0, 0x5f, 0xf8, 0x4, 0x42,
    0x0, 0x0, 0x6f, 0xf7, 0x0, 0x0, 0x0, 0x1,
    0xdf, 0xf3, 0x0, 0x0, 0x0, 0x3d, 0xff, 0xa0,
    0x0, 0x0, 0x5, 0xff, 0xfb, 0x0, 0x0, 0x0,
    0x1f, 0xff, 0x70, 0x0, 0x0, 0x0, 0x5f, 0xf8,
    0x0, 0x0, 0x0, 0x0, 0x7f, 0xf3, 0x0, 0x0,
    0x0, 0x0, 0x49, 0x91, 0x0, 0x0, 0x0, 0x0,
    0x0, 0x0, 0x0, 0x0, 0x0, 0x0, 0x29, 0x80,
    0x0, 0x0, 0x0, 0x0, 0xcf, 0xf8, 0x0, 0x0,
    0x0, 0x0, 0xdf, 0xf9, 0x0, 0x0, 0x0, 0x0,
    0x5e, 0xd2, 0x0, 0x0,

    /* U+0040 "@" */
    0x0, 0x0, 0x0, 0x4, 0x9c, 0xff, 0xfd, 0xa5,
    0x0, 0x0, 0x0, 0x0, 0x0, 0x3, 0xcf, 0xff,
    0xff, 0xff, 0xff, 0xe5, 0x0, 0x0, 0x0, 0x0,
    0x7f, 0xff, 0xea, 0x76, 0x68, 0xcf, 0xff, 0x90,
    0x0, 0x0, 0x6, 0xff, 0xf6, 0x0, 0x0, 0x0,
    0x3, 0xdf, 0xf8, 0x0, 0x0, 0x2f, 0xfe, 0x20,
    0x0, 0x0, 0x0, 0x0, 0xb, 0xff, 0x40, 0x0,
    0xbf, 0xf3, 0x0, 0x0, 0x0, 0x0, 0x0, 0x1,
    0xef, 0xc0, 0x2, 0xff, 0x90, 0x0, 0x3b, 0xff,
    0xc3, 0xab, 0x30, 0x6f, 0xf3, 0x7, 0xff, 0x20,
    0x4, 0xff, 0xff, 0xff, 0xff, 0x40, 0xf, 0xf8,
    0xb, 0xfd, 0x0, 0x1e, 0xfe, 0x76, 0x9f, 0xff,
    0x40, 0xc, 0xfc, 0xe, 0xfa, 0x0, 0x7f, 0xf2,
    0x0, 0x7, 0xff, 0x40, 0x9, 0xfe, 0xf, 0xf8,
    0x0, 0xbf, 0xb0, 0x0, 0x1, 0xff, 0x40, 0x8,
    0xff, 0xf, 0xf8, 0x0, 0xcf, 0x80, 0x0, 0x0,
    0xff, 0x40, 0x8, 0xff, 0xf, 0xf8, 0x0, 0xcf,
    0x80, 0x0, 0x0, 0xff, 0x40, 0x9, 0xfd, 0xe,
    0xfa, 0x0, 0xbf, 0xa0, 0x0, 0x1, 0xff, 0x40,
    0xb, 0xfb, 0xb, 0xfd, 0x0, 0x7f, 0xf1, 0x0,
    0x7, 0xff, 0x50, 0xf, 0xf7, 0x8, 0xff, 0x20,
    0x1f, 0xfd, 0x53, 0x7f, 0xff, 0xb3, 0xaf, 0xf2,
    0x3, 0xff, 0x80, 0x5, 0xff, 0xff, 0xfe, 0x8f,
    0xff, 0xff, 0x70, 0x0, 0xcf, 0xf2, 0x0, 0x4b,
    0xff, 0xb2, 0x8, 0xef, 0xd6, 0x0, 0x0, 0x3f,
    0xfe, 0x20, 0x0, 0x0, 0x0, 0x0, 0x0, 0x0,
    0x0, 0x0, 0x7, 0xff, 0xe6, 0x0, 0x0, 0x0,
    0x0, 0x10, 0x0, 0x0, 0x0, 0x0, 0x8f, 0xff,
    0xea, 0x76, 0x68, 0xbe, 0xb0, 0x0, 0x0, 0x0,
    0x0, 0x4, 0xdf, 0xff, 0xff, 0xff, 0xff, 0xf1,
    0x0, 0x0, 0x0, 0x0, 0x0, 0x4, 0x9c, 0xef,
    0xfe, 0xb8, 0x30, 0x0, 0x0,

    /* U+0041 "A" */
    0x0, 0x0, 0x0, 0xef, 0xff, 0x30, 0x0, 0x0,
    0x0, 0x0, 0x3, 0xff, 0xff, 0x80, 0x0, 0x0,
    0x0, 0x0, 0x9, 0xff, 0xff, 0xd0, 0x0, 0x0,
    0x0, 0x0, 0xe, 0xfe, 0xaf, 0xf3, 0x0, 0x0,
    0x0, 0x0, 0x3f, 0xfa, 0x6f, 0xf8, 0x0, 0x0,
    0x0, 0x0, 0x8f, 0xf6, 0x1f, 0xfd, 0x0, 0x0,
    0x0, 0x0, 0xef, 0xf2, 0xd, 0xff, 0x20, 0x0,
    0x0, 0x3, 0xff, 0xd0, 0x8, 0xff, 0x80, 0x0,
    0x0, 0x8, 0xff, 0x90, 0x4, 0xff, 0xd0, 0x0,
    0x0, 0xd, 0xff, 0x40, 0x0, 0xff, 0xf2, 0x0,
    0x0, 0x3f, 0xfe, 0x0, 0x0, 0xaf, 0xf8, 0x0,
    0x0, 0x8f, 0xff, 0xff, 0xff, 0xff, 0xfd, 0x0,
    0x0, 0xdf, 0xff, 0xff, 0xff, 0xff, 0xff, 0x20,
    0x2, 0xff, 0xf9, 0x99, 0x99, 0x9d, 0xff, 0x80,
    0x8, 0xff, 0xa0, 0x0, 0x0, 0x6, 0xff, 0xd0,
    0xd, 0xff, 0x50, 0x0, 0x0, 0x1, 0xff, 0xf2,
    0x2f, 0xff, 0x10, 0x0, 0x0, 0x0, 0xcf, 0xf8,
    0x7f, 0xfb, 0x0, 0x0, 0x0, 0x0, 0x7f, 0xfd,

    /* U+0042 "B" */
    0x7f, 0xff, 0xff, 0xff, 0xd9, 0x10, 0x0, 0x7f,
    0xff, 0xff, 0xff, 0xff, 0xf3, 0x0, 0x7f, 0xfc,
    0x99, 0x9a, 0xff, 0xfd, 0x0, 0x7f, 0xf8, 0x0,
    0x0, 0x2f, 0xff, 0x40, 0x7f, 0xf8, 0x0, 0x0,
    0x9, 0xff, 0x60, 0x7f, 0xf8, 0x0, 0x0, 0x8,
    0xff, 0x60, 0x7f, 0xf8, 0x0, 0x0, 0xc, 0xff,
    0x20, 0x7f, 0xf8, 0x0, 0x1, 0x9f, 0xf9, 0x0,
    0x7f, 0xff, 0xff, 0xff, 0xfe, 0x70, 0x0, 0x7f,
    0xff, 0xff, 0xff, 0xff, 0xc4, 0x0, 0x7f, 0xfa,
    0x55, 0x56, 0xaf, 0xff, 0x40, 0x7f, 0xf8, 0x0,
    0x0, 0x6, 0xff, 0xc0, 0x7f, 0xf8, 0x0, 0x0,
    0x0, 0xff, 0xf0, 0x7f, 0xf8, 0x0, 0x0, 0x0,
    0xff, 0xf1, 0x7f, 0xf8, 0x0, 0x0, 0x8, 0xff,
    0xe0, 0x7f, 0xfc, 0x99, 0x99, 0xdf, 0xff, 0x80,
    0x7f, 0xff, 0xff, 0xff, 0xff, 0xfb, 0x0, 0x7f,
    0xff, 0xff, 0xff, 0xeb, 0x50, 0x0,

    /* U+0043 "C" */
    0x0, 0x0, 0x4, 0xae, 0xff, 0xc8, 0x10, 0x0,
    0x0, 0x1, 0xbf, 0xff, 0xff, 0xff, 0xf5, 0x0,
    0x0, 0xd, 0xff, 0xff, 0xdd, 0xff, 0xff, 0x50,
    0x0, 0x9f, 0xff, 0x60, 0x0, 0x2b, 0xff, 0xe1,
    0x2, 0xff, 0xf4, 0x0, 0x0, 0x0, 0xcf, 0xf7,
    0x8, 0xff, 0xa0, 0x0, 0x0, 0x0, 0x5f, 0xfb,
    0xc, 0xff, 0x40, 0x0, 0x0, 0x0, 0x2, 0x22,
    0xe, 0xff, 0x10, 0x0, 0x0, 0x0, 0x0, 0x0,
    0xf, 0xff, 0x0, 0x0, 0x0, 0x0, 0x0, 0x0,
    0xf, 0xff, 0x0, 0x0, 0x0, 0x0, 0x0, 0x0,
    0xe, 0xff, 0x10, 0x0, 0x0, 0x0, 0x0, 0x0,
    0xc, 0xff, 0x40, 0x0, 0x0, 0x0, 0x2, 0x22,
    0x8, 0xff, 0xa0, 0x0, 0x0, 0x0, 0x5f, 0xfc,
    0x2, 0xff, 0xf4, 0x0, 0x0, 0x0, 0xdf, 0xf7,
    0x0, 0x9f, 0xff, 0x60, 0x0, 0x2c, 0xff, 0xe1,
    0x0, 0xd, 0xff, 0xff, 0xdd, 0xff, 0xff, 0x50,
    0x0, 0x1, 0xbf, 0xff, 0xff, 0xff, 0xf5, 0x0,
    0x0, 0x0, 0x4, 0xae, 0xff, 0xc8, 0x10, 0x0,

    /* U+0044 "D" */
    0x7f, 0xff, 0xff, 0xfe, 0xb6, 0x0, 0x0, 0x7,
    0xff, 0xff, 0xff, 0xff, 0xfe, 0x40, 0x0, 0x7f,
    0xfd, 0xbb, 0xbd, 0xff, 0xff, 0x40, 0x7, 0xff,
    0x80, 0x0, 0x2, 0xcf, 0xfe, 0x0, 0x7f, 0xf8,
    0x0, 0x0, 0x0, 0xcf, 0xf7, 0x7, 0xff, 0x80,
    0x0, 0x0, 0x4, 0xff, 0xd0, 0x7f, 0xf8, 0x0,
    0x0, 0x0, 0xe, 0xff, 0x17, 0xff, 0x80, 0x0,
    0x0, 0x0, 0xbf, 0xf4, 0x7f, 0xf8, 0x0, 0x0,
    0x0, 0xa, 0xff, 0x57, 0xff, 0x80, 0x0, 0x0,
    0x0, 0xaf, 0xf5, 0x7f, 0xf8, 0x0, 0x0, 0x0,
    0xc, 0xff, 0x47, 0xff, 0x80, 0x0, 0x0, 0x0,
    0xef, 0xf1, 0x7f, 0xf8, 0x0, 0x0, 0x0, 0x4f,
    0xfd, 0x7, 0xff, 0x80, 0x0, 0x0, 0xc, 0xff,
    0x70, 0x7f, 0xf8, 0x0, 0x0, 0x2c, 0xff, 0xe0,
    0x7, 0xff, 0xdb, 0xbb, 0xdf, 0xff, 0xf4, 0x0,
    0x7f, 0xff, 0xff, 0xff, 0xff, 0xe3, 0x0, 0x7,
    0xff, 0xff, 0xff, 0xeb, 0x60, 0x0, 0x0,

    /* U+0045 "E" */
    0x7f, 0xff, 0xff, 0xff, 0xff, 0xfc, 0x7f, 0xff,
    0xff, 0xff, 0xff, 0xfc, 0x7f, 0xfd, 0xaa, 0xaa,
    0xaa, 0xa8, 0x7f, 0xf8, 0x0, 0x0, 0x0, 0x0,
    0x7f, 0xf8, 0x0, 0x0, 0x0, 0x0, 0x7f, 0xf8,
    0x0, 0x0, 0x0, 0x0, 0x7f, 0xf8, 0x0, 0x0,
    0x0, 0x0, 0x7f, 0xf8, 0x0, 0x0, 0x0, 0x0,
    0x7f, 0xff, 0xff, 0xff, 0xff, 0xf2, 0x7f, 0xff,
    0xff, 0xff, 0xff, 0xf2, 0x7f, 0xfd, 0x99, 0x99,
    0x99, 0x91, 0x7f, 0xf8, 0x0, 0x0, 0x0, 0x0,
    0x7f, 0xf8, 0x0, 0x0, 0x0, 0x0, 0x7f, 0xf8,
    0x0, 0x0, 0x0, 0x0, 0x7f, 0xf8, 0x0, 0x0,
    0x0, 0x0, 0x7f, 0xfd, 0xaa, 0xaa, 0xaa, 0xa8,
    0x7f, 0xff, 0xff, 0xff, 0xff, 0xfc, 0x7f, 0xff,
    0xff, 0xff, 0xff, 0xfc,

    /* U+0046 "F" */
    0x7f, 0xff, 0xff, 0xff, 0xff, 0xf8, 0x7f, 0xff,
    0xff, 0xff, 0xff, 0xf8, 0x7f, 0xfd, 0xaa, 0xaa,
    0xaa, 0xa5, 0x7f, 0xf8, 0x0, 0x0, 0x0, 0x0,
    0x7f, 0xf8, 0x0, 0x0, 0x0, 0x0, 0x7f, 0xf8,
    0x0, 0x0, 0x0, 0x0, 0x7f, 0xf8, 0x0, 0x0,
    0x0, 0x0, 0x7f, 0xf8, 0x0, 0x0, 0x0, 0x0,
    0x7f, 0xff, 0xff, 0xff, 0xff, 0xd0, 0x7f, 0xff,
    0xff, 0xff, 0xff, 0xd0, 0x7f, 0xfd, 0xaa, 0xaa,
    0xaa, 0x80, 0x7f, 0xf8, 0x0, 0x0, 0x0, 0x0,
    0x7f, 0xf8, 0x0, 0x0, 0x0, 0x0, 0x7f, 0xf8,
    0x0, 0x0, 0x0, 0x0, 0x7f, 0xf8, 0x0, 0x0,
    0x0, 0x0, 0x7f, 0xf8, 0x0, 0x0, 0x0, 0x0,
    0x7f, 0xf8, 0x0, 0x0, 0x0, 0x0, 0x7f, 0xf8,
    0x0, 0x0, 0x0, 0x0,

    /* U+0047 "G" */
    0x0, 0x0, 0x4, 0xae, 0xff, 0xc8, 0x10, 0x0,
    0x0, 0x1, 0xbf, 0xff, 0xff, 0xff, 0xf5, 0x0,
    0x0, 0xd, 0xff, 0xff, 0xdd, 0xff, 0xff, 0x50,
    0x0, 0x9f, 0xff, 0x60, 0x0, 0x2b, 0xff, 0xf1,
    0x2, 0xff, 0xf4, 0x0, 0x0, 0x0, 0xcf, 0xf7,
    0x8, 0xff, 0xa0, 0x0, 0x0, 0x0, 0x4e, 0xeb,
    0xc, 0xff, 0x40, 0x0, 0x0, 0x0, 0x0, 0x0,
    0xe, 0xff, 0x10, 0x0, 0x0, 0x0, 0x0, 0x0,
    0xf, 0xff, 0x0, 0x0, 0x6, 0x77, 0x77, 0x77,
    0xf, 0xff, 0x0, 0x0, 0xd, 0xff, 0xff, 0xff,
    0xe, 0xff, 0x10, 0x0, 0xd, 0xff, 0xff, 0xff,
    0xc, 0xff, 0x40, 0x0, 0x0, 0x0, 0xf, 0xfe,
    0x8, 0xff, 0xb0, 0x0, 0x0, 0x0, 0x2f, 0xfc,
    0x2, 0xff, 0xf4, 0x0, 0x0, 0x0, 0xbf, 0xf7,
    0x0, 0x9f, 0xff, 0x60, 0x0, 0x1a, 0xff, 0xf1,
    0x0, 0xd, 0xff, 0xff, 0xdd, 0xff, 0xff, 0x50,
    0x0, 0x1, 0xbf, 0xff, 0xff, 0xff, 0xf5, 0x0,
    0x0, 0x0, 0x4, 0xae, 0xff, 0xd8, 0x10, 0x0,

    /* U+0048 "H" */
    0x7f, 0xf8, 0x0, 0x0, 0x0, 0xb, 0xff, 0x47,
    0xff, 0x80, 0x0, 0x0, 0x0, 0xbf, 0xf4, 0x7f,
    0xf8, 0x0, 0x0, 0x0, 0xb, 0xff, 0x47, 0xff,
    0x80, 0x0, 0x0, 0x0, 0xbf, 0xf4, 0x7f, 0xf8,
    0x0, 0x0, 0x0, 0xb, 0xff, 0x47, 0xff, 0x80,
    0x0, 0x0, 0x0, 0xbf, 0xf4, 0x7f, 0xf8, 0x0,
    0x0, 0x0, 0xb, 0xff, 0x47, 0xff, 0x80, 0x0,
    0x0, 0x0, 0xbf, 0xf4, 0x7f, 0xff, 0xff, 0xff,
    0xff, 0xff, 0xff, 0x47, 0xff, 0xff, 0xff, 0xff,
    0xff, 0xff, 0xf4, 0x7f, 0xfd, 0xaa, 0xaa, 0xaa,
    0xae, 0xff, 0x47, 0xff, 0x80, 0x0, 0x0, 0x0,
    0xbf, 0xf4, 0x7f, 0xf8, 0x0, 0x0, 0x0, 0xb,
    0xff, 0x47, 0xff, 0x80, 0x0, 0x0, 0x0, 0xbf,
    0xf4, 0x7f, 0xf8, 0x0, 0x0, 0x0, 0xb, 0xff,
    0x47, 0xff, 0x80, 0x0, 0x0, 0x0, 0xbf, 0xf4,
    0x7f, 0xf8, 0x0, 0x0, 0x0, 0xb, 0xff, 0x47,
    0xff, 0x80, 0x0, 0x0, 0x0, 0xbf, 0xf4,

    /* U+0049 "I" */
    0x7f, 0xf8, 0x7f, 0xf8, 0x7f, 0xf8, 0x7f, 0xf8,
    0x7f, 0xf8, 0x7f, 0xf8, 0x7f, 0xf8, 0x7f, 0xf8,
    0x7f, 0xf8, 0x7f, 0xf8, 0x7f, 0xf8, 0x7f, 0xf8,
    0x7f, 0xf8, 0x7f, 0xf8, 0x7f, 0xf8, 0x7f, 0xf8,
    0x7f, 0xf8, 0x7f, 0xf8,

    /* U+004A "J" */
    0x0, 0x0, 0x0, 0x0, 0x7f, 0xf8, 0x0, 0x0,
    0x0, 0x0, 0x7f, 0xf8, 0x0, 0x0, 0x0, 0x0,
    0x7f, 0xf8, 0x0, 0x0, 0x0, 0x0, 0x7f, 0xf8,
    0x0, 0x0, 0x0, 0x0, 0x7f, 0xf8, 0x0, 0x0,
    0x0, 0x0, 0x7f, 0xf8, 0x0, 0x0, 0x0, 0x0,
    0x7f, 0xf8, 0x0, 0x0, 0x0, 0x0, 0x7f, 0xf8,
    0x0, 0x0, 0x0, 0x0, 0x7f, 0xf8, 0x0, 0x0,
    0x0, 0x0, 0x7f, 0xf8, 0x0, 0x0, 0x0, 0x0,
    0x7f, 0xf8, 0x18, 0x86, 0x0, 0x0, 0x7f, 0xf8,
    0x3f, 0xfb, 0x0, 0x0, 0x7f, 0xf8, 0x2f, 0xfd,
    0x0, 0x0, 0x9f, 0xf7, 0xe, 0xff, 0x40, 0x1,
    0xef, 0xf4, 0x8, 0xff, 0xfb, 0xaf, 0xff, 0xd0,
    0x0, 0xcf, 0xff, 0xff, 0xfe, 0x20, 0x0, 0x7,
    0xcf, 0xfd, 0x91, 0x0,

    /* U+004B "K" */
    0x7f, 0xf8, 0x0, 0x0, 0x0, 0xcf, 0xfd, 0x7,
    0xff, 0x80, 0x0, 0x0, 0xaf, 0xfe, 0x10, 0x7f,
    0xf8, 0x0, 0x0, 0x7f, 0xff, 0x30, 0x7, 0xff,
    0x80, 0x0, 0x4f, 0xff, 0x60, 0x0, 0x7f, 0xf8,
    0x0, 0x2f, 0xff, 0x80, 0x0, 0x7, 0xff, 0x80,
    0x1d, 0xff, 0xb0, 0x0, 0x0, 0x7f, 0xf8, 0xb,
    0xff, 0xd1, 0x0, 0x0, 0x7, 0xff, 0x87, 0xff,
    0xf2, 0x0, 0x0, 0x0, 0x7f, 0xfb, 0xff, 0xff,
    0x40, 0x0, 0x0, 0x7, 0xff, 0xff, 0xff, 0xfe,
    0x0, 0x0, 0x0, 0x7f, 0xff, 0xf5, 0xdf, 0xf9,
    0x0, 0x0, 0x7, 0xff, 0xf8, 0x3, 0xff, 0xf3,
    0x0, 0x0, 0x7f, 0xfb, 0x0, 0x9, 0xff, 0xd0,
    0x0, 0x7, 0xff, 0x80, 0x0, 0xe, 0xff, 0x80,
    0x0, 0x7f, 0xf8, 0x0, 0x0, 0x5f, 0xff, 0x20,
    0x7, 0xff, 0x80, 0x0, 0x0, 0xbf, 0xfc, 0x0,
    0x7f, 0xf8, 0x0, 0x0, 0x1, 0xff, 0xf6, 0x7,
    0xff, 0x80, 0x0, 0x0, 0x6, 0xff, 0xf1,

    /* U+004C "L" */
    0x7f, 0xf8, 0x0, 0x0, 0x0, 0x0, 0x7f, 0xf8,
    0x0, 0x0, 0x0, 0x0, 0x7f, 0xf8, 0x0, 0x0,
    0x0, 0x0, 0x7f, 0xf8, 0x0, 0x0, 0x0, 0x0,
    0x7f, 0xf8, 0x0, 0x0, 0x0, 0x0, 0x7f, 0xf8,
    0x0, 0x0, 0x0, 0x0, 0x7f, 0xf8, 0x0, 0x0,
    0x0, 0x0, 0x7f, 0xf8, 0x0, 0x0, 0x0, 0x0,
    0x7f, 0xf8, 0x0, 0x0, 0x0, 0x0, 0x7f, 0xf8,
    0x0, 0x0, 0x0, 0x0, 0x7f, 0xf8, 0x0, 0x0,
    0x0, 0x0, 0x7f, 0xf8, 0x0, 0x0, 0x0, 0x0,
    0x7f, 0xf8, 0x0, 0x0, 0x0, 0x0, 0x7f, 0xf8,
    0x0, 0x0, 0x0, 0x0, 0x7f, 0xf8, 0x0, 0x0,
    0x0, 0x0, 0x7f, 0xfd, 0xaa, 0xaa, 0xaa, 0xa1,
    0x7f, 0xff, 0xff, 0xff, 0xff, 0xf1, 0x7f, 0xff,
    0xff, 0xff, 0xff, 0xf1,

    /* U+004D "M" */
    0x7f, 0xff, 0xf1, 0x0, 0x0, 0x0, 0x5, 0xff,
    0xff, 0x37, 0xff, 0xff, 0x70, 0x0, 0x0, 0x0,
    0xbf, 0xff, 0xf3, 0x7f, 0xff, 0xfc, 0x0, 0x0,
    0x0, 0x1f, 0xff, 0xff, 0x37, 0xff, 0xff, 0xf2,
    0x0, 0x0, 0x6, 0xff, 0xff, 0xf3, 0x7f, 0xfd,
    0xff, 0x70, 0x0, 0x0, 0xbf, 0xfc, 0xff, 0x37,
    0xff, 0x9f, 0xfd, 0x0, 0x0, 0x1f, 0xfd, 0xaf,
    0xf3, 0x7f, 0xf7, 0xdf, 0xf2, 0x0, 0x6, 0xff,
    0x9b, 0xff, 0x37, 0xff, 0x79, 0xff, 0x80, 0x0,
    0xbf, 0xf4, 0xbf, 0xf3, 0x7f, 0xf7, 0x3f, 0xfd,
    0x0, 0x1f, 0xfe, 0xb, 0xff, 0x37, 0xff, 0x70,
    0xef, 0xf2, 0x6, 0xff, 0x90, 0xcf, 0xf3, 0x7f,
    0xf7, 0x8, 0xff, 0x70, 0xaf, 0xf4, 0xc, 0xff,
    0x37, 0xff, 0x70, 0x3f, 0xfb, 0xe, 0xfe, 0x0,
    0xcf, 0xf3, 0x7f, 0xf7, 0x0, 0xdf, 0xf3, 0xff,
    0x80, 0xc, 0xff, 0x37, 0xff, 0x70, 0x7, 0xff,
    0xbf, 0xf3, 0x0, 0xcf, 0xf3, 0x7f, 0xf7, 0x0,
    0x2f, 0xff, 0xfd, 0x0, 0xc, 0xff, 0x37, 0xff,
    0x70, 0x0, 0xcf, 0xff, 0x70, 0x0, 0xcf, 0xf3,
    0x7f, 0xf7, 0x0, 0x6, 0xff, 0xf2, 0x0, 0xc,
    0xff, 0x37, 0xff, 0x70, 0x0, 0x1f, 0xfc, 0x0,
    0x0, 0xcf, 0xf3,

    /* U+004E "N" */
    0x7f, 0xff, 0x20, 0x0, 0x0, 0x8, 0xff, 0x77,
    0xff, 0xfb, 0x0, 0x0, 0x0, 0x8f, 0xf7, 0x7f,
    0xff, 0xf4, 0x0, 0x0, 0x8, 0xff, 0x77, 0xff,
    0xff, 0xd0, 0x0, 0x0, 0x8f, 0xf7, 0x7f, 0xfe,
    0xff, 0x70, 0x0, 0x8, 0xff, 0x77, 0xff, 0x8e,
    0xff, 0x10, 0x0, 0x8f, 0xf7, 0x7f, 0xf7, 0x7f,
    0xfa, 0x0, 0x8, 0xff, 0x77, 0xff, 0x80, 0xef,
    0xf3, 0x0, 0x8f, 0xf7, 0x7f, 0xf8, 0x6, 0xff,
    0xc0, 0x8, 0xff, 0x77, 0xff, 0x80, 0xc, 0xff,
    0x60, 0x8f, 0xf7, 0x7f, 0xf8, 0x0, 0x3f, 0xfe,
    0x8, 0xff, 0x77, 0xff, 0x80, 0x0, 0xaf, 0xf7,
    0x8f, 0xf7, 0x7f, 0xf8, 0x0, 0x1, 0xff, 0xf8,
    0xff, 0x77, 0xff, 0x80, 0x0, 0x7, 0xff, 0xef,
    0xf7, 0x7f, 0xf8, 0x0, 0x0, 0xd, 0xff, 0xff,
    0x77, 0xff, 0x80, 0x0, 0x0, 0x4f, 0xff, 0xf7,
    0x7f, 0xf8, 0x0, 0x0, 0x0, 0xbf, 0xff, 0x77,
    0xff, 0x80, 0x0, 0x0, 0x2, 0xff, 0xf7,

    /* U+004F "O" */
    0x0, 0x0, 0x4, 0xae, 0xff, 0xc7, 0x10, 0x0,
    0x0, 0x0, 0x1b, 0xff, 0xff, 0xff, 0xfe, 0x40,
    0x0, 0x0, 0xc, 0xff, 0xff, 0xde, 0xff, 0xff,
    0x40, 0x0, 0x9, 0xff, 0xf6, 0x0, 0x2, 0xcf,
    0xff, 0x10, 0x2, 0xff, 0xf4, 0x0, 0x0, 0x0,
    0xcf, 0xf9, 0x0, 0x8f, 0xfa, 0x0, 0x0, 0x0,
    0x3, 0xff, 0xe0, 0xc, 0xff, 0x40, 0x0, 0x0,
    0x0, 0xd, 0xff, 0x30, 0xef, 0xf1, 0x0, 0x0,
    0x0, 0x0, 0xaf, 0xf5, 0xf, 0xff, 0x0, 0x0,
    0x0, 0x0, 0x9, 0xff, 0x60, 0xff, 0xf0, 0x0,
    0x0, 0x0, 0x0, 0x9f, 0xf6, 0xe, 0xff, 0x10,
    0x0, 0x0, 0x0, 0xa, 0xff, 0x50, 0xcf, 0xf4,
    0x0, 0x0, 0x0, 0x0, 0xdf, 0xf3, 0x8, 0xff,
    0xa0, 0x0, 0x0, 0x0, 0x3f, 0xfe, 0x0, 0x2f,
    0xff, 0x40, 0x0, 0x0, 0xc, 0xff, 0x90, 0x0,
    0x9f, 0xff, 0x60, 0x0, 0x2c, 0xff, 0xf1, 0x0,
    0x0, 0xcf, 0xff, 0xfd, 0xef, 0xff, 0xf4, 0x0,
    0x0, 0x1, 0xbf, 0xff, 0xff, 0xff, 0xe4, 0x0,
    0x0, 0x0, 0x0, 0x4a, 0xef, 0xfc, 0x71, 0x0,
    0x0,

    /* U+0050 "P" */
    0x7f, 0xff, 0xff, 0xff, 0xd8, 0x10, 0x7, 0xff,
    0xff, 0xff, 0xff, 0xfe, 0x20, 0x7f, 0xfd, 0xaa,
    0xac, 0xff, 0xfd, 0x7, 0xff, 0x80, 0x0, 0x3,
    0xef, 0xf5, 0x7f, 0xf8, 0x0, 0x0, 0x7, 0xff,
    0xa7, 0xff, 0x80, 0x0, 0x0, 0x3f, 0xfc, 0x7f,
    0xf8, 0x0, 0x0, 0x3, 0xff, 0xc7, 0xff, 0x80,
    0x0, 0x0, 0x7f, 0xfa, 0x7f, 0xf8, 0x0, 0x0,
    0x3e, 0xff, 0x57, 0xff, 0xda, 0xaa, 0xbf, 0xff,
    0xd0, 0x7f, 0xff, 0xff, 0xff, 0xff, 0xd2, 0x7,
    0xff, 0xff, 0xff, 0xfd, 0x70, 0x0, 0x7f, 0xf8,
    0x0, 0x0, 0x0, 0x0, 0x7, 0xff, 0x80, 0x0,
    0x0, 0x0, 0x0, 0x7f, 0xf8, 0x0, 0x0, 0x0,
    0x0, 0x7, 0xff, 0x80, 0x0, 0x0, 0x0, 0x0,
    0x7f, 0xf8, 0x0, 0x0, 0x0, 0x0, 0x7, 0xff,
    0x80, 0x0, 0x0, 0x0, 0x0,

    /* U+0051 "Q" */
    0x0, 0x0, 0x4, 0xae, 0xff, 0xc7, 0x10, 0x0,
    0x0, 0x0, 0x1b, 0xff, 0xff, 0xff, 0xfe, 0x40,
    0x0, 0x0, 0xc, 0xff, 0xff, 0xde, 0xff, 0xff,
    0x40, 0x0, 0x9, 0xff, 0xf6, 0x0, 0x2, 0xcf,
    0xff, 0x10, 0x2, 0xff, 0xf4, 0x0, 0x0, 0x0,
    0xcf, 0xf9, 0x0, 0x8f, 0xfa, 0x0, 0x0, 0x0,
    0x3, 0xff, 0xe0, 0xc, 0xff, 0x40, 0x0, 0x0,
    0x0, 0xd, 0xff, 0x30, 0xef, 0xf1, 0x0, 0x0,
    0x0, 0x0, 0xaf, 0xf5, 0xf, 0xff, 0x0, 0x0,
    0x0, 0x0, 0x9, 0xff, 0x60, 0xff, 0xf0, 0x0,
    0x0, 0x0, 0x0, 0x9f, 0xf6, 0xe, 0xff, 0x10,
    0x0, 0x0, 0x0, 0xa, 0xff, 0x50, 0xcf, 0xf4,
    0x0, 0x1, 0x10, 0x0, 0xdf, 0xf3, 0x8, 0xff,
    0xa0, 0x0, 0xdf, 0xc0, 0x3f, 0xfe, 0x0, 0x2f,
    0xff, 0x40, 0x2, 0xff, 0x9c, 0xff, 0x90, 0x0,
    0x9f, 0xff, 0x60, 0x6, 0xff, 0xff, 0xf1, 0x0,
    0x0, 0xcf, 0xff, 0xfd, 0xef, 0xff, 0xf4, 0x0,
    0x0, 0x1, 0xbf, 0xff, 0xff, 0xff, 0xfe, 0x10,
    0x0, 0x0, 0x0, 0x4a, 0xef, 0xfc, 0x8f, 0xfb,
    0x0, 0x0, 0x0, 0x0, 0x0, 0x0, 0x0, 0x5f,
    0xf8, 0x0,

    /* U+0052 "R" */
    0x7f, 0xff, 0xff, 0xff, 0xd8, 0x10, 0x0, 0x7f,
    0xff, 0xff, 0xff, 0xff, 0xe3, 0x0, 0x7f, 0xfd,
    0xaa, 0xab, 0xff, 0xfe, 0x10, 0x7f, 0xf8, 0x0,
    0x0, 0x2e, 0xff, 0x70, 0x7f, 0xf8, 0x0, 0x0,
    0x5, 0xff, 0xb0, 0x7f, 0xf8, 0x0, 0x0, 0x2,
    0xff, 0xd0, 0x7f, 0xf8, 0x0, 0x0, 0x3, 0xff,
    0xd0, 0x7f, 0xf8, 0x0, 0x0, 0x8, 0xff, 0xa0,
    0x7f, 0xf8, 0x0, 0x1, 0x7f, 0xff, 0x50, 0x7f,
    0xff, 0xff, 0xff, 0xff, 0xfb, 0x0, 0x7f, 0xff,
    0xff, 0xff, 0xff, 0x90, 0x0, 0x7f, 0xfc, 0x99,
    0xaf, 0xff, 0x10, 0x0, 0x7f, 0xf8, 0x0, 0xb,
    0xff, 0x80, 0x0, 0x7f, 0xf8, 0x0, 0x3, 0xff,
    0xf1, 0x0, 0x7f, 0xf8, 0x0, 0x0, 0xbf, 0xf8,
    0x0, 0x7f, 0xf8, 0x0, 0x0, 0x3f, 0xff, 0x10,
    0x7f, 0xf8, 0x0, 0x0, 0xb, 0xff, 0x90, 0x7f,
    0xf8, 0x0, 0x0, 0x3, 0xff, 0xf1,

    /* U+0053 "S" */
    0x0, 0x0, 0x7c, 0xef, 0xeb, 0x60, 0x0, 0x0,
    0x2d, 0xff, 0xff, 0xff, 0xfc, 0x10, 0x0, 0xdf,
    0xff, 0xba, 0xcf, 0xff, 0xb0, 0x6, 0xff, 0xe2,
    0x0, 0x3, 0xef, 0xf3, 0x9, 0xff, 0x60, 0x0,
    0x0, 0x7f, 0xf7, 0xa, 0xff, 0x60, 0x0, 0x0,
    0x14, 0x42, 0x7, 0xff, 0xe4, 0x0, 0x0, 0x0,
    0x0, 0x1, 0xef, 0xff, 0xd9, 0x50, 0x0, 0x0,
    0x0, 0x3d, 0xff, 0xff, 0xff, 0xb3, 0x0, 0x0,
    0x0, 0x6c, 0xff, 0xff, 0xff, 0x70, 0x0, 0x0,
    0x0, 0x4, 0x8e, 0xff, 0xf5, 0x0, 0x0, 0x0,
    0x0, 0x0, 0xaf, 0xfb, 0xb, 0xba, 0x0, 0x0,
    0x0, 0x2f, 0xfe, 0xe, 0xff, 0x20, 0x0, 0x0,
    0x3f, 0xfd, 0xa, 0xff, 0xc1, 0x0, 0x1, 0xcf,
    0xf9, 0x2, 0xff, 0xff, 0xca, 0xcf, 0xff, 0xf2,
    0x0, 0x4f, 0xff, 0xff, 0xff, 0xfe, 0x40, 0x0,
    0x1, 0x8c, 0xff, 0xfc, 0x81, 0x0,

    /* U+0054 "T" */
    0x4f, 0xff, 0xff, 0xff, 0xff, 0xff, 0xff, 0x14,
    0xff, 0xff, 0xff, 0xff, 0xff, 0xff, 0xf1, 0x2a,
    0xaa, 0xab, 0xff, 0xfa, 0xaa, 0xaa, 0x0, 0x0,
    0x0, 0x1f, 0xfe, 0x0, 0x0, 0x0, 0x0, 0x0,
    0x1, 0xff, 0xe0, 0x0, 0x0, 0x0, 0x0, 0x0,
    0x1f, 0xfe, 0x0, 0x0, 0x0, 0x0, 0x0, 0x1,
    0xff, 0xe0, 0x0, 0x0, 0x0, 0x0, 0x0, 0x1f,
    0xfe, 0x0, 0x0, 0x0, 0x0, 0x0, 0x1, 0xff,
    0xe0, 0x0, 0x0, 0x0, 0x0, 0x0, 0x1f, 0xfe,
    0x0, 0x0, 0x0, 0x0, 0x0, 0x1, 0xff, 0xe0,
    0x0, 0x0, 0x0, 0x0, 0x0, 0x1f, 0xfe, 0x0,
    0x0, 0x0, 0x0, 0x0, 0x1, 0xff, 0xe0, 0x0,
    0x0, 0x0, 0x0, 0x0, 0x1f, 0xfe, 0x0, 0x0,
    0x0, 0x0, 0x0, 0x1, 0xff, 0xe0, 0x0, 0x0,
    0x0, 0x0, 0x0, 0x1f, 0xfe, 0x0, 0x0, 0x0,
    0x0, 0x0, 0x1, 0xff, 0xe0, 0x0, 0x0, 0x0,
    0x0, 0x0, 0x1f, 0xfe, 0x0, 0x0, 0x0,

    /* U+0055 "U" */
    0x8f, 0xf7, 0x0, 0x0, 0x0, 0xe, 0xff, 0x8,
    0xff, 0x70, 0x0, 0x0, 0x0, 0xef, 0xf0, 0x8f,
    0xf7, 0x0, 0x0, 0x0, 0xe, 0xff, 0x8, 0xff,
    0x70, 0x0, 0x0, 0x0, 0xef, 0xf0, 0x8f, 0xf7,
    0x0, 0x0, 0x0, 0xe, 0xff, 0x8, 0xff, 0x70,
    0x0, 0x0, 0x0, 0xef, 0xf0, 0x8f, 0xf7, 0x0,
    0x0, 0x0, 0xe, 0xff, 0x8, 0xff, 0x70, 0x0,
    0x0, 0x0, 0xef, 0xf0, 0x8f, 0xf7, 0x0, 0x0,
    0x0, 0xe, 0xff, 0x8, 0xff, 0x70, 0x0, 0x0,
    0x0, 0xef, 0xf0, 0x8f, 0xf7, 0x0, 0x0, 0x0,
    0xe, 0xff, 0x7, 0xff, 0x70, 0x0, 0x0, 0x0,
    0xef, 0xf0, 0x6f, 0xf9, 0x0, 0x0, 0x0, 0x1f,
    0xff, 0x3, 0xff, 0xf1, 0x0, 0x0, 0x7, 0xff,
    0xc0, 0xd, 0xff, 0xd2, 0x0, 0x6, 0xff, 0xf6,
    0x0, 0x4f, 0xff, 0xfd, 0xce, 0xff, 0xfc, 0x0,
    0x0, 0x5f, 0xff, 0xff, 0xff, 0xfc, 0x10, 0x0,
    0x0, 0x18, 0xcf, 0xfe, 0xb5, 0x0, 0x0,

    /* U+0056 "V" */
    0x7f, 0xfc, 0x0, 0x0, 0x0, 0x0, 0x7f, 0xfc,
    0x2f, 0xff, 0x10, 0x0, 0x0, 0x0, 0xcf, 0xf7,
    0xd, 0xff, 0x60, 0x0, 0x0, 0x1, 0xff, 0xf2,
    0x7, 0xff, 0xb0, 0x0, 0x0, 0x6, 0xff, 0xc0,
    0x2, 0xff, 0xf1, 0x0, 0x0, 0xb, 0xff, 0x70,
    0x0, 0xdf, 0xf5, 0x0, 0x0, 0xf, 0xff, 0x20,
    0x0, 0x7f, 0xfa, 0x0, 0x0, 0x4f, 0xfd, 0x0,
    0x0, 0x2f, 0xff, 0x0, 0x0, 0x9f, 0xf7, 0x0,
    0x0, 0xd, 0xff, 0x40, 0x0, 0xef, 0xf2, 0x0,
    0x0, 0x8, 0xff, 0xa0, 0x3, 0xff, 0xd0, 0x0,
    0x0, 0x2, 0xff, 0xe0, 0x8, 0xff, 0x80, 0x0,
    0x0, 0x0, 0xdf, 0xf3, 0xc, 0xff, 0x30, 0x0,
    0x0, 0x0, 0x8f, 0xf7, 0xf, 0xfd, 0x0, 0x0,
    0x0, 0x0, 0x2f, 0xfc, 0x5f, 0xf8, 0x0, 0x0,
    0x0, 0x0, 0xd, 0xff, 0xaf, 0xf3, 0x0, 0x0,
    0x0, 0x0, 0x8, 0xff, 0xff, 0xe0, 0x0, 0x0,
    0x0, 0x0, 0x2, 0xff, 0xff, 0x90, 0x0, 0x0,
    0x0, 0x0, 0x0, 0xdf, 0xff, 0x30, 0x0, 0x0,

    /* U+0057 "W" */
    0x8f, 0xfa, 0x0, 0x0, 0x3, 0xff, 0xf3, 0x0,
    0x0, 0xa, 0xff, 0x84, 0xff, 0xd0, 0x0, 0x0,
    0x6f, 0xff, 0x60, 0x0, 0x0, 0xef, 0xf4, 0xf,
    0xff, 0x10, 0x0, 0xa, 0xff, 0xfa, 0x0, 0x0,
    0x1f, 0xff, 0x0, 0xcf, 0xf5, 0x0, 0x0, 0xef,
    0xff, 0xe0, 0x0, 0x5, 0xff, 0xc0, 0x8, 0xff,
    0x80, 0x0, 0x2f, 0xfd, 0xff, 0x20, 0x0, 0x8f,
    0xf8, 0x0, 0x4f, 0xfc, 0x0, 0x6, 0xff, 0x7f,
    0xf6, 0x0, 0xc, 0xff, 0x40, 0x0, 0xff, 0xf0,
    0x0, 0x9f, 0xf1, 0xff, 0x90, 0x0, 0xff, 0xf0,
    0x0, 0xc, 0xff, 0x30, 0xd, 0xfd, 0xd, 0xfd,
    0x0, 0x3f, 0xfc, 0x0, 0x0, 0x8f, 0xf7, 0x1,
    0xff, 0x90, 0x9f, 0xf1, 0x7, 0xff, 0x80, 0x0,
    0x4, 0xff, 0xb0, 0x5f, 0xf5, 0x5, 0xff, 0x50,
    0xbf, 0xf4, 0x0, 0x0, 0xf, 0xfe, 0x8, 0xff,
    0x10, 0x1f, 0xf8, 0xe, 0xff, 0x0, 0x0, 0x0,
    0xcf, 0xf1, 0xcf, 0xd0, 0x0, 0xdf, 0xc1, 0xff,
    0xc0, 0x0, 0x0, 0x8, 0xff, 0x4f, 0xfa, 0x0,
    0x9, 0xff, 0x4f, 0xf8, 0x0, 0x0, 0x0, 0x4f,
    0xf9, 0xff, 0x60, 0x0, 0x6f, 0xf9, 0xff, 0x40,
    0x0, 0x0, 0x0, 0xff, 0xff, 0xf2, 0x0, 0x2,
    0xff, 0xff, 0xf0, 0x0, 0x0, 0x0, 0xc, 0xff,
    0xfe, 0x0, 0x0, 0xe, 0xff, 0xfc, 0x0, 0x0,
    0x0, 0x0, 0x8f, 0xff, 0xa0, 0x0, 0x0, 0xaf,
    0xff, 0x80, 0x0, 0x0, 0x0, 0x4, 0xff, 0xf6,
    0x0, 0x0, 0x6, 0xff, 0xf4, 0x0, 0x0,

    /* U+0058 "X" */
    0xd, 0xff, 0x90, 0x0, 0x0, 0x6, 0xff, 0xe1,
    0x3, 0xff, 0xf3, 0x0, 0x0, 0x1e, 0xff, 0x50,
    0x0, 0x9f, 0xfd, 0x0, 0x0, 0xaf, 0xfb, 0x0,
    0x0, 0xe, 0xff, 0x70, 0x4, 0xff, 0xf1, 0x0,
    0x0, 0x4, 0xff, 0xf1, 0xd, 0xff, 0x60, 0x0,
    0x0, 0x0, 0xaf, 0xf9, 0x6f, 0xfc, 0x0, 0x0,
    0x0, 0x0, 0x1f, 0xff, 0xef, 0xf2, 0x0, 0x0,
    0x0, 0x0, 0x6, 0xff, 0xff, 0x80, 0x0, 0x0,
    0x0, 0x0, 0x0, 0xdf, 0xfe, 0x0, 0x0, 0x0,
    0x0, 0x0, 0x1, 0xff, 0xff, 0x40, 0x0, 0x0,
    0x0, 0x0, 0xb, 0xff, 0xff, 0xe0, 0x0, 0x0,
    0x0, 0x0, 0x5f, 0xfd, 0xcf, 0xf9, 0x0, 0x0,
    0x0, 0x1, 0xef, 0xf4, 0x3f, 0xff, 0x30, 0x0,
    0x0, 0xa, 0xff, 0xa0, 0x9, 0xff, 0xd0, 0x0,
    0x0, 0x5f, 0xff, 0x10, 0x0, 0xef, 0xf7, 0x0,
    0x1, 0xef, 0xf6, 0x0, 0x0, 0x5f, 0xff, 0x20,
    0xa, 0xff, 0xc0, 0x0, 0x0, 0xb, 0xff, 0xc0,
    0x4f, 0xff, 0x20, 0x0, 0x0, 0x2, 0xff, 0xf6,

    /* U+0059 "Y" */
    0x6f, 0xff, 0x10, 0x0, 0x0, 0x2, 0xff, 0xf5,
    0xd, 0xff, 0x90, 0x0, 0x0, 0xa, 0xff, 0xc0,
    0x4, 0xff, 0xf2, 0x0, 0x0, 0x2f, 0xff, 0x30,
    0x0, 0xbf, 0xfa, 0x0, 0x0, 0xaf, 0xfa, 0x0,
    0x0, 0x2f, 0xff, 0x30, 0x3, 0xff, 0xf2, 0x0,
    0x0, 0x9, 0xff, 0xc0, 0xb, 0xff, 0x90, 0x0,
    0x0, 0x1, 0xff, 0xf4, 0x3f, 0xfe, 0x10, 0x0,
    0x0, 0x0, 0x7f, 0xfc, 0xbf, 0xf7, 0x0, 0x0,
    0x0, 0x0, 0xd, 0xff, 0xff, 0xd0, 0x0, 0x0,
    0x0, 0x0, 0x5, 0xff, 0xff, 0x50, 0x0, 0x0,
    0x0, 0x0, 0x0, 0xcf, 0xfc, 0x0, 0x0, 0x0,
    0x0, 0x0, 0x0, 0x7f, 0xf7, 0x0, 0x0, 0x0,
    0x0, 0x0, 0x0, 0x7f, 0xf7, 0x0, 0x0, 0x0,
    0x0, 0x0, 0x0, 0x7f, 0xf7, 0x0, 0x0, 0x0,
    0x0, 0x0, 0x0, 0x7f, 0xf7, 0x0, 0x0, 0x0,
    0x0, 0x0, 0x0, 0x7f, 0xf7, 0x0, 0x0, 0x0,
    0x0, 0x0, 0x0, 0x7f, 0xf7, 0x0, 0x0, 0x0,
    0x0, 0x0, 0x0, 0x7f, 0xf7, 0x0, 0x0, 0x0,

    /* U+005A "Z" */
    0xe, 0xff, 0xff, 0xff, 0xff, 0xff, 0xfb, 0xe,
    0xff, 0xff, 0xff, 0xff, 0xff, 0xfb, 0x9, 0xaa,
    0xaa, 0xaa, 0xaa, 0xff, 0xf7, 0x0, 0x0, 0x0,
    0x0, 0x7, 0xff, 0xc0, 0x0, 0x0, 0x0, 0x0,
    0x3f, 0xff, 0x20, 0x0, 0x0, 0x0, 0x0, 0xef,
    0xf6, 0x0, 0x0, 0x0, 0x0, 0x9, 0xff, 0xb0,
    0x0, 0x0, 0x0, 0x0, 0x4f, 0xff, 0x10, 0x0,
    0x0, 0x0, 0x1, 0xef, 0xf5, 0x0, 0x0, 0x0,
    0x0, 0xa, 0xff, 0xa0, 0x0, 0x0, 0x0, 0x0,
    0x5f, 0xfe, 0x10, 0x0, 0x0, 0x0, 0x1, 0xff,
    0xf4, 0x0, 0x0, 0x0, 0x0, 0xb, 0xff, 0x90,
    0x0, 0x0, 0x0, 0x0, 0x6f, 0xfd, 0x0, 0x0,
    0x0, 0x0, 0x2, 0xff, 0xf3, 0x0, 0x0, 0x0,
    0x0, 0xc, 0xff, 0xda, 0xaa, 0xaa, 0xaa, 0xa7,
    0xf, 0xff, 0xff, 0xff, 0xff, 0xff, 0xfc, 0xf,
    0xff, 0xff, 0xff, 0xff, 0xff, 0xfc,

    /* U+005B "[" */
    0x1f, 0xff, 0xff, 0x1f, 0xff, 0xff, 0x1f, 0xfd,
    0x66, 0x1f, 0xfb, 0x0, 0x1f, 0xfb, 0x0, 0x1f,
    0xfb, 0x0, 0x1f, 0xfb, 0x0, 0x1f, 0xfb, 0x0,
    0x1f, 0xfb, 0x0, 0x1f, 0xfb, 0x0, 0x1f, 0xfb,
    0x0, 0x1f, 0xfb, 0x0, 0x1f, 0xfb, 0x0, 0x1f,
    0xfb, 0x0, 0x1f, 0xfb, 0x0, 0x1f, 0xfb, 0x0,
    0x1f, 0xfb, 0x0, 0x1f, 0xfb, 0x0, 0x1f, 0xfb,
    0x0, 0x1f, 0xfd, 0x65, 0x1f, 0xff, 0xff, 0x1f,
    0xff, 0xff,

    /* U+005C "\\" */
    0xaf, 0xe0, 0x0, 0x0, 0x6, 0xff, 0x20, 0x0,
    0x0, 0x2f, 0xf6, 0x0, 0x0, 0x0, 0xdf, 0xa0,
    0x0, 0x0, 0x9, 0xfe, 0x0, 0x0, 0x0, 0x5f,
    0xf3, 0x0, 0x0, 0x1, 0xff, 0x70, 0x0, 0x0,
    0xd, 0xfb, 0x0, 0x0, 0x0, 0x9f, 0xf0, 0x0,
    0x0, 0x5, 0xff, 0x30, 0x0, 0x0, 0x1f, 0xf7,
    0x0, 0x0, 0x0, 0xdf, 0xb0, 0x0, 0x0, 0x9,
    0xff, 0x0, 0x0, 0x0, 0x4f, 0xf4, 0x0, 0x0,
    0x0, 0xff, 0x80, 0x0, 0x0, 0xc, 0xfc, 0x0,
    0x0, 0x0, 0x8f, 0xf0, 0x0, 0x0, 0x4, 0xff,
    0x40, 0x0, 0x0, 0xf, 0xf8, 0x0, 0x0, 0x0,
    0xcf, 0xc0, 0x0, 0x0, 0x8, 0xff, 0x0,

    /* U+005D "]" */
    0xff, 0xff, 0xf1, 0xff, 0xff, 0xf1, 0x66, 0xdf,
    0xf1, 0x0, 0xcf, 0xf1, 0x0, 0xcf, 0xf1, 0x0,
    0xcf, 0xf1, 0x0, 0xcf, 0xf1, 0x0, 0xcf, 0xf1,
    0x0, 0xcf, 0xf1, 0x0, 0xcf, 0xf1, 0x0, 0xcf,
    0xf1, 0x0, 0xcf, 0xf1, 0x0, 0xcf, 0xf1, 0x0,
    0xcf, 0xf1, 0x0, 0xcf, 0xf1, 0x0, 0xcf, 0xf1,
    0x0, 0xcf, 0xf1, 0x0, 0xcf, 0xf1, 0x0, 0xcf,
    0xf1, 0x56, 0xdf, 0xf1, 0xff, 0xff, 0xf1, 0xff,
    0xff, 0xf1,

    /* U+005E "^" */
    0x0, 0x0, 0x0, 0x0, 0x0, 0x0, 0x0, 0x2f,
    0xfe, 0x0, 0x0, 0x0, 0x9, 0xff, 0xf6, 0x0,
    0x0, 0x1, 0xff, 0x6f, 0xd0, 0x0, 0x0, 0x8f,
    0xa0, 0xef, 0x40, 0x0, 0xe, 0xf4, 0x8, 0xfb,
    0x0, 0x7, 0xfd, 0x0, 0x1f, 0xf3, 0x0, 0xef,
    0x70, 0x0, 0xaf, 0xa0, 0x17, 0x71, 0x0, 0x2,
    0x76, 0x0,

    /* U+005F "_" */
    0x77, 0x77, 0x77, 0x77, 0x77, 0x5f, 0xff, 0xff,
    0xff, 0xff, 0xfc, 0xff, 0xff, 0xff, 0xff, 0xff,
    0xc0,

    /* U+0060 "`" */
    0x59, 0x92, 0x1, 0xef, 0xa0, 0x5, 0xff, 0x20,
    0xa, 0xf9,

    /* U+0061 "a" */
    0x0, 0x5, 0xbf, 0xfe, 0xa3, 0x0, 0x0, 0xaf,
    0xff, 0xff, 0xff, 0x60, 0x6, 0xff, 0xe7, 0x59,
    0xff, 0xf1, 0x9, 0xef, 0x20, 0x0, 0x9f, 0xf5,
    0x0, 0x0, 0x0, 0x0, 0x8f, 0xf6, 0x0, 0x2,
    0x69, 0xbd, 0xff, 0xf6, 0x1, 0xbf, 0xff, 0xff,
    0xff, 0xf6, 0xc, 0xff, 0xc7, 0x41, 0x6f, 0xf6,
    0x1f, 0xfc, 0x0, 0x0, 0x7f, 0xf6, 0x2f, 0xfa,
    0x0, 0x0, 0xcf, 0xf6, 0xf, 0xff, 0x84, 0x5c,
    0xff, 0xf6, 0x7, 0xff, 0xff, 0xff, 0x9f, 0xf6,
    0x0, 0x5c, 0xff, 0xc3, 0x5f, 0xf6,

    /* U+0062 "b" */
    0x9f, 0xf4, 0x0, 0x0, 0x0, 0x0, 0x9, 0xff,
    0x40, 0x0, 0x0, 0x0, 0x0, 0x9f, 0xf4, 0x0,
    0x0, 0x0, 0x0, 0x9, 0xff, 0x40, 0x0, 0x0,
    0x0, 0x0, 0x9f, 0xf4, 0x0, 0x0, 0x0, 0x0,
    0x9, 0xff, 0x43, 0xcf, 0xfb, 0x40, 0x0, 0x9f,
    0xf7, 0xff, 0xff, 0xff, 0x60, 0x9, 0xff, 0xff,
    0x98, 0xdf, 0xff, 0x20, 0x9f, 0xfe, 0x20, 0x0,
    0xbf, 0xf9, 0x9, 0xff, 0x80, 0x0, 0x2, 0xff,
    0xd0, 0x9f, 0xf4, 0x0, 0x0, 0xe, 0xff, 0x9,
    0xff, 0x20, 0x0, 0x0, 0xdf, 0xf1, 0x9f, 0xf4,
    0x0, 0x0, 0xe, 0xff, 0x9, 0xff, 0x80, 0x0,
    0x2, 0xff, 0xd0, 0x9f, 0xff, 0x20, 0x0, 0xbf,
    0xf9, 0x9, 0xff, 0xff, 0x98, 0xdf, 0xff, 0x20,
    0x9f, 0xf7, 0xff, 0xff, 0xff, 0x60, 0x9, 0xff,
    0x33, 0xcf, 0xfb, 0x40, 0x0,

    /* U+0063 "c" */
    0x0, 0x1, 0x9d, 0xff, 0xc5, 0x0, 0x0, 0x4,
    0xff, 0xff, 0xff, 0xfa, 0x0, 0x1, 0xff, 0xfc,
    0x89, 0xff, 0xf7, 0x0, 0x9f, 0xfa, 0x0, 0x2,
    0xff, 0xe0, 0xe, 0xff, 0x10, 0x0, 0x7, 0x86,
    0x1, 0xff, 0xd0, 0x0, 0x0, 0x0, 0x0, 0x2f,
    0xfc, 0x0, 0x0, 0x0, 0x0, 0x1, 0xff, 0xd0,
    0x0, 0x0, 0x0, 0x0, 0xe, 0xff, 0x10, 0x0,
    0x7, 0x97, 0x0, 0x9f, 0xfa, 0x0, 0x2, 0xff,
    0xe0, 0x1, 0xff, 0xfc, 0x89, 0xff, 0xf7, 0x0,
    0x4, 0xff, 0xff, 0xff, 0xfb, 0x0, 0x0, 0x1,
    0x9d, 0xff, 0xc6, 0x0, 0x0,

    /* U+0064 "d" */
    0x0, 0x0, 0x0, 0x0, 0x5, 0xff, 0x80, 0x0,
    0x0, 0x0, 0x0, 0x5f, 0xf8, 0x0, 0x0, 0x0,
    0x0, 0x5, 0xff, 0x80, 0x0, 0x0, 0x0, 0x0,
    0x5f, 0xf8, 0x0, 0x0, 0x0, 0x0, 0x5, 0xff,
    0x80, 0x0, 0x4c, 0xff, 0xb2, 0x5f, 0xf8, 0x0,
    0x7f, 0xff, 0xff, 0xf8, 0xff, 0x80, 0x3f, 0xff,
    0xc8, 0x9f, 0xff, 0xf8, 0xa, 0xff, 0xa0, 0x0,
    0x2f, 0xff, 0x80, 0xef, 0xf1, 0x0, 0x0, 0x9f,
    0xf8, 0x1f, 0xfd, 0x0, 0x0, 0x5, 0xff, 0x82,
    0xff, 0xc0, 0x0, 0x0, 0x3f, 0xf8, 0x1f, 0xfd,
    0x0, 0x0, 0x5, 0xff, 0x80, 0xef, 0xf1, 0x0,
    0x0, 0x9f, 0xf8, 0xa, 0xff, 0xa0, 0x0, 0x3f,
    0xff, 0x80, 0x3f, 0xff, 0xc8, 0x9f, 0xff, 0xf8,
    0x0, 0x7f, 0xff, 0xff, 0xf7, 0xff, 0x80, 0x0,
    0x4c, 0xff, 0xb2, 0x4f, 0xf8,

    /* U+0065 "e" */
    0x0, 0x2, 0x9e, 0xff, 0xb4, 0x0, 0x0, 0x4,
    0xff, 0xff, 0xff, 0xf9, 0x0, 0x1, 0xff, 0xf9,
    0x67, 0xef, 0xf6, 0x0, 0x9f, 0xf5, 0x0, 0x1,
    0xef, 0xe0, 0xe, 0xfd, 0x0, 0x0, 0x8, 0xff,
    0x21, 0xff, 0xff, 0xff, 0xff, 0xff, 0xf5, 0x2f,
    0xff, 0xff, 0xff, 0xff, 0xff, 0x51, 0xff, 0xb1,
    0x11, 0x11, 0x11, 0x10, 0xe, 0xfe, 0x0, 0x0,
    0x0, 0x0, 0x0, 0x9f, 0xf6, 0x0, 0x0, 0xcf,
    0xe1, 0x1, 0xff, 0xfa, 0x67, 0xcf, 0xfa, 0x0,
    0x4, 0xff, 0xff, 0xff, 0xfc, 0x0, 0x0, 0x2,
    0x9d, 0xff, 0xc6, 0x0, 0x0,

    /* U+0066 "f" */
    0x0, 0x2, 0xbf, 0xfe, 0x0, 0x1, 0xef, 0xff,
    0xf0, 0x0, 0x6f, 0xfe, 0x77, 0x0, 0x9, 0xff,
    0x50, 0x0, 0x0, 0x9f, 0xf4, 0x0, 0xc, 0xff,
    0xff, 0xff, 0xe0, 0xcf, 0xff, 0xff, 0xfe, 0x5,
    0x6c, 0xff, 0x96, 0x50, 0x0, 0x9f, 0xf4, 0x0,
    0x0, 0x9, 0xff, 0x40, 0x0, 0x0, 0x9f, 0xf4,
    0x0, 0x0, 0x9, 0xff, 0x40, 0x0, 0x0, 0x9f,
    0xf4, 0x0, 0x0, 0x9, 0xff, 0x40, 0x0, 0x0,
    0x9f, 0xf4, 0x0, 0x0, 0x9, 0xff, 0x40, 0x0,
    0x0, 0x9f, 0xf4, 0x0, 0x0, 0x9, 0xff, 0x40,
    0x0,

    /* U+0067 "g" */
    0x0, 0x4, 0xbf, 0xfb, 0x34, 0xff, 0x80, 0x6,
    0xff, 0xff, 0xff, 0x7f, 0xf8, 0x2, 0xff, 0xfc,
    0x89, 0xff, 0xff, 0x80, 0xaf, 0xfa, 0x0, 0x2,
    0xff, 0xf8, 0xe, 0xff, 0x10, 0x0, 0x9, 0xff,
    0x81, 0xff, 0xd0, 0x0, 0x0, 0x5f, 0xf8, 0x2f,
    0xfc, 0x0, 0x0, 0x3, 0xff, 0x81, 0xff, 0xd0,
    0x0, 0x0, 0x4f, 0xf8, 0xf, 0xff, 0x10, 0x0,
    0x8, 0xff, 0x80, 0xaf, 0xf9, 0x0, 0x2, 0xff,
    0xf8, 0x3, 0xff, 0xfb, 0x78, 0xef, 0xff, 0x80,
    0x7, 0xff, 0xff, 0xff, 0x7f, 0xf8, 0x0, 0x4,
    0xcf, 0xfb, 0x35, 0xff, 0x80, 0x0, 0x0, 0x0,
    0x0, 0x5f, 0xf7, 0x4, 0x9c, 0x30, 0x0, 0xb,
    0xff, 0x40, 0x4f, 0xff, 0x85, 0x6b, 0xff, 0xd0,
    0x0, 0x8f, 0xff, 0xff, 0xff, 0xe3, 0x0, 0x0,
    0x4a, 0xef, 0xfd, 0x81, 0x0,

    /* U+0068 "h" */
    0x9f, 0xf4, 0x0, 0x0, 0x0, 0x0, 0x9f, 0xf4,
    0x0, 0x0, 0x0, 0x0, 0x9f, 0xf4, 0x0, 0x0,
    0x0, 0x0, 0x9f, 0xf4, 0x0, 0x0, 0x0, 0x0,
    0x9f, 0xf4, 0x0, 0x0, 0x0, 0x0, 0x9f, 0xf4,
    0x4c, 0xff, 0xb3, 0x0, 0x9f, 0xf9, 0xff, 0xff,
    0xff, 0x30, 0x9f, 0xff, 0xea, 0xbf, 0xff, 0xc0,
    0x9f, 0xfd, 0x10, 0x3, 0xff, 0xf1, 0x9f, 0xf6,
    0x0, 0x0, 0xcf, 0xf3, 0x9f, 0xf4, 0x0, 0x0,
    0xaf, 0xf3, 0x9f, 0xf4, 0x0, 0x0, 0xaf, 0xf3,
    0x9f, 0xf4, 0x0, 0x0, 0xaf, 0xf3, 0x9f, 0xf4,
    0x0, 0x0, 0xaf, 0xf3, 0x9f, 0xf4, 0x0, 0x0,
    0xaf, 0xf3, 0x9f, 0xf4, 0x0, 0x0, 0xaf, 0xf3,
    0x9f, 0xf4, 0x0, 0x0, 0xaf, 0xf3, 0x9f, 0xf4,
    0x0, 0x0, 0xaf, 0xf3,

    /* U+0069 "i" */
    0x5f, 0xd1, 0xdf, 0xf7, 0x9f, 0xf4, 0x4, 0x30,
    0x0, 0x0, 0x9f, 0xf4, 0x9f, 0xf4, 0x9f, 0xf4,
    0x9f, 0xf4, 0x9f, 0xf4, 0x9f, 0xf4, 0x9f, 0xf4,
    0x9f, 0xf4, 0x9f, 0xf4, 0x9f, 0xf4, 0x9f, 0xf4,
    0x9f, 0xf4, 0x9f, 0xf4,

    /* U+006A "j" */
    0x0, 0x5f, 0xd2, 0x0, 0xdf, 0xf8, 0x0, 0x9f,
    0xf4, 0x0, 0x4, 0x30, 0x0, 0x0, 0x0, 0x0,
    0x9f, 0xf4, 0x0, 0x9f, 0xf4, 0x0, 0x9f, 0xf4,
    0x0, 0x9f, 0xf4, 0x0, 0x9f, 0xf4, 0x0, 0x9f,
    0xf4, 0x0, 0x9f, 0xf4, 0x0, 0x9f, 0xf4, 0x0,
    0x9f, 0xf4, 0x0, 0x9f, 0xf4, 0x0, 0x9f, 0xf4,
    0x0, 0x9f, 0xf4, 0x0, 0x9f, 0xf4, 0x0, 0x9f,
    0xf4, 0x0, 0xaf, 0xf4, 0x48, 0xff, 0xf1, 0x9f,
    0xff, 0x90, 0x9f, 0xd7, 0x0,

    /* U+006B "k" */
    0x9f, 0xf4, 0x0, 0x0, 0x0, 0x0, 0x9f, 0xf4,
    0x0, 0x0, 0x0, 0x0, 0x9f, 0xf4, 0x0, 0x0,
    0x0, 0x0, 0x9f, 0xf4, 0x0, 0x0, 0x0, 0x0,
    0x9f, 0xf4, 0x0, 0x0, 0x0, 0x0, 0x9f, 0xf4,
    0x0, 0x7, 0xff, 0xe1, 0x9f, 0xf4, 0x0, 0x4f,
    0xff, 0x20, 0x9f, 0xf4, 0x3, 0xff, 0xf4, 0x0,
    0x9f, 0xf4, 0x1e, 0xff, 0x60, 0x0, 0x9f, 0xf5,
    0xcf, 0xf9, 0x0, 0x0, 0x9f, 0xfe, 0xff, 0xc0,
    0x0, 0x0, 0x9f, 0xff, 0xff, 0xf2, 0x0, 0x0,
    0x9f, 0xff, 0xdf, 0xfc, 0x0, 0x0, 0x9f, 0xf8,
    0x1e, 0xff, 0x70, 0x0, 0x9f, 0xf4, 0x4, 0xff,
    0xf3, 0x0, 0x9f, 0xf4, 0x0, 0x8f, 0xfd, 0x0,
    0x9f, 0xf4, 0x0, 0xc, 0xff, 0x90, 0x9f, 0xf4,
    0x0, 0x2, 0xff, 0xf5,

    /* U+006C "l" */
    0x9f, 0xf4, 0x9f, 0xf4, 0x9f, 0xf4, 0x9f, 0xf4,
    0x9f, 0xf4, 0x9f, 0xf4, 0x9f, 0xf4, 0x9f, 0xf4,
    0x9f, 0xf4, 0x9f, 0xf4, 0x9f, 0xf4, 0x9f, 0xf4,
    0x9f, 0xf4, 0x9f, 0xf4, 0x9f, 0xf4, 0x9f, 0xf4,
    0x9f, 0xf4, 0x9f, 0xf4,

    /* U+006D "m" */
    0x9f, 0xf2, 0x4c, 0xfe, 0x80, 0x4, 0xcf, 0xfb,
    0x20, 0x9f, 0xf7, 0xff, 0xff, 0xf9, 0x5f, 0xff,
    0xff, 0xe1, 0x9f, 0xff, 0xa5, 0x8f, 0xff, 0xec,
    0x66, 0xef, 0xf9, 0x9f, 0xfa, 0x0, 0x8, 0xff,
    0xe0, 0x0, 0x3f, 0xfd, 0x9f, 0xf5, 0x0, 0x4,
    0xff, 0x90, 0x0, 0xf, 0xff, 0x9f, 0xf4, 0x0,
    0x3, 0xff, 0x90, 0x0, 0xf, 0xff, 0x9f, 0xf4,
    0x0, 0x3, 0xff, 0x90, 0x0, 0xf, 0xff, 0x9f,
    0xf4, 0x0, 0x3, 0xff, 0x90, 0x0, 0xf, 0xff,
    0x9f, 0xf4, 0x0, 0x3, 0xff, 0x90, 0x0, 0xf,
    0xff, 0x9f, 0xf4, 0x0, 0x3, 0xff, 0x90, 0x0,
    0xf, 0xff, 0x9f, 0xf4, 0x0, 0x3, 0xff, 0x90,
    0x0, 0xf, 0xff, 0x9f, 0xf4, 0x0, 0x3, 0xff,
    0x90, 0x0, 0xf, 0xff, 0x9f, 0xf4, 0x0, 0x3,
    0xff, 0x90, 0x0, 0xf, 0xff,

    /* U+006E "n" */
    0x9f, 0xf2, 0x4c, 0xff, 0xb3, 0x0, 0x9f, 0xf7,
    0xff, 0xff, 0xff, 0x30, 0x9f, 0xff, 0xc7, 0x7e,
    0xff, 0xc0, 0x9f, 0xfc, 0x0, 0x1, 0xff, 0xf1,
    0x9f, 0xf6, 0x0, 0x0, 0xbf, 0xf3, 0x9f, 0xf4,
    0x0, 0x0, 0xaf, 0xf3, 0x9f, 0xf4, 0x0, 0x0,
    0xaf, 0xf3, 0x9f, 0xf4, 0x0, 0x0, 0xaf, 0xf3,
    0x9f, 0xf4, 0x0, 0x0, 0xaf, 0xf3, 0x9f, 0xf4,
    0x0, 0x0, 0xaf, 0xf3, 0x9f, 0xf4, 0x0, 0x0,
    0xaf, 0xf3, 0x9f, 0xf4, 0x0, 0x0, 0xaf, 0xf3,
    0x9f, 0xf4, 0x0, 0x0, 0xaf, 0xf3,

    /* U+006F "o" */
    0x0, 0x1, 0x9d, 0xff, 0xc6, 0x0, 0x0, 0x4,
    0xff, 0xff, 0xff, 0xfb, 0x0, 0x1, 0xef, 0xfc,
    0x89, 0xff, 0xf9, 0x0, 0x9f, 0xfa, 0x0, 0x2,
    0xff, 0xf2, 0xe, 0xff, 0x10, 0x0, 0x8, 0xff,
    0x71, 0xff, 0xd0, 0x0, 0x0, 0x4f, 0xfa, 0x2f,
    0xfc, 0x0, 0x0, 0x3, 0xff, 0xb1, 0xff, 0xd0,
    0x0, 0x0, 0x4f, 0xfa, 0xe, 0xff, 0x10, 0x0,
    0x8, 0xff, 0x70, 0x9f, 0xfa, 0x0, 0x2, 0xff,
    0xf2, 0x1, 0xff, 0xfc, 0x89, 0xff, 0xf9, 0x0,
    0x4, 0xff, 0xff, 0xff, 0xfb, 0x0, 0x0, 0x1,
    0x9d, 0xff, 0xc6, 0x0, 0x0,

    /* U+0070 "p" */
    0x9f, 0xf3, 0x4c, 0xff, 0xb4, 0x0, 0x9, 0xff,
    0x8f, 0xff, 0xff, 0xf6, 0x0, 0x9f, 0xff, 0xd6,
    0x5a, 0xff, 0xf2, 0x9, 0xff, 0xe1, 0x0, 0x9,
    0xff, 0x90, 0x9f, 0xf7, 0x0, 0x0, 0x1f, 0xfd,
    0x9, 0xff, 0x30, 0x0, 0x0, 0xef, 0xf0, 0x9f,
    0xf2, 0x0, 0x0, 0xd, 0xff, 0x19, 0xff, 0x40,
    0x0, 0x0, 0xff, 0xf0, 0x9f, 0xf8, 0x0, 0x0,
    0x3f, 0xfd, 0x9, 0xff, 0xf2, 0x0, 0xb, 0xff,
    0x90, 0x9f, 0xff, 0xf9, 0x8d, 0xff, 0xf2, 0x9,
    0xff, 0x7f, 0xff, 0xff, 0xf6, 0x0, 0x9f, 0xf4,
    0x3c, 0xff, 0xb4, 0x0, 0x9, 0xff, 0x40, 0x0,
    0x0, 0x0, 0x0, 0x9f, 0xf4, 0x0, 0x0, 0x0,
    0x0, 0x9, 0xff, 0x40, 0x0, 0x0, 0x0, 0x0,
    0x9f, 0xf4, 0x0, 0x0, 0x0, 0x0, 0x9, 0xff,
    0x40, 0x0, 0x0, 0x0, 0x0,

    /* U+0071 "q" */
    0x0, 0x4, 0xcf, 0xfb, 0x34, 0xff, 0x80, 0x7,
    0xff, 0xff, 0xff, 0x7f, 0xf8, 0x3, 0xff, 0xfc,
    0x89, 0xff, 0xff, 0x80, 0xaf, 0xfa, 0x0, 0x2,
    0xff, 0xf8, 0xe, 0xff, 0x10, 0x0, 0x9, 0xff,
    0x81, 0xff, 0xd0, 0x0, 0x0, 0x5f, 0xf8, 0x2f,
    0xfc, 0x0, 0x0, 0x3, 0xff, 0x81, 0xff, 0xd0,
    0x0, 0x0, 0x5f, 0xf8, 0xe, 0xff, 0x10, 0x0,
    0x9, 0xff, 0x80, 0xaf, 0xfa, 0x0, 0x3, 0xff,
    0xf8, 0x3, 0xff, 0xfc, 0x89, 0xff, 0xff, 0x80,
    0x7, 0xff, 0xff, 0xff, 0x8f, 0xf8, 0x0, 0x4,
    0xcf, 0xfb, 0x25, 0xff, 0x80, 0x0, 0x0, 0x0,
    0x0, 0x5f, 0xf8, 0x0, 0x0, 0x0, 0x0, 0x5,
    0xff, 0x80, 0x0, 0x0, 0x0, 0x0, 0x5f, 0xf8,
    0x0, 0x0, 0x0, 0x0, 0x5, 0xff, 0x80, 0x0,
    0x0, 0x0, 0x0, 0x5f, 0xf8,

    /* U+0072 "r" */
    0x9f, 0xf2, 0x7e, 0xf3, 0x9f, 0xf9, 0xff, 0xf4,
    0x9f, 0xff, 0xe8, 0x82, 0x9f, 0xfd, 0x0, 0x0,
    0x9f, 0xf6, 0x0, 0x0, 0x9f, 0xf4, 0x0, 0x0,
    0x9f, 0xf4, 0x0, 0x0, 0x9f, 0xf4, 0x0, 0x0,
    0x9f, 0xf4, 0x0, 0x0, 0x9f, 0xf4, 0x0, 0x0,
    0x9f, 0xf4, 0x0, 0x0, 0x9f, 0xf4, 0x0, 0x0,
    0x9f, 0xf4, 0x0, 0x0,

    /* U+0073 "s" */
    0x0, 0x18, 0xdf, 0xfd, 0x91, 0x0, 0x1, 0xdf,
    0xff, 0xff, 0xfe, 0x20, 0x9, 0xff, 0xc4, 0x4a,
    0xff, 0xa0, 0xd, 0xff, 0x10, 0x0, 0xbd, 0xb0,
    0xc, 0xff, 0x60, 0x0, 0x0, 0x0, 0x6, 0xff,
    0xfe, 0xa7, 0x30, 0x0, 0x0, 0x7f, 0xff, 0xff,
    0xfc, 0x20, 0x0, 0x0, 0x48, 0xbf, 0xff, 0xe0,
    0x0, 0x1, 0x0, 0x1, 0xdf, 0xf4, 0x1e, 0xfd,
    0x0, 0x0, 0xbf, 0xf4, 0xb, 0xff, 0xb5, 0x59,
    0xff, 0xe0, 0x2, 0xef, 0xff, 0xff, 0xff, 0x40,
    0x0, 0x18, 0xdf, 0xfe, 0x92, 0x0,

    /* U+0074 "t" */
    0x0, 0xdf, 0xf0, 0x0, 0x0, 0xdf, 0xf0, 0x0,
    0x0, 0xdf, 0xf0, 0x0, 0xcf, 0xff, 0xff, 0xf7,
    0xcf, 0xff, 0xff, 0xf7, 0x56, 0xef, 0xf6, 0x62,
    0x0, 0xdf, 0xf0, 0x0, 0x0, 0xdf, 0xf0, 0x0,
    0x0, 0xdf, 0xf0, 0x0, 0x0, 0xdf, 0xf0, 0x0,
    0x0, 0xdf, 0xf0, 0x0, 0x0, 0xdf, 0xf0, 0x0,
    0x0, 0xdf, 0xf0, 0x0, 0x0, 0xcf, 0xfa, 0x72,
    0x0, 0x6f, 0xff, 0xf7, 0x0, 0x7, 0xdf, 0xf8,

    /* U+0075 "u" */
    0x9f, 0xf4, 0x0, 0x0, 0xaf, 0xf3, 0x9f, 0xf4,
    0x0, 0x0, 0xaf, 0xf3, 0x9f, 0xf4, 0x0, 0x0,
    0xaf, 0xf3, 0x9f, 0xf4, 0x0, 0x0, 0xaf, 0xf3,
    0x9f, 0xf4, 0x0, 0x0, 0xaf, 0xf3, 0x9f, 0xf4,
    0x0, 0x0, 0xaf, 0xf3, 0x9f, 0xf4, 0x0, 0x0,
    0xaf, 0xf3, 0x9f, 0xf4, 0x0, 0x0, 0xaf, 0xf3,
    0x9f, 0xf6, 0x0, 0x0, 0xdf, 0xf3, 0x7f, 0xfc,
    0x0, 0x5, 0xff, 0xf3, 0x2f, 0xff, 0xea, 0xbf,
    0xff, 0xf3, 0x9, 0xff, 0xff, 0xfc, 0x9f, 0xf3,
    0x0, 0x7d, 0xfe, 0x90, 0x9f, 0xf3,

    /* U+0076 "v" */
    0x8f, 0xf8, 0x0, 0x0, 0x8, 0xff, 0x72, 0xff,
    0xd0, 0x0, 0x0, 0xdf, 0xf1, 0xc, 0xff, 0x20,
    0x0, 0x2f, 0xfc, 0x0, 0x7f, 0xf8, 0x0, 0x8,
    0xff, 0x60, 0x1, 0xff, 0xd0, 0x0, 0xdf, 0xf1,
    0x0, 0xc, 0xff, 0x20, 0x2f, 0xfb, 0x0, 0x0,
    0x6f, 0xf7, 0x7, 0xff, 0x50, 0x0, 0x1, 0xff,
    0xc0, 0xcf, 0xf0, 0x0, 0x0, 0xb, 0xff, 0x1f,
    0xfa, 0x0, 0x0, 0x0, 0x5f, 0xf9, 0xff, 0x40,
    0x0, 0x0, 0x0, 0xff, 0xff, 0xe0, 0x0, 0x0,
    0x0, 0xa, 0xff, 0xf9, 0x0, 0x0, 0x0, 0x0,
    0x4f, 0xff, 0x30, 0x0, 0x0,

    /* U+0077 "w" */
    0x8f, 0xf8, 0x0, 0x1, 0xff, 0xe0, 0x0, 0xb,
    0xff, 0x53, 0xff, 0xb0, 0x0, 0x5f, 0xff, 0x20,
    0x0, 0xff, 0xf0, 0xe, 0xff, 0x0, 0x9, 0xff,
    0xf6, 0x0, 0x3f, 0xfc, 0x0, 0xaf, 0xf3, 0x0,
    0xdf, 0xff, 0xa0, 0x7, 0xff, 0x70, 0x6, 0xff,
    0x70, 0x1f, 0xf9, 0xfe, 0x0, 0xbf, 0xf2, 0x0,
    0x1f, 0xfb, 0x5, 0xff, 0x3f, 0xf1, 0xe, 0xfe,
    0x0, 0x0, 0xcf, 0xf0, 0x8f, 0xc0, 0xef, 0x52,
    0xff, 0x90, 0x0, 0x8, 0xff, 0x2c, 0xf7, 0xb,
    0xf9, 0x6f, 0xf5, 0x0, 0x0, 0x3f, 0xf6, 0xff,
    0x30, 0x6f, 0xc9, 0xff, 0x0, 0x0, 0x0, 0xff,
    0xdf, 0xe0, 0x2, 0xff, 0xdf, 0xc0, 0x0, 0x0,
    0xa, 0xff, 0xfa, 0x0, 0xe, 0xff, 0xf7, 0x0,
    0x0, 0x0, 0x6f, 0xff, 0x60, 0x0, 0x9f, 0xff,
    0x20, 0x0, 0x0, 0x1, 0xff, 0xf1, 0x0, 0x5,
    0xff, 0xe0, 0x0, 0x0,

    /* U+0078 "x" */
    0x1f, 0xff, 0x20, 0x0, 0x6f, 0xfb, 0x0, 0x6f,
    0xfb, 0x0, 0x1e, 0xff, 0x20, 0x0, 0xcf, 0xf4,
    0x9, 0xff, 0x70, 0x0, 0x3, 0xff, 0xc2, 0xff,
    0xd0, 0x0, 0x0, 0x8, 0xff, 0xdf, 0xf3, 0x0,
    0x0, 0x0, 0xe, 0xff, 0xf9, 0x0, 0x0, 0x0,
    0x0, 0x9f, 0xff, 0x30, 0x0, 0x0, 0x0, 0x2f,
    0xff, 0xfb, 0x0, 0x0, 0x0, 0xb, 0xff, 0xaf,
    0xf5, 0x0, 0x0, 0x6, 0xff, 0x91, 0xff, 0xe1,
    0x0, 0x1, 0xff, 0xf1, 0x7, 0xff, 0xa0, 0x0,
    0xaf, 0xf7, 0x0, 0xd, 0xff, 0x40, 0x4f, 0xfd,
    0x0, 0x0, 0x4f, 0xfd, 0x0,

    /* U+0079 "y" */
    0x8f, 0xf8, 0x0, 0x0, 0x8, 0xff, 0x72, 0xff,
    0xd0, 0x0, 0x0, 0xdf, 0xf1, 0xc, 0xff, 0x20,
    0x0, 0x3f, 0xfc, 0x0, 0x6f, 0xf8, 0x0, 0x8,
    0xff, 0x60, 0x1, 0xff, 0xd0, 0x0, 0xdf, 0xf1,
    0x0, 0xb, 0xff, 0x20, 0x2f, 0xfa, 0x0, 0x0,
    0x5f, 0xf7, 0x8, 0xff, 0x50, 0x0, 0x0, 0xff,
    0xc0, 0xdf, 0xe0, 0x0, 0x0, 0xa, 0xff, 0x3f,
    0xf9, 0x0, 0x0, 0x0, 0x4f, 0xfb, 0xff, 0x30,
    0x0, 0x0, 0x0, 0xef, 0xff, 0xe0, 0x0, 0x0,
    0x0, 0x8, 0xff, 0xf8, 0x0, 0x0, 0x0, 0x0,
    0x3f, 0xff, 0x20, 0x0, 0x0, 0x0, 0x3, 0xff,
    0xc0, 0x0, 0x0, 0x0, 0x0, 0x8f, 0xf7, 0x0,
    0x0, 0x0, 0x28, 0x9f, 0xff, 0x10, 0x0, 0x0,
    0x5, 0xff, 0xff, 0x70, 0x0, 0x0, 0x0, 0x6f,
    0xfd, 0x60, 0x0, 0x0, 0x0,

    /* U+007A "z" */
    0xaf, 0xff, 0xff, 0xff, 0xff, 0xa, 0xff, 0xff,
    0xff, 0xff, 0xf0, 0x58, 0x88, 0x88, 0xdf, 0xfb,
    0x0, 0x0, 0x0, 0x3f, 0xfe, 0x10, 0x0, 0x0,
    0x1e, 0xff, 0x40, 0x0, 0x0, 0xb, 0xff, 0x80,
    0x0, 0x0, 0x7, 0xff, 0xc0, 0x0, 0x0, 0x3,
    0xff, 0xf2, 0x0, 0x0, 0x1, 0xdf, 0xf5, 0x0,
    0x0, 0x0, 0xaf, 0xf9, 0x0, 0x0, 0x0, 0x6f,
    0xff, 0x98, 0x88, 0x88, 0x1c, 0xff, 0xff, 0xff,
    0xff, 0xf2, 0xcf, 0xff, 0xff, 0xff, 0xff, 0x20,

    /* U+007B "{" */
    0x0, 0x0, 0x3a, 0xef, 0x0, 0x0, 0x3f, 0xff,
    0xf0, 0x0, 0xb, 0xff, 0xb6, 0x0, 0x0, 0xff,
    0xe0, 0x0, 0x0, 0xf, 0xfb, 0x0, 0x0, 0x1,
    0xff, 0xa0, 0x0, 0x0, 0x1f, 0xfa, 0x0, 0x0,
    0x1, 0xff, 0xa0, 0x0, 0x0, 0x3f, 0xfa, 0x0,
    0x0, 0x2c, 0xff, 0x70, 0x0, 0x9f, 0xff, 0xc0,
    0x0, 0x9, 0xff, 0xb0, 0x0, 0x0, 0x7e, 0xff,
    0xd1, 0x0, 0x0, 0x9, 0xff, 0x80, 0x0, 0x0,
    0x2f, 0xfa, 0x0, 0x0, 0x1, 0xff, 0xa0, 0x0,
    0x0, 0x1f, 0xfa, 0x0, 0x0, 0x0, 0xff, 0xa0,
    0x0, 0x0, 0xf, 0xfd, 0x0, 0x0, 0x0, 0xcf,
    0xfb, 0x60, 0x0, 0x4, 0xff, 0xff, 0x0, 0x0,
    0x4, 0xbe, 0xf0,

    /* U+007C "|" */
    0x6f, 0xf4, 0x6f, 0xf4, 0x6f, 0xf4, 0x6f, 0xf4,
    0x6f, 0xf4, 0x6f, 0xf4, 0x6f, 0xf4, 0x6f, 0xf4,
    0x6f, 0xf4, 0x6f, 0xf4, 0x6f, 0xf4, 0x6f, 0xf4,
    0x6f, 0xf4, 0x6f, 0xf4, 0x6f, 0xf4, 0x6f, 0xf4,
    0x6f, 0xf4, 0x6f, 0xf4, 0x6f, 0xf4, 0x6f, 0xf4,
    0x6f, 0xf4, 0x6f, 0xf4, 0x6f, 0xf4, 0x6f, 0xf4,
    0x6f, 0xf4, 0x6f, 0xf4, 0x6f, 0xf4, 0x6f, 0xf4,
    0x6f, 0xf4,

    /* U+007D "}" */
    0xfe, 0xb3, 0x0, 0x0, 0xff, 0xff, 0x40, 0x0,
    0x6b, 0xff, 0xc0, 0x0, 0x0, 0xdf, 0xf0, 0x0,
    0x0, 0x9f, 0xf2, 0x0, 0x0, 0x9f, 0xf2, 0x0,
    0x0, 0x9f, 0xf2, 0x0, 0x0, 0x9f, 0xf2, 0x0,
    0x0, 0x8f, 0xf4, 0x0, 0x0, 0x5f, 0xfc, 0x20,
    0x0, 0xb, 0xff, 0xfc, 0x0, 0x0, 0xbf, 0xfc,
    0x0, 0xd, 0xff, 0xfa, 0x0, 0x6f, 0xfa, 0x0,
    0x0, 0x9f, 0xf3, 0x0, 0x0, 0x9f, 0xf2, 0x0,
    0x0, 0x9f, 0xf2, 0x0, 0x0, 0x9f, 0xf2, 0x0,
    0x0, 0xcf, 0xf1, 0x0, 0x5a, 0xff, 0xd0, 0x0,
    0xff, 0xff, 0x50, 0x0, 0xfe, 0xb4, 0x0, 0x0,

    /* U+007E "~" */
    0x0, 0x9e, 0xfa, 0x10, 0x0, 0x79, 0x40, 0xaf,
    0xff, 0xfe, 0x30, 0xf, 0xf7, 0x1f, 0xfe, 0xaf,
    0xff, 0xac, 0xff, 0x44, 0xff, 0x20, 0x2d, 0xff,
    0xff, 0xc0, 0x39, 0x90, 0x0, 0x19, 0xef, 0xa1,
    0x0,

    /* U+00A0 " " */

    /* U+00A1 "¡" */
    0x1c, 0xf6, 0x8, 0xff, 0xf0, 0x7f, 0xfe, 0x0,
    0x8a, 0x30, 0x0, 0x0, 0x0, 0x22, 0x10, 0x1f,
    0xf9, 0x2, 0xff, 0x90, 0x2f, 0xfa, 0x2, 0xff,
    0xa0, 0x3f, 0xfa, 0x3, 0xff, 0xa0, 0x3f, 0xfb,
    0x4, 0xff, 0xb0, 0x4f, 0xfb, 0x4, 0xff, 0xc0,
    0x5f, 0xfc, 0x5, 0xff, 0xc0,

    /* U+00A2 "¢" */
    0x0, 0x0, 0x0, 0xf6, 0x0, 0x0, 0x0, 0x0,
    0x0, 0xf, 0x60, 0x0, 0x0, 0x0, 0x0, 0x15,
    0xfa, 0x30, 0x0, 0x0, 0x0, 0x8f, 0xff, 0xff,
    0xc2, 0x0, 0x0, 0x9f, 0xff, 0xff, 0xff, 0xf2,
    0x0, 0x4f, 0xff, 0x5f, 0x8a, 0xff, 0xb0, 0xb,
    0xff, 0x60, 0xf6, 0xd, 0xff, 0x0, 0xff, 0xf0,
    0xf, 0x60, 0x23, 0x10, 0x1f, 0xfd, 0x0, 0xf6,
    0x0, 0x0, 0x2, 0xff, 0xc0, 0xf, 0x60, 0x0,
    0x0, 0xf, 0xfe, 0x0, 0xf6, 0x0, 0x0, 0x0,
    0xdf, 0xf2, 0xf, 0x60, 0x9b, 0x91, 0x8, 0xff,
    0xb0, 0xf6, 0x3f, 0xfe, 0x0, 0x1e, 0xff, 0xcf,
    0xcf, 0xff, 0x70, 0x0, 0x3e, 0xff, 0xff, 0xff,
    0xa0, 0x0, 0x0, 0x19, 0xdf, 0xfb, 0x50, 0x0,
    0x0, 0x0, 0x0, 0xf6, 0x0, 0x0, 0x0, 0x0,
    0x0, 0xf, 0x60, 0x0, 0x0,

    /* U+00A3 "£" */
    0x0, 0x0, 0x8, 0xdf, 0xfc, 0x50, 0x0, 0x0,
    0x1, 0xdf, 0xff, 0xff, 0xf9, 0x0, 0x0, 0xc,
    0xff, 0xea, 0xbf, 0xff, 0x60, 0x0, 0x3f, 0xfd,
    0x10, 0x3, 0xff, 0xd0, 0x0, 0x7f, 0xf7, 0x0,
    0x0, 0xbf, 0xf1, 0x0, 0x8f, 0xf5, 0x0, 0x0,
    0x34, 0x30, 0x0, 0x8f, 0xf5, 0x0, 0x0, 0x0,
    0x0, 0x0, 0x7f, 0xf6, 0x0, 0x0, 0x0, 0x0,
    0x1f, 0xff, 0xff, 0xff, 0xfd, 0x0, 0x0, 0x1f,
    0xff, 0xff, 0xff, 0xfd, 0x0, 0x0, 0x4, 0x7f,
    0xf9, 0x44, 0x43, 0x0, 0x0, 0x0, 0x4f, 0xf8,
    0x0, 0x0, 0x0, 0x0, 0x0, 0x3f, 0xf8, 0x0,
    0x0, 0x0, 0x0, 0x0, 0x3f, 0xf8, 0x0, 0x0,
    0x1, 0x10, 0x0, 0x6f, 0xf3, 0x0, 0x0, 0x7f,
    0xf3, 0x1c, 0xff, 0xda, 0xaa, 0xaa, 0xef, 0xf2,
    0x1f, 0xff, 0xff, 0xff, 0xff, 0xff, 0xc0, 0x1f,
    0xff, 0xff, 0xff, 0xff, 0xfa, 0x10,

    /* U+00A4 "¤" */
    0x1, 0x0, 0x0, 0x0, 0x0, 0x0, 0x1, 0x1,
    0xe9, 0x4, 0xbe, 0xfe, 0xa3, 0x9, 0xd1, 0x6f,
    0xfd, 0xff, 0xff, 0xff, 0xfc, 0xff, 0x50, 0x8f,
    0xff, 0x83, 0x13, 0x9f, 0xff, 0x70, 0x5, 0xff,
    0x30, 0x0, 0x0, 0x5f, 0xf3, 0x0, 0xcf, 0x60,
    0x0, 0x0, 0x0, 0x8f, 0xb0, 0x1f, 0xe0, 0x0,
    0x0, 0x0, 0x1, 0xff, 0x4, 0xfb, 0x0, 0x0,
    0x0, 0x0, 0xd, 0xf2, 0x5f, 0x90, 0x0, 0x0,
    0x0, 0x0, 0xcf, 0x34, 0xfb, 0x0, 0x0, 0x0,
    0x0, 0xd, 0xf2, 0x1f, 0xe0, 0x0, 0x0, 0x0,
    0x1, 0xff, 0x0, 0xcf, 0x70, 0x0, 0x0, 0x0,
    0x9f, 0xa0, 0x5, 0xff, 0x40, 0x0, 0x0, 0x5f,
    0xf4, 0x0, 0xcf, 0xff, 0x93, 0x24, 0xaf, 0xff,
    0xc0, 0x7f, 0xfb, 0xff, 0xff, 0xff, 0xfa, 0xff,
    0x60, 0xa4, 0x4, 0xbe, 0xfe, 0xa3, 0x5, 0x90,
    0x0, 0x0, 0x0, 0x0, 0x0, 0x0, 0x0, 0x0,

    /* U+00A5 "¥" */
    0x9f, 0xf7, 0x0, 0x0, 0xd, 0xff, 0x42, 0xff,
    0xd0, 0x0, 0x3, 0xff, 0xd0, 0xb, 0xff, 0x40,
    0x0, 0x9f, 0xf6, 0x0, 0x4f, 0xfa, 0x0, 0xf,
    0xfe, 0x0, 0x0, 0xdf, 0xf1, 0x6, 0xff, 0x80,
    0x0, 0x7, 0xff, 0x60, 0xcf, 0xf1, 0x0, 0x0,
    0xf, 0xfd, 0x2f, 0xfa, 0x0, 0x0, 0x0, 0x9f,
    0xfc, 0xff, 0x30, 0x0, 0x0, 0x2, 0xff, 0xff,
    0xc0, 0x0, 0x0, 0xbe, 0xef, 0xff, 0xff, 0xee,
    0x30, 0xc, 0xff, 0xff, 0xff, 0xff, 0xf3, 0x0,
    0x0, 0x2, 0xff, 0xc0, 0x0, 0x0, 0xb, 0xee,
    0xef, 0xff, 0xee, 0xe3, 0x0, 0xcf, 0xff, 0xff,
    0xff, 0xff, 0x30, 0x0, 0x0, 0x2f, 0xfc, 0x0,
    0x0, 0x0, 0x0, 0x2, 0xff, 0xc0, 0x0, 0x0,
    0x0, 0x0, 0x2f, 0xfc, 0x0, 0x0, 0x0, 0x0,
    0x2, 0xff, 0xc0, 0x0, 0x0,

    /* U+00A6 "¦" */
    0xdf, 0xcd, 0xfc, 0xdf, 0xcd, 0xfc, 0xdf, 0xcd,
    0xfc, 0xdf, 0xcd, 0xfc, 0x11, 0x0, 0x0, 0x0,
    0x0, 0x0, 0x11, 0x1d, 0xfc, 0xdf, 0xcd, 0xfc,
    0xdf, 0xcd, 0xfc, 0xdf, 0xcd, 0xfc, 0xdf, 0xc0,

    /* U+00A7 "§" */
    0x0, 0x4, 0xbf, 0xfe, 0x91, 0x0, 0x0, 0x5f,
    0xff, 0xff, 0xfd, 0x0, 0x0, 0xef, 0xfa, 0x7c,
    0xff, 0x80, 0x2, 0xff, 0x90, 0x0, 0xdf, 0xd0,
    0x2, 0xff, 0x80, 0x0, 0x34, 0x30, 0x0, 0xef,
    0xf4, 0x0, 0x0, 0x0, 0x0, 0x5f, 0xff, 0xb3,
    0x0, 0x0, 0x0, 0x6e, 0xff, 0xff, 0xb3, 0x0,
    0x8, 0xfd, 0x37, 0xef, 0xff, 0x70, 0xe, 0xf5,
    0x0, 0x7, 0xff, 0xf4, 0xf, 0xf7, 0x0, 0x0,
    0x2e, 0xfa, 0xc, 0xff, 0x50, 0x0, 0xa, 0xfb,
    0x3, 0xff, 0xfc, 0x50, 0xd, 0xf7, 0x0, 0x3d,
    0xff, 0xfd, 0xdf, 0xa0, 0x0, 0x0, 0x5d, 0xff,
    0xfb, 0x0, 0x0, 0x0, 0x0, 0x5e, 0xff, 0x60,
    0x0, 0x0, 0x0, 0x1, 0xff, 0xc0, 0x6, 0xce,
    0x10, 0x0, 0xcf, 0xe0, 0x5, 0xff, 0xa1, 0x5,
    0xff, 0xc0, 0x0, 0xdf, 0xff, 0xff, 0xff, 0x50,
    0x0, 0x2c, 0xff, 0xff, 0xf7, 0x0, 0x0, 0x0,
    0x36, 0x75, 0x10, 0x0,

    /* U+00A8 "¨" */
    0x1, 0x40, 0x0, 0x13, 0x0, 0xef, 0xb0, 0x2f,
    0xf9, 0x3f, 0xff, 0x5, 0xff, 0xd0, 0xbf, 0x70,
    0xc, 0xf5,

    /* U+00A9 "©" */
    0x0, 0x0, 0x1, 0x7c, 0xff, 0xeb, 0x60, 0x0,
    0x0, 0x0, 0x0, 0x6f, 0xff, 0xff, 0xff, 0xfd,
    0x30, 0x0, 0x0, 0x9, 0xff, 0xfd, 0x98, 0xae,
    0xff, 0xf5, 0x0, 0x0, 0x7f, 0xfd, 0x40, 0x0,
    0x0, 0x6f, 0xff, 0x30, 0x2, 0xff, 0xd1, 0x8,
    0xef, 0xd7, 0x3, 0xff, 0xd0, 0x9, 0xff, 0x21,
    0xdf, 0xff, 0xff, 0xb0, 0x6f, 0xf4, 0xe, 0xfa,
    0x9, 0xff, 0x74, 0x8f, 0xf7, 0xe, 0xfa, 0x2f,
    0xf5, 0xf, 0xf5, 0x0, 0x8, 0xfc, 0x9, 0xfd,
    0x3f, 0xf2, 0x3f, 0xf0, 0x0, 0x0, 0x0, 0x6,
    0xff, 0x3f, 0xf2, 0x3f, 0xf0, 0x0, 0x0, 0x0,
    0x6, 0xff, 0x2f, 0xf5, 0xf, 0xf5, 0x0, 0xa,
    0xfa, 0x9, 0xfd, 0xe, 0xfa, 0x9, 0xff, 0x74,
    0x9f, 0xf5, 0xe, 0xfa, 0x9, 0xff, 0x21, 0xdf,
    0xff, 0xff, 0xa0, 0x6f, 0xf4, 0x2, 0xff, 0xd1,
    0x8, 0xef, 0xd7, 0x3, 0xff, 0xd0, 0x0, 0x7f,
    0xfd, 0x30, 0x0, 0x0, 0x6f, 0xff, 0x30, 0x0,
    0x9, 0xff, 0xfd, 0x98, 0xae, 0xff, 0xf5, 0x0,
    0x0, 0x0, 0x6f, 0xff, 0xff, 0xff, 0xfd, 0x30,
    0x0, 0x0, 0x0, 0x1, 0x7c, 0xff, 0xeb, 0x60,
    0x0, 0x0,

    /* U+00AA "ª" */
    0x0, 0x5c, 0xff, 0xd7, 0x0, 0x7, 0xff, 0xee,
    0xff, 0xa0, 0xe, 0xf8, 0x0, 0x7f, 0xf1, 0x0,
    0x0, 0x0, 0x6f, 0xf3, 0x0, 0x7b, 0xef, 0xff,
    0xf3, 0xd, 0xff, 0xc9, 0x8f, 0xf3, 0x4f, 0xf3,
    0x0, 0x3f, 0xf3, 0x5f, 0xf1, 0x0, 0xaf, 0xf3,
    0x1f, 0xff, 0xce, 0xef, 0xf3, 0x3, 0xcf, 0xfb,
    0x3f, 0xf3,

    /* U+00AB "«" */
    0x0, 0x0, 0x3f, 0xfe, 0x13, 0xff, 0xe1, 0x0,
    0x1, 0xef, 0xf3, 0x1e, 0xff, 0x30, 0x0, 0xc,
    0xff, 0x50, 0xcf, 0xf6, 0x0, 0x0, 0xaf, 0xf9,
    0x9, 0xff, 0x90, 0x0, 0x7, 0xff, 0xc0, 0x6f,
    0xfc, 0x0, 0x0, 0xe, 0xff, 0x40, 0xef, 0xf5,
    0x0, 0x0, 0x3, 0xff, 0xe1, 0x3f, 0xfe, 0x10,
    0x0, 0x0, 0x6f, 0xfc, 0x6, 0xff, 0xc0, 0x0,
    0x0, 0x9, 0xff, 0x90, 0x9f, 0xf9, 0x0, 0x0,
    0x0, 0xcf, 0xf6, 0xc, 0xff, 0x60, 0x0, 0x0,
    0x1b, 0xbb, 0x11, 0xbb, 0xb1,

    /* U+00AC "¬" */
    0x48, 0x88, 0x88, 0x88, 0x88, 0x29, 0xff, 0xff,
    0xff, 0xff, 0xf4, 0x9f, 0xff, 0xff, 0xff, 0xff,
    0x40, 0x0, 0x0, 0x0, 0x3f, 0xf4, 0x0, 0x0,
    0x0, 0x3, 0xff, 0x40, 0x0, 0x0, 0x0, 0x3f,
    0xf4,

    /* U+00AE "®" */
    0x0, 0x0, 0x6, 0xab, 0xa6, 0x0, 0x0, 0x0,
    0x5, 0xef, 0xff, 0xff, 0xe4, 0x0, 0x0, 0x5f,
    0xf7, 0x10, 0x27, 0xff, 0x40, 0x1, 0xfe, 0x20,
    0x0, 0x0, 0x2f, 0xe1, 0x8, 0xf4, 0xf, 0xff,
    0xf6, 0x5, 0xf7, 0xd, 0xd0, 0xf, 0xb3, 0xcf,
    0x0, 0xec, 0xf, 0xa0, 0xf, 0xa0, 0xaf, 0x10,
    0xbf, 0xf, 0xa0, 0xf, 0xff, 0xf9, 0x0, 0xbf,
    0xe, 0xc0, 0xf, 0xb5, 0xf7, 0x0, 0xdd, 0xa,
    0xf2, 0xf, 0xa0, 0xbe, 0x3, 0xf9, 0x3, 0xfc,
    0x4, 0x20, 0x14, 0x2d, 0xf2, 0x0, 0x8f, 0xc3,
    0x0, 0x3, 0xdf, 0x70, 0x0, 0x9, 0xff, 0xdc,
    0xef, 0xf8, 0x0, 0x0, 0x0, 0x3a, 0xef, 0xea,
    0x30, 0x0,

    /* U+00AF "¯" */
    0x0, 0x0, 0x0, 0x0, 0x5f, 0xff, 0xff, 0xf1,
    0x5f, 0xff, 0xff, 0xf1,

    /* U+00B0 "°" */
    0x0, 0x1, 0x20, 0x0, 0x0, 0x2c, 0xff, 0xe4,
    0x0, 0x1e, 0xff, 0xff, 0xf4, 0x8, 0xfd, 0x21,
    0xaf, 0xc0, 0xcf, 0x50, 0x1, 0xff, 0xb, 0xf6,
    0x0, 0x2f, 0xf0, 0x7f, 0xe4, 0x3c, 0xfb, 0x0,
    0xdf, 0xff, 0xff, 0x20, 0x1, 0x9e, 0xfb, 0x20,
    0x0,

    /* U+00B1 "±" */
    0x0, 0x0, 0x58, 0x60, 0x0, 0x0, 0x0, 0x0,
    0xaf, 0xd0, 0x0, 0x0, 0x0, 0x0, 0xaf, 0xd0,
    0x0, 0x0, 0x77, 0x77, 0xdf, 0xe7, 0x77, 0x71,
    0xff, 0xff, 0xff, 0xff, 0xff, 0xf2, 0xff, 0xff,
    0xff, 0xff, 0xff, 0xf2, 0x0, 0x0, 0xaf, 0xd0,
    0x0, 0x0, 0x0, 0x0, 0xaf, 0xd0, 0x0, 0x0,
    0x0, 0x0, 0xaf, 0xd0, 0x0, 0x0, 0x0, 0x0,
    0x12, 0x10, 0x0, 0x0, 0x88, 0x88, 0x88, 0x88,
    0x88, 0x81, 0xff, 0xff, 0xff, 0xff, 0xff, 0xf2,
    0xff, 0xff, 0xff, 0xff, 0xff, 0xf2,

    /* U+00B2 "²" */
    0x0, 0x7d, 0xff, 0xb4, 0x0, 0x9f, 0xfe, 0xff,
    0xf4, 0xf, 0xf6, 0x0, 0xdf, 0x90, 0x22, 0x0,
    0xd, 0xf7, 0x0, 0x0, 0x2c, 0xfc, 0x0, 0x0,
    0x6f, 0xfa, 0x0, 0x1, 0xbf, 0xe4, 0x0, 0x0,
    0xef, 0xff, 0xee, 0xeb, 0xf, 0xff, 0xff, 0xff,
    0xc0,

    /* U+00B3 "³" */
    0x0, 0x6c, 0xff, 0xd7, 0x0, 0x7, 0xff, 0xee,
    0xff, 0x80, 0x8, 0xa6, 0x0, 0x9f, 0xb0, 0x0,
    0x1, 0x9a, 0xfe, 0x30, 0x0, 0x2, 0xff, 0xfb,
    0x30, 0x0, 0x0, 0x1, 0xaf, 0xe0, 0xf, 0xf8,
    0x0, 0x8f, 0xf1, 0x8, 0xff, 0xee, 0xff, 0xb0,
    0x0, 0x6c, 0xff, 0xd7, 0x0,

    /* U+00B4 "´" */
    0x0, 0x99, 0x70, 0x6f, 0xf3, 0xe, 0xf8, 0x6,
    0xfd, 0x0,

    /* U+00B5 "µ" */
    0x9f, 0xf4, 0x0, 0x0, 0xaf, 0xf3, 0x9, 0xff,
    0x40, 0x0, 0xa, 0xff, 0x30, 0x9f, 0xf4, 0x0,
    0x0, 0xaf, 0xf3, 0x9, 0xff, 0x40, 0x0, 0xa,
    0xff, 0x30, 0x9f, 0xf4, 0x0, 0x0, 0xaf, 0xf3,
    0x9, 0xff, 0x40, 0x0, 0xa, 0xff, 0x30, 0x9f,
    0xf4, 0x0, 0x0, 0xaf, 0xf3, 0x9, 0xff, 0x40,
    0x0, 0xa, 0xff, 0x30, 0x9f, 0xf5, 0x0, 0x0,
    0xbf, 0xf3, 0x9, 0xff, 0xb0, 0x0, 0x1f, 0xff,
    0x30, 0x9f, 0xff, 0xa5, 0x6d, 0xff, 0xfa, 0x39,
    0xff, 0xef, 0xff, 0xf9, 0xff, 0xfb, 0x9f, 0xf5,
    0x9f, 0xe7, 0x5, 0xdf, 0xb9, 0xff, 0x40, 0x0,
    0x0, 0x0, 0x0, 0x9f, 0xf4, 0x0, 0x0, 0x0,
    0x0, 0x9, 0xff, 0x40, 0x0, 0x0, 0x0, 0x0,
    0x9f, 0xf4, 0x0, 0x0, 0x0, 0x0, 0x9, 0xff,
    0x40, 0x0, 0x0, 0x0, 0x0,

    /* U+00B6 "¶" */
    0x0, 0x5, 0xbe, 0xff, 0xff, 0xfe, 0x0, 0x9f,
    0xff, 0xff, 0xff, 0xfe, 0x6, 0xff, 0xff, 0xfa,
    0x7c, 0xfe, 0xd, 0xff, 0xff, 0xf6, 0x9, 0xfe,
    0x1f, 0xff, 0xff, 0xf6, 0x9, 0xfe, 0x2f, 0xff,
    0xff, 0xf6, 0x9, 0xfe, 0x2f, 0xff, 0xff, 0xf6,
    0x9, 0xfe, 0xe, 0xff, 0xff, 0xf6, 0x9, 0xfe,
    0x8, 0xff, 0xff, 0xf6, 0x9, 0xfe, 0x0, 0xdf,
    0xff, 0xf6, 0x9, 0xfe, 0x0, 0x1a, 0xff, 0xf6,
    0x9, 0xfe, 0x0, 0x0, 0x13, 0x41, 0x9, 0xfe,
    0x0, 0x0, 0x0, 0x0, 0x9, 0xfe, 0x0, 0x0,
    0x0, 0x0, 0x9, 0xfe, 0x0, 0x0, 0x0, 0x0,
    0x9, 0xfe, 0x0, 0x0, 0x0, 0x0, 0x9, 0xfe,
    0x0, 0x0, 0x0, 0x0, 0x9, 0xfe, 0x0, 0x0,
    0x0, 0x0, 0x9, 0xfe,

    /* U+00B7 "·" */
    0x8, 0xa2, 0x6f, 0xfd, 0x8f, 0xfe, 0x1d, 0xf6,

    /* U+00B8 "¸" */
    0xf, 0x40, 0x2, 0xf9, 0x20, 0x3a, 0xdf, 0x20,
    0x18, 0xf5, 0xcf, 0xfd, 0x13, 0x43, 0x0,

    /* U+00B9 "¹" */
    0x1, 0x8f, 0xfa, 0x1e, 0xff, 0xfa, 0x2e, 0x6b,
    0xfa, 0x0, 0xb, 0xfa, 0x0, 0xb, 0xfa, 0x0,
    0xb, 0xfa, 0x0, 0xb, 0xfa, 0x0, 0xb, 0xfa,
    0x0, 0xb, 0xfa,

    /* U+00BA "º" */
    0x0, 0x2a, 0xef, 0xe9, 0x10, 0x0, 0x2e, 0xff,
    0xff, 0xfe, 0x10, 0xc, 0xfe, 0x30, 0x4f, 0xfa,
    0x2, 0xff, 0x50, 0x0, 0x7f, 0xf0, 0x5f, 0xf2,
    0x0, 0x4, 0xff, 0x35, 0xff, 0x20, 0x0, 0x4f,
    0xf3, 0x2f, 0xf5, 0x0, 0x7, 0xff, 0x0, 0xcf,
    0xe2, 0x3, 0xff, 0xa0, 0x2, 0xef, 0xff, 0xff,
    0xe1, 0x0, 0x2, 0xae, 0xfe, 0x91, 0x0,

    /* U+00BB "»" */
    0x1e, 0xff, 0x31, 0xdf, 0xf4, 0x0, 0x0, 0x3,
    0xff, 0xe1, 0x2f, 0xfe, 0x20, 0x0, 0x0, 0x5f,
    0xfc, 0x5, 0xff, 0xd0, 0x0, 0x0, 0x9, 0xff,
    0xa0, 0x8f, 0xfa, 0x0, 0x0, 0x0, 0xcf, 0xf7,
    0xb, 0xff, 0x70, 0x0, 0x0, 0x5f, 0xfe, 0x4,
    0xff, 0xe0, 0x0, 0x1, 0xef, 0xf3, 0x1e, 0xff,
    0x40, 0x0, 0xc, 0xff, 0x60, 0xcf, 0xf7, 0x0,
    0x0, 0x9f, 0xf9, 0x9, 0xff, 0xa0, 0x0, 0x6,
    0xff, 0xc0, 0x5f, 0xfc, 0x0, 0x0, 0x1b, 0xbb,
    0x11, 0xab, 0xb1, 0x0, 0x0,

    /* U+00BC "¼" */
    0x0, 0x7a, 0xa0, 0x0, 0x0, 0x0, 0x9, 0xa3,
    0x0, 0x1c, 0xff, 0xf0, 0x0, 0x0, 0x0, 0x7f,
    0xb0, 0x0, 0x4f, 0x8f, 0xf0, 0x0, 0x0, 0x2,
    0xff, 0x20, 0x0, 0x33, 0x2f, 0xf0, 0x0, 0x0,
    0xc, 0xf6, 0x0, 0x0, 0x0, 0x2f, 0xf0, 0x0,
    0x0, 0x7f, 0xb0, 0x0, 0x0, 0x0, 0x2f, 0xf0,
    0x0, 0x3, 0xff, 0x10, 0x0, 0x0, 0x0, 0x2f,
    0xf0, 0x0, 0xd, 0xf6, 0x0, 0x0, 0x0, 0x0,
    0x2f, 0xf0, 0x0, 0x8f, 0xb0, 0x0, 0x0, 0x0,
    0x0, 0x2f, 0xf0, 0x3, 0xff, 0x10, 0x6, 0xff,
    0x80, 0x0, 0x2f, 0xf0, 0xd, 0xf6, 0x0, 0x1e,
    0xff, 0x80, 0x0, 0x0, 0x0, 0x8f, 0xb0, 0x0,
    0x9f, 0xdf, 0x80, 0x0, 0x0, 0x3, 0xff, 0x10,
    0x3, 0xfc, 0x7f, 0x80, 0x0, 0x0, 0xd, 0xf6,
    0x0, 0xd, 0xf3, 0x7f, 0x80, 0x0, 0x0, 0x8f,
    0xb0, 0x0, 0x6f, 0x90, 0x7f, 0x80, 0x0, 0x3,
    0xff, 0x10, 0x0, 0xef, 0xdc, 0xef, 0xe8, 0x0,
    0xd, 0xf6, 0x0, 0x0, 0xef, 0xff, 0xff, 0xfa,
    0x0, 0x8f, 0xb0, 0x0, 0x0, 0x0, 0x0, 0x7f,
    0x80, 0x0, 0x78, 0x10, 0x0, 0x0, 0x0, 0x0,
    0x38, 0x40,

    /* U+00BD "½" */
    0x0, 0x7a, 0xa0, 0x0, 0x0, 0x0, 0x9, 0xa3,
    0x0, 0x1, 0xbf, 0xff, 0x0, 0x0, 0x0, 0x7,
    0xfc, 0x0, 0x0, 0x4f, 0x9f, 0xf0, 0x0, 0x0,
    0x2, 0xff, 0x20, 0x0, 0x3, 0x32, 0xff, 0x0,
    0x0, 0x0, 0xcf, 0x70, 0x0, 0x0, 0x0, 0x2f,
    0xf0, 0x0, 0x0, 0x6f, 0xc0, 0x0, 0x0, 0x0,
    0x2, 0xff, 0x0, 0x0, 0x1f, 0xf2, 0x0, 0x0,
    0x0, 0x0, 0x2f, 0xf0, 0x0, 0xb, 0xf8, 0x0,
    0x0, 0x0, 0x0, 0x2, 0xff, 0x0, 0x5, 0xfd,
    0x0, 0x0, 0x0, 0x0, 0x0, 0x2f, 0xf0, 0x1,
    0xef, 0x30, 0x2a, 0xee, 0xa1, 0x0, 0x2, 0xff,
    0x0, 0xaf, 0x90, 0xe, 0xff, 0xff, 0xd0, 0x0,
    0x0, 0x0, 0x5f, 0xd0, 0x4, 0xfd, 0x12, 0xef,
    0x30, 0x0, 0x0, 0x1e, 0xf4, 0x0, 0x13, 0x20,
    0xc, 0xf3, 0x0, 0x0, 0xa, 0xf9, 0x0, 0x0,
    0x0, 0x4, 0xfd, 0x0, 0x0, 0x4, 0xfe, 0x10,
    0x0, 0x0, 0x4, 0xff, 0x30, 0x0, 0x0, 0xef,
    0x50, 0x0, 0x0, 0x4, 0xff, 0x40, 0x0, 0x0,
    0x9f, 0xa0, 0x0, 0x0, 0x5, 0xff, 0x40, 0x0,
    0x0, 0x3f, 0xe1, 0x0, 0x0, 0x3, 0xff, 0xfd,
    0xdd, 0x40, 0xd, 0xf5, 0x0, 0x0, 0x0, 0x4f,
    0xff, 0xff, 0xf5,

    /* U+00BE "¾" */
    0x0, 0x8e, 0xfd, 0x60, 0x0, 0x0, 0x0, 0x3f,
    0xf1, 0x0, 0x9, 0xff, 0xcf, 0xf5, 0x0, 0x0,
    0x0, 0xcf, 0x60, 0x0, 0xc, 0xd2, 0x7, 0xfa,
    0x0, 0x0, 0x7, 0xfb, 0x0, 0x0, 0x0, 0x0,
    0xa, 0xf7, 0x0, 0x0, 0x2f, 0xf2, 0x0, 0x0,
    0x0, 0xa, 0xff, 0x90, 0x0, 0x0, 0xcf, 0x60,
    0x0, 0x0, 0x0, 0x6, 0xae, 0xf7, 0x0, 0x7,
    0xfc, 0x0, 0x0, 0x0, 0x2, 0x10, 0x4, 0xfe,
    0x0, 0x2f, 0xf2, 0x0, 0x0, 0x0, 0x1f, 0xf4,
    0x8, 0xfe, 0x0, 0xcf, 0x70, 0x0, 0x0, 0x0,
    0x9, 0xff, 0xff, 0xf7, 0x6, 0xfc, 0x0, 0x8,
    0xff, 0x60, 0x0, 0x5b, 0xca, 0x40, 0x2f, 0xf2,
    0x0, 0x2f, 0xff, 0x60, 0x0, 0x0, 0x0, 0x0,
    0xbf, 0x70, 0x0, 0xcf, 0xcf, 0x60, 0x0, 0x0,
    0x0, 0x6, 0xfd, 0x0, 0x5, 0xf8, 0x9f, 0x60,
    0x0, 0x0, 0x0, 0x1f, 0xf3, 0x0, 0xe, 0xe1,
    0x9f, 0x60, 0x0, 0x0, 0x0, 0xbf, 0x80, 0x0,
    0x9f, 0x60, 0x9f, 0x60, 0x0, 0x0, 0x6, 0xfd,
    0x0, 0x0, 0xff, 0xcc, 0xef, 0xd6, 0x0, 0x0,
    0x1e, 0xf3, 0x0, 0x0, 0xff, 0xff, 0xff, 0xf8,
    0x0, 0x0, 0xbf, 0x80, 0x0, 0x0, 0x0, 0x0,
    0xaf, 0x60, 0x0, 0x1, 0x87, 0x0, 0x0, 0x0,
    0x0, 0x0, 0x58, 0x30,

    /* U+00BF "¿" */
    0x0, 0x0, 0x7f, 0xc1, 0x0, 0x0, 0x0, 0xf,
    0xff, 0x70, 0x0, 0x0, 0x0, 0xef, 0xf5, 0x0,
    0x0, 0x0, 0x3, 0x97, 0x0, 0x0, 0x0, 0x0,
    0x0, 0x0, 0x0, 0x0, 0x0, 0x5, 0xaa, 0x0,
    0x0, 0x0, 0x0, 0xaf, 0xf1, 0x0, 0x0, 0x0,
    0xe, 0xff, 0x0, 0x0, 0x0, 0x1c, 0xff, 0xa0,
    0x0, 0x0, 0x3e, 0xff, 0xd1, 0x0, 0x0, 0x2f,
    0xff, 0x90, 0x0, 0x0, 0xa, 0xff, 0x80, 0x0,
    0x0, 0x0, 0xef, 0xf0, 0x0, 0x0, 0x44, 0x3f,
    0xff, 0x0, 0x0, 0x2f, 0xfb, 0xdf, 0xf5, 0x0,
    0x9, 0xff, 0x86, 0xff, 0xfa, 0x8c, 0xff, 0xf2,
    0xa, 0xff, 0xff, 0xff, 0xf5, 0x0, 0x5, 0xbf,
    0xfe, 0xa2, 0x0,

    /* U+00C0 "À" */
    0x0, 0x0, 0x9, 0x97, 0x0, 0x0, 0x0, 0x0,
    0x0, 0x0, 0x8, 0xff, 0x20, 0x0, 0x0, 0x0,
    0x0, 0x0, 0x0, 0xdf, 0x90, 0x0, 0x0, 0x0,
    0x0, 0x0, 0x0, 0x2f, 0xf1, 0x0, 0x0, 0x0,
    0x0, 0x0, 0x0, 0x0, 0x0, 0x0, 0x0, 0x0,
    0x0, 0x0, 0x0, 0xef, 0xff, 0x30, 0x0, 0x0,
    0x0, 0x0, 0x3, 0xff, 0xff, 0x80, 0x0, 0x0,
    0x0, 0x0, 0x9, 0xff, 0xff, 0xd0, 0x0, 0x0,
    0x0, 0x0, 0xe, 0xfe, 0xaf, 0xf3, 0x0, 0x0,
    0x0, 0x0, 0x3f, 0xfa, 0x6f, 0xf8, 0x0, 0x0,
    0x0, 0x0, 0x8f, 0xf6, 0x1f, 0xfd, 0x0, 0x0,
    0x0, 0x0, 0xef, 0xf2, 0xd, 0xff, 0x20, 0x0,
    0x0, 0x3, 0xff, 0xd0, 0x8, 0xff, 0x80, 0x0,
    0x0, 0x8, 0xff, 0x90, 0x4, 0xff, 0xd0, 0x0,
    0x0, 0xd, 0xff, 0x40, 0x0, 0xff, 0xf2, 0x0,
    0x0, 0x3f, 0xfe, 0x0, 0x0, 0xaf, 0xf8, 0x0,
    0x0, 0x8f, 0xff, 0xff, 0xff, 0xff, 0xfd, 0x0,
    0x0, 0xdf, 0xff, 0xff, 0xff, 0xff, 0xff, 0x20,
    0x2, 0xff, 0xf9, 0x99, 0x99, 0x9d, 0xff, 0x80,
    0x8, 0xff, 0xa0, 0x0, 0x0, 0x6, 0xff, 0xd0,
    0xd, 0xff, 0x50, 0x0, 0x0, 0x1, 0xff, 0xf2,
    0x2f, 0xff, 0x10, 0x0, 0x0, 0x0, 0xcf, 0xf8,
    0x7f, 0xfb, 0x0, 0x0, 0x0, 0x0, 0x7f, 0xfd,

    /* U+00C1 "Á" */
    0x0, 0x0, 0x0, 0x0, 0x49, 0x93, 0x0, 0x0,
    0x0, 0x0, 0x0, 0x0, 0xcf, 0xd0, 0x0, 0x0,
    0x0, 0x0, 0x0, 0x4, 0xff, 0x30, 0x0, 0x0,
    0x0, 0x0, 0x0, 0xb, 0xf7, 0x0, 0x0, 0x0,
    0x0, 0x0, 0x0, 0x0, 0x0, 0x0, 0x0, 0x0,
    0x0, 0x0, 0x0, 0xef, 0xff, 0x30, 0x0, 0x0,
    0x0, 0x0, 0x3, 0xff, 0xff, 0x80, 0x0, 0x0,
    0x0, 0x0, 0x9, 0xff, 0xff, 0xd0, 0x0, 0x0,
    0x0, 0x0, 0xe, 0xfe, 0xaf, 0xf3, 0x0, 0x0,
    0x0, 0x0, 0x3f, 0xfa, 0x6f, 0xf8, 0x0, 0x0,
    0x0, 0x0, 0x8f, 0xf6, 0x1f, 0xfd, 0x0, 0x0,
    0x0, 0x0, 0xef, 0xf2, 0xd, 0xff, 0x20, 0x0,
    0x0, 0x3, 0xff, 0xd0, 0x8, 0xff, 0x80, 0x0,
    0x0, 0x8, 0xff, 0x90, 0x4, 0xff, 0xd0, 0x0,
    0x0, 0xd, 0xff, 0x40, 0x0, 0xff, 0xf2, 0x0,
    0x0, 0x3f, 0xfe, 0x0, 0x0, 0xaf, 0xf8, 0x0,
    0x0, 0x8f, 0xff, 0xff, 0xff, 0xff, 0xfd, 0x0,
    0x0, 0xdf, 0xff, 0xff, 0xff, 0xff, 0xff, 0x20,
    0x2, 0xff, 0xf9, 0x99, 0x99, 0x9d, 0xff, 0x80,
    0x8, 0xff, 0xa0, 0x0, 0x0, 0x6, 0xff, 0xd0,
    0xd, 0xff, 0x50, 0x0, 0x0, 0x1, 0xff, 0xf2,
    0x2f, 0xff, 0x10, 0x0, 0x0, 0x0, 0xcf, 0xf8,
    0x7f, 0xfb, 0x0, 0x0, 0x0, 0x0, 0x7f, 0xfd,

    /* U+00C2 "Â" */
    0x0, 0x0, 0x0, 0x28, 0x84, 0x0, 0x0, 0x0,
    0x0, 0x0, 0x1, 0xef, 0xff, 0x50, 0x0, 0x0,
    0x0, 0x0, 0x1d, 0xf8, 0x3f, 0xf4, 0x0, 0x0,
    0x0, 0x0, 0x58, 0x60, 0x4, 0x87, 0x0, 0x0,
    0x0, 0x0, 0x0, 0x0, 0x0, 0x0, 0x0, 0x0,
    0x0, 0x0, 0x0, 0xef, 0xff, 0x30, 0x0, 0x0,
    0x0, 0x0, 0x3, 0xff, 0xff, 0x80, 0x0, 0x0,
    0x0, 0x0, 0x9, 0xff, 0xff, 0xd0, 0x0, 0x0,
    0x0, 0x0, 0xe, 0xfe, 0xaf, 0xf3, 0x0, 0x0,
    0x0, 0x0, 0x3f, 0xfa, 0x6f, 0xf8, 0x0, 0x0,
    0x0, 0x0, 0x8f, 0xf6, 0x1f, 0xfd, 0x0, 0x0,
    0x0, 0x0, 0xef, 0xf2, 0xd, 0xff, 0x20, 0x0,
    0x0, 0x3, 0xff, 0xd0, 0x8, 0xff, 0x80, 0x0,
    0x0, 0x8, 0xff, 0x90, 0x4, 0xff, 0xd0, 0x0,
    0x0, 0xd, 0xff, 0x40, 0x0, 0xff, 0xf2, 0x0,
    0x0, 0x3f, 0xfe, 0x0, 0x0, 0xaf, 0xf8, 0x0,
    0x0, 0x8f, 0xff, 0xff, 0xff, 0xff, 0xfd, 0x0,
    0x0, 0xdf, 0xff, 0xff, 0xff, 0xff, 0xff, 0x20,
    0x2, 0xff, 0xf9, 0x99, 0x99, 0x9d, 0xff, 0x80,
    0x8, 0xff, 0xa0, 0x0, 0x0, 0x6, 0xff, 0xd0,
    0xd, 0xff, 0x50, 0x0, 0x0, 0x1, 0xff, 0xf2,
    0x2f, 0xff, 0x10, 0x0, 0x0, 0x0, 0xcf, 0xf8,
    0x7f, 0xfb, 0x0, 0x0, 0x0, 0x0, 0x7f, 0xfd,

    /* U+00C3 "Ã" */
    0x0, 0x0, 0x5, 0xc8, 0x0, 0xaa, 0x0, 0x0,
    0x0, 0x0, 0x1f, 0xff, 0xa1, 0xfb, 0x0, 0x0,
    0x0, 0x0, 0x5f, 0x66, 0xff, 0xf6, 0x0, 0x0,
    0x0, 0x0, 0x6d, 0x20, 0x4c, 0x80, 0x0, 0x0,
    0x0, 0x0, 0x0, 0x0, 0x0, 0x0, 0x0, 0x0,
    0x0, 0x0, 0x0, 0xef, 0xff, 0x30, 0x0, 0x0,
    0x0, 0x0, 0x3, 0xff, 0xff, 0x80, 0x0, 0x0,
    0x0, 0x0, 0x9, 0xff, 0xff, 0xd0, 0x0, 0x0,
    0x0, 0x0, 0xe, 0xfe, 0xaf, 0xf3, 0x0, 0x0,
    0x0, 0x0, 0x3f, 0xfa, 0x6f, 0xf8, 0x0, 0x0,
    0x0, 0x0, 0x8f, 0xf6, 0x1f, 0xfd, 0x0, 0x0,
    0x0, 0x0, 0xef, 0xf2, 0xd, 0xff, 0x20, 0x0,
    0x0, 0x3, 0xff, 0xd0, 0x8, 0xff, 0x80, 0x0,
    0x0, 0x8, 0xff, 0x90, 0x4, 0xff, 0xd0, 0x0,
    0x0, 0xd, 0xff, 0x40, 0x0, 0xff, 0xf2, 0x0,
    0x0, 0x3f, 0xfe, 0x0, 0x0, 0xaf, 0xf8, 0x0,
    0x0, 0x8f, 0xff, 0xff, 0xff, 0xff, 0xfd, 0x0,
    0x0, 0xdf, 0xff, 0xff, 0xff, 0xff, 0xff, 0x20,
    0x2, 0xff, 0xf9, 0x99, 0x99, 0x9d, 0xff, 0x80,
    0x8, 0xff, 0xa0, 0x0, 0x0, 0x6, 0xff, 0xd0,
    0xd, 0xff, 0x50, 0x0, 0x0, 0x1, 0xff, 0xf2,
    0x2f, 0xff, 0x10, 0x0, 0x0, 0x0, 0xcf, 0xf8,
    0x7f, 0xfb, 0x0, 0x0, 0x0, 0x0, 0x7f, 0xfd,

    /* U+00C4 "Ä" */
    0x0, 0x0, 0x6f, 0xc0, 0x7, 0xfb, 0x0, 0x0,
    0x0, 0x0, 0xdf, 0xf4, 0xf, 0xff, 0x30, 0x0,
    0x0, 0x0, 0x9f, 0xf1, 0xb, 0xfe, 0x0, 0x0,
    0x0, 0x0, 0x3, 0x10, 0x0, 0x41, 0x0, 0x0,
    0x0, 0x0, 0x0, 0x0, 0x0, 0x0, 0x0, 0x0,
    0x0, 0x0, 0x0, 0xef, 0xff, 0x30, 0x0, 0x0,
    0x0, 0x0, 0x3, 0xff, 0xff, 0x80, 0x0, 0x0,
    0x0, 0x0, 0x9, 0xff, 0xff, 0xd0, 0x0, 0x0,
    0x0, 0x0, 0xe, 0xfe, 0xaf, 0xf3, 0x0, 0x0,
    0x0, 0x0, 0x3f, 0xfa, 0x6f, 0xf8, 0x0, 0x0,
    0x0, 0x0, 0x8f, 0xf6, 0x1f, 0xfd, 0x0, 0x0,
    0x0, 0x0, 0xef, 0xf2, 0xd, 0xff, 0x20, 0x0,
    0x0, 0x3, 0xff, 0xd0, 0x8, 0xff, 0x80, 0x0,
    0x0, 0x8, 0xff, 0x90, 0x4, 0xff, 0xd0, 0x0,
    0x0, 0xd, 0xff, 0x40, 0x0, 0xff, 0xf2, 0x0,
    0x0, 0x3f, 0xfe, 0x0, 0x0, 0xaf, 0xf8, 0x0,
    0x0, 0x8f, 0xff, 0xff, 0xff, 0xff, 0xfd, 0x0,
    0x0, 0xdf, 0xff, 0xff, 0xff, 0xff, 0xff, 0x20,
    0x2, 0xff, 0xf9, 0x99, 0x99, 0x9d, 0xff, 0x80,
    0x8, 0xff, 0xa0, 0x0, 0x0, 0x6, 0xff, 0xd0,
    0xd, 0xff, 0x50, 0x0, 0x0, 0x1, 0xff, 0xf2,
    0x2f, 0xff, 0x10, 0x0, 0x0, 0x0, 0xcf, 0xf8,
    0x7f, 0xfb, 0x0, 0x0, 0x0, 0x0, 0x7f, 0xfd,

    /* U+00C5 "Å" */
    0x0, 0x0, 0x0, 0x7e, 0xfb, 0x10, 0x0, 0x0,
    0x0, 0x0, 0x6, 0xfb, 0x9f, 0xc0, 0x0, 0x0,
    0x0, 0x0, 0xb, 0xf0, 0xa, 0xf0, 0x0, 0x0,
    0x0, 0x0, 0xa, 0xf3, 0x1c, 0xf0, 0x0, 0x0,
    0x0, 0x0, 0x2, 0xef, 0xff, 0x60, 0x0, 0x0,
    0x0, 0x0, 0x0, 0x17, 0x83, 0x0, 0x0, 0x0,
    0x0, 0x0, 0x0, 0xef, 0xff, 0x30, 0x0, 0x0,
    0x0, 0x0, 0x3, 0xff, 0xff, 0x80, 0x0, 0x0,
    0x0, 0x0, 0x9, 0xff, 0xff, 0xd0, 0x0, 0x0,
    0x0, 0x0, 0xe, 0xfe, 0xaf, 0xf3, 0x0, 0x0,
    0x0, 0x0, 0x3f, 0xfa, 0x6f, 0xf8, 0x0, 0x0,
    0x0, 0x0, 0x8f, 0xf6, 0x1f, 0xfd, 0x0, 0x0,
    0x0, 0x0, 0xef, 0xf2, 0xd, 0xff, 0x20, 0x0,
    0x0, 0x3, 0xff, 0xd0, 0x8, 0xff, 0x80, 0x0,
    0x0, 0x8, 0xff, 0x90, 0x4, 0xff, 0xd0, 0x0,
    0x0, 0xd, 0xff, 0x40, 0x0, 0xff, 0xf2, 0x0,
    0x0, 0x3f, 0xfe, 0x0, 0x0, 0xaf, 0xf8, 0x0,
    0x0, 0x8f, 0xff, 0xff, 0xff, 0xff, 0xfd, 0x0,
    0x0, 0xdf, 0xff, 0xff, 0xff, 0xff, 0xff, 0x20,
    0x2, 0xff, 0xf9, 0x99, 0x99, 0x9d, 0xff, 0x80,
    0x8, 0xff, 0xa0, 0x0, 0x0, 0x6, 0xff, 0xd0,
    0xd, 0xff, 0x50, 0x0, 0x0, 0x1, 0xff, 0xf2,
    0x2f, 0xff, 0x10, 0x0, 0x0, 0x0, 0xcf, 0xf8,
    0x7f, 0xfb, 0x0, 0x0, 0x0, 0x0, 0x7f, 0xfd,

    /* U+00C6 "Æ" */
    0x0, 0x0, 0x0, 0x8, 0xff, 0xff, 0xff, 0xff,
    0xff, 0xff, 0xff, 0x10, 0x0, 0x0, 0x0, 0xef,
    0xff, 0xff, 0xff, 0xff, 0xff, 0xff, 0xf1, 0x0,
    0x0, 0x0, 0x5f, 0xfb, 0x6f, 0xff, 0xaa, 0xaa,
    0xaa, 0xaa, 0x0, 0x0, 0x0, 0xb, 0xff, 0x41,
    0xff, 0xd0, 0x0, 0x0, 0x0, 0x0, 0x0, 0x0,
    0x2, 0xff, 0xe0, 0x1f, 0xfd, 0x0, 0x0, 0x0,
    0x0, 0x0, 0x0, 0x0, 0x8f, 0xf7, 0x1, 0xff,
    0xd0, 0x0, 0x0, 0x0, 0x0, 0x0, 0x0, 0xe,
    0xff, 0x10, 0x1f, 0xfd, 0x0, 0x0, 0x0, 0x0,
    0x0, 0x0, 0x5, 0xff, 0xb0, 0x1, 0xff, 0xd0,
    0x0, 0x0, 0x0, 0x0, 0x0, 0x0, 0xcf, 0xf4,
    0x0, 0x1f, 0xff, 0xff, 0xff, 0xff, 0xf7, 0x0,
    0x0, 0x2f, 0xfe, 0x0, 0x1, 0xff, 0xff, 0xff,
    0xff, 0xff, 0x70, 0x0, 0x9, 0xff, 0x80, 0x0,
    0x1f, 0xff, 0xaa, 0xaa, 0xaa, 0xa4, 0x0, 0x0,
    0xff, 0xff, 0xff, 0xff, 0xff, 0xd0, 0x0, 0x0,
    0x0, 0x0, 0x0, 0x6f, 0xff, 0xff, 0xff, 0xff,
    0xfd, 0x0, 0x0, 0x0, 0x0, 0x0, 0xd, 0xff,
    0x96, 0x66, 0x67, 0xff, 0xd0, 0x0, 0x0, 0x0,
    0x0, 0x3, 0xff, 0xe0, 0x0, 0x0, 0x1f, 0xfd,
    0x0, 0x0, 0x0, 0x0, 0x0, 0xaf, 0xf8, 0x0,
    0x0, 0x1, 0xff, 0xfa, 0xaa, 0xaa, 0xaa, 0xa1,
    0x1f, 0xff, 0x20, 0x0, 0x0, 0x1f, 0xff, 0xff,
    0xff, 0xff, 0xff, 0x17, 0xff, 0xb0, 0x0, 0x0,
    0x1, 0xff, 0xff, 0xff, 0xff, 0xff, 0xf1,

    /* U+00C7 "Ç" */
    0x0, 0x0, 0x4, 0xae, 0xff, 0xc8, 0x10, 0x0,
    0x0, 0x1, 0xbf, 0xff, 0xff, 0xff, 0xf5, 0x0,
    0x0, 0xd, 0xff, 0xff, 0xdd, 0xff, 0xff, 0x50,
    0x0, 0x9f, 0xff, 0x60, 0x0, 0x2b, 0xff, 0xe1,
    0x2, 0xff, 0xf4, 0x0, 0x0, 0x0, 0xcf, 0xf7,
    0x8, 0xff, 0xa0, 0x0, 0x0, 0x0, 0x5f, 0xfb,
    0xc, 0xff, 0x40, 0x0, 0x0, 0x0, 0x2, 0x22,
    0xe, 0xff, 0x10, 0x0, 0x0, 0x0, 0x0, 0x0,
    0xf, 0xff, 0x0, 0x0, 0x0, 0x0, 0x0, 0x0,
    0xf, 0xff, 0x0, 0x0, 0x0, 0x0, 0x0, 0x0,
    0xe, 0xff, 0x10, 0x0, 0x0, 0x0, 0x0, 0x0,
    0xc, 0xff, 0x40, 0x0, 0x0, 0x0, 0x2, 0x22,
    0x8, 0xff, 0xa0, 0x0, 0x0, 0x0, 0x5f, 0xfc,
    0x2, 0xff, 0xf4, 0x0, 0x0, 0x0, 0xdf, 0xf7,
    0x0, 0x9f, 0xff, 0x60, 0x0, 0x2c, 0xff, 0xe1,
    0x0, 0xd, 0xff, 0xff, 0xdd, 0xff, 0xff, 0x50,
    0x0, 0x1, 0xbf, 0xff, 0xff, 0xff, 0xf5, 0x0,
    0x0, 0x0, 0x4, 0xae, 0xff, 0xc8, 0x10, 0x0,
    0x0, 0x0, 0x0, 0x2, 0xf5, 0x0, 0x0, 0x0,
    0x0, 0x0, 0x0, 0x4, 0xff, 0xd1, 0x0, 0x0,
    0x0, 0x0, 0x0, 0x0, 0x8, 0xf5, 0x0, 0x0,
    0x0, 0x0, 0x0, 0x4, 0x5b, 0xf4, 0x0, 0x0,
    0x0, 0x0, 0x0, 0xc, 0xff, 0x90, 0x0, 0x0,

    /* U+00C8 "È" */
    0x0, 0x9, 0x97, 0x0, 0x0, 0x0, 0x0, 0x8,
    0xff, 0x20, 0x0, 0x0, 0x0, 0x0, 0xdf, 0x90,
    0x0, 0x0, 0x0, 0x0, 0x2f, 0xf1, 0x0, 0x0,
    0x0, 0x0, 0x0, 0x0, 0x0, 0x0, 0x7f, 0xff,
    0xff, 0xff, 0xff, 0xfc, 0x7f, 0xff, 0xff, 0xff,
    0xff, 0xfc, 0x7f, 0xfd, 0xaa, 0xaa, 0xaa, 0xa8,
    0x7f, 0xf8, 0x0, 0x0, 0x0, 0x0, 0x7f, 0xf8,
    0x0, 0x0, 0x0, 0x0, 0x7f, 0xf8, 0x0, 0x0,
    0x0, 0x0, 0x7f, 0xf8, 0x0, 0x0, 0x0, 0x0,
    0x7f, 0xf8, 0x0, 0x0, 0x0, 0x0, 0x7f, 0xff,
    0xff, 0xff, 0xff, 0xf2, 0x7f, 0xff, 0xff, 0xff,
    0xff, 0xf2, 0x7f, 0xfd, 0x99, 0x99, 0x99, 0x91,
    0x7f, 0xf8, 0x0, 0x0, 0x0, 0x0, 0x7f, 0xf8,
    0x0, 0x0, 0x0, 0x0, 0x7f, 0xf8, 0x0, 0x0,
    0x0, 0x0, 0x7f, 0xf8, 0x0, 0x0, 0x0, 0x0,
    0x7f, 0xfd, 0xaa, 0xaa, 0xaa, 0xa8, 0x7f, 0xff,
    0xff, 0xff, 0xff, 0xfc, 0x7f, 0xff, 0xff, 0xff,
    0xff, 0xfc,

    /* U+00C9 "É" */
    0x0, 0x0, 0x0, 0x39, 0x93, 0x0, 0x0, 0x0,
    0x0, 0xcf, 0xd0, 0x0, 0x0, 0x0, 0x4, 0xff,
    0x30, 0x0, 0x0, 0x0, 0xb, 0xf7, 0x0, 0x0,
    0x0, 0x0, 0x0, 0x0, 0x0, 0x0, 0x7f, 0xff,
    0xff, 0xff, 0xff, 0xfc, 0x7f, 0xff, 0xff, 0xff,
    0xff, 0xfc, 0x7f, 0xfd, 0xaa, 0xaa, 0xaa, 0xa8,
    0x7f, 0xf8, 0x0, 0x0, 0x0, 0x0, 0x7f, 0xf8,
    0x0, 0x0, 0x0, 0x0, 0x7f, 0xf8, 0x0, 0x0,
    0x0, 0x0, 0x7f, 0xf8, 0x0, 0x0, 0x0, 0x0,
    0x7f, 0xf8, 0x0, 0x0, 0x0, 0x0, 0x7f, 0xff,
    0xff, 0xff, 0xff, 0xf2, 0x7f, 0xff, 0xff, 0xff,
    0xff, 0xf2, 0x7f, 0xfd, 0x99, 0x99, 0x99, 0x91,
    0x7f, 0xf8, 0x0, 0x0, 0x0, 0x0, 0x7f, 0xf8,
    0x0, 0x0, 0x0, 0x0, 0x7f, 0xf8, 0x0, 0x0,
    0x0, 0x0, 0x7f, 0xf8, 0x0, 0x0, 0x0, 0x0,
    0x7f, 0xfd, 0xaa, 0xaa, 0xaa, 0xa8, 0x7f, 0xff,
    0xff, 0xff, 0xff, 0xfc, 0x7f, 0xff, 0xff, 0xff,
    0xff, 0xfc,

    /* U+00CA "Ê" */
    0x0, 0x0, 0x28, 0x84, 0x0, 0x0, 0x0, 0x1,
    0xef, 0xff, 0x50, 0x0, 0x0, 0x1d, 0xf8, 0x3f,
    0xf4, 0x0, 0x0, 0x58, 0x60, 0x3, 0x87, 0x0,
    0x0, 0x0, 0x0, 0x0, 0x0, 0x0, 0x7f, 0xff,
    0xff, 0xff, 0xff, 0xfc, 0x7f, 0xff, 0xff, 0xff,
    0xff, 0xfc, 0x7f, 0xfd, 0xaa, 0xaa, 0xaa, 0xa8,
    0x7f, 0xf8, 0x0, 0x0, 0x0, 0x0, 0x7f, 0xf8,
    0x0, 0x0, 0x0, 0x0, 0x7f, 0xf8, 0x0, 0x0,
    0x0, 0x0, 0x7f, 0xf8, 0x0, 0x0, 0x0, 0x0,
    0x7f, 0xf8, 0x0, 0x0, 0x0, 0x0, 0x7f, 0xff,
    0xff, 0xff, 0xff, 0xf2, 0x7f, 0xff, 0xff, 0xff,
    0xff, 0xf2, 0x7f, 0xfd, 0x99, 0x99, 0x99, 0x91,
    0x7f, 0xf8, 0x0, 0x0, 0x0, 0x0, 0x7f, 0xf8,
    0x0, 0x0, 0x0, 0x0, 0x7f, 0xf8, 0x0, 0x0,
    0x0, 0x0, 0x7f, 0xf8, 0x0, 0x0, 0x0, 0x0,
    0x7f, 0xfd, 0xaa, 0xaa, 0xaa, 0xa8, 0x7f, 0xff,
    0xff, 0xff, 0xff, 0xfc, 0x7f, 0xff, 0xff, 0xff,
    0xff, 0xfc,

    /* U+00CB "Ë" */
    0x0, 0x6f, 0xc0, 0x7, 0xfb, 0x0, 0x0, 0xdf,
    0xf4, 0xf, 0xff, 0x30, 0x0, 0x9f, 0xf1, 0xb,
    0xfe, 0x0, 0x0, 0x3, 0x10, 0x0, 0x41, 0x0,
    0x0, 0x0, 0x0, 0x0, 0x0, 0x0, 0x7f, 0xff,
    0xff, 0xff, 0xff, 0xfc, 0x7f, 0xff, 0xff, 0xff,
    0xff, 0xfc, 0x7f, 0xfd, 0xaa, 0xaa, 0xaa, 0xa8,
    0x7f, 0xf8, 0x0, 0x0, 0x0, 0x0, 0x7f, 0xf8,
    0x0, 0x0, 0x0, 0x0, 0x7f, 0xf8, 0x0, 0x0,
    0x0, 0x0, 0x7f, 0xf8, 0x0, 0x0, 0x0, 0x0,
    0x7f, 0xf8, 0x0, 0x0, 0x0, 0x0, 0x7f, 0xff,
    0xff, 0xff, 0xff, 0xf2, 0x7f, 0xff, 0xff, 0xff,
    0xff, 0xf2, 0x7f, 0xfd, 0x99, 0x99, 0x99, 0x91,
    0x7f, 0xf8, 0x0, 0x0, 0x0, 0x0, 0x7f, 0xf8,
    0x0, 0x0, 0x0, 0x0, 0x7f, 0xf8, 0x0, 0x0,
    0x0, 0x0, 0x7f, 0xf8, 0x0, 0x0, 0x0, 0x0,
    0x7f, 0xfd, 0xaa, 0xaa, 0xaa, 0xa8, 0x7f, 0xff,
    0xff, 0xff, 0xff, 0xfc, 0x7f, 0xff, 0xff, 0xff,
    0xff, 0xfc,

    /* U+00CC "Ì" */
    0x19, 0x95, 0x0, 0xa, 0xfe, 0x0, 0x1, 0xef,
    0x70, 0x0, 0x4f, 0xe0, 0x0, 0x0, 0x0, 0x0,
    0x7f, 0xf8, 0x0, 0x7f, 0xf8, 0x0, 0x7f, 0xf8,
    0x0, 0x7f, 0xf8, 0x0, 0x7f, 0xf8, 0x0, 0x7f,
    0xf8, 0x0, 0x7f, 0xf8, 0x0, 0x7f, 0xf8, 0x0,
    0x7f, 0xf8, 0x0, 0x7f, 0xf8, 0x0, 0x7f, 0xf8,
    0x0, 0x7f, 0xf8, 0x0, 0x7f, 0xf8, 0x0, 0x7f,
    0xf8, 0x0, 0x7f, 0xf8, 0x0, 0x7f, 0xf8, 0x0,
    0x7f, 0xf8, 0x0, 0x7f, 0xf8,

    /* U+00CD "Í" */
    0x0, 0x59, 0x92, 0x0, 0xef, 0xb0, 0x6, 0xfe,
    0x10, 0xd, 0xf5, 0x0, 0x0, 0x0, 0x0, 0x7f,
    0xf8, 0x0, 0x7f, 0xf8, 0x0, 0x7f, 0xf8, 0x0,
    0x7f, 0xf8, 0x0, 0x7f, 0xf8, 0x0, 0x7f, 0xf8,
    0x0, 0x7f, 0xf8, 0x0, 0x7f, 0xf8, 0x0, 0x7f,
    0xf8, 0x0, 0x7f, 0xf8, 0x0, 0x7f, 0xf8, 0x0,
    0x7f, 0xf8, 0x0, 0x7f, 0xf8, 0x0, 0x7f, 0xf8,
    0x0, 0x7f, 0xf8, 0x0, 0x7f, 0xf8, 0x0, 0x7f,
    0xf8, 0x0, 0x7f, 0xf8, 0x0,

    /* U+00CE "Î" */
    0x0, 0x3, 0x88, 0x30, 0x0, 0x0, 0x3f, 0xff,
    0xf3, 0x0, 0x2, 0xef, 0x55, 0xff, 0x30, 0x6,
    0x85, 0x0, 0x58, 0x60, 0x0, 0x0, 0x0, 0x0,
    0x0, 0x0, 0x7, 0xff, 0x80, 0x0, 0x0, 0x7,
    0xff, 0x80, 0x0, 0x0, 0x7, 0xff, 0x80, 0x0,
    0x0, 0x7, 0xff, 0x80, 0x0, 0x0, 0x7, 0xff,
    0x80, 0x0, 0x0, 0x7, 0xff, 0x80, 0x0, 0x0,
    0x7, 0xff, 0x80, 0x0, 0x0, 0x7, 0xff, 0x80,
    0x0, 0x0, 0x7, 0xff, 0x80, 0x0, 0x0, 0x7,
    0xff, 0x80, 0x0, 0x0, 0x7, 0xff, 0x80, 0x0,
    0x0, 0x7, 0xff, 0x80, 0x0, 0x0, 0x7, 0xff,
    0x80, 0x0, 0x0, 0x7, 0xff, 0x80, 0x0, 0x0,
    0x7, 0xff, 0x80, 0x0, 0x0, 0x7, 0xff, 0x80,
    0x0, 0x0, 0x7, 0xff, 0x80, 0x0, 0x0, 0x7,
    0xff, 0x80, 0x0,

    /* U+00CF "Ï" */
    0x8, 0xfa, 0x0, 0x9f, 0x90, 0xf, 0xff, 0x21,
    0xff, 0xf1, 0xb, 0xfe, 0x0, 0xdf, 0xc0, 0x0,
    0x41, 0x0, 0x4, 0x0, 0x0, 0x0, 0x0, 0x0,
    0x0, 0x0, 0x7, 0xff, 0x80, 0x0, 0x0, 0x7,
    0xff, 0x80, 0x0, 0x0, 0x7, 0xff, 0x80, 0x0,
    0x0, 0x7, 0xff, 0x80, 0x0, 0x0, 0x7, 0xff,
    0x80, 0x0, 0x0, 0x7, 0xff, 0x80, 0x0, 0x0,
    0x7, 0xff, 0x80, 0x0, 0x0, 0x7, 0xff, 0x80,
    0x0, 0x0, 0x7, 0xff, 0x80, 0x0, 0x0, 0x7,
    0xff, 0x80, 0x0, 0x0, 0x7, 0xff, 0x80, 0x0,
    0x0, 0x7, 0xff, 0x80, 0x0, 0x0, 0x7, 0xff,
    0x80, 0x0, 0x0, 0x7, 0xff, 0x80, 0x0, 0x0,
    0x7, 0xff, 0x80, 0x0, 0x0, 0x7, 0xff, 0x80,
    0x0, 0x0, 0x7, 0xff, 0x80, 0x0, 0x0, 0x7,
    0xff, 0x80, 0x0,

    /* U+00D0 "Ð" */
    0x0, 0xaf, 0xff, 0xff, 0xfe, 0xb6, 0x0, 0x0,
    0x0, 0xa, 0xff, 0xff, 0xff, 0xff, 0xfd, 0x20,
    0x0, 0x0, 0xaf, 0xfc, 0xbb, 0xbe, 0xff, 0xfe,
    0x20, 0x0, 0xa, 0xff, 0x50, 0x0, 0x3, 0xdf,
    0xfc, 0x0, 0x0, 0xaf, 0xf5, 0x0, 0x0, 0x1,
    0xef, 0xf5, 0x0, 0xa, 0xff, 0x50, 0x0, 0x0,
    0x6, 0xff, 0xb0, 0x0, 0xaf, 0xf5, 0x0, 0x0,
    0x0, 0x1f, 0xff, 0x0, 0xa, 0xff, 0x50, 0x0,
    0x0, 0x0, 0xef, 0xf1, 0xcf, 0xff, 0xff, 0xff,
    0xf3, 0x0, 0xd, 0xff, 0x2c, 0xff, 0xff, 0xff,
    0xff, 0x30, 0x0, 0xdf, 0xf2, 0x34, 0xbf, 0xf8,
    0x44, 0x40, 0x0, 0xe, 0xff, 0x10, 0xa, 0xff,
    0x50, 0x0, 0x0, 0x1, 0xff, 0xe0, 0x0, 0xaf,
    0xf5, 0x0, 0x0, 0x0, 0x7f, 0xfa, 0x0, 0xa,
    0xff, 0x50, 0x0, 0x0, 0x1e, 0xff, 0x50, 0x0,
    0xaf, 0xf5, 0x0, 0x0, 0x4d, 0xff, 0xc0, 0x0,
    0xa, 0xff, 0xcb, 0xbb, 0xef, 0xff, 0xe2, 0x0,
    0x0, 0xaf, 0xff, 0xff, 0xff, 0xff, 0xd2, 0x0,
    0x0, 0xa, 0xff, 0xff, 0xff, 0xeb, 0x50, 0x0,
    0x0,

    /* U+00D1 "Ñ" */
    0x0, 0x0, 0x1b, 0xb2, 0x6, 0xc2, 0x0, 0x0,
    0x0, 0xb, 0xff, 0xe2, 0xbf, 0x10, 0x0, 0x0,
    0x0, 0xfc, 0x2e, 0xff, 0xb0, 0x0, 0x0, 0x0,
    0x1d, 0x70, 0x1a, 0xb2, 0x0, 0x0, 0x0, 0x0,
    0x0, 0x0, 0x0, 0x0, 0x0, 0x7, 0xff, 0xf2,
    0x0, 0x0, 0x0, 0x8f, 0xf7, 0x7f, 0xff, 0xb0,
    0x0, 0x0, 0x8, 0xff, 0x77, 0xff, 0xff, 0x40,
    0x0, 0x0, 0x8f, 0xf7, 0x7f, 0xff, 0xfd, 0x0,
    0x0, 0x8, 0xff, 0x77, 0xff, 0xef, 0xf7, 0x0,
    0x0, 0x8f, 0xf7, 0x7f, 0xf8, 0xef, 0xf1, 0x0,
    0x8, 0xff, 0x77, 0xff, 0x77, 0xff, 0xa0, 0x0,
    0x8f, 0xf7, 0x7f, 0xf8, 0xe, 0xff, 0x30, 0x8,
    0xff, 0x77, 0xff, 0x80, 0x6f, 0xfc, 0x0, 0x8f,
    0xf7, 0x7f, 0xf8, 0x0, 0xcf, 0xf6, 0x8, 0xff,
    0x77, 0xff, 0x80, 0x3, 0xff, 0xe0, 0x8f, 0xf7,
    0x7f, 0xf8, 0x0, 0xa, 0xff, 0x78, 0xff, 0x77,
    0xff, 0x80, 0x0, 0x1f, 0xff, 0x8f, 0xf7, 0x7f,
    0xf8, 0x0, 0x0, 0x7f, 0xfe, 0xff, 0x77, 0xff,
    0x80, 0x0, 0x0, 0xdf, 0xff, 0xf7, 0x7f, 0xf8,
    0x0, 0x0, 0x4, 0xff, 0xff, 0x77, 0xff, 0x80,
    0x0, 0x0, 0xb, 0xff, 0xf7, 0x7f, 0xf8, 0x0,
    0x0, 0x0, 0x2f, 0xff, 0x70,

    /* U+00D2 "Ò" */
    0x0, 0x0, 0x5, 0xff, 0x60, 0x0, 0x0, 0x0,
    0x0, 0x0, 0x0, 0xb, 0xfd, 0x0, 0x0, 0x0,
    0x0, 0x0, 0x0, 0x0, 0x1e, 0xf5, 0x0, 0x0,
    0x0, 0x0, 0x0, 0x0, 0x0, 0x49, 0x60, 0x0,
    0x0, 0x0, 0x0, 0x0, 0x0, 0x0, 0x0, 0x0,
    0x0, 0x0, 0x0, 0x0, 0x0, 0x4a, 0xef, 0xfc,
    0x71, 0x0, 0x0, 0x0, 0x1, 0xbf, 0xff, 0xff,
    0xff, 0xe4, 0x0, 0x0, 0x0, 0xcf, 0xff, 0xfd,
    0xef, 0xff, 0xf4, 0x0, 0x0, 0x9f, 0xff, 0x60,
    0x0, 0x2c, 0xff, 0xf1, 0x0, 0x2f, 0xff, 0x40,
    0x0, 0x0, 0xc, 0xff, 0x90, 0x8, 0xff, 0xa0,
    0x0, 0x0, 0x0, 0x3f, 0xfe, 0x0, 0xcf, 0xf4,
    0x0, 0x0, 0x0, 0x0, 0xdf, 0xf3, 0xe, 0xff,
    0x10, 0x0, 0x0, 0x0, 0xa, 0xff, 0x50, 0xff,
    0xf0, 0x0, 0x0, 0x0, 0x0, 0x9f, 0xf6, 0xf,
    0xff, 0x0, 0x0, 0x0, 0x0, 0x9, 0xff, 0x60,
    0xef, 0xf1, 0x0, 0x0, 0x0, 0x0, 0xaf, 0xf5,
    0xc, 0xff, 0x40, 0x0, 0x0, 0x0, 0xd, 0xff,
    0x30, 0x8f, 0xfa, 0x0, 0x0, 0x0, 0x3, 0xff,
    0xe0, 0x2, 0xff, 0xf4, 0x0, 0x0, 0x0, 0xcf,
    0xf9, 0x0, 0x9, 0xff, 0xf6, 0x0, 0x2, 0xcf,
    0xff, 0x10, 0x0, 0xc, 0xff, 0xff, 0xde, 0xff,
    0xff, 0x40, 0x0, 0x0, 0x1b, 0xff, 0xff, 0xff,
    0xfe, 0x40, 0x0, 0x0, 0x0, 0x4, 0xae, 0xff,
    0xc7, 0x10, 0x0, 0x0,

    /* U+00D3 "Ó" */
    0x0, 0x0, 0x0, 0x0, 0xe, 0xfc, 0x0, 0x0,
    0x0, 0x0, 0x0, 0x0, 0x6, 0xff, 0x20, 0x0,
    0x0, 0x0, 0x0, 0x0, 0x0, 0xef, 0x60, 0x0,
    0x0, 0x0, 0x0, 0x0, 0x0, 0x29, 0x80, 0x0,
    0x0, 0x0, 0x0, 0x0, 0x0, 0x0, 0x0, 0x0,
    0x0, 0x0, 0x0, 0x0, 0x0, 0x4a, 0xef, 0xfc,
    0x71, 0x0, 0x0, 0x0, 0x1, 0xbf, 0xff, 0xff,
    0xff, 0xe4, 0x0, 0x0, 0x0, 0xcf, 0xff, 0xfd,
    0xef, 0xff, 0xf4, 0x0, 0x0, 0x9f, 0xff, 0x60,
    0x0, 0x2c, 0xff, 0xf1, 0x0, 0x2f, 0xff, 0x40,
    0x0, 0x0, 0xc, 0xff, 0x90, 0x8, 0xff, 0xa0,
    0x0, 0x0, 0x0, 0x3f, 0xfe, 0x0, 0xcf, 0xf4,
    0x0, 0x0, 0x0, 0x0, 0xdf, 0xf3, 0xe, 0xff,
    0x10, 0x0, 0x0, 0x0, 0xa, 0xff, 0x50, 0xff,
    0xf0, 0x0, 0x0, 0x0, 0x0, 0x9f, 0xf6, 0xf,
    0xff, 0x0, 0x0, 0x0, 0x0, 0x9, 0xff, 0x60,
    0xef, 0xf1, 0x0, 0x0, 0x0, 0x0, 0xaf, 0xf5,
    0xc, 0xff, 0x40, 0x0, 0x0, 0x0, 0xd, 0xff,
    0x30, 0x8f, 0xfa, 0x0, 0x0, 0x0, 0x3, 0xff,
    0xe0, 0x2, 0xff, 0xf4, 0x0, 0x0, 0x0, 0xcf,
    0xf9, 0x0, 0x9, 0xff, 0xf6, 0x0, 0x2, 0xcf,
    0xff, 0x10, 0x0, 0xc, 0xff, 0xff, 0xde, 0xff,
    0xff, 0x40, 0x0, 0x0, 0x1b, 0xff, 0xff, 0xff,
    0xfe, 0x40, 0x0, 0x0, 0x0, 0x4, 0xae, 0xff,
    0xc7, 0x10, 0x0, 0x0,

    /* U+00D4 "Ô" */
    0x0, 0x0, 0x0, 0x1d, 0xff, 0x40, 0x0, 0x0,
    0x0, 0x0, 0x0, 0xb, 0xfc, 0xff, 0x20, 0x0,
    0x0, 0x0, 0x0, 0x8, 0xfd, 0x7, 0xfe, 0x10,
    0x0, 0x0, 0x0, 0x1, 0x88, 0x20, 0x7, 0x84,
    0x0, 0x0, 0x0, 0x0, 0x0, 0x0, 0x0, 0x0,
    0x0, 0x0, 0x0, 0x0, 0x0, 0x4a, 0xef, 0xfc,
    0x71, 0x0, 0x0, 0x0, 0x1, 0xbf, 0xff, 0xff,
    0xff, 0xe4, 0x0, 0x0, 0x0, 0xcf, 0xff, 0xfd,
    0xef, 0xff, 0xf4, 0x0, 0x0, 0x9f, 0xff, 0x60,
    0x0, 0x2c, 0xff, 0xf1, 0x0, 0x2f, 0xff, 0x40,
    0x0, 0x0, 0xc, 0xff, 0x90, 0x8, 0xff, 0xa0,
    0x0, 0x0, 0x0, 0x3f, 0xfe, 0x0, 0xcf, 0xf4,
    0x0, 0x0, 0x0, 0x0, 0xdf, 0xf3, 0xe, 0xff,
    0x10, 0x0, 0x0, 0x0, 0xa, 0xff, 0x50, 0xff,
    0xf0, 0x0, 0x0, 0x0, 0x0, 0x9f, 0xf6, 0xf,
    0xff, 0x0, 0x0, 0x0, 0x0, 0x9, 0xff, 0x60,
    0xef, 0xf1, 0x0, 0x0, 0x0, 0x0, 0xaf, 0xf5,
    0xc, 0xff, 0x40, 0x0, 0x0, 0x0, 0xd, 0xff,
    0x30, 0x8f, 0xfa, 0x0, 0x0, 0x0, 0x3, 0xff,
    0xe0, 0x2, 0xff, 0xf4, 0x0, 0x0, 0x0, 0xcf,
    0xf9, 0x0, 0x9, 0xff, 0xf6, 0x0, 0x2, 0xcf,
    0xff, 0x10, 0x0, 0xc, 0xff, 0xff, 0xde, 0xff,
    0xff, 0x40, 0x0, 0x0, 0x1b, 0xff, 0xff, 0xff,
    0xfe, 0x40, 0x0, 0x0, 0x0, 0x4, 0xae, 0xff,
    0xc7, 0x10, 0x0, 0x0,

    /* U+00D5 "Õ" */
    0x0, 0x0, 0x1, 0xac, 0x70, 0x4c, 0x40, 0x0,
    0x0, 0x0, 0x0, 0xaf, 0xff, 0xef, 0xf2, 0x0,
    0x0, 0x0, 0x0, 0xe, 0xd1, 0x7e, 0xf7, 0x0,
    0x0, 0x0, 0x0, 0x0, 0x0, 0x0, 0x0, 0x0,
    0x0, 0x0, 0x0, 0x0, 0x0, 0x0, 0x0, 0x0,
    0x0, 0x0, 0x0, 0x0, 0x0, 0x4a, 0xef, 0xfc,
    0x71, 0x0, 0x0, 0x0, 0x1, 0xbf, 0xff, 0xff,
    0xff, 0xe4, 0x0, 0x0, 0x0, 0xcf, 0xff, 0xfd,
    0xef, 0xff, 0xf4, 0x0, 0x0, 0x9f, 0xff, 0x60,
    0x0, 0x2c, 0xff, 0xf1, 0x0, 0x2f, 0xff, 0x40,
    0x0, 0x0, 0xc, 0xff, 0x90, 0x8, 0xff, 0xa0,
    0x0, 0x0, 0x0, 0x3f, 0xfe, 0x0, 0xcf, 0xf4,
    0x0, 0x0, 0x0, 0x0, 0xdf, 0xf3, 0xe, 0xff,
    0x10, 0x0, 0x0, 0x0, 0xa, 0xff, 0x50, 0xff,
    0xf0, 0x0, 0x0, 0x0, 0x0, 0x9f, 0xf6, 0xf,
    0xff, 0x0, 0x0, 0x0, 0x0, 0x9, 0xff, 0x60,
    0xef, 0xf1, 0x0, 0x0, 0x0, 0x0, 0xaf, 0xf5,
    0xc, 0xff, 0x40, 0x0, 0x0, 0x0, 0xd, 0xff,
    0x30, 0x8f, 0xfa, 0x0, 0x0, 0x0, 0x3, 0xff,
    0xe0, 0x2, 0xff, 0xf4, 0x0, 0x0, 0x0, 0xcf,
    0xf9, 0x0, 0x9, 0xff, 0xf6, 0x0, 0x2, 0xcf,
    0xff, 0x10, 0x0, 0xc, 0xff, 0xff, 0xde, 0xff,
    0xff, 0x40, 0x0, 0x0, 0x1b, 0xff, 0xff, 0xff,
    0xfe, 0x40, 0x0, 0x0, 0x0, 0x4, 0xae, 0xff,
    0xc7, 0x10, 0x0, 0x0,

    /* U+00D6 "Ö" */
    0x0, 0x0, 0xc, 0xf6, 0x1, 0xdf, 0x40, 0x0,
    0x0, 0x0, 0x4, 0xff, 0xd0, 0x6f, 0xfb, 0x0,
    0x0, 0x0, 0x0, 0x1f, 0xf9, 0x2, 0xff, 0x70,
    0x0, 0x0, 0x0, 0x0, 0x13, 0x0, 0x2, 0x30,
    0x0, 0x0, 0x0, 0x0, 0x0, 0x0, 0x0, 0x0,
    0x0, 0x0, 0x0, 0x0, 0x0, 0x4a, 0xef, 0xfc,
    0x71, 0x0, 0x0, 0x0, 0x1, 0xbf, 0xff, 0xff,
    0xff, 0xe4, 0x0, 0x0, 0x0, 0xcf, 0xff, 0xfd,
    0xef, 0xff, 0xf4, 0x0, 0x0, 0x9f, 0xff, 0x60,
    0x0, 0x2c, 0xff, 0xf1, 0x0, 0x2f, 0xff, 0x40,
    0x0, 0x0, 0xc, 0xff, 0x90, 0x8, 0xff, 0xa0,
    0x0, 0x0, 0x0, 0x3f, 0xfe, 0x0, 0xcf, 0xf4,
    0x0, 0x0, 0x0, 0x0, 0xdf, 0xf3, 0xe, 0xff,
    0x10, 0x0, 0x0, 0x0, 0xa, 0xff, 0x50, 0xff,
    0xf0, 0x0, 0x0, 0x0, 0x0, 0x9f, 0xf6, 0xf,
    0xff, 0x0, 0x0, 0x0, 0x0, 0x9, 0xff, 0x60,
    0xef, 0xf1, 0x0, 0x0, 0x0, 0x0, 0xaf, 0xf5,
    0xc, 0xff, 0x40, 0x0, 0x0, 0x0, 0xd, 0xff,
    0x30, 0x8f, 0xfa, 0x0, 0x0, 0x0, 0x3, 0xff,
    0xe0, 0x2, 0xff, 0xf4, 0x0, 0x0, 0x0, 0xcf,
    0xf9, 0x0, 0x9, 0xff, 0xf6, 0x0, 0x2, 0xcf,
    0xff, 0x10, 0x0, 0xc, 0xff, 0xff, 0xde, 0xff,
    0xff, 0x40, 0x0, 0x0, 0x1b, 0xff, 0xff, 0xff,
    0xfe, 0x40, 0x0, 0x0, 0x0, 0x4, 0xae, 0xff,
    0xc7, 0x10, 0x0, 0x0,

    /* U+00D7 "×" */
    0x0, 0x92, 0x0, 0x0, 0x1, 0xa0, 0x0, 0x9f,
    0xe2, 0x0, 0x0, 0xcf, 0xc0, 0x9, 0xff, 0xe1,
    0x0, 0xcf, 0xfc, 0x0, 0xa, 0xff, 0xd2, 0xbf,
    0xfc, 0x0, 0x0, 0xb, 0xff, 0xff, 0xfd, 0x10,
    0x0, 0x0, 0xb, 0xff, 0xfd, 0x10, 0x0, 0x0,
    0x0, 0xaf, 0xff, 0xc0, 0x0, 0x0, 0x0, 0x9f,
    0xff, 0xff, 0xb0, 0x0, 0x0, 0x8f, 0xfe, 0x3d,
    0xff, 0xb0, 0x0, 0x7f, 0xfe, 0x30, 0x1d, 0xff,
    0xa0, 0xb, 0xff, 0x30, 0x0, 0x1d, 0xfd, 0x10,
    0xb, 0x40, 0x0, 0x0, 0x2c, 0x10, 0x0, 0x0,
    0x0, 0x0, 0x0, 0x0, 0x0,

    /* U+00D8 "Ø" */
    0x0, 0x0, 0x0, 0x0, 0x0, 0x0, 0x0, 0x30,
    0x0, 0x0, 0x0, 0x4a, 0xef, 0xfc, 0x71, 0x4f,
    0x90, 0x0, 0x1, 0xbf, 0xff, 0xff, 0xff, 0xef,
    0xfa, 0x0, 0x0, 0xcf, 0xff, 0xfd, 0xef, 0xff,
    0xfe, 0x0, 0x0, 0x9f, 0xff, 0x60, 0x0, 0x2e,
    0xff, 0xf1, 0x0, 0x2f, 0xff, 0x40, 0x0, 0x4,
    0xff, 0xff, 0x90, 0x8, 0xff, 0xa0, 0x0, 0x1,
    0xef, 0xcf, 0xfe, 0x0, 0xcf, 0xf4, 0x0, 0x0,
    0xcf, 0xd0, 0xdf, 0xf3, 0xe, 0xff, 0x10, 0x0,
    0x8f, 0xf3, 0xa, 0xff, 0x50, 0xff, 0xf0, 0x0,
    0x4f, 0xf7, 0x0, 0x9f, 0xf6, 0xf, 0xff, 0x0,
    0x1e, 0xfb, 0x0, 0x9, 0xff, 0x60, 0xef, 0xf1,
    0xb, 0xfe, 0x10, 0x0, 0xaf, 0xf5, 0xc, 0xff,
    0x47, 0xff, 0x30, 0x0, 0xd, 0xff, 0x30, 0x8f,
    0xfd, 0xff, 0x70, 0x0, 0x3, 0xff, 0xe0, 0x2,
    0xff, 0xff, 0xb0, 0x0, 0x0, 0xcf, 0xf9, 0x0,
    0x9, 0xff, 0xf7, 0x0, 0x2, 0xcf, 0xff, 0x10,
    0x0, 0x7f, 0xff, 0xff, 0xde, 0xff, 0xff, 0x40,
    0x0, 0x3f, 0xfe, 0xff, 0xff, 0xff, 0xfe, 0x40,
    0x0, 0x4, 0xeb, 0x4, 0xae, 0xff, 0xc7, 0x10,
    0x0, 0x0, 0x2, 0x10, 0x0, 0x0, 0x0, 0x0,
    0x0, 0x0,

    /* U+00D9 "Ù" */
    0x0, 0x0, 0xcf, 0xe0, 0x0, 0x0, 0x0, 0x0,
    0x0, 0x2, 0xff, 0x60, 0x0, 0x0, 0x0, 0x0,
    0x0, 0x7, 0xfe, 0x0, 0x0, 0x0, 0x0, 0x0,
    0x0, 0x8, 0x92, 0x0, 0x0, 0x0, 0x0, 0x0,
    0x0, 0x0, 0x0, 0x0, 0x0, 0x8, 0xff, 0x70,
    0x0, 0x0, 0x0, 0xef, 0xf0, 0x8f, 0xf7, 0x0,
    0x0, 0x0, 0xe, 0xff, 0x8, 0xff, 0x70, 0x0,
    0x0, 0x0, 0xef, 0xf0, 0x8f, 0xf7, 0x0, 0x0,
    0x0, 0xe, 0xff, 0x8, 0xff, 0x70, 0x0, 0x0,
    0x0, 0xef, 0xf0, 0x8f, 0xf7, 0x0, 0x0, 0x0,
    0xe, 0xff, 0x8, 0xff, 0x70, 0x0, 0x0, 0x0,
    0xef, 0xf0, 0x8f, 0xf7, 0x0, 0x0, 0x0, 0xe,
    0xff, 0x8, 0xff, 0x70, 0x0, 0x0, 0x0, 0xef,
    0xf0, 0x8f, 0xf7, 0x0, 0x0, 0x0, 0xe, 0xff,
    0x8, 0xff, 0x70, 0x0, 0x0, 0x0, 0xef, 0xf0,
    0x7f, 0xf7, 0x0, 0x0, 0x0, 0xe, 0xff, 0x6,
    0xff, 0x90, 0x0, 0x0, 0x1, 0xff, 0xf0, 0x3f,
    0xff, 0x10, 0x0, 0x0, 0x7f, 0xfc, 0x0, 0xdf,
    0xfd, 0x20, 0x0, 0x6f, 0xff, 0x60, 0x4, 0xff,
    0xff, 0xdc, 0xef, 0xff, 0xc0, 0x0, 0x5, 0xff,
    0xff, 0xff, 0xff, 0xc1, 0x0, 0x0, 0x1, 0x8c,
    0xff, 0xeb, 0x50, 0x0, 0x0,

    /* U+00DA "Ú" */
    0x0, 0x0, 0x0, 0x6, 0xff, 0x50, 0x0, 0x0,
    0x0, 0x0, 0x0, 0xdf, 0xa0, 0x0, 0x0, 0x0,
    0x0, 0x0, 0x5f, 0xe1, 0x0, 0x0, 0x0, 0x0,
    0x0, 0x6, 0x94, 0x0, 0x0, 0x0, 0x0, 0x0,
    0x0, 0x0, 0x0, 0x0, 0x0, 0x8, 0xff, 0x70,
    0x0, 0x0, 0x0, 0xef, 0xf0, 0x8f, 0xf7, 0x0,
    0x0, 0x0, 0xe, 0xff, 0x8, 0xff, 0x70, 0x0,
    0x0, 0x0, 0xef, 0xf0, 0x8f, 0xf7, 0x0, 0x0,
    0x0, 0xe, 0xff, 0x8, 0xff, 0x70, 0x0, 0x0,
    0x0, 0xef, 0xf0, 0x8f, 0xf7, 0x0, 0x0, 0x0,
    0xe, 0xff, 0x8, 0xff, 0x70, 0x0, 0x0, 0x0,
    0xef, 0xf0, 0x8f, 0xf7, 0x0, 0x0, 0x0, 0xe,
    0xff, 0x8, 0xff, 0x70, 0x0, 0x0, 0x0, 0xef,
    0xf0, 0x8f, 0xf7, 0x0, 0x0, 0x0, 0xe, 0xff,
    0x8, 0xff, 0x70, 0x0, 0x0, 0x0, 0xef, 0xf0,
    0x7f, 0xf7, 0x0, 0x0, 0x0, 0xe, 0xff, 0x6,
    0xff, 0x90, 0x0, 0x0, 0x1, 0xff, 0xf0, 0x3f,
    0xff, 0x10, 0x0, 0x0, 0x7f, 0xfc, 0x0, 0xdf,
    0xfd, 0x20, 0x0, 0x6f, 0xff, 0x60, 0x4, 0xff,
    0xff, 0xdc, 0xef, 0xff, 0xc0, 0x0, 0x5, 0xff,
    0xff, 0xff, 0xff, 0xc1, 0x0, 0x0, 0x1, 0x8c,
    0xff, 0xeb, 0x50, 0x0, 0x0,

    /* U+00DB "Û" */
    0x0, 0x0, 0x5, 0xff, 0xd0, 0x0, 0x0, 0x0,
    0x0, 0x3, 0xff, 0xcf, 0xa0, 0x0, 0x0, 0x0,
    0x1, 0xef, 0x70, 0xdf, 0x80, 0x0, 0x0, 0x0,
    0x48, 0x70, 0x2, 0x87, 0x10, 0x0, 0x0, 0x0,
    0x0, 0x0, 0x0, 0x0, 0x0, 0x8, 0xff, 0x70,
    0x0, 0x0, 0x0, 0xef, 0xf0, 0x8f, 0xf7, 0x0,
    0x0, 0x0, 0xe, 0xff, 0x8, 0xff, 0x70, 0x0,
    0x0, 0x0, 0xef, 0xf0, 0x8f, 0xf7, 0x0, 0x0,
    0x0, 0xe, 0xff, 0x8, 0xff, 0x70, 0x0, 0x0,
    0x0, 0xef, 0xf0, 0x8f, 0xf7, 0x0, 0x0, 0x0,
    0xe, 0xff, 0x8, 0xff, 0x70, 0x0, 0x0, 0x0,
    0xef, 0xf0, 0x8f, 0xf7, 0x0, 0x0, 0x0, 0xe,
    0xff, 0x8, 0xff, 0x70, 0x0, 0x0, 0x0, 0xef,
    0xf0, 0x8f, 0xf7, 0x0, 0x0, 0x0, 0xe, 0xff,
    0x8, 0xff, 0x70, 0x0, 0x0, 0x0, 0xef, 0xf0,
    0x7f, 0xf7, 0x0, 0x0, 0x0, 0xe, 0xff, 0x6,
    0xff, 0x90, 0x0, 0x0, 0x1, 0xff, 0xf0, 0x3f,
    0xff, 0x10, 0x0, 0x0, 0x7f, 0xfc, 0x0, 0xdf,
    0xfd, 0x20, 0x0, 0x6f, 0xff, 0x60, 0x4, 0xff,
    0xff, 0xdc, 0xef, 0xff, 0xc0, 0x0, 0x5, 0xff,
    0xff, 0xff, 0xff, 0xc1, 0x0, 0x0, 0x1, 0x8c,
    0xff, 0xeb, 0x50, 0x0, 0x0,

    /* U+00DC "Ü" */
    0x0, 0x4, 0xed, 0x10, 0x6f, 0xc0, 0x0, 0x0,
    0x0, 0xbf, 0xf6, 0xd, 0xff, 0x40, 0x0, 0x0,
    0x7, 0xff, 0x30, 0x9f, 0xf1, 0x0, 0x0, 0x0,
    0x3, 0x20, 0x0, 0x31, 0x0, 0x0, 0x0, 0x0,
    0x0, 0x0, 0x0, 0x0, 0x0, 0x8, 0xff, 0x70,
    0x0, 0x0, 0x0, 0xef, 0xf0, 0x8f, 0xf7, 0x0,
    0x0, 0x0, 0xe, 0xff, 0x8, 0xff, 0x70, 0x0,
    0x0, 0x0, 0xef, 0xf0, 0x8f, 0xf7, 0x0, 0x0,
    0x0, 0xe, 0xff, 0x8, 0xff, 0x70, 0x0, 0x0,
    0x0, 0xef, 0xf0, 0x8f, 0xf7, 0x0, 0x0, 0x0,
    0xe, 0xff, 0x8, 0xff, 0x70, 0x0, 0x0, 0x0,
    0xef, 0xf0, 0x8f, 0xf7, 0x0, 0x0, 0x0, 0xe,
    0xff, 0x8, 0xff, 0x70, 0x0, 0x0, 0x0, 0xef,
    0xf0, 0x8f, 0xf7, 0x0, 0x0, 0x0, 0xe, 0xff,
    0x8, 0xff, 0x70, 0x0, 0x0, 0x0, 0xef, 0xf0,
    0x7f, 0xf7, 0x0, 0x0, 0x0, 0xe, 0xff, 0x6,
    0xff, 0x90, 0x0, 0x0, 0x1, 0xff, 0xf0, 0x3f,
    0xff, 0x10, 0x0, 0x0, 0x7f, 0xfc, 0x0, 0xdf,
    0xfd, 0x20, 0x0, 0x6f, 0xff, 0x60, 0x4, 0xff,
    0xff, 0xdc, 0xef, 0xff, 0xc0, 0x0, 0x5, 0xff,
    0xff, 0xff, 0xff, 0xc1, 0x0, 0x0, 0x1, 0x8c,
    0xff, 0xeb, 0x50, 0x0, 0x0,

    /* U+00DD "Ý" */
    0x0, 0x0, 0x0, 0x0, 0x59, 0x91, 0x0, 0x0,
    0x0, 0x0, 0x0, 0x0, 0xef, 0xa0, 0x0, 0x0,
    0x0, 0x0, 0x0, 0x7, 0xfe, 0x10, 0x0, 0x0,
    0x0, 0x0, 0x0, 0xe, 0xf4, 0x0, 0x0, 0x0,
    0x0, 0x0, 0x0, 0x0, 0x0, 0x0, 0x0, 0x0,
    0x6f, 0xff, 0x10, 0x0, 0x0, 0x2, 0xff, 0xf5,
    0xd, 0xff, 0x90, 0x0, 0x0, 0xa, 0xff, 0xc0,
    0x4, 0xff, 0xf2, 0x0, 0x0, 0x2f, 0xff, 0x30,
    0x0, 0xbf, 0xfa, 0x0, 0x0, 0xaf, 0xfa, 0x0,
    0x0, 0x2f, 0xff, 0x30, 0x3, 0xff, 0xf2, 0x0,
    0x0, 0x9, 0xff, 0xc0, 0xb, 0xff, 0x90, 0x0,
    0x0, 0x1, 0xff, 0xf4, 0x3f, 0xfe, 0x10, 0x0,
    0x0, 0x0, 0x7f, 0xfc, 0xbf, 0xf7, 0x0, 0x0,
    0x0, 0x0, 0xd, 0xff, 0xff, 0xd0, 0x0, 0x0,
    0x0, 0x0, 0x5, 0xff, 0xff, 0x50, 0x0, 0x0,
    0x0, 0x0, 0x0, 0xcf, 0xfc, 0x0, 0x0, 0x0,
    0x0, 0x0, 0x0, 0x7f, 0xf7, 0x0, 0x0, 0x0,
    0x0, 0x0, 0x0, 0x7f, 0xf7, 0x0, 0x0, 0x0,
    0x0, 0x0, 0x0, 0x7f, 0xf7, 0x0, 0x0, 0x0,
    0x0, 0x0, 0x0, 0x7f, 0xf7, 0x0, 0x0, 0x0,
    0x0, 0x0, 0x0, 0x7f, 0xf7, 0x0, 0x0, 0x0,
    0x0, 0x0, 0x0, 0x7f, 0xf7, 0x0, 0x0, 0x0,
    0x0, 0x0, 0x0, 0x7f, 0xf7, 0x0, 0x0, 0x0,

    /* U+00DE "Þ" */
    0x8f, 0xf7, 0x0, 0x0, 0x0, 0x0, 0x8, 0xff,
    0x70, 0x0, 0x0, 0x0, 0x0, 0x8f, 0xf7, 0x0,
    0x0, 0x0, 0x0, 0x8, 0xff, 0x70, 0x0, 0x0,
    0x0, 0x0, 0x8f, 0xff, 0xff, 0xfe, 0xa3, 0x0,
    0x8, 0xff, 0xff, 0xff, 0xff, 0xf8, 0x0, 0x8f,
    0xfb, 0x88, 0x8b, 0xff, 0xf6, 0x8, 0xff, 0x70,
    0x0, 0x5, 0xff, 0xd0, 0x8f, 0xf7, 0x0, 0x0,
    0xc, 0xff, 0x18, 0xff, 0x70, 0x0, 0x0, 0xbf,
    0xf2, 0x8f, 0xf7, 0x0, 0x0, 0xe, 0xff, 0x8,
    0xff, 0x70, 0x0, 0x3b, 0xff, 0xa0, 0x8f, 0xff,
    0xff, 0xff, 0xff, 0xe2, 0x8, 0xff, 0xff, 0xff,
    0xff, 0xc2, 0x0, 0x8f, 0xfb, 0x77, 0x76, 0x20,
    0x0, 0x8, 0xff, 0x70, 0x0, 0x0, 0x0, 0x0,
    0x8f, 0xf7, 0x0, 0x0, 0x0, 0x0, 0x8, 0xff,
    0x70, 0x0, 0x0, 0x0, 0x0,

    /* U+00DF "ß" */
    0x0, 0x19, 0xdf, 0xfd, 0x81, 0x0, 0x0, 0x3e,
    0xff, 0xff, 0xff, 0xe3, 0x0, 0xe, 0xff, 0xfa,
    0xaf, 0xff, 0xd0, 0x4, 0xff, 0xe2, 0x0, 0x2f,
    0xff, 0x50, 0x7f, 0xf8, 0x0, 0x0, 0x9f, 0xf7,
    0x7, 0xff, 0x70, 0x0, 0x7, 0xff, 0x70, 0x7f,
    0xf7, 0x0, 0x0, 0xbf, 0xf3, 0x7, 0xff, 0x70,
    0x0, 0x6f, 0xfb, 0x0, 0x7f, 0xf7, 0x9, 0xff,
    0xf8, 0x0, 0x7, 0xff, 0x70, 0x9f, 0xff, 0xf9,
    0x0, 0x7f, 0xf7, 0x4, 0x89, 0xef, 0xfb, 0x7,
    0xff, 0x70, 0x0, 0x1, 0xdf, 0xf4, 0x7f, 0xf7,
    0x0, 0x0, 0x6, 0xff, 0x87, 0xff, 0x70, 0x0,
    0x0, 0x6f, 0xf9, 0x7f, 0xf7, 0x0, 0x0, 0xd,
    0xff, 0x67, 0xff, 0x70, 0x69, 0x9e, 0xff, 0xf1,
    0x7f, 0xf7, 0xa, 0xff, 0xff, 0xf5, 0x7, 0xff,
    0x70, 0xaf, 0xfe, 0xa3, 0x0,

    /* U+00E0 "à" */
    0x0, 0xc, 0xff, 0x0, 0x0, 0x0, 0x0, 0x2,
    0xff, 0x70, 0x0, 0x0, 0x0, 0x0, 0x6f, 0xe0,
    0x0, 0x0, 0x0, 0x0, 0x8, 0x93, 0x0, 0x0,
    0x0, 0x0, 0x0, 0x0, 0x0, 0x0, 0x0, 0x5,
    0xbf, 0xfe, 0xa3, 0x0, 0x0, 0xaf, 0xff, 0xff,
    0xff, 0x60, 0x6, 0xff, 0xe7, 0x59, 0xff, 0xf1,
    0x9, 0xef, 0x20, 0x0, 0x9f, 0xf5, 0x0, 0x0,
    0x0, 0x0, 0x8f, 0xf6, 0x0, 0x2, 0x69, 0xbd,
    0xff, 0xf6, 0x1, 0xbf, 0xff, 0xff, 0xff, 0xf6,
    0xc, 0xff, 0xc7, 0x41, 0x6f, 0xf6, 0x1f, 0xfc,
    0x0, 0x0, 0x7f, 0xf6, 0x2f, 0xfa, 0x0, 0x0,
    0xcf, 0xf6, 0xf, 0xff, 0x84, 0x5c, 0xff, 0xf6,
    0x7, 0xff, 0xff, 0xff, 0x9f, 0xf6, 0x0, 0x5c,
    0xff, 0xc3, 0x5f, 0xf6,

    /* U+00E1 "á" */
    0x0, 0x0, 0x0, 0x5f, 0xf6, 0x0, 0x0, 0x0,
    0x0, 0xdf, 0xb0, 0x0, 0x0, 0x0, 0x4, 0xff,
    0x10, 0x0, 0x0, 0x0, 0x6, 0x94, 0x0, 0x0,
    0x0, 0x0, 0x0, 0x0, 0x0, 0x0, 0x0, 0x5,
    0xbf, 0xfe, 0xa3, 0x0, 0x0, 0xaf, 0xff, 0xff,
    0xff, 0x60, 0x6, 0xff, 0xe7, 0x59, 0xff, 0xf1,
    0x9, 0xef, 0x20, 0x0, 0x9f, 0xf5, 0x0, 0x0,
    0x0, 0x0, 0x8f, 0xf6, 0x0, 0x2, 0x69, 0xbd,
    0xff, 0xf6, 0x1, 0xbf, 0xff, 0xff, 0xff, 0xf6,
    0xc, 0xff, 0xc7, 0x41, 0x6f, 0xf6, 0x1f, 0xfc,
    0x0, 0x0, 0x7f, 0xf6, 0x2f, 0xfa, 0x0, 0x0,
    0xcf, 0xf6, 0xf, 0xff, 0x84, 0x5c, 0xff, 0xf6,
    0x7, 0xff, 0xff, 0xff, 0x9f, 0xf6, 0x0, 0x5c,
    0xff, 0xc3, 0x5f, 0xf6,

    /* U+00E2 "â" */
    0x0, 0x0, 0x4f, 0xfd, 0x10, 0x0, 0x0, 0x3,
    0xff, 0xcf, 0xb0, 0x0, 0x0, 0x1e, 0xf7, 0xc,
    0xf9, 0x0, 0x0, 0x47, 0x60, 0x2, 0x77, 0x10,
    0x0, 0x0, 0x0, 0x0, 0x0, 0x0, 0x0, 0x5,
    0xbf, 0xfe, 0xa3, 0x0, 0x0, 0xaf, 0xff, 0xff,
    0xff, 0x60, 0x6, 0xff, 0xe7, 0x59, 0xff, 0xf1,
    0x9, 0xef, 0x20, 0x0, 0x9f, 0xf5, 0x0, 0x0,
    0x0, 0x0, 0x8f, 0xf6, 0x0, 0x2, 0x69, 0xbd,
    0xff, 0xf6, 0x1, 0xbf, 0xff, 0xff, 0xff, 0xf6,
    0xc, 0xff, 0xc7, 0x41, 0x6f, 0xf6, 0x1f, 0xfc,
    0x0, 0x0, 0x7f, 0xf6, 0x2f, 0xfa, 0x0, 0x0,
    0xcf, 0xf6, 0xf, 0xff, 0x84, 0x5c, 0xff, 0xf6,
    0x7, 0xff, 0xff, 0xff, 0x9f, 0xf6, 0x0, 0x5c,
    0xff, 0xc3, 0x5f, 0xf6,

    /* U+00E3 "ã" */
    0x0, 0x7, 0xfe, 0x50, 0xcf, 0x0, 0x0, 0x1f,
    0xfe, 0xfe, 0xfb, 0x0, 0x0, 0x4f, 0x70, 0x9f,
    0xd2, 0x0, 0x0, 0x0, 0x0, 0x0, 0x0, 0x0,
    0x0, 0x0, 0x0, 0x0, 0x0, 0x0, 0x0, 0x5,
    0xbf, 0xfe, 0xa3, 0x0, 0x0, 0xaf, 0xff, 0xff,
    0xff, 0x60, 0x6, 0xff, 0xe7, 0x59, 0xff, 0xf1,
    0x9, 0xef, 0x20, 0x0, 0x9f, 0xf5, 0x0, 0x0,
    0x0, 0x0, 0x8f, 0xf6, 0x0, 0x2, 0x69, 0xbd,
    0xff, 0xf6, 0x1, 0xbf, 0xff, 0xff, 0xff, 0xf6,
    0xc, 0xff, 0xc7, 0x41, 0x6f, 0xf6, 0x1f, 0xfc,
    0x0, 0x0, 0x7f, 0xf6, 0x2f, 0xfa, 0x0, 0x0,
    0xcf, 0xf6, 0xf, 0xff, 0x84, 0x5c, 0xff, 0xf6,
    0x7, 0xff, 0xff, 0xff, 0x9f, 0xf6, 0x0, 0x5c,
    0xff, 0xc3, 0x5f, 0xf6,

    /* U+00E4 "ä" */
    0x0, 0x4e, 0xd1, 0x5, 0xfc, 0x0, 0x0, 0xbf,
    0xf7, 0xc, 0xff, 0x50, 0x0, 0x7f, 0xf3, 0x8,
    0xff, 0x20, 0x0, 0x3, 0x20, 0x0, 0x31, 0x0,
    0x0, 0x0, 0x0, 0x0, 0x0, 0x0, 0x0, 0x5,
    0xbf, 0xfe, 0xa3, 0x0, 0x0, 0xaf, 0xff, 0xff,
    0xff, 0x60, 0x6, 0xff, 0xe7, 0x59, 0xff, 0xf1,
    0x9, 0xef, 0x20, 0x0, 0x9f, 0xf5, 0x0, 0x0,
    0x0, 0x0, 0x8f, 0xf6, 0x0, 0x2, 0x69, 0xbd,
    0xff, 0xf6, 0x1, 0xbf, 0xff, 0xff, 0xff, 0xf6,
    0xc, 0xff, 0xc7, 0x41, 0x6f, 0xf6, 0x1f, 0xfc,
    0x0, 0x0, 0x7f, 0xf6, 0x2f, 0xfa, 0x0, 0x0,
    0xcf, 0xf6, 0xf, 0xff, 0x84, 0x5c, 0xff, 0xf6,
    0x7, 0xff, 0xff, 0xff, 0x9f, 0xf6, 0x0, 0x5c,
    0xff, 0xc3, 0x5f, 0xf6,

    /* U+00E5 "å" */
    0x0, 0x0, 0x6, 0x84, 0x0, 0x0, 0x0, 0x1,
    0xdf, 0xff, 0x90, 0x0, 0x0, 0x7, 0xf6, 0xb,
    0xf2, 0x0, 0x0, 0x9, 0xf1, 0x7, 0xf3, 0x0,
    0x0, 0x4, 0xfd, 0x9f, 0xe0, 0x0, 0x0, 0x0,
    0x6e, 0xfc, 0x20, 0x0, 0x0, 0x0, 0x0, 0x0,
    0x0, 0x0, 0x0, 0x5, 0xbf, 0xfe, 0xa3, 0x0,
    0x0, 0xaf, 0xff, 0xff, 0xff, 0x60, 0x6, 0xff,
    0xe7, 0x59, 0xff, 0xf1, 0x9, 0xef, 0x20, 0x0,
    0x9f, 0xf5, 0x0, 0x0, 0x0, 0x0, 0x8f, 0xf6,
    0x0, 0x2, 0x69, 0xbd, 0xff, 0xf6, 0x1, 0xbf,
    0xff, 0xff, 0xff, 0xf6, 0xc, 0xff, 0xc7, 0x41,
    0x6f, 0xf6, 0x1f, 0xfc, 0x0, 0x0, 0x7f, 0xf6,
    0x2f, 0xfa, 0x0, 0x0, 0xcf, 0xf6, 0xf, 0xff,
    0x84, 0x5c, 0xff, 0xf6, 0x7, 0xff, 0xff, 0xff,
    0x9f, 0xf6, 0x0, 0x5c, 0xff, 0xc3, 0x5f, 0xf6,

    /* U+00E6 "æ" */
    0x0, 0x5, 0xcf, 0xfe, 0x91, 0x5, 0xcf, 0xfd,
    0x81, 0x0, 0x0, 0xaf, 0xff, 0xff, 0xfe, 0x9f,
    0xff, 0xff, 0xfe, 0x20, 0x7, 0xff, 0xe7, 0x69,
    0xff, 0xff, 0xd7, 0x6a, 0xff, 0xd0, 0x8, 0xcd,
    0x10, 0x0, 0x9f, 0xfc, 0x0, 0x0, 0x8f, 0xf5,
    0x0, 0x0, 0x0, 0x0, 0x7f, 0xf5, 0x0, 0x0,
    0x1f, 0xfa, 0x0, 0x17, 0xcf, 0xff, 0xff, 0xff,
    0xff, 0xff, 0xff, 0xfc, 0x3, 0xef, 0xff, 0xff,
    0xff, 0xff, 0xff, 0xff, 0xff, 0xfd, 0xd, 0xff,
    0x82, 0x11, 0x7f, 0xf3, 0x11, 0x11, 0x11, 0x10,
    0x2f, 0xfb, 0x0, 0x0, 0x7f, 0xf5, 0x0, 0x0,
    0x0, 0x0, 0x2f, 0xfb, 0x0, 0x0, 0xdf, 0xfc,
    0x0, 0x0, 0x5f, 0xf8, 0xf, 0xff, 0x95, 0x6c,
    0xff, 0xff, 0xd6, 0x58, 0xff, 0xf1, 0x6, 0xff,
    0xff, 0xff, 0xf3, 0xaf, 0xff, 0xff, 0xff, 0x40,
    0x0, 0x5c, 0xff, 0xd9, 0x20, 0x5, 0xcf, 0xfe,
    0x92, 0x0,

    /* U+00E7 "ç" */
    0x0, 0x1, 0x9d, 0xff, 0xc5, 0x0, 0x0, 0x4,
    0xff, 0xff, 0xff, 0xfa, 0x0, 0x1, 0xff, 0xfc,
    0x89, 0xff, 0xf7, 0x0, 0x9f, 0xfa, 0x0, 0x2,
    0xff, 0xe0, 0xe, 0xff, 0x10, 0x0, 0x7, 0x86,
    0x1, 0xff, 0xd0, 0x0, 0x0, 0x0, 0x0, 0x2f,
    0xfc, 0x0, 0x0, 0x0, 0x0, 0x1, 0xff, 0xd0,
    0x0, 0x0, 0x0, 0x0, 0xe, 0xff, 0x10, 0x0,
    0x7, 0x97, 0x0, 0x9f, 0xfa, 0x0, 0x2, 0xff,
    0xe0, 0x1, 0xff, 0xfc, 0x89, 0xff, 0xf7, 0x0,
    0x4, 0xff, 0xff, 0xff, 0xfb, 0x0, 0x0, 0x1,
    0x9d, 0xff, 0xc6, 0x0, 0x0, 0x0, 0x0, 0xf,
    0x70, 0x0, 0x0, 0x0, 0x0, 0x2, 0xff, 0xe2,
    0x0, 0x0, 0x0, 0x0, 0x0, 0x6f, 0x70, 0x0,
    0x0, 0x0, 0x3, 0x5a, 0xf6, 0x0, 0x0, 0x0,
    0x0, 0xaf, 0xfa, 0x0, 0x0,

    /* U+00E8 "è" */
    0x0, 0x7, 0xff, 0x40, 0x0, 0x0, 0x0, 0x0,
    0xc, 0xfc, 0x0, 0x0, 0x0, 0x0, 0x0, 0x2f,
    0xf3, 0x0, 0x0, 0x0, 0x0, 0x0, 0x59, 0x50,
    0x0, 0x0, 0x0, 0x0, 0x0, 0x0, 0x0, 0x0,
    0x0, 0x0, 0x29, 0xef, 0xfb, 0x40, 0x0, 0x0,
    0x4f, 0xff, 0xff, 0xff, 0x90, 0x0, 0x1f, 0xff,
    0x96, 0x7e, 0xff, 0x60, 0x9, 0xff, 0x50, 0x0,
    0x1e, 0xfe, 0x0, 0xef, 0xd0, 0x0, 0x0, 0x8f,
    0xf2, 0x1f, 0xff, 0xff, 0xff, 0xff, 0xff, 0x52,
    0xff, 0xff, 0xff, 0xff, 0xff, 0xf5, 0x1f, 0xfb,
    0x11, 0x11, 0x11, 0x11, 0x0, 0xef, 0xe0, 0x0,
    0x0, 0x0, 0x0, 0x9, 0xff, 0x60, 0x0, 0xc,
    0xfe, 0x10, 0x1f, 0xff, 0xa6, 0x7c, 0xff, 0xa0,
    0x0, 0x4f, 0xff, 0xff, 0xff, 0xc0, 0x0, 0x0,
    0x29, 0xdf, 0xfc, 0x60, 0x0,

    /* U+00E9 "é" */
    0x0, 0x0, 0x0, 0x1f, 0xfb, 0x0, 0x0, 0x0,
    0x0, 0x8, 0xfe, 0x10, 0x0, 0x0, 0x0, 0x1,
    0xff, 0x50, 0x0, 0x0, 0x0, 0x0, 0x39, 0x70,
    0x0, 0x0, 0x0, 0x0, 0x0, 0x0, 0x0, 0x0,
    0x0, 0x0, 0x29, 0xef, 0xfb, 0x40, 0x0, 0x0,
    0x4f, 0xff, 0xff, 0xff, 0x90, 0x0, 0x1f, 0xff,
    0x96, 0x7e, 0xff, 0x60, 0x9, 0xff, 0x50, 0x0,
    0x1e, 0xfe, 0x0, 0xef, 0xd0, 0x0, 0x0, 0x8f,
    0xf2, 0x1f, 0xff, 0xff, 0xff, 0xff, 0xff, 0x52,
    0xff, 0xff, 0xff, 0xff, 0xff, 0xf5, 0x1f, 0xfb,
    0x11, 0x11, 0x11, 0x11, 0x0, 0xef, 0xe0, 0x0,
    0x0, 0x0, 0x0, 0x9, 0xff, 0x60, 0x0, 0xc,
    0xfe, 0x10, 0x1f, 0xff, 0xa6, 0x7c, 0xff, 0xa0,
    0x0, 0x4f, 0xff, 0xff, 0xff, 0xc0, 0x0, 0x0,
    0x29, 0xdf, 0xfc, 0x60, 0x0,

    /* U+00EA "ê" */
    0x0, 0x0, 0x1e, 0xff, 0x30, 0x0, 0x0, 0x0,
    0xc, 0xfc, 0xfe, 0x10, 0x0, 0x0, 0xb, 0xfc,
    0x9, 0xfd, 0x0, 0x0, 0x2, 0x77, 0x10, 0x6,
    0x73, 0x0, 0x0, 0x0, 0x0, 0x0, 0x0, 0x0,
    0x0, 0x0, 0x29, 0xef, 0xfb, 0x40, 0x0, 0x0,
    0x4f, 0xff, 0xff, 0xff, 0x90, 0x0, 0x1f, 0xff,
    0x96, 0x7e, 0xff, 0x60, 0x9, 0xff, 0x50, 0x0,
    0x1e, 0xfe, 0x0, 0xef, 0xd0, 0x0, 0x0, 0x8f,
    0xf2, 0x1f, 0xff, 0xff, 0xff, 0xff, 0xff, 0x52,
    0xff, 0xff, 0xff, 0xff, 0xff, 0xf5, 0x1f, 0xfb,
    0x11, 0x11, 0x11, 0x11, 0x0, 0xef, 0xe0, 0x0,
    0x0, 0x0, 0x0, 0x9, 0xff, 0x60, 0x0, 0xc,
    0xfe, 0x10, 0x1f, 0xff, 0xa6, 0x7c, 0xff, 0xa0,
    0x0, 0x4f, 0xff, 0xff, 0xff, 0xc0, 0x0, 0x0,
    0x29, 0xdf, 0xfc, 0x60, 0x0,

    /* U+00EB "ë" */
    0x0, 0x1d, 0xf4, 0x2, 0xde, 0x30, 0x0, 0x6,
    0xff, 0xb0, 0x8f, 0xfa, 0x0, 0x0, 0x3f, 0xf7,
    0x4, 0xff, 0x60, 0x0, 0x0, 0x23, 0x0, 0x2,
    0x30, 0x0, 0x0, 0x0, 0x0, 0x0, 0x0, 0x0,
    0x0, 0x0, 0x29, 0xef, 0xfb, 0x40, 0x0, 0x0,
    0x4f, 0xff, 0xff, 0xff, 0x90, 0x0, 0x1f, 0xff,
    0x96, 0x7e, 0xff, 0x60, 0x9, 0xff, 0x50, 0x0,
    0x1e, 0xfe, 0x0, 0xef, 0xd0, 0x0, 0x0, 0x8f,
    0xf2, 0x1f, 0xff, 0xff, 0xff, 0xff, 0xff, 0x52,
    0xff, 0xff, 0xff, 0xff, 0xff, 0xf5, 0x1f, 0xfb,
    0x11, 0x11, 0x11, 0x11, 0x0, 0xef, 0xe0, 0x0,
    0x0, 0x0, 0x0, 0x9, 0xff, 0x60, 0x0, 0xc,
    0xfe, 0x10, 0x1f, 0xff, 0xa6, 0x7c, 0xff, 0xa0,
    0x0, 0x4f, 0xff, 0xff, 0xff, 0xc0, 0x0, 0x0,
    0x29, 0xdf, 0xfc, 0x60, 0x0,

    /* U+00EC "ì" */
    0x3f, 0xf8, 0x0, 0x9, 0xfe, 0x0, 0x0, 0xdf,
    0x70, 0x0, 0x39, 0x80, 0x0, 0x0, 0x0, 0x0,
    0x9f, 0xf4, 0x0, 0x9f, 0xf4, 0x0, 0x9f, 0xf4,
    0x0, 0x9f, 0xf4, 0x0, 0x9f, 0xf4, 0x0, 0x9f,
    0xf4, 0x0, 0x9f, 0xf4, 0x0, 0x9f, 0xf4, 0x0,
    0x9f, 0xf4, 0x0, 0x9f, 0xf4, 0x0, 0x9f, 0xf4,
    0x0, 0x9f, 0xf4, 0x0, 0x9f, 0xf4,

    /* U+00ED "í" */
    0x0, 0xdf, 0xe0, 0x4, 0xff, 0x40, 0xc, 0xf9,
    0x0, 0x19, 0x90, 0x0, 0x0, 0x0, 0x0, 0x9f,
    0xf4, 0x0, 0x9f, 0xf4, 0x0, 0x9f, 0xf4, 0x0,
    0x9f, 0xf4, 0x0, 0x9f, 0xf4, 0x0, 0x9f, 0xf4,
    0x0, 0x9f, 0xf4, 0x0, 0x9f, 0xf4, 0x0, 0x9f,
    0xf4, 0x0, 0x9f, 0xf4, 0x0, 0x9f, 0xf4, 0x0,
    0x9f, 0xf4, 0x0, 0x9f, 0xf4, 0x0,

    /* U+00EE "î" */
    0x0, 0xc, 0xff, 0x70, 0x0, 0xa, 0xfc, 0xef,
    0x50, 0x8, 0xfd, 0x14, 0xff, 0x30, 0x55, 0x20,
    0x3, 0x53, 0x0, 0x0, 0x0, 0x0, 0x0, 0x0,
    0x9f, 0xf4, 0x0, 0x0, 0x9, 0xff, 0x40, 0x0,
    0x0, 0x9f, 0xf4, 0x0, 0x0, 0x9, 0xff, 0x40,
    0x0, 0x0, 0x9f, 0xf4, 0x0, 0x0, 0x9, 0xff,
    0x40, 0x0, 0x0, 0x9f, 0xf4, 0x0, 0x0, 0x9,
    0xff, 0x40, 0x0, 0x0, 0x9f, 0xf4, 0x0, 0x0,
    0x9, 0xff, 0x40, 0x0, 0x0, 0x9f, 0xf4, 0x0,
    0x0, 0x9, 0xff, 0x40, 0x0, 0x0, 0x9f, 0xf4,
    0x0,

    /* U+00EF "ï" */
    0xa, 0xf7, 0x0, 0xbf, 0x62, 0xff, 0xf0, 0x4f,
    0xfd, 0xe, 0xfb, 0x1, 0xef, 0x90, 0x14, 0x0,
    0x1, 0x30, 0x0, 0x0, 0x0, 0x0, 0x0, 0x0,
    0x9f, 0xf4, 0x0, 0x0, 0x9, 0xff, 0x40, 0x0,
    0x0, 0x9f, 0xf4, 0x0, 0x0, 0x9, 0xff, 0x40,
    0x0, 0x0, 0x9f, 0xf4, 0x0, 0x0, 0x9, 0xff,
    0x40, 0x0, 0x0, 0x9f, 0xf4, 0x0, 0x0, 0x9,
    0xff, 0x40, 0x0, 0x0, 0x9f, 0xf4, 0x0, 0x0,
    0x9, 0xff, 0x40, 0x0, 0x0, 0x9f, 0xf4, 0x0,
    0x0, 0x9, 0xff, 0x40, 0x0, 0x0, 0x9f, 0xf4,
    0x0,

    /* U+00F0 "ð" */
    0x0, 0x2, 0x0, 0x0, 0x0, 0x0, 0x0, 0x0,
    0xaf, 0x81, 0x0, 0x74, 0x0, 0x0, 0x9, 0xff,
    0xe8, 0xef, 0x60, 0x0, 0x0, 0x3, 0xff, 0xfe,
    0x30, 0x0, 0x0, 0x5, 0xdf, 0xef, 0xf7, 0x0,
    0x0, 0x0, 0xec, 0x40, 0xaf, 0xf4, 0x0, 0x0,
    0x3, 0x0, 0x0, 0xcf, 0xe0, 0x0, 0x0, 0x6d,
    0xff, 0xb5, 0xff, 0x70, 0x0, 0x8f, 0xff, 0xff,
    0xed, 0xfd, 0x0, 0x4f, 0xfd, 0x40, 0x1a, 0xff,
    0xf2, 0xb, 0xff, 0x30, 0x0, 0xc, 0xff, 0x50,
    0xff, 0xd0, 0x0, 0x0, 0x6f, 0xf7, 0x1f, 0xfa,
    0x0, 0x0, 0x4, 0xff, 0x71, 0xff, 0xb0, 0x0,
    0x0, 0x4f, 0xf6, 0xf, 0xfe, 0x0, 0x0, 0x8,
    0xff, 0x30, 0xaf, 0xf7, 0x0, 0x1, 0xef, 0xe0,
    0x3, 0xff, 0xfa, 0x78, 0xef, 0xf6, 0x0, 0x5,
    0xff, 0xff, 0xff, 0xf9, 0x0, 0x0, 0x2, 0xae,
    0xfe, 0xb4, 0x0, 0x0,

    /* U+00F1 "ñ" */
    0x0, 0x1c, 0xfa, 0x14, 0xf7, 0x0, 0x0, 0x9f,
    0xef, 0xfe, 0xf3, 0x0, 0x0, 0xde, 0x4, 0xdf,
    0x80, 0x0, 0x0, 0x0, 0x0, 0x0, 0x0, 0x0,
    0x0, 0x0, 0x0, 0x0, 0x0, 0x0, 0x9f, 0xf2,
    0x4c, 0xff, 0xb3, 0x0, 0x9f, 0xf7, 0xff, 0xff,
    0xff, 0x30, 0x9f, 0xff, 0xc7, 0x7e, 0xff, 0xc0,
    0x9f, 0xfc, 0x0, 0x1, 0xff, 0xf1, 0x9f, 0xf6,
    0x0, 0x0, 0xbf, 0xf3, 0x9f, 0xf4, 0x0, 0x0,
    0xaf, 0xf3, 0x9f, 0xf4, 0x0, 0x0, 0xaf, 0xf3,
    0x9f, 0xf4, 0x0, 0x0, 0xaf, 0xf3, 0x9f, 0xf4,
    0x0, 0x0, 0xaf, 0xf3, 0x9f, 0xf4, 0x0, 0x0,
    0xaf, 0xf3, 0x9f, 0xf4, 0x0, 0x0, 0xaf, 0xf3,
    0x9f, 0xf4, 0x0, 0x0, 0xaf, 0xf3, 0x9f, 0xf4,
    0x0, 0x0, 0xaf, 0xf3,

    /* U+00F2 "ò" */
    0x0, 0x5, 0xff, 0x60, 0x0, 0x0, 0x0, 0x0,
    0xa, 0xfe, 0x0, 0x0, 0x0, 0x0, 0x0, 0x1e,
    0xf6, 0x0, 0x0, 0x0, 0x0, 0x0, 0x49, 0x70,
    0x0, 0x0, 0x0, 0x0, 0x0, 0x0, 0x0, 0x0,
    0x0, 0x0, 0x19, 0xdf, 0xfc, 0x60, 0x0, 0x0,
    0x4f, 0xff, 0xff, 0xff, 0xb0, 0x0, 0x1e, 0xff,
    0xc8, 0x9f, 0xff, 0x90, 0x9, 0xff, 0xa0, 0x0,
    0x2f, 0xff, 0x20, 0xef, 0xf1, 0x0, 0x0, 0x8f,
    0xf7, 0x1f, 0xfd, 0x0, 0x0, 0x4, 0xff, 0xa2,
    0xff, 0xc0, 0x0, 0x0, 0x3f, 0xfb, 0x1f, 0xfd,
    0x0, 0x0, 0x4, 0xff, 0xa0, 0xef, 0xf1, 0x0,
    0x0, 0x8f, 0xf7, 0x9, 0xff, 0xa0, 0x0, 0x2f,
    0xff, 0x20, 0x1f, 0xff, 0xc8, 0x9f, 0xff, 0x90,
    0x0, 0x4f, 0xff, 0xff, 0xff, 0xb0, 0x0, 0x0,
    0x19, 0xdf, 0xfc, 0x60, 0x0,

    /* U+00F3 "ó" */
    0x0, 0x0, 0x0, 0xe, 0xfd, 0x0, 0x0, 0x0,
    0x0, 0x6, 0xff, 0x30, 0x0, 0x0, 0x0, 0x0,
    0xdf, 0x80, 0x0, 0x0, 0x0, 0x0, 0x29, 0x90,
    0x0, 0x0, 0x0, 0x0, 0x0, 0x0, 0x0, 0x0,
    0x0, 0x0, 0x19, 0xdf, 0xfc, 0x60, 0x0, 0x0,
    0x4f, 0xff, 0xff, 0xff, 0xb0, 0x0, 0x1e, 0xff,
    0xc8, 0x9f, 0xff, 0x90, 0x9, 0xff, 0xa0, 0x0,
    0x2f, 0xff, 0x20, 0xef, 0xf1, 0x0, 0x0, 0x8f,
    0xf7, 0x1f, 0xfd, 0x0, 0x0, 0x4, 0xff, 0xa2,
    0xff, 0xc0, 0x0, 0x0, 0x3f, 0xfb, 0x1f, 0xfd,
    0x0, 0x0, 0x4, 0xff, 0xa0, 0xef, 0xf1, 0x0,
    0x0, 0x8f, 0xf7, 0x9, 0xff, 0xa0, 0x0, 0x2f,
    0xff, 0x20, 0x1f, 0xff, 0xc8, 0x9f, 0xff, 0x90,
    0x0, 0x4f, 0xff, 0xff, 0xff, 0xb0, 0x0, 0x0,
    0x19, 0xdf, 0xfc, 0x60, 0x0,

    /* U+00F4 "ô" */
    0x0, 0x0, 0xc, 0xff, 0x50, 0x0, 0x0, 0x0,
    0xa, 0xfc, 0xff, 0x30, 0x0, 0x0, 0x8, 0xfe,
    0x16, 0xfe, 0x20, 0x0, 0x0, 0x77, 0x20, 0x6,
    0x74, 0x0, 0x0, 0x0, 0x0, 0x0, 0x0, 0x0,
    0x0, 0x0, 0x19, 0xdf, 0xfc, 0x60, 0x0, 0x0,
    0x4f, 0xff, 0xff, 0xff, 0xb0, 0x0, 0x1e, 0xff,
    0xc8, 0x9f, 0xff, 0x90, 0x9, 0xff, 0xa0, 0x0,
    0x2f, 0xff, 0x20, 0xef, 0xf1, 0x0, 0x0, 0x8f,
    0xf7, 0x1f, 0xfd, 0x0, 0x0, 0x4, 0xff, 0xa2,
    0xff, 0xc0, 0x0, 0x0, 0x3f, 0xfb, 0x1f, 0xfd,
    0x0, 0x0, 0x4, 0xff, 0xa0, 0xef, 0xf1, 0x0,
    0x0, 0x8f, 0xf7, 0x9, 0xff, 0xa0, 0x0, 0x2f,
    0xff, 0x20, 0x1f, 0xff, 0xc8, 0x9f, 0xff, 0x90,
    0x0, 0x4f, 0xff, 0xff, 0xff, 0xb0, 0x0, 0x0,
    0x19, 0xdf, 0xfc, 0x60, 0x0,

    /* U+00F5 "õ" */
    0x0, 0x2, 0xdf, 0xb3, 0x5f, 0x60, 0x0, 0x0,
    0xaf, 0xef, 0xff, 0xf2, 0x0, 0x0, 0xb, 0xb0,
    0x3a, 0xc5, 0x0, 0x0, 0x0, 0x0, 0x0, 0x0,
    0x0, 0x0, 0x0, 0x0, 0x0, 0x0, 0x0, 0x0,
    0x0, 0x0, 0x19, 0xdf, 0xfc, 0x60, 0x0, 0x0,
    0x4f, 0xff, 0xff, 0xff, 0xb0, 0x0, 0x1e, 0xff,
    0xc8, 0x9f, 0xff, 0x90, 0x9, 0xff, 0xa0, 0x0,
    0x2f, 0xff, 0x20, 0xef, 0xf1, 0x0, 0x0, 0x8f,
    0xf7, 0x1f, 0xfd, 0x0, 0x0, 0x4, 0xff, 0xa2,
    0xff, 0xc0, 0x0, 0x0, 0x3f, 0xfb, 0x1f, 0xfd,
    0x0, 0x0, 0x4, 0xff, 0xa0, 0xef, 0xf1, 0x0,
    0x0, 0x8f, 0xf7, 0x9, 0xff, 0xa0, 0x0, 0x2f,
    0xff, 0x20, 0x1f, 0xff, 0xc8, 0x9f, 0xff, 0x90,
    0x0, 0x4f, 0xff, 0xff, 0xff, 0xb0, 0x0, 0x0,
    0x19, 0xdf, 0xfc, 0x60, 0x0,

    /* U+00F6 "ö" */
    0x0, 0xb, 0xf7, 0x1, 0xcf, 0x50, 0x0, 0x3,
    0xff, 0xe0, 0x5f, 0xfc, 0x0, 0x0, 0x1e, 0xfa,
    0x2, 0xff, 0x80, 0x0, 0x0, 0x13, 0x0, 0x1,
    0x30, 0x0, 0x0, 0x0, 0x0, 0x0, 0x0, 0x0,
    0x0, 0x0, 0x19, 0xdf, 0xfc, 0x60, 0x0, 0x0,
    0x4f, 0xff, 0xff, 0xff, 0xb0, 0x0, 0x1e, 0xff,
    0xc8, 0x9f, 0xff, 0x90, 0x9, 0xff, 0xa0, 0x0,
    0x2f, 0xff, 0x20, 0xef, 0xf1, 0x0, 0x0, 0x8f,
    0xf7, 0x1f, 0xfd, 0x0, 0x0, 0x4, 0xff, 0xa2,
    0xff, 0xc0, 0x0, 0x0, 0x3f, 0xfb, 0x1f, 0xfd,
    0x0, 0x0, 0x4, 0xff, 0xa0, 0xef, 0xf1, 0x0,
    0x0, 0x8f, 0xf7, 0x9, 0xff, 0xa0, 0x0, 0x2f,
    0xff, 0x20, 0x1f, 0xff, 0xc8, 0x9f, 0xff, 0x90,
    0x0, 0x4f, 0xff, 0xff, 0xff, 0xb0, 0x0, 0x0,
    0x19, 0xdf, 0xfc, 0x60, 0x0,

    /* U+00F7 "÷" */
    0x0, 0x0, 0x9f, 0xa0, 0x0, 0x0, 0x0, 0x2,
    0xff, 0xf4, 0x0, 0x0, 0x0, 0x1, 0xff, 0xf3,
    0x0, 0x0, 0x0, 0x0, 0x4b, 0x60, 0x0, 0x0,
    0x0, 0x0, 0x0, 0x0, 0x0, 0x0, 0x88, 0x88,
    0x88, 0x88, 0x88, 0x81, 0xff, 0xff, 0xff, 0xff,
    0xff, 0xf2, 0xff, 0xff, 0xff, 0xff, 0xff, 0xf2,
    0x0, 0x0, 0x0, 0x0, 0x0, 0x0, 0x0, 0x0,
    0x4a, 0x60, 0x0, 0x0, 0x0, 0x1, 0xff, 0xf3,
    0x0, 0x0, 0x0, 0x2, 0xff, 0xf4, 0x0, 0x0,
    0x0, 0x0, 0x8f, 0xa0, 0x0, 0x0,

    /* U+00F8 "ø" */
    0x0, 0x0, 0x0, 0x0, 0x0, 0x1, 0x0, 0x0,
    0x19, 0xdf, 0xfc, 0x62, 0xf7, 0x0, 0x4f, 0xff,
    0xff, 0xff, 0xff, 0x30, 0x1e, 0xff, 0xc8, 0x9f,
    0xff, 0xa0, 0x9, 0xff, 0xa0, 0x0, 0xbf, 0xff,
    0x20, 0xef, 0xf1, 0x0, 0x7f, 0xef, 0xf7, 0x1f,
    0xfd, 0x0, 0x5f, 0xc5, 0xff, 0xa2, 0xff, 0xc0,
    0x3f, 0xd1, 0x3f, 0xfb, 0x1f, 0xfd, 0x2e, 0xe2,
    0x4, 0xff, 0xa0, 0xef, 0xfd, 0xf4, 0x0, 0x8f,
    0xf7, 0x9, 0xff, 0xf6, 0x0, 0x2f, 0xff, 0x20,
    0x1f, 0xff, 0xc8, 0x9f, 0xff, 0x90, 0x7, 0xff,
    0xff, 0xff, 0xff, 0xb0, 0x1, 0xec, 0x29, 0xdf,
    0xfc, 0x60, 0x0, 0x3, 0x10, 0x0, 0x0, 0x0,
    0x0, 0x0,

    /* U+00F9 "ù" */
    0x0, 0x4f, 0xf7, 0x0, 0x0, 0x0, 0x0, 0x9,
    0xfe, 0x0, 0x0, 0x0, 0x0, 0x0, 0xef, 0x60,
    0x0, 0x0, 0x0, 0x0, 0x39, 0x70, 0x0, 0x0,
    0x0, 0x0, 0x0, 0x0, 0x0, 0x0, 0x9f, 0xf4,
    0x0, 0x0, 0xaf, 0xf3, 0x9f, 0xf4, 0x0, 0x0,
    0xaf, 0xf3, 0x9f, 0xf4, 0x0, 0x0, 0xaf, 0xf3,
    0x9f, 0xf4, 0x0, 0x0, 0xaf, 0xf3, 0x9f, 0xf4,
    0x0, 0x0, 0xaf, 0xf3, 0x9f, 0xf4, 0x0, 0x0,
    0xaf, 0xf3, 0x9f, 0xf4, 0x0, 0x0, 0xaf, 0xf3,
    0x9f, 0xf4, 0x0, 0x0, 0xaf, 0xf3, 0x9f, 0xf6,
    0x0, 0x0, 0xdf, 0xf3, 0x7f, 0xfc, 0x0, 0x5,
    0xff, 0xf3, 0x2f, 0xff, 0xea, 0xbf, 0xff, 0xf3,
    0x9, 0xff, 0xff, 0xfc, 0x9f, 0xf3, 0x0, 0x7d,
    0xfe, 0x90, 0x9f, 0xf3,

    /* U+00FA "ú" */
    0x0, 0x0, 0x0, 0xdf, 0xd0, 0x0, 0x0, 0x0,
    0x5, 0xff, 0x30, 0x0, 0x0, 0x0, 0xc, 0xf8,
    0x0, 0x0, 0x0, 0x0, 0x19, 0x90, 0x0, 0x0,
    0x0, 0x0, 0x0, 0x0, 0x0, 0x0, 0x9f, 0xf4,
    0x0, 0x0, 0xaf, 0xf3, 0x9f, 0xf4, 0x0, 0x0,
    0xaf, 0xf3, 0x9f, 0xf4, 0x0, 0x0, 0xaf, 0xf3,
    0x9f, 0xf4, 0x0, 0x0, 0xaf, 0xf3, 0x9f, 0xf4,
    0x0, 0x0, 0xaf, 0xf3, 0x9f, 0xf4, 0x0, 0x0,
    0xaf, 0xf3, 0x9f, 0xf4, 0x0, 0x0, 0xaf, 0xf3,
    0x9f, 0xf4, 0x0, 0x0, 0xaf, 0xf3, 0x9f, 0xf6,
    0x0, 0x0, 0xdf, 0xf3, 0x7f, 0xfc, 0x0, 0x5,
    0xff, 0xf3, 0x2f, 0xff, 0xea, 0xbf, 0xff, 0xf3,
    0x9, 0xff, 0xff, 0xfc, 0x9f, 0xf3, 0x0, 0x7d,
    0xfe, 0x90, 0x9f, 0xf3,

    /* U+00FB "û" */
    0x0, 0x0, 0xcf, 0xf6, 0x0, 0x0, 0x0, 0xb,
    0xfb, 0xff, 0x40, 0x0, 0x0, 0x9f, 0xd1, 0x4f,
    0xf3, 0x0, 0x0, 0x55, 0x10, 0x3, 0x53, 0x0,
    0x0, 0x0, 0x0, 0x0, 0x0, 0x0, 0x9f, 0xf4,
    0x0, 0x0, 0xaf, 0xf3, 0x9f, 0xf4, 0x0, 0x0,
    0xaf, 0xf3, 0x9f, 0xf4, 0x0, 0x0, 0xaf, 0xf3,
    0x9f, 0xf4, 0x0, 0x0, 0xaf, 0xf3, 0x9f, 0xf4,
    0x0, 0x0, 0xaf, 0xf3, 0x9f, 0xf4, 0x0, 0x0,
    0xaf, 0xf3, 0x9f, 0xf4, 0x0, 0x0, 0xaf, 0xf3,
    0x9f, 0xf4, 0x0, 0x0, 0xaf, 0xf3, 0x9f, 0xf6,
    0x0, 0x0, 0xdf, 0xf3, 0x7f, 0xfc, 0x0, 0x5,
    0xff, 0xf3, 0x2f, 0xff, 0xea, 0xbf, 0xff, 0xf3,
    0x9, 0xff, 0xff, 0xfc, 0x9f, 0xf3, 0x0, 0x7d,
    0xfe, 0x90, 0x9f, 0xf3,

    /* U+00FC "ü" */
    0x0, 0xbf, 0x70, 0xc, 0xf5, 0x0, 0x3, 0xff,
    0xf0, 0x5f, 0xfd, 0x0, 0x0, 0xef, 0xb0, 0x2f,
    0xf9, 0x0, 0x0, 0x14, 0x0, 0x1, 0x30, 0x0,
    0x0, 0x0, 0x0, 0x0, 0x0, 0x0, 0x9f, 0xf4,
    0x0, 0x0, 0xaf, 0xf3, 0x9f, 0xf4, 0x0, 0x0,
    0xaf, 0xf3, 0x9f, 0xf4, 0x0, 0x0, 0xaf, 0xf3,
    0x9f, 0xf4, 0x0, 0x0, 0xaf, 0xf3, 0x9f, 0xf4,
    0x0, 0x0, 0xaf, 0xf3, 0x9f, 0xf4, 0x0, 0x0,
    0xaf, 0xf3, 0x9f, 0xf4, 0x0, 0x0, 0xaf, 0xf3,
    0x9f, 0xf4, 0x0, 0x0, 0xaf, 0xf3, 0x9f, 0xf6,
    0x0, 0x0, 0xdf, 0xf3, 0x7f, 0xfc, 0x0, 0x5,
    0xff, 0xf3, 0x2f, 0xff, 0xea, 0xbf, 0xff, 0xf3,
    0x9, 0xff, 0xff, 0xfc, 0x9f, 0xf3, 0x0, 0x7d,
    0xfe, 0x90, 0x9f, 0xf3,

    /* U+00FD "ý" */
    0x0, 0x0, 0x0, 0x4f, 0xf8, 0x0, 0x0, 0x0,
    0x0, 0xb, 0xfd, 0x0, 0x0, 0x0, 0x0, 0x3,
    0xff, 0x20, 0x0, 0x0, 0x0, 0x0, 0x59, 0x50,
    0x0, 0x0, 0x0, 0x0, 0x0, 0x0, 0x0, 0x0,
    0x8, 0xff, 0x80, 0x0, 0x0, 0x8f, 0xf7, 0x2f,
    0xfd, 0x0, 0x0, 0xd, 0xff, 0x10, 0xcf, 0xf2,
    0x0, 0x3, 0xff, 0xc0, 0x6, 0xff, 0x80, 0x0,
    0x8f, 0xf6, 0x0, 0x1f, 0xfd, 0x0, 0xd, 0xff,
    0x10, 0x0, 0xbf, 0xf2, 0x2, 0xff, 0xa0, 0x0,
    0x5, 0xff, 0x70, 0x8f, 0xf5, 0x0, 0x0, 0xf,
    0xfc, 0xd, 0xfe, 0x0, 0x0, 0x0, 0xaf, 0xf3,
    0xff, 0x90, 0x0, 0x0, 0x4, 0xff, 0xbf, 0xf3,
    0x0, 0x0, 0x0, 0xe, 0xff, 0xfe, 0x0, 0x0,
    0x0, 0x0, 0x8f, 0xff, 0x80, 0x0, 0x0, 0x0,
    0x3, 0xff, 0xf2, 0x0, 0x0, 0x0, 0x0, 0x3f,
    0xfc, 0x0, 0x0, 0x0, 0x0, 0x8, 0xff, 0x70,
    0x0, 0x0, 0x2, 0x89, 0xff, 0xf1, 0x0, 0x0,
    0x0, 0x5f, 0xff, 0xf7, 0x0, 0x0, 0x0, 0x6,
    0xff, 0xd6, 0x0, 0x0, 0x0, 0x0,

    /* U+00FE "þ" */
    0x9f, 0xf4, 0x0, 0x0, 0x0, 0x0, 0x9, 0xff,
    0x40, 0x0, 0x0, 0x0, 0x0, 0x9f, 0xf4, 0x0,
    0x0, 0x0, 0x0, 0x9, 0xff, 0x40, 0x0, 0x0,
    0x0, 0x0, 0x9f, 0xf4, 0x0, 0x0, 0x0, 0x0,
    0x9, 0xff, 0x43, 0xcf, 0xfb, 0x40, 0x0, 0x9f,
    0xf7, 0xff, 0xff, 0xff, 0x60, 0x9, 0xff, 0xff,
    0x98, 0xdf, 0xff, 0x20, 0x9f, 0xfe, 0x20, 0x0,
    0xbf, 0xf9, 0x9, 0xff, 0x80, 0x0, 0x2, 0xff,
    0xd0, 0x9f, 0xf4, 0x0, 0x0, 0xe, 0xff, 0x9,
    0xff, 0x20, 0x0, 0x0, 0xdf, 0xf1, 0x9f, 0xf4,
    0x0, 0x0, 0xe, 0xff, 0x9, 0xff, 0x80, 0x0,
    0x2, 0xff, 0xd0, 0x9f, 0xff, 0x20, 0x0, 0xbf,
    0xf9, 0x9, 0xff, 0xff, 0x98, 0xdf, 0xff, 0x20,
    0x9f, 0xf7, 0xff, 0xff, 0xff, 0x60, 0x9, 0xff,
    0x43, 0xcf, 0xfb, 0x40, 0x0, 0x9f, 0xf4, 0x0,
    0x0, 0x0, 0x0, 0x9, 0xff, 0x40, 0x0, 0x0,
    0x0, 0x0, 0x9f, 0xf4, 0x0, 0x0, 0x0, 0x0,
    0x9, 0xff, 0x40, 0x0, 0x0, 0x0, 0x0, 0x9f,
    0xf4, 0x0, 0x0, 0x0, 0x0, 0x0,

    /* U+00FF "ÿ" */
    0x0, 0x3e, 0xe2, 0x4, 0xed, 0x10, 0x0, 0x9,
    0xff, 0x80, 0xbf, 0xf7, 0x0, 0x0, 0x5f, 0xf4,
    0x7, 0xff, 0x30, 0x0, 0x0, 0x22, 0x0, 0x3,
    0x20, 0x0, 0x0, 0x0, 0x0, 0x0, 0x0, 0x0,
    0x8, 0xff, 0x80, 0x0, 0x0, 0x8f, 0xf7, 0x2f,
    0xfd, 0x0, 0x0, 0xd, 0xff, 0x10, 0xcf, 0xf2,
    0x0, 0x3, 0xff, 0xc0, 0x6, 0xff, 0x80, 0x0,
    0x8f, 0xf6, 0x0, 0x1f, 0xfd, 0x0, 0xd, 0xff,
    0x10, 0x0, 0xbf, 0xf2, 0x2, 0xff, 0xa0, 0x0,
    0x5, 0xff, 0x70, 0x8f, 0xf5, 0x0, 0x0, 0xf,
    0xfc, 0xd, 0xfe, 0x0, 0x0, 0x0, 0xaf, 0xf3,
    0xff, 0x90, 0x0, 0x0, 0x4, 0xff, 0xbf, 0xf3,
    0x0, 0x0, 0x0, 0xe, 0xff, 0xfe, 0x0, 0x0,
    0x0, 0x0, 0x8f, 0xff, 0x80, 0x0, 0x0, 0x0,
    0x3, 0xff, 0xf2, 0x0, 0x0, 0x0, 0x0, 0x3f,
    0xfc, 0x0, 0x0, 0x0, 0x0, 0x8, 0xff, 0x70,
    0x0, 0x0, 0x2, 0x89, 0xff, 0xf1, 0x0, 0x0,
    0x0, 0x5f, 0xff, 0xf7, 0x0, 0x0, 0x0, 0x6,
    0xff, 0xd6, 0x0, 0x0, 0x0, 0x0,

    /* U+2010 "‐" */
    0x78, 0x88, 0x88, 0x84, 0xef, 0xff, 0xff, 0xf9,
    0xef, 0xff, 0xff, 0xf9,

    /* U+2011 "‑" */
    0x78, 0x88, 0x88, 0x84, 0xef, 0xff, 0xff, 0xf9,
    0xef, 0xff, 0xff, 0xf9,

    /* U+2012 "‒" */
    0x18, 0x88, 0x88, 0x88, 0x88, 0x88, 0x87, 0x2f,
    0xff, 0xff, 0xff, 0xff, 0xff, 0xff, 0x2f, 0xff,
    0xff, 0xff, 0xff, 0xff, 0xff,

    /* U+2013 "–" */
    0x88, 0x88, 0x88, 0x88, 0x88, 0x84, 0xff, 0xff,
    0xff, 0xff, 0xff, 0xf8, 0xff, 0xff, 0xff, 0xff,
    0xff, 0xf8,

    /* U+2014 "—" */
    0x88, 0x88, 0x88, 0x88, 0x88, 0x88, 0x88, 0x88,
    0x88, 0x88, 0x88, 0x8f, 0xff, 0xff, 0xff, 0xff,
    0xff, 0xff, 0xff, 0xff, 0xff, 0xff, 0xff, 0xff,
    0xff, 0xff, 0xff, 0xff, 0xff, 0xff, 0xff, 0xff,
    0xff, 0xff, 0xf0,

    /* U+2015 "―" */
    0x88, 0x88, 0x88, 0x88, 0x88, 0x88, 0x88, 0x88,
    0x88, 0x88, 0x88, 0x8f, 0xff, 0xff, 0xff, 0xff,
    0xff, 0xff, 0xff, 0xff, 0xff, 0xff, 0xff, 0xff,
    0xff, 0xff, 0xff, 0xff, 0xff, 0xff, 0xff, 0xff,
    0xff, 0xff, 0xf0,

    /* U+2016 "‖" */
    0x6f, 0xf4, 0x5f, 0xf5, 0x6f, 0xf4, 0x5f, 0xf5,
    0x6f, 0xf4, 0x5f, 0xf5, 0x6f, 0xf4, 0x5f, 0xf5,
    0x6f, 0xf4, 0x5f, 0xf5, 0x6f, 0xf4, 0x5f, 0xf5,
    0x6f, 0xf4, 0x5f, 0xf5, 0x6f, 0xf4, 0x5f, 0xf5,
    0x6f, 0xf4, 0x5f, 0xf5, 0x6f, 0xf4, 0x5f, 0xf5,
    0x6f, 0xf4, 0x5f, 0xf5, 0x6f, 0xf4, 0x5f, 0xf5,
    0x6f, 0xf4, 0x5f, 0xf5, 0x6f, 0xf4, 0x5f, 0xf5,
    0x6f, 0xf4, 0x5f, 0xf5, 0x6f, 0xf4, 0x5f, 0xf5,
    0x6f, 0xf4, 0x5f, 0xf5, 0x6f, 0xf4, 0x5f, 0xf5,
    0x6f, 0xf4, 0x5f, 0xf5, 0x6f, 0xf4, 0x5f, 0xf5,
    0x6f, 0xf4, 0x5f, 0xf5, 0x6f, 0xf4, 0x5f, 0xf5,
    0x6f, 0xf4, 0x5f, 0xf5, 0x6f, 0xf4, 0x5f, 0xf5,
    0x6f, 0xf4, 0x5f, 0xf5, 0x6f, 0xf4, 0x5f, 0xf5,
    0x6f, 0xf4, 0x5f, 0xf5, 0x6f, 0xf4, 0x5f, 0xf5,
    0x6f, 0xf4, 0x5f, 0xf5,

    /* U+2017 "‗" */
    0xd, 0xdd, 0xdd, 0xdd, 0xdd, 0xd6, 0xf, 0xff,
    0xff, 0xff, 0xff, 0xf7, 0x0, 0x0, 0x0, 0x0,
    0x0, 0x0, 0xc, 0xcc, 0xcc, 0xcc, 0xcc, 0xc6,
    0xf, 0xff, 0xff, 0xff, 0xff, 0xf7,

    /* U+2018 "‘" */
    0x0, 0xff, 0x10, 0x4f, 0xf0, 0x8, 0xfd, 0x0,
    0xcf, 0xb0, 0x1f, 0xf8, 0x5, 0xff, 0x60, 0x6a,
    0xa3, 0x0,

    /* U+2019 "’" */
    0x8, 0xaa, 0x0, 0xef, 0xd0, 0xf, 0xf9, 0x2,
    0xff, 0x40, 0x5f, 0xf0, 0x7, 0xfc, 0x0, 0x9f,
    0x70, 0x0,

    /* U+201A "‚" */
    0x2, 0xaa, 0x60, 0x5f, 0xf6, 0x7, 0xff, 0x20,
    0x9f, 0xd0, 0xc, 0xf9, 0x0, 0xef, 0x50, 0xf,
    0xf1, 0x0,

    /* U+201B "‛" */
    0x3f, 0xfa, 0x0, 0xef, 0xc0, 0xa, 0xfe, 0x0,
    0x6f, 0xf1, 0x1, 0xff, 0x30, 0xd, 0xf5, 0x0,
    0x6a, 0x50,

    /* U+201C "“" */
    0x0, 0xff, 0x10, 0x6f, 0xb0, 0x4f, 0xf0, 0xa,
    0xf9, 0x8, 0xfd, 0x0, 0xef, 0x60, 0xcf, 0xb0,
    0x3f, 0xf4, 0x1f, 0xf8, 0x7, 0xff, 0x25, 0xff,
    0x60, 0xbf, 0xf0, 0x6a, 0xa3, 0xa, 0xa9, 0x0,

    /* U+201D "”" */
    0x8, 0xaa, 0x3, 0xaa, 0x60, 0xef, 0xd0, 0x6f,
    0xf5, 0xf, 0xf9, 0x8, 0xff, 0x12, 0xff, 0x40,
    0xbf, 0xc0, 0x5f, 0xf0, 0xd, 0xf8, 0x7, 0xfc,
    0x0, 0xff, 0x40, 0x9f, 0x70, 0x1f, 0xf0, 0x0,

    /* U+201E "„" */
    0x2, 0xaa, 0x60, 0x7a, 0xa1, 0x5, 0xff, 0x60,
    0xdf, 0xe0, 0x7, 0xff, 0x20, 0xff, 0xa0, 0x9,
    0xfd, 0x1, 0xff, 0x50, 0xc, 0xf9, 0x4, 0xff,
    0x10, 0xe, 0xf5, 0x6, 0xfd, 0x0, 0xf, 0xf1,
    0x8, 0xf8, 0x0,

    /* U+201F "‟" */
    0x3f, 0xfa, 0xb, 0xff, 0x20, 0xef, 0xc0, 0x7f,
    0xf4, 0xa, 0xfe, 0x2, 0xff, 0x60, 0x6f, 0xf1,
    0xe, 0xf8, 0x1, 0xff, 0x30, 0xaf, 0xb0, 0xd,
    0xf5, 0x5, 0xfd, 0x0, 0x6a, 0x50, 0x1a, 0xa0,

    /* U+2020 "†" */
    0x0, 0x2, 0xff, 0xa0, 0x0, 0x0, 0x2, 0xff,
    0xa0, 0x0, 0x0, 0x2, 0xff, 0xa0, 0x0, 0x25,
    0x56, 0xff, 0xc5, 0x55, 0x8f, 0xff, 0xff, 0xff,
    0xff, 0x8f, 0xff, 0xff, 0xff, 0xff, 0x0, 0x2,
    0xff, 0xa0, 0x0, 0x0, 0x2, 0xff, 0xa0, 0x0,
    0x0, 0x1, 0xff, 0x90, 0x0, 0x0, 0x0, 0xff,
    0x80, 0x0, 0x0, 0x0, 0xef, 0x60, 0x0, 0x0,
    0x0, 0xdf, 0x40, 0x0, 0x0, 0x0, 0xbf, 0x20,
    0x0,

    /* U+2021 "‡" */
    0x0, 0x2, 0xff, 0xa0, 0x0, 0x0, 0x2, 0xff,
    0xa0, 0x0, 0x0, 0x2, 0xff, 0xa0, 0x0, 0x0,
    0x2, 0xff, 0xa0, 0x0, 0x8f, 0xff, 0xff, 0xff,
    0xff, 0x8f, 0xff, 0xff, 0xff, 0xff, 0x24, 0x46,
    0xff, 0xb4, 0x44, 0x0, 0x2, 0xff, 0xa0, 0x0,
    0x0, 0x2, 0xff, 0xa0, 0x0, 0x8f, 0xff, 0xff,
    0xff, 0xff, 0x8f, 0xff, 0xff, 0xff, 0xff, 0x25,
    0x56, 0xff, 0xc5, 0x55, 0x0, 0x2, 0xff, 0xa0,
    0x0, 0x0, 0x1, 0xff, 0x90, 0x0, 0x0, 0x0,
    0xff, 0x70, 0x0, 0x0, 0x0, 0xef, 0x60, 0x0,
    0x0, 0x0, 0xcf, 0x40, 0x0, 0x0, 0x0, 0xbf,
    0x20, 0x0,

    /* U+2022 "•" */
    0x0, 0x5, 0x85, 0x0, 0x0, 0x1d, 0xff, 0xfd,
    0x10, 0xb, 0xff, 0xff, 0xfa, 0x0, 0xff, 0xff,
    0xff, 0xf0, 0x1f, 0xff, 0xff, 0xff, 0x0, 0xef,
    0xff, 0xff, 0xd0, 0x5, 0xff, 0xff, 0xf5, 0x0,
    0x5, 0xdf, 0xd5, 0x0,

    /* U+2023 "‣" */
    0x70, 0x0, 0x0, 0xf, 0xd4, 0x0, 0x0, 0xff,
    0xf9, 0x10, 0xf, 0xff, 0xfe, 0x50, 0xff, 0xff,
    0xe6, 0xf, 0xff, 0xa1, 0x0, 0xfe, 0x40, 0x0,
    0x8, 0x0, 0x0, 0x0,

    /* U+2024 "․" */
    0x8, 0xa2, 0x7f, 0xfd, 0x8f, 0xfe, 0x1d, 0xf6,

    /* U+2025 "‥" */
    0x8, 0xa2, 0x0, 0x4, 0xa6, 0x7, 0xff, 0xd0,
    0x1, 0xff, 0xf3, 0x8f, 0xfe, 0x0, 0x2f, 0xff,
    0x41, 0xdf, 0x60, 0x0, 0x9f, 0xa0,

    /* U+2026 "…" */
    0x8, 0xa2, 0x0, 0x4, 0xa6, 0x0, 0x1, 0x99,
    0x7, 0xff, 0xd0, 0x1, 0xff, 0xf3, 0x0, 0xbf,
    0xf9, 0x8f, 0xfe, 0x0, 0x2f, 0xff, 0x40, 0xc,
    0xff, 0xa1, 0xdf, 0x60, 0x0, 0x9f, 0xa0, 0x0,
    0x4e, 0xe3,

    /* U+2190 "←" */
    0x0, 0x0, 0x0, 0x0, 0x0, 0x0, 0x0, 0x0,
    0x0, 0x0, 0x0, 0x0, 0x99, 0x0, 0x0, 0x0,
    0x0, 0x0, 0x0, 0x0, 0x9f, 0xf6, 0x0, 0x0,
    0x0, 0x0, 0x0, 0x0, 0x9f, 0xfa, 0x0, 0x0,
    0x0, 0x0, 0x0, 0x0, 0x9f, 0xfa, 0x0, 0x0,
    0x0, 0x0, 0x0, 0x0, 0x9f, 0xfa, 0x0, 0x0,
    0x0, 0x0, 0x0, 0x0, 0x9f, 0xf8, 0x0, 0x0,
    0x0, 0x0, 0x0, 0x0, 0x9f, 0xfb, 0x66, 0x77,
    0x77, 0x77, 0x77, 0x76, 0x9f, 0xff, 0xff, 0xff,
    0xff, 0xff, 0xff, 0xff, 0xe3, 0xef, 0xfd, 0xef,
    0xff, 0xff, 0xff, 0xff, 0xfe, 0x3, 0xef, 0xd2,
    0x0, 0x0, 0x0, 0x0, 0x0, 0x0, 0x3, 0xef,
    0xe3, 0x0, 0x0, 0x0, 0x0, 0x0, 0x0, 0x3,
    0xef, 0xf3, 0x0, 0x0, 0x0, 0x0, 0x0, 0x0,
    0x3, 0xef, 0xf3, 0x0, 0x0, 0x0, 0x0, 0x0,
    0x0, 0x3, 0xef, 0xf3, 0x0, 0x0, 0x0, 0x0,
    0x0, 0x0, 0x3, 0xee, 0x30, 0x0, 0x0, 0x0,
    0x0, 0x0, 0x0, 0x3, 0x30, 0x0, 0x0, 0x0,
    0x0,

    /* U+2191 "↑" */
    0x0, 0x0, 0x0, 0x0, 0x0, 0x0, 0x0, 0x0,
    0x0, 0x0, 0x0, 0x8, 0x80, 0x0, 0x0, 0x0,
    0x0, 0x0, 0x0, 0x8f, 0xf8, 0x0, 0x0, 0x0,
    0x0, 0x0, 0x8, 0xff, 0xff, 0x80, 0x0, 0x0,
    0x0, 0x0, 0x8f, 0xff, 0xff, 0xf8, 0x0, 0x0,
    0x0, 0x8, 0xff, 0x9f, 0xf9, 0xff, 0x80, 0x0,
    0x0, 0x8f, 0xfa, 0x2f, 0xf2, 0xaf, 0xf8, 0x0,
    0x8, 0xff, 0xb0, 0x3f, 0xf3, 0xb, 0xff, 0x80,
    0x7f, 0xfb, 0x0, 0x3f, 0xf3, 0x0, 0xbf, 0xf7,
    0x4f, 0xb0, 0x0, 0x3f, 0xf3, 0x0, 0xb, 0xf4,
    0x3, 0x0, 0x0, 0x3f, 0xf3, 0x0, 0x0, 0x30,
    0x0, 0x0, 0x0, 0x3f, 0xf3, 0x0, 0x0, 0x0,
    0x0, 0x0, 0x0, 0x3f, 0xf3, 0x0, 0x0, 0x0,
    0x0, 0x0, 0x0, 0x3f, 0xf3, 0x0, 0x0, 0x0,
    0x0, 0x0, 0x0, 0x3f, 0xf3, 0x0, 0x0, 0x0,
    0x0, 0x0, 0x0, 0x3f, 0xf3, 0x0, 0x0, 0x0,
    0x0, 0x0, 0x0, 0x3f, 0xf3, 0x0, 0x0, 0x0,
    0x0, 0x0, 0x0, 0x3f, 0xf3, 0x0, 0x0, 0x0,

    /* U+2192 "→" */
    0x0, 0x0, 0x0, 0x0, 0x0, 0x0, 0x0, 0x0,
    0x0, 0x0, 0x0, 0x0, 0x0, 0xb, 0x70, 0x0,
    0x0, 0x0, 0x0, 0x0, 0x0, 0x0, 0x8f, 0xf7,
    0x0, 0x0, 0x0, 0x0, 0x0, 0x0, 0x0, 0xc,
    0xff, 0x70, 0x0, 0x0, 0x0, 0x0, 0x0, 0x0,
    0x0, 0xcf, 0xf7, 0x0, 0x0, 0x0, 0x0, 0x0,
    0x0, 0x0, 0xc, 0xff, 0x70, 0x0, 0x0, 0x0,
    0x0, 0x0, 0x0, 0x0, 0xbf, 0xf7, 0x0, 0x7,
    0x77, 0x77, 0x77, 0x77, 0x76, 0x6c, 0xff, 0x70,
    0x1f, 0xff, 0xff, 0xff, 0xff, 0xff, 0xff, 0xff,
    0xf6, 0x1f, 0xff, 0xff, 0xff, 0xff, 0xff, 0xee,
    0xff, 0xd1, 0x0, 0x0, 0x0, 0x0, 0x0, 0x0,
    0x3e, 0xfd, 0x10, 0x0, 0x0, 0x0, 0x0, 0x0,
    0x4, 0xff, 0xd1, 0x0, 0x0, 0x0, 0x0, 0x0,
    0x0, 0x5f, 0xfd, 0x10, 0x0, 0x0, 0x0, 0x0,
    0x0, 0x5, 0xff, 0xd1, 0x0, 0x0, 0x0, 0x0,
    0x0, 0x0, 0x5f, 0xfd, 0x10, 0x0, 0x0, 0x0,
    0x0, 0x0, 0x0, 0x5f, 0xd1, 0x0, 0x0, 0x0,
    0x0, 0x0, 0x0, 0x0, 0x4, 0x10, 0x0, 0x0,
    0x0,

    /* U+2193 "↓" */
    0x0, 0x0, 0x0, 0x3e, 0xe2, 0x0, 0x0, 0x0,
    0x0, 0x0, 0x0, 0x3f, 0xf3, 0x0, 0x0, 0x0,
    0x0, 0x0, 0x0, 0x3f, 0xf3, 0x0, 0x0, 0x0,
    0x0, 0x0, 0x0, 0x3f, 0xf3, 0x0, 0x0, 0x0,
    0x0, 0x0, 0x0, 0x3f, 0xf3, 0x0, 0x0, 0x0,
    0x0, 0x0, 0x0, 0x3f, 0xf3, 0x0, 0x0, 0x0,
    0x0, 0x0, 0x0, 0x3f, 0xf3, 0x0, 0x0, 0x0,
    0x2, 0x0, 0x0, 0x3f, 0xf3, 0x0, 0x0, 0x20,
    0x3f, 0xa0, 0x0, 0x3f, 0xf3, 0x0, 0xb, 0xe3,
    0x8f, 0xfa, 0x0, 0x3f, 0xf3, 0x0, 0xbf, 0xf8,
    0x9, 0xff, 0xa0, 0x3f, 0xf3, 0xb, 0xff, 0x90,
    0x0, 0x9f, 0xf9, 0x2f, 0xf2, 0x9f, 0xf9, 0x0,
    0x0, 0x9, 0xff, 0x8f, 0xf8, 0xff, 0x90, 0x0,
    0x0, 0x0, 0x9f, 0xff, 0xff, 0xf9, 0x0, 0x0,
    0x0, 0x0, 0x9, 0xff, 0xff, 0x90, 0x0, 0x0,
    0x0, 0x0, 0x0, 0x9f, 0xf9, 0x0, 0x0, 0x0,
    0x0, 0x0, 0x0, 0x9, 0x90, 0x0, 0x0, 0x0,
    0x0, 0x0, 0x0, 0x0, 0x0, 0x0, 0x0, 0x0
};


/*---------------------
 *  GLYPH DESCRIPTION
 *--------------------*/

static const lv_font_fmt_txt_glyph_dsc_t glyph_dsc[] = {
    {.bitmap_index = 0, .adv_w = 0, .box_w = 0, .box_h = 0, .ofs_x = 0, .ofs_y = 0} /* id = 0 reserved */,
    {.bitmap_index = 0, .adv_w = 88, .box_w = 0, .box_h = 0, .ofs_x = 0, .ofs_y = 0},
    {.bitmap_index = 0, .adv_w = 103, .box_w = 4, .box_h = 18, .ofs_x = 1, .ofs_y = 0},
    {.bitmap_index = 36, .adv_w = 179, .box_w = 8, .box_h = 7, .ofs_x = 2, .ofs_y = 11},
    {.bitmap_index = 64, .adv_w = 232, .box_w = 15, .box_h = 18, .ofs_x = 0, .ofs_y = 0},
    {.bitmap_index = 199, .adv_w = 237, .box_w = 14, .box_h = 23, .ofs_x = 0, .ofs_y = -2},
    {.bitmap_index = 360, .adv_w = 351, .box_w = 20, .box_h = 18, .ofs_x = 1, .ofs_y = 0},
    {.bitmap_index = 540, .adv_w = 239, .box_w = 15, .box_h = 18, .ofs_x = 0, .ofs_y = 0},
    {.bitmap_index = 675, .adv_w = 109, .box_w = 3, .box_h = 7, .ofs_x = 2, .ofs_y = 11},
    {.bitmap_index = 686, .adv_w = 128, .box_w = 7, .box_h = 22, .ofs_x = 1, .ofs_y = -3},
    {.bitmap_index = 763, .adv_w = 128, .box_w = 7, .box_h = 22, .ofs_x = 0, .ofs_y = -3},
    {.bitmap_index = 840, .adv_w = 194, .box_w = 10, .box_h = 10, .ofs_x = 1, .ofs_y = 8},
    {.bitmap_index = 890, .adv_w = 243, .box_w = 13, .box_h = 12, .ofs_x = 1, .ofs_y = 1},
    {.bitmap_index = 968, .adv_w = 102, .box_w = 5, .box_h = 7, .ofs_x = 0, .ofs_y = -4},
    {.bitmap_index = 986, .adv_w = 167, .box_w = 8, .box_h = 3, .ofs_x = 1, .ofs_y = 6},
    {.bitmap_index = 998, .adv_w = 102, .box_w = 4, .box_h = 4, .ofs_x = 1, .ofs_y = 0},
    {.bitmap_index = 1006, .adv_w = 134, .box_w = 9, .box_h = 21, .ofs_x = 0, .ofs_y = -3},
    {.bitmap_index = 1101, .adv_w = 239, .box_w = 14, .box_h = 18, .ofs_x = 0, .ofs_y = 0},
    {.bitmap_index = 1227, .adv_w = 148, .box_w = 8, .box_h = 18, .ofs_x = 0, .ofs_y = 0},
    {.bitmap_index = 1299, .adv_w = 222, .box_w = 12, .box_h = 18, .ofs_x = 1, .ofs_y = 0},
    {.bitmap_index = 1407, .adv_w = 230, .box_w = 13, .box_h = 18, .ofs_x = 1, .ofs_y = 0},
    {.bitmap_index = 1524, .adv_w = 241, .box_w = 15, .box_h = 18, .ofs_x = 0, .ofs_y = 0},
    {.bitmap_index = 1659, .adv_w = 222, .box_w = 13, .box_h = 18, .ofs_x = 0, .ofs_y = 0},
    {.bitmap_index = 1776, .adv_w = 229, .box_w = 14, .box_h = 18, .ofs_x = 0, .ofs_y = 0},
    {.bitmap_index = 1902, .adv_w = 205, .box_w = 13, .box_h = 18, .ofs_x = 0, .ofs_y = 0},
    {.bitmap_index = 2019, .adv_w = 229, .box_w = 14, .box_h = 18, .ofs_x = 0, .ofs_y = 0},
    {.bitmap_index = 2145, .adv_w = 229, .box_w = 14, .box_h = 18, .ofs_x = 0, .ofs_y = 0},
    {.bitmap_index = 2271, .adv_w = 102, .box_w = 4, .box_h = 13, .ofs_x = 1, .ofs_y = 0},
    {.bitmap_index = 2297, .adv_w = 104, .box_w = 6, .box_h = 16, .ofs_x = 0, .ofs_y = -4},
    {.bitmap_index = 2345, .adv_w = 243, .box_w = 12, .box_h = 14, .ofs_x = 1, .ofs_y = 0},
    {.bitmap_index = 2429, .adv_w = 243, .box_w = 11, .box_h = 8, .ofs_x = 2, .ofs_y = 3},
    {.bitmap_index = 2473, .adv_w = 243, .box_w = 12, .box_h = 14, .ofs_x = 2, .ofs_y = 0},
    {.bitmap_index = 2557, .adv_w = 202, .box_w = 12, .box_h = 18, .ofs_x = 0, .ofs_y = 0},
    {.bitmap_index = 2665, .adv_w = 367, .box_w = 22, .box_h = 23, .ofs_x = 0, .ofs_y = -5},
    {.bitmap_index = 2918, .adv_w = 261, .box_w = 16, .box_h = 18, .ofs_x = 0, .ofs_y = 0},
    {.bitmap_index = 3062, .adv_w = 240, .box_w = 14, .box_h = 18, .ofs_x = 1, .ofs_y = 0},
    {.bitmap_index = 3188, .adv_w = 269, .box_w = 16, .box_h = 18, .ofs_x = 0, .ofs_y = 0},
    {.bitmap_index = 3332, .adv_w = 261, .box_w = 15, .box_h = 18, .ofs_x = 1, .ofs_y = 0},
    {.bitmap_index = 3467, .adv_w = 222, .box_w = 12, .box_h = 18, .ofs_x = 1, .ofs_y = 0},
    {.bitmap_index = 3575, .adv_w = 213, .box_w = 12, .box_h = 18, .ofs_x = 1, .ofs_y = 0},
    {.bitmap_index = 3683, .adv_w = 273, .box_w = 16, .box_h = 18, .ofs_x = 0, .ofs_y = 0},
    {.bitmap_index = 3827, .adv_w = 269, .box_w = 15, .box_h = 18, .ofs_x = 1, .ofs_y = 0},
    {.bitmap_index = 3962, .adv_w = 97, .box_w = 4, .box_h = 18, .ofs_x = 1, .ofs_y = 0},
    {.bitmap_index = 3998, .adv_w = 208, .box_w = 12, .box_h = 18, .ofs_x = 0, .ofs_y = 0},
    {.bitmap_index = 4106, .adv_w = 252, .box_w = 15, .box_h = 18, .ofs_x = 1, .ofs_y = 0},
    {.bitmap_index = 4241, .adv_w = 205, .box_w = 12, .box_h = 18, .ofs_x = 1, .ofs_y = 0},
    {.bitmap_index = 4349, .adv_w = 332, .box_w = 19, .box_h = 18, .ofs_x = 1, .ofs_y = 0},
    {.bitmap_index = 4520, .adv_w = 272, .box_w = 15, .box_h = 18, .ofs_x = 1, .ofs_y = 0},
    {.bitmap_index = 4655, .adv_w = 279, .box_w = 17, .box_h = 18, .ofs_x = 0, .ofs_y = 0},
    {.bitmap_index = 4808, .adv_w = 234, .box_w = 13, .box_h = 18, .ofs_x = 1, .ofs_y = 0},
    {.bitmap_index = 4925, .adv_w = 280, .box_w = 17, .box_h = 19, .ofs_x = 0, .ofs_y = -1},
    {.bitmap_index = 5087, .adv_w = 239, .box_w = 14, .box_h = 18, .ofs_x = 1, .ofs_y = 0},
    {.bitmap_index = 5213, .adv_w = 237, .box_w = 14, .box_h = 18, .ofs_x = 0, .ofs_y = 0},
    {.bitmap_index = 5339, .adv_w = 237, .box_w = 15, .box_h = 18, .ofs_x = 0, .ofs_y = 0},
    {.bitmap_index = 5474, .adv_w = 265, .box_w = 15, .box_h = 18, .ofs_x = 1, .ofs_y = 0},
    {.bitmap_index = 5609, .adv_w = 261, .box_w = 16, .box_h = 18, .ofs_x = 0, .ofs_y = 0},
    {.bitmap_index = 5753, .adv_w = 368, .box_w = 23, .box_h = 18, .ofs_x = 0, .ofs_y = 0},
    {.bitmap_index = 5960, .adv_w = 257, .box_w = 16, .box_h = 18, .ofs_x = 0, .ofs_y = 0},
    {.bitmap_index = 6104, .adv_w = 255, .box_w = 16, .box_h = 18, .ofs_x = 0, .ofs_y = 0},
    {.bitmap_index = 6248, .adv_w = 236, .box_w = 14, .box_h = 18, .ofs_x = 0, .ofs_y = 0},
    {.bitmap_index = 6374, .adv_w = 128, .box_w = 6, .box_h = 22, .ofs_x = 1, .ofs_y = -3},
    {.bitmap_index = 6440, .adv_w = 134, .box_w = 9, .box_h = 21, .ofs_x = 0, .ofs_y = -3},
    {.bitmap_index = 6535, .adv_w = 128, .box_w = 6, .box_h = 22, .ofs_x = 1, .ofs_y = -3},
    {.bitmap_index = 6601, .adv_w = 172, .box_w = 11, .box_h = 9, .ofs_x = 0, .ofs_y = 9},
    {.bitmap_index = 6651, .adv_w = 173, .box_w = 11, .box_h = 3, .ofs_x = 0, .ofs_y = -2},
    {.bitmap_index = 6668, .adv_w = 116, .box_w = 5, .box_h = 4, .ofs_x = 1, .ofs_y = 14},
    {.bitmap_index = 6678, .adv_w = 205, .box_w = 12, .box_h = 13, .ofs_x = 0, .ofs_y = 0},
    {.bitmap_index = 6756, .adv_w = 223, .box_w = 13, .box_h = 18, .ofs_x = 1, .ofs_y = 0},
    {.bitmap_index = 6873, .adv_w = 207, .box_w = 13, .box_h = 13, .ofs_x = 0, .ofs_y = 0},
    {.bitmap_index = 6958, .adv_w = 223, .box_w = 13, .box_h = 18, .ofs_x = 0, .ofs_y = 0},
    {.bitmap_index = 7075, .adv_w = 211, .box_w = 13, .box_h = 13, .ofs_x = 0, .ofs_y = 0},
    {.bitmap_index = 7160, .adv_w = 136, .box_w = 9, .box_h = 18, .ofs_x = 0, .ofs_y = 0},
    {.bitmap_index = 7241, .adv_w = 223, .box_w = 13, .box_h = 18, .ofs_x = 0, .ofs_y = -5},
    {.bitmap_index = 7358, .adv_w = 218, .box_w = 12, .box_h = 18, .ofs_x = 1, .ofs_y = 0},
    {.bitmap_index = 7466, .adv_w = 91, .box_w = 4, .box_h = 18, .ofs_x = 1, .ofs_y = 0},
    {.bitmap_index = 7502, .adv_w = 91, .box_w = 6, .box_h = 23, .ofs_x = -1, .ofs_y = -5},
    {.bitmap_index = 7571, .adv_w = 203, .box_w = 12, .box_h = 18, .ofs_x = 1, .ofs_y = 0},
    {.bitmap_index = 7679, .adv_w = 91, .box_w = 4, .box_h = 18, .ofs_x = 1, .ofs_y = 0},
    {.bitmap_index = 7715, .adv_w = 325, .box_w = 18, .box_h = 13, .ofs_x = 1, .ofs_y = 0},
    {.bitmap_index = 7832, .adv_w = 218, .box_w = 12, .box_h = 13, .ofs_x = 1, .ofs_y = 0},
    {.bitmap_index = 7910, .adv_w = 217, .box_w = 13, .box_h = 13, .ofs_x = 0, .ofs_y = 0},
    {.bitmap_index = 7995, .adv_w = 223, .box_w = 13, .box_h = 18, .ofs_x = 1, .ofs_y = -5},
    {.bitmap_index = 8112, .adv_w = 223, .box_w = 13, .box_h = 18, .ofs_x = 0, .ofs_y = -5},
    {.bitmap_index = 8229, .adv_w = 139, .box_w = 8, .box_h = 13, .ofs_x = 1, .ofs_y = 0},
    {.bitmap_index = 8281, .adv_w = 194, .box_w = 12, .box_h = 13, .ofs_x = 0, .ofs_y = 0},
    {.bitmap_index = 8359, .adv_w = 129, .box_w = 8, .box_h = 16, .ofs_x = 0, .ofs_y = 0},
    {.bitmap_index = 8423, .adv_w = 218, .box_w = 12, .box_h = 13, .ofs_x = 1, .ofs_y = 0},
    {.bitmap_index = 8501, .adv_w = 207, .box_w = 13, .box_h = 13, .ofs_x = 0, .ofs_y = 0},
    {.bitmap_index = 8586, .adv_w = 301, .box_w = 19, .box_h = 13, .ofs_x = 0, .ofs_y = 0},
    {.bitmap_index = 8710, .adv_w = 202, .box_w = 13, .box_h = 13, .ofs_x = 0, .ofs_y = 0},
    {.bitmap_index = 8795, .adv_w = 208, .box_w = 13, .box_h = 18, .ofs_x = 0, .ofs_y = -5},
    {.bitmap_index = 8912, .adv_w = 198, .box_w = 11, .box_h = 13, .ofs_x = 1, .ofs_y = 0},
    {.bitmap_index = 8984, .adv_w = 161, .box_w = 9, .box_h = 22, .ofs_x = 1, .ofs_y = -3},
    {.bitmap_index = 9083, .adv_w = 127, .box_w = 4, .box_h = 29, .ofs_x = 2, .ofs_y = -6},
    {.bitmap_index = 9141, .adv_w = 161, .box_w = 8, .box_h = 22, .ofs_x = 1, .ofs_y = -3},
    {.bitmap_index = 9229, .adv_w = 243, .box_w = 13, .box_h = 5, .ofs_x = 1, .ofs_y = 4},
    {.bitmap_index = 9262, .adv_w = 88, .box_w = 0, .box_h = 0, .ofs_x = 0, .ofs_y = 0},
    {.bitmap_index = 9262, .adv_w = 104, .box_w = 5, .box_h = 18, .ofs_x = 1, .ofs_y = -5},
    {.bitmap_index = 9307, .adv_w = 207, .box_w = 13, .box_h = 18, .ofs_x = 0, .ofs_y = 0},
    {.bitmap_index = 9424, .adv_w = 226, .box_w = 14, .box_h = 18, .ofs_x = 0, .ofs_y = 0},
    {.bitmap_index = 9550, .adv_w = 271, .box_w = 15, .box_h = 17, .ofs_x = 1, .ofs_y = -1},
    {.bitmap_index = 9678, .adv_w = 203, .box_w = 13, .box_h = 18, .ofs_x = 0, .ofs_y = 0},
    {.bitmap_index = 9795, .adv_w = 111, .box_w = 3, .box_h = 21, .ofs_x = 2, .ofs_y = -3},
    {.bitmap_index = 9827, .adv_w = 204, .box_w = 12, .box_h = 22, .ofs_x = 0, .ofs_y = -4},
    {.bitmap_index = 9959, .adv_w = 218, .box_w = 9, .box_h = 4, .ofs_x = 2, .ofs_y = 15},
    {.bitmap_index = 9977, .adv_w = 332, .box_w = 18, .box_h = 18, .ofs_x = 1, .ofs_y = 0},
    {.bitmap_index = 10139, .adv_w = 165, .box_w = 10, .box_h = 10, .ofs_x = 0, .ofs_y = 7},
    {.bitmap_index = 10189, .adv_w = 224, .box_w = 14, .box_h = 11, .ofs_x = 0, .ofs_y = 2},
    {.bitmap_index = 10266, .adv_w = 243, .box_w = 11, .box_h = 6, .ofs_x = 2, .ofs_y = 4},
    {.bitmap_index = 10299, .adv_w = 239, .box_w = 14, .box_h = 14, .ofs_x = 0, .ofs_y = 4},
    {.bitmap_index = 10397, .adv_w = 156, .box_w = 8, .box_h = 3, .ofs_x = 1, .ofs_y = 15},
    {.bitmap_index = 10409, .adv_w = 164, .box_w = 9, .box_h = 9, .ofs_x = 1, .ofs_y = 9},
    {.bitmap_index = 10450, .adv_w = 243, .box_w = 12, .box_h = 13, .ofs_x = 2, .ofs_y = 1},
    {.bitmap_index = 10528, .adv_w = 156, .box_w = 9, .box_h = 9, .ofs_x = 0, .ofs_y = 10},
    {.bitmap_index = 10569, .adv_w = 160, .box_w = 10, .box_h = 9, .ofs_x = 0, .ofs_y = 10},
    {.bitmap_index = 10614, .adv_w = 116, .box_w = 5, .box_h = 4, .ofs_x = 1, .ofs_y = 14},
    {.bitmap_index = 10624, .adv_w = 220, .box_w = 13, .box_h = 18, .ofs_x = 1, .ofs_y = -5},
    {.bitmap_index = 10741, .adv_w = 215, .box_w = 12, .box_h = 18, .ofs_x = 0, .ofs_y = 0},
    {.bitmap_index = 10849, .adv_w = 102, .box_w = 4, .box_h = 4, .ofs_x = 1, .ofs_y = 6},
    {.bitmap_index = 10857, .adv_w = 117, .box_w = 5, .box_h = 6, .ofs_x = 2, .ofs_y = -6},
    {.bitmap_index = 10872, .adv_w = 108, .box_w = 6, .box_h = 9, .ofs_x = 0, .ofs_y = 10},
    {.bitmap_index = 10899, .adv_w = 174, .box_w = 11, .box_h = 10, .ofs_x = 0, .ofs_y = 7},
    {.bitmap_index = 10954, .adv_w = 224, .box_w = 14, .box_h = 11, .ofs_x = 0, .ofs_y = 2},
    {.bitmap_index = 11031, .adv_w = 294, .box_w = 18, .box_h = 18, .ofs_x = 0, .ofs_y = 0},
    {.bitmap_index = 11193, .adv_w = 307, .box_w = 19, .box_h = 18, .ofs_x = 0, .ofs_y = 0},
    {.bitmap_index = 11364, .adv_w = 324, .box_w = 20, .box_h = 18, .ofs_x = 0, .ofs_y = 0},
    {.bitmap_index = 11544, .adv_w = 202, .box_w = 11, .box_h = 18, .ofs_x = 1, .ofs_y = -5},
    {.bitmap_index = 11643, .adv_w = 261, .box_w = 16, .box_h = 23, .ofs_x = 0, .ofs_y = 0},
    {.bitmap_index = 11827, .adv_w = 261, .box_w = 16, .box_h = 23, .ofs_x = 0, .ofs_y = 0},
    {.bitmap_index = 12011, .adv_w = 261, .box_w = 16, .box_h = 23, .ofs_x = 0, .ofs_y = 0},
    {.bitmap_index = 12195, .adv_w = 261, .box_w = 16, .box_h = 23, .ofs_x = 0, .ofs_y = 0},
    {.bitmap_index = 12379, .adv_w = 261, .box_w = 16, .box_h = 23, .ofs_x = 0, .ofs_y = 0},
    {.bitmap_index = 12563, .adv_w = 261, .box_w = 16, .box_h = 24, .ofs_x = 0, .ofs_y = 0},
    {.bitmap_index = 12755, .adv_w = 370, .box_w = 23, .box_h = 18, .ofs_x = 0, .ofs_y = 0},
    {.bitmap_index = 12962, .adv_w = 269, .box_w = 16, .box_h = 23, .ofs_x = 0, .ofs_y = -5},
    {.bitmap_index = 13146, .adv_w = 222, .box_w = 12, .box_h = 23, .ofs_x = 1, .ofs_y = 0},
    {.bitmap_index = 13284, .adv_w = 222, .box_w = 12, .box_h = 23, .ofs_x = 1, .ofs_y = 0},
    {.bitmap_index = 13422, .adv_w = 222, .box_w = 12, .box_h = 23, .ofs_x = 1, .ofs_y = 0},
    {.bitmap_index = 13560, .adv_w = 222, .box_w = 12, .box_h = 23, .ofs_x = 1, .ofs_y = 0},
    {.bitmap_index = 13698, .adv_w = 97, .box_w = 6, .box_h = 23, .ofs_x = -1, .ofs_y = 0},
    {.bitmap_index = 13767, .adv_w = 97, .box_w = 6, .box_h = 23, .ofs_x = 1, .ofs_y = 0},
    {.bitmap_index = 13836, .adv_w = 97, .box_w = 10, .box_h = 23, .ofs_x = -2, .ofs_y = 0},
    {.bitmap_index = 13951, .adv_w = 97, .box_w = 10, .box_h = 23, .ofs_x = -2, .ofs_y = 0},
    {.bitmap_index = 14066, .adv_w = 275, .box_w = 17, .box_h = 18, .ofs_x = 0, .ofs_y = 0},
    {.bitmap_index = 14219, .adv_w = 272, .box_w = 15, .box_h = 23, .ofs_x = 1, .ofs_y = 0},
    {.bitmap_index = 14392, .adv_w = 279, .box_w = 17, .box_h = 23, .ofs_x = 0, .ofs_y = 0},
    {.bitmap_index = 14588, .adv_w = 279, .box_w = 17, .box_h = 23, .ofs_x = 0, .ofs_y = 0},
    {.bitmap_index = 14784, .adv_w = 279, .box_w = 17, .box_h = 23, .ofs_x = 0, .ofs_y = 0},
    {.bitmap_index = 14980, .adv_w = 279, .box_w = 17, .box_h = 23, .ofs_x = 0, .ofs_y = 0},
    {.bitmap_index = 15176, .adv_w = 279, .box_w = 17, .box_h = 23, .ofs_x = 0, .ofs_y = 0},
    {.bitmap_index = 15372, .adv_w = 243, .box_w = 13, .box_h = 13, .ofs_x = 1, .ofs_y = 0},
    {.bitmap_index = 15457, .adv_w = 279, .box_w = 17, .box_h = 20, .ofs_x = 0, .ofs_y = -1},
    {.bitmap_index = 15627, .adv_w = 265, .box_w = 15, .box_h = 23, .ofs_x = 1, .ofs_y = 0},
    {.bitmap_index = 15800, .adv_w = 265, .box_w = 15, .box_h = 23, .ofs_x = 1, .ofs_y = 0},
    {.bitmap_index = 15973, .adv_w = 265, .box_w = 15, .box_h = 23, .ofs_x = 1, .ofs_y = 0},
    {.bitmap_index = 16146, .adv_w = 265, .box_w = 15, .box_h = 23, .ofs_x = 1, .ofs_y = 0},
    {.bitmap_index = 16319, .adv_w = 255, .box_w = 16, .box_h = 23, .ofs_x = 0, .ofs_y = 0},
    {.bitmap_index = 16503, .adv_w = 237, .box_w = 13, .box_h = 18, .ofs_x = 1, .ofs_y = 0},
    {.bitmap_index = 16620, .adv_w = 231, .box_w = 13, .box_h = 18, .ofs_x = 1, .ofs_y = 0},
    {.bitmap_index = 16737, .adv_w = 205, .box_w = 12, .box_h = 18, .ofs_x = 0, .ofs_y = 0},
    {.bitmap_index = 16845, .adv_w = 205, .box_w = 12, .box_h = 18, .ofs_x = 0, .ofs_y = 0},
    {.bitmap_index = 16953, .adv_w = 205, .box_w = 12, .box_h = 18, .ofs_x = 0, .ofs_y = 0},
    {.bitmap_index = 17061, .adv_w = 205, .box_w = 12, .box_h = 18, .ofs_x = 0, .ofs_y = 0},
    {.bitmap_index = 17169, .adv_w = 205, .box_w = 12, .box_h = 18, .ofs_x = 0, .ofs_y = 0},
    {.bitmap_index = 17277, .adv_w = 205, .box_w = 12, .box_h = 20, .ofs_x = 0, .ofs_y = 0},
    {.bitmap_index = 17397, .adv_w = 330, .box_w = 20, .box_h = 13, .ofs_x = 0, .ofs_y = 0},
    {.bitmap_index = 17527, .adv_w = 207, .box_w = 13, .box_h = 18, .ofs_x = 0, .ofs_y = -5},
    {.bitmap_index = 17644, .adv_w = 211, .box_w = 13, .box_h = 18, .ofs_x = 0, .ofs_y = 0},
    {.bitmap_index = 17761, .adv_w = 211, .box_w = 13, .box_h = 18, .ofs_x = 0, .ofs_y = 0},
    {.bitmap_index = 17878, .adv_w = 211, .box_w = 13, .box_h = 18, .ofs_x = 0, .ofs_y = 0},
    {.bitmap_index = 17995, .adv_w = 211, .box_w = 13, .box_h = 18, .ofs_x = 0, .ofs_y = 0},
    {.bitmap_index = 18112, .adv_w = 91, .box_w = 6, .box_h = 18, .ofs_x = -1, .ofs_y = 0},
    {.bitmap_index = 18166, .adv_w = 91, .box_w = 6, .box_h = 18, .ofs_x = 1, .ofs_y = 0},
    {.bitmap_index = 18220, .adv_w = 91, .box_w = 9, .box_h = 18, .ofs_x = -2, .ofs_y = 0},
    {.bitmap_index = 18301, .adv_w = 91, .box_w = 9, .box_h = 18, .ofs_x = -2, .ofs_y = 0},
    {.bitmap_index = 18382, .adv_w = 213, .box_w = 13, .box_h = 19, .ofs_x = 0, .ofs_y = 0},
    {.bitmap_index = 18506, .adv_w = 218, .box_w = 12, .box_h = 18, .ofs_x = 1, .ofs_y = 0},
    {.bitmap_index = 18614, .adv_w = 217, .box_w = 13, .box_h = 18, .ofs_x = 0, .ofs_y = 0},
    {.bitmap_index = 18731, .adv_w = 217, .box_w = 13, .box_h = 18, .ofs_x = 0, .ofs_y = 0},
    {.bitmap_index = 18848, .adv_w = 217, .box_w = 13, .box_h = 18, .ofs_x = 0, .ofs_y = 0},
    {.bitmap_index = 18965, .adv_w = 217, .box_w = 13, .box_h = 18, .ofs_x = 0, .ofs_y = 0},
    {.bitmap_index = 19082, .adv_w = 217, .box_w = 13, .box_h = 18, .ofs_x = 0, .ofs_y = 0},
    {.bitmap_index = 19199, .adv_w = 243, .box_w = 12, .box_h = 13, .ofs_x = 2, .ofs_y = 0},
    {.bitmap_index = 19277, .adv_w = 217, .box_w = 13, .box_h = 15, .ofs_x = 0, .ofs_y = -1},
    {.bitmap_index = 19375, .adv_w = 218, .box_w = 12, .box_h = 18, .ofs_x = 1, .ofs_y = 0},
    {.bitmap_index = 19483, .adv_w = 218, .box_w = 12, .box_h = 18, .ofs_x = 1, .ofs_y = 0},
    {.bitmap_index = 19591, .adv_w = 218, .box_w = 12, .box_h = 18, .ofs_x = 1, .ofs_y = 0},
    {.bitmap_index = 19699, .adv_w = 218, .box_w = 12, .box_h = 18, .ofs_x = 1, .ofs_y = 0},
    {.bitmap_index = 19807, .adv_w = 208, .box_w = 13, .box_h = 23, .ofs_x = 0, .ofs_y = -5},
    {.bitmap_index = 19957, .adv_w = 223, .box_w = 13, .box_h = 23, .ofs_x = 1, .ofs_y = -5},
    {.bitmap_index = 20107, .adv_w = 208, .box_w = 13, .box_h = 23, .ofs_x = 0, .ofs_y = -5},
    {.bitmap_index = 20257, .adv_w = 151, .box_w = 8, .box_h = 3, .ofs_x = 1, .ofs_y = 6},
    {.bitmap_index = 20269, .adv_w = 151, .box_w = 8, .box_h = 3, .ofs_x = 1, .ofs_y = 6},
    {.bitmap_index = 20281, .adv_w = 238, .box_w = 14, .box_h = 3, .ofs_x = 0, .ofs_y = 7},
    {.bitmap_index = 20302, .adv_w = 184, .box_w = 12, .box_h = 3, .ofs_x = 0, .ofs_y = 6},
    {.bitmap_index = 20320, .adv_w = 368, .box_w = 23, .box_h = 3, .ofs_x = 0, .ofs_y = 6},
    {.bitmap_index = 20355, .adv_w = 368, .box_w = 23, .box_h = 3, .ofs_x = 0, .ofs_y = 6},
    {.bitmap_index = 20390, .adv_w = 192, .box_w = 8, .box_h = 29, .ofs_x = 2, .ofs_y = -6},
    {.bitmap_index = 20506, .adv_w = 167, .box_w = 12, .box_h = 5, .ofs_x = -1, .ofs_y = -5},
    {.bitmap_index = 20536, .adv_w = 94, .box_w = 5, .box_h = 7, .ofs_x = 1, .ofs_y = 11},
    {.bitmap_index = 20554, .adv_w = 94, .box_w = 5, .box_h = 7, .ofs_x = 1, .ofs_y = 11},
    {.bitmap_index = 20572, .adv_w = 87, .box_w = 5, .box_h = 7, .ofs_x = 0, .ofs_y = -4},
    {.bitmap_index = 20590, .adv_w = 94, .box_w = 5, .box_h = 7, .ofs_x = 0, .ofs_y = 11},
    {.bitmap_index = 20608, .adv_w = 167, .box_w = 9, .box_h = 7, .ofs_x = 1, .ofs_y = 11},
    {.bitmap_index = 20640, .adv_w = 165, .box_w = 9, .box_h = 7, .ofs_x = 1, .ofs_y = 11},
    {.bitmap_index = 20672, .adv_w = 158, .box_w = 10, .box_h = 7, .ofs_x = 0, .ofs_y = -4},
    {.bitmap_index = 20707, .adv_w = 165, .box_w = 9, .box_h = 7, .ofs_x = 0, .ofs_y = 11},
    {.bitmap_index = 20739, .adv_w = 200, .box_w = 10, .box_h = 13, .ofs_x = 1, .ofs_y = 5},
    {.bitmap_index = 20804, .adv_w = 200, .box_w = 10, .box_h = 18, .ofs_x = 1, .ofs_y = 0},
    {.bitmap_index = 20894, .adv_w = 176, .box_w = 9, .box_h = 8, .ofs_x = 1, .ofs_y = 3},
    {.bitmap_index = 20930, .adv_w = 176, .box_w = 7, .box_h = 8, .ofs_x = 3, .ofs_y = 3},
    {.bitmap_index = 20958, .adv_w = 102, .box_w = 4, .box_h = 4, .ofs_x = 1, .ofs_y = 0},
    {.bitmap_index = 20966, .adv_w = 204, .box_w = 11, .box_h = 4, .ofs_x = 1, .ofs_y = 0},
    {.bitmap_index = 20988, .adv_w = 306, .box_w = 17, .box_h = 4, .ofs_x = 1, .ofs_y = 0},
    {.bitmap_index = 21022, .adv_w = 346, .box_w = 17, .box_h = 17, .ofs_x = 2, .ofs_y = -1},
    {.bitmap_index = 21167, .adv_w = 320, .box_w = 16, .box_h = 18, .ofs_x = 2, .ofs_y = 0},
    {.bitmap_index = 21311, .adv_w = 346, .box_w = 18, .box_h = 17, .ofs_x = 2, .ofs_y = -1},
    {.bitmap_index = 21464, .adv_w = 320, .box_w = 16, .box_h = 18, .ofs_x = 2, .ofs_y = -1}
};

/*---------------------
 *  CHARACTER MAPPING
 *--------------------*/



/*Collect the unicode lists and glyph_id offsets*/
static const lv_font_fmt_txt_cmap_t cmaps[] =
{
    {
        .range_start = 32, .range_length = 95, .glyph_id_start = 1,
        .unicode_list = NULL, .glyph_id_ofs_list = NULL, .list_length = 0, .type = LV_FONT_FMT_TXT_CMAP_FORMAT0_TINY
    },
    {
        .range_start = 160, .range_length = 13, .glyph_id_start = 96,
        .unicode_list = NULL, .glyph_id_ofs_list = NULL, .list_length = 0, .type = LV_FONT_FMT_TXT_CMAP_FORMAT0_TINY
    },
    {
        .range_start = 174, .range_length = 82, .glyph_id_start = 109,
        .unicode_list = NULL, .glyph_id_ofs_list = NULL, .list_length = 0, .type = LV_FONT_FMT_TXT_CMAP_FORMAT0_TINY
    },
    {
        .range_start = 8208, .range_length = 23, .glyph_id_start = 191,
        .unicode_list = NULL, .glyph_id_ofs_list = NULL, .list_length = 0, .type = LV_FONT_FMT_TXT_CMAP_FORMAT0_TINY
    },
    {
        .range_start = 8592, .range_length = 4, .glyph_id_start = 214,
        .unicode_list = NULL, .glyph_id_ofs_list = NULL, .list_length = 0, .type = LV_FONT_FMT_TXT_CMAP_FORMAT0_TINY
    }
};

/*-----------------
 *    KERNING
 *----------------*/


/*Map glyph_ids to kern left classes*/
static const uint8_t kern_left_class_mapping[] =
{
    0, 0, 0, 1, 0, 2, 0, 3,
    1, 4, 0, 5, 6, 7, 6, 7,
    8, 9, 10, 0, 11, 12, 13, 0,
    14, 11, 9, 15, 15, 0, 16, 17,
    18, 19, 20, 21, 22, 23, 24, 25,
    26, 27, 27, 28, 29, 30, 27, 27,
    23, 31, 23, 32, 33, 34, 28, 35,
    36, 37, 38, 39, 4, 40, 0, 5,
    41, 0, 42, 43, 43, 27, 43, 44,
    45, 42, 46, 46, 47, 27, 42, 42,
    43, 43, 45, 48, 49, 50, 51, 52,
    53, 54, 52, 55, 4, 10, 0, 56,
    0, 57, 58, 0, 0, 59, 0, 0,
    0, 19, 60, 61, 62, 63, 0, 5,
    16, 0, 0, 0, 64, 10, 65, 0,
    0, 60, 66, 0, 0, 0, 67, 20,
    20, 20, 20, 20, 20, 24, 22, 24,
    24, 24, 24, 27, 27, 68, 68, 23,
    27, 23, 23, 23, 23, 23, 69, 23,
    28, 28, 28, 28, 38, 70, 71, 42,
    42, 42, 42, 42, 42, 72, 43, 43,
    43, 43, 43, 46, 46, 73, 74, 43,
    75, 43, 43, 43, 76, 76, 6, 43,
    51, 51, 51, 51, 52, 43, 52, 0,
    0, 0, 0, 0, 0, 0, 0, 77,
    78, 79, 0, 77, 78, 79, 0, 80,
    80, 81, 81, 0, 0, 7, 6, 0,
    0, 0
};

/*Map glyph_ids to kern right classes*/
static const uint8_t kern_right_class_mapping[] =
{
    0, 0, 0, 1, 0, 2, 0, 3,
    1, 0, 4, 5, 6, 7, 8, 9,
    10, 11, 12, 0, 13, 14, 0, 11,
    15, 13, 0, 16, 16, 17, 18, 0,
    19, 20, 21, 22, 23, 22, 22, 22,
    23, 22, 22, 24, 22, 22, 22, 22,
    23, 22, 23, 22, 25, 26, 27, 28,
    29, 30, 31, 32, 0, 33, 4, 34,
    35, 0, 36, 22, 37, 37, 37, 38,
    37, 22, 39, 40, 22, 22, 41, 41,
    37, 41, 37, 41, 42, 43, 44, 45,
    46, 47, 45, 48, 0, 49, 4, 50,
    0, 0, 51, 0, 0, 52, 0, 0,
    0, 53, 54, 55, 56, 57, 0, 58,
    18, 0, 0, 0, 59, 60, 61, 0,
    0, 54, 62, 0, 0, 0, 63, 21,
    21, 21, 21, 21, 21, 21, 23, 22,
    22, 22, 22, 22, 22, 64, 64, 65,
    22, 23, 23, 23, 23, 23, 66, 23,
    27, 27, 27, 27, 31, 22, 22, 36,
    36, 36, 67, 68, 36, 36, 37, 37,
    37, 37, 69, 70, 71, 70, 72, 37,
    41, 37, 37, 37, 73, 69, 6, 37,
    44, 44, 44, 74, 45, 22, 75, 0,
    0, 0, 0, 0, 0, 0, 0, 76,
    77, 78, 79, 76, 77, 78, 79, 80,
    80, 81, 81, 0, 0, 82, 0, 0,
    6, 0
};

/*Kern values between classes*/
static const int8_t kern_class_values[] =
{
    0, 0, 0, 0, 0, 0, 0, 0,
    0, 0, 0, 0, 0, 0, 0, 0,
    0, 0, 0, 0, -29, 0, 0, -61,
    0, 0, 0, 0, 0, 0, 0, 0,
    0, 0, 0, 0, -10, 0, 0, 0,
    0, -6, 0, 0, 0, 0, 0, 0,
    0, 0, 0, 0, 0, 0, 0, 0,
    0, 0, 0, 0, 0, 0, 0, 0,
    0, 0, 0, 0, -10, 0, 0, 0,
    -10, 0, 0, 0, 0, 0, 0, 0,
    0, 0, 0, 0, 0, 0, 0, 0,
    0, 0, 0, 0, 0, 0, 0, 0,
    0, 0, 0, 0, 0, 0, -4, 0,
    0, 0, 0, -4, 0, 0, 0, -6,
    0, 0, 0, 0, 0, 0, 0, 0,
    0, 0, 0, 0, 0, 0, 0, 0,
    0, 0, 0, 0, 0, 0, 0, 0,
    0, 0, 0, 0, 0, 0, 0, 0,
    0, 0, 0, 0, 0, 0, 0, 0,
    0, 17, 0, 0, 0, 0, 0, 0,
    0, 0, 0, 0, 0, 0, 0, 0,
    0, 0, 0, 0, 0, 0, 0, 0,
    0, 0, 0, 0, 0, 0, 0, 0,
    0, 0, 0, 0, 0, -21, 0, -23,
    -15, 0, -27, 0, 0, 0, 0, 0,
    0, 0, 0, 0, 0, 0, 0, 0,
    -12, -12, 0, 0, 0, 0, 0, 0,
    0, -15, 0, 0, 0, 0, 0, 0,
    0, 0, 0, 0, 0, 0, 0, 0,
    0, 0, 0, 0, 0, 0, -12, 0,
    0, 0, 0, 0, 0, 0, 0, 0,
    0, 0, 0, 0, 0, 0, 0, 0,
    0, 0, 0, 0, 0, 0, 0, 0,
    0, 0, 0, 2, 0, 0, 0, 0,
    0, 0, 0, 0, 0, 0, 0, 0,
    0, 0, -3, 0, 0, 7, 2, 0,
    0, 0, 0, 0, 0, 0, 0, 0,
    0, 0, 0, 0, 0, 0, 0, 0,
    0, 0, 0, 0, 0, 0, 0, 0,
    0, 0, -3, 0, 0, 0, -3, 0,
    0, 0, 0, 0, 0, 0, 0, 0,
    0, 0, 0, 0, 0, 0, 0, 0,
    0, 0, 0, 0, 0, 0, 0, 0,
    0, 0, 0, 0, -33, 0, -3, -35,
    0, 0, 0, 0, 0, 0, 0, 0,
    0, 0, 0, 0, 0, 0, 0, 0,
    0, 0, 0, 0, 0, 0, 0, 0,
    0, 0, 0, 0, 0, 0, 0, 0,
    0, 0, 0, 0, 0, 0, 0, 0,
    4, 0, 0, 0, 0, 0, 0, 0,
    0, 0, 0, 0, 0, 0, 0, 0,
    0, 0, 0, 0, 0, 0, 0, 0,
    0, 0, 0, 0, 0, 0, 0, 0,
    0, 0, 0, 0, 0, 0, -12, 0,
    0, -17, 0, -28, 0, -17, -14, -16,
    -25, 0, 0, 0, 0, 0, 0, 0,
    0, 0, 0, 0, 0, 0, -3, 0,
    -8, 0, 0, 0, 0, 0, 0, 0,
    0, 0, 0, 0, 0, 0, 0, 0,
    0, 0, 0, 0, 0, 0, 0, 0,
    0, 0, 0, 0, -3, 0, 0, 0,
    0, 0, 0, 0, 0, 0, 0, 0,
    0, 0, 0, 0, 0, 0, 0, 0,
    0, 0, 0, 0, 0, 0, 0, 0,
    0, 0, -16, 0, 0, -12, 0, 0,
    0, 0, -20, 0, 0, 0, 0, 0,
    0, 0, 0, 0, 0, 0, 0, 0,
    0, 0, 0, 0, 0, 0, 0, 0,
    0, 0, 0, 0, 0, 0, 0, 0,
    0, 0, 0, 0, 0, 0, 0, 0,
    0, 0, 0, 0, 0, 0, 0, 0,
    0, 0, 0, 0, 0, 0, 0, 0,
    0, 0, 0, 0, 0, 0, 0, 0,
    0, 0, 0, 0, 0, 0, 0, 0,
    0, 0, -14, 0, 0, -23, 0, 0,
    0, 2, 2, 0, 0, 0, 0, 0,
    0, 0, 0, 0, 0, 0, 0, 0,
    0, 0, 0, 0, 0, 0, 0, 0,
    0, 0, 0, 0, 0, 0, 0, 0,
    0, 0, 0, 0, 0, 0, 0, 0,
    0, 0, 0, 0, 0, 0, 0, 0,
    0, 0, 0, 0, 0, 0, 0, 0,
    0, 0, 0, 0, 0, 0, 0, 0,
    0, 0, 0, 0, 0, 0, 0, 0,
    0, 0, 0, 0, -5, 0, 0, 0,
    0, 0, 0, -10, 0, -14, -12, 0,
    0, 0, 0, 0, 0, 0, 0, 0,
    0, 0, 7, 0, 0, 0, 0, 0,
    0, 0, 0, 0, 0, 0, 0, 0,
    0, 0, 0, 0, 0, 0, 0, 0,
    0, 0, 0, 0, 0, 0, 0, 0,
    0, 0, 0, 0, 0, 0, 0, 0,
    0, 0, 0, 0, 0, 0, 0, 0,
    0, 0, 0, 0, 0, 0, 0, 0,
    0, 0, 0, 0, 0, 0, 0, 0,
    0, 0, 0, 0, 0, 0, 0, 0,
    0, 0, 0, 0, 0, 0, 0, 0,
    0, 0, 0, 0, 4, 0, 3, 0,
    0, 0, 0, 0, 0, 0, 0, 0,
    0, 0, 0, 0, 0, 0, 0, 0,
    0, 0, 13, 0, 0, 0, 0, 0,
    0, 26, 0, 0, 3, 0, 0, 0,
    0, 0, 0, 0, 0, 0, 0, 0,
    0, 0, 0, 0, 0, 0, 0, 0,
    0, 0, 0, 0, 0, 0, 0, 0,
    0, 0, 0, 0, 0, 0, 0, 0,
    0, -8, 0, 0, 0, 0, 0, 0,
    0, 0, 0, 0, 0, 0, 0, 0,
    0, 0, 0, 0, 0, 0, 0, 0,
    0, 0, 0, 0, 0, 0, 0, 0,
    0, 0, 0, 0, 0, 0, 0, 0,
    0, 0, 0, 0, 0, 0, 0, 0,
    0, 0, 0, 0, 0, 0, 0, 0,
    0, 0, 0, 0, 0, 0, 0, 0,
    0, 0, 0, 0, 0, 0, 0, 0,
    0, 0, -1, 0, 0, 0, 0, 0,
    0, 0, 0, 0, 0, 0, 0, 0,
    0, 0, 0, 0, 0, 0, 0, 0,
    -5, 0, 0, 0, 0, 0, 0, 0,
    0, 0, 0, 0, 0, 0, 0, 0,
    0, 0, 0, 0, 0, 0, 0, 0,
    0, 0, 0, 0, 0, 0, 0, 0,
    0, 0, 0, 0, 0, 0, 0, 0,
    0, 0, 0, 0, 0, 0, 0, 0,
    0, 0, 0, 0, 0, 0, 0, 0,
    0, 0, 0, 0, 0, 0, 0, 0,
    0, 0, 0, 0, 0, 0, 0, 0,
    0, 0, 0, 0, 0, 0, 0, 0,
    0, 0, -3, 0, 0, 0, 0, 0,
    0, 0, 0, 0, 0, 0, 0, 0,
    0, 0, 0, 0, 0, 0, 0, 0,
    0, 0, 0, 0, 0, 0, 0, 0,
    0, 0, 0, 0, 0, 0, 0, 0,
    0, 0, 0, 0, 0, 0, 0, 0,
    0, 0, 0, 0, 0, 0, 0, 0,
    0, 0, 0, 0, 0, 0, -40, 0,
    0, -35, 0, 0, 0, 0, 0, 0,
    0, 0, 0, 0, 0, -17, -19, 0,
    0, 0, -19, -19, 0, 0, 0, 0,
    0, 0, 0, 0, 0, 0, 0, 0,
    0, 0, 0, 0, 0, 0, 0, 0,
    0, 0, 0, 0, -17, -17, -19, 0,
    0, 33, -19, 0, 0, 0, 0, 0,
    0, 0, 0, 0, 0, 0, 0, 0,
    0, 0, 0, 0, 0, 0, 0, 0,
    0, 0, 0, 0, 0, 0, 0, 0,
    0, 0, 0, 0, 0, -12, 0, -23,
    0, 0, 0, 0, 0, 0, 0, 0,
    0, 0, 0, 0, 0, 0, 0, 0,
    0, 0, 0, 0, 0, 0, 0, 0,
    0, 0, 0, 0, 0, 0, 0, 0,
    0, 0, 0, 0, 0, 0, 0, 0,
    0, 0, 0, 0, 0, 0, 0, 0,
    0, 0, 0, 0, 0, 0, 0, 0,
    0, 0, 0, 0, 0, 0, 0, 0,
    0, 0, 0, 0, 0, 0, 0, 0,
    0, 0, -19, 0, 0, 0, 0, -17,
    0, -25, -23, -19, -35, 0, 0, 0,
    0, 0, 0, 0, 0, 0, 0, 0,
    0, 0, -15, 0, -12, 0, 0, 0,
    0, 0, 0, 0, 0, 0, 0, 0,
    0, 0, 0, 0, 0, 0, 0, 0,
    0, 0, 0, 0, 0, 0, 0, 0,
    -15, 0, 0, 0, 0, 0, 0, 0,
    0, 0, 0, 0, 0, 0, 0, 0,
    0, 0, 0, 0, 0, 0, 0, 0,
    0, 0, 0, 0, -9, 0, 0, 0,
    0, -29, 0, -27, -27, -21, -33, -23,
    0, 0, 0, 0, 0, 0, 0, 0,
    0, 0, 0, 0, 0, 0, 0, 0,
    0, 0, 0, 0, 0, 0, 0, 0,
    0, 0, 0, 0, 0, 0, 0, 0,
    0, 0, 0, 0, 0, 0, 0, 0,
    0, 0, 0, 0, 0, 0, 0, 0,
    0, 0, 0, 0, 0, 0, 0, 0,
    0, 0, 0, 0, 0, 0, 0, 0,
    0, 0, 0, 0, 0, 0, -23, 0,
    0, 0, 0, 0, 0, 0, 0, 0,
    0, 0, 0, 0, 0, 0, 0, 0,
    0, 0, 0, 0, 0, 0, 0, 0,
    0, 0, 0, 0, 0, 0, 0, 0,
    0, 0, 0, 0, 0, 0, 0, 0,
    0, 0, 0, 0, 0, 0, 0, 0,
    0, 0, 0, 0, 0, 0, 0, 0,
    0, 0, 0, 0, 0, 0, 0, 0,
    0, 0, 0, 0, 0, 0, 0, 0,
    0, 0, 0, 0, 0, 0, 0, 0,
    -14, 0, 0, 0, 0, -13, 0, -15,
    -8, -20, -17, 0, 0, 0, 0, 0,
    0, 0, 0, 0, 0, 0, 0, 0,
    0, 0, 0, 0, 0, 0, 0, 0,
    0, 0, 0, 0, 0, 0, 0, 0,
    0, 0, 0, 0, 0, 0, 0, 0,
    0, 0, 0, 0, 0, 0, 0, 0,
    0, 0, 0, 0, 0, 0, -29, -4,
    0, 0, -33, -12, 0, -12, 0, 6,
    -5, -25, 0, 0, 0, 0, -9, -19,
    -23, -14, 5, 0, -14, 0, -4, -34,
    -11, -33, -27, 0, -34, 0, -33, -33,
    0, 0, -7, -4, 1, 0, 0, -3,
    -11, 0, -25, -25, 0, 0, 0, -12,
    -7, 0, -14, -27, -12, -12, -26, -33,
    0, -20, -12, -12, 0, 0, 0, -12,
    0, 0, -7, 1, 1, 0, -7, 0,
    -25, -48, -38, 0, 0, -27, -12, 0,
    0, 0, 0, 0, 0, 0, 0, 0,
    0, 0, 0, 0, 0, 0, 0, 0,
    0, 0, 0, 0, 0, 0, 0, 0,
    0, -16, 0, 0, 0, 0, 0, 0,
    0, 0, 0, 0, 0, 0, 0, 0,
    0, 0, 0, 0, 0, 0, 0, 0,
    0, 0, 0, 0, 0, 0, 0, 0,
    0, 0, 0, 0, 0, 0, 0, 0,
    0, 0, 0, 0, 0, 0, 0, 12,
    0, 0, 0, -16, 0, 0, 0, 0,
    0, 0, 0, 0, 0, 0, 0, 0,
    0, 0, 0, 0, 0, 0, 0, 0,
    0, 0, 0, 0, 0, 0, -9, 0,
    0, 0, 0, 0, 0, 0, 0, -4,
    0, 0, 0, 0, -15, 0, 0, 0,
    0, 0, 0, 0, 0, 0, 1, 0,
    0, 0, 0, 0, 0, 0, 0, 0,
    0, 0, 0, 0, 0, 0, 0, 0,
    0, 0, 0, 0, 0, 0, 0, 0,
    0, 12, 0, 0, 1, 0, 0, 0,
    0, 0, 0, 0, 0, 0, 0, 0,
    0, 0, -16, 0, -16, -15, 0, 0,
    0, 0, 0, 0, 0, 0, 0, 0,
    -14, 0, 0, 0, 0, -13, 0, -15,
    -8, -20, -17, 0, -15, 0, -15, 0,
    0, 0, 0, 0, 0, 0, 0, 0,
    0, 0, 0, 0, 0, 0, 0, 0,
    0, 0, 0, 0, -2, 0, 0, 0,
    0, 0, 0, 0, 0, 0, 0, 0,
    0, 0, 0, 0, 0, 0, 0, -12,
    0, -15, 0, 0, 0, -16, 0, 0,
    0, 0, 0, 0, 0, 0, 0, 0,
    0, 0, 0, 0, 0, 0, 0, 0,
    0, 0, 0, 0, 0, 0, 0, 0,
    0, 0, 0, 0, 0, 0, 0, 0,
    0, 0, 0, 0, 0, 0, 0, 0,
    0, 0, 0, 0, 0, 0, 0, 0,
    0, 0, 0, 0, 0, 0, 0, 0,
    0, 0, 0, 0, 0, 0, 0, 0,
    0, 0, 0, 0, 0, 27, 0, 0,
    0, 0, 0, 0, 0, 0, 0, 0,
    0, 0, 0, 0, 0, 0, -15, 0,
    -12, -4, 0, 0, 0, 0, 0, 0,
    0, 0, 0, -1, -33, 0, -1, -25,
    0, 0, 0, 0, 0, 0, 0, 0,
    0, 0, -12, -6, -7, 0, 0, 0,
    -6, 0, 0, -12, -12, 0, 0, -12,
    0, 0, -7, 0, -1, 0, 0, 0,
    0, 0, -12, 0, 0, 0, 0, 0,
    0, 0, -6, -6, -7, 0, 0, 0,
    -7, -12, -12, 0, 0, -44, 0, 0,
    0, -31, 0, 0, 0, 0, 0, 0,
    0, 0, 0, 0, 0, 0, 0, 0,
    0, 0, 0, 0, 0, 0, -10, 0,
    0, 0, 0, -11, 0, -8, 0, -4,
    -10, 0, -8, 0, 0, 0, 0, 0,
    0, 0, 0, 0, 0, 0, 0, 0,
    0, 0, 0, 0, 0, 0, 0, 0,
    0, 0, 0, 0, 0, 0, 0, 0,
    0, 0, 0, 0, 0, 0, 0, 0,
    0, 12, 0, 0, 0, 0, 0, 0,
    0, 0, 0, 0, 0, 0, 0, 2,
    0, 0, 0, 0, 0, 0, 0, 0,
    0, 0, 0, 0, 0, 0, 0, 0,
    0, 0, 0, 0, 0, 0, 0, 0,
    0, 0, 0, 0, 0, 0, 2, 0,
    0, 0, 0, 0, 0, 0, 4, 0,
    3, 0, 0, 0, 0, 0, 0, 0,
    0, 0, 0, 0, 0, 0, 0, 0,
    0, 0, 0, 0, 13, 0, 0, 0,
    0, 0, 0, 26, 0, 0, 3, 0,
    0, 0, 0, 0, 0, 0, 0, 0,
    0, 0, 0, 0, -12, 0, -12, -21,
    0, 0, 0, 0, 0, 0, 0, 0,
    0, 0, -11, 0, 0, 0, 0, 0,
    0, 0, 0, 0, 0, 0, 0, 0,
    -19, 0, 0, 0, 0, 0, 0, 0,
    0, 0, 0, 0, 0, 0, 0, 0,
    0, 0, 0, 0, 0, 0, 0, 0,
    0, 0, 0, 0, 0, 0, 0, 0,
    0, 0, 0, 0, 0, 0, 0, 0,
    0, 0, 0, -29, 0, 0, 0, -12,
    0, -7, 0, 0, 0, -32, 0, -32,
    0, 0, 0, 0, 0, 0, 0, 0,
    -25, -12, 0, -16, 0, 0, -16, 0,
    -7, 0, 0, 0, 0, 0, 0, 0,
    0, 0, 0, 0, -15, 0, 2, 0,
    0, 0, 0, -12, -15, -23, 0, 0,
    0, -32, -15, 0, -16, 0, -19, -19,
    -5, 0, -12, 0, -17, 0, 0, 0,
    0, -12, 0, 0, -15, 2, 2, 31,
    -15, -12, -15, 0, 0, 0, 0, 0,
    -12, 0, -33, 0, 0, 0, -15, -27,
    0, -19, 0, 0, 0, -17, 0, 0,
    0, 0, 0, 0, -9, -10, 0, 0,
    -10, 0, 0, -34, 0, -27, -9, 0,
    -38, 0, -27, -48, 0, 0, 0, 0,
    0, 0, 0, 0, -8, 0, -25, 0,
    0, 0, 0, -15, 0, 0, -10, -35,
    -23, -48, -30, -17, 0, -31, -23, 0,
    0, 0, 0, -12, 0, 0, 0, 0,
    0, 0, 0, 0, -25, -31, -25, 0,
    -17, -35, -12, 0, 0, 0, -12, 0,
    0, -11, -15, -11, -12, 0, 0, 0,
    0, 0, 0, 0, 0, 0, 0, 0,
    -29, 0, 0, -35, 0, -1, 0, 0,
    0, 0, 0, 0, 0, 0, 0, -6,
    -6, 0, 0, 0, -1, 0, 0, 0,
    0, 0, 0, 0, 0, -11, -6, 0,
    0, 0, 0, -11, 0, 0, 0, 0,
    -11, 0, 0, 0, 0, 0, -6, -6,
    -6, 0, 0, 0, -6, 0, 0, 0,
    0, -52, 0, 0, 0, -35, 0, 0,
    0, 0, 0, 0, 0, 0, 0, 0,
    0, 0, 0, 0, 0, 0, 0, 0,
    0, 0, 0, 0, 0, 0, 0, -4,
    0, -7, 0, 0, -10, 0, -7, 0,
    0, -3, -7, 0, 0, 0, 0, 0,
    0, 0, 0, 0, 0, 0, 0, 0,
    -7, 0, 0, 0, 0, 0, 0, 0,
    0, 0, 0, 0, 0, 0, 0, 0,
    -3, -3, -7, 0, 0, 17, -7, 0,
    0, 0, 0, 0, 0, 0, 0, 0,
    0, 0, 0, 0, 0, 0, 0, 0,
    0, 0, 0, 0, 0, 0, -1, 0,
    0, 0, 0, 0, -4, 0, 0, 0,
    0, -4, 0, 0, 0, -6, 0, 0,
    0, 0, 0, 0, 0, 0, 0, 0,
    0, 0, 0, 0, 0, 0, 0, 0,
    0, 0, 0, 0, 0, 0, 0, 0,
    0, 0, 0, 0, 0, 0, 0, 0,
    0, 0, 0, 0, 0, 0, 0, 17,
    0, 0, 0, 0, 0, 0, 0, 0,
    0, 0, 0, -2, -12, 0, 0, -25,
    -12, -25, -12, -19, -12, 0, 0, -25,
    -29, -12, -29, -12, 0, -13, -34, 0,
    -13, -33, -2, 0, 0, 0, 0, 0,
    2, 0, 0, 0, -21, -33, -37, -2,
    0, 0, -25, -32, -27, -32, -29, -28,
    -20, -23, 0, -25, -37, 0, -13, 0,
    -48, -25, 0, 0, -38, 0, -29, -19,
    0, 0, 0, -12, -15, -15, -19, 0,
    0, 33, -19, -28, -12, 0, 0, -44,
    0, 0, -12, -31, 0, 0, -19, 0,
    0, -20, -35, -20, -35, -21, -10, 0,
    0, -12, 0, -23, -27, -23, 0, -12,
    -33, 0, -15, -35, 0, 0, 0, 6,
    0, 0, 0, 0, 6, 0, -29, -23,
    -24, 0, 0, 0, -8, -17, 0, 0,
    0, 0, 0, 0, 0, -20, -24, 0,
    -15, 0, -21, -23, 0, 0, 0, 0,
    -15, 0, -8, 0, 0, -15, -23, -15,
    -24, 0, 0, 31, -17, 0, 0, 0,
    0, -42, 0, 0, -15, -35, 0, -1,
    -19, 0, 0, -17, -35, -17, -35, -8,
    0, 0, 0, -12, 0, -19, -27, -23,
    0, -8, -27, 0, -8, -23, -1, 0,
    0, 1, 7, 0, 0, 0, 1, 0,
    0, -20, -19, 0, 0, 0, -11, -12,
    0, 0, 0, 0, 0, 0, 0, -17,
    -19, 0, -8, 0, -21, -17, 0, 0,
    0, 0, -12, 0, -8, 0, 0, 0,
    -20, -20, -19, 0, 0, 0, -19, 0,
    0, 0, 0, -40, 0, 0, 0, -35,
    0, -6, 0, 0, 0, -16, 0, -16,
    0, 0, -14, 0, -8, -15, 0, 0,
    -21, -19, 0, -20, 0, 0, -20, 0,
    -6, -7, 0, 0, 0, 0, 0, 0,
    0, 0, 0, -21, -10, 0, 0, 0,
    0, 0, 0, 0, 0, 0, 0, 0,
    0, -12, -10, 0, -20, 0, -15, -19,
    -3, 0, 0, 0, -17, 0, 0, 0,
    0, -17, -21, -21, -10, 0, 0, 0,
    -10, 0, 0, 0, 0, 0, 0, 0,
    -17, 0, 0, 0, -23, 0, 0, -25,
    -20, -25, -20, 0, 0, 0, 0, -25,
    0, -23, -38, -35, 0, -17, -34, 0,
    -17, -12, 0, 2, 0, 0, 0, 0,
    0, 0, 0, 0, 0, -37, -39, 0,
    -9, 0, -21, -25, 0, -15, 0, 0,
    0, 0, 0, -25, -39, 0, -17, 0,
    -33, -19, -3, 0, -15, 0, -19, -23,
    0, 0, 0, -17, -25, -17, -39, -9,
    -12, 0, -39, -15, 0, 0, 0, -40,
    0, 0, -15, -35, 0, 0, 0, 0,
    0, -14, 0, -14, 0, 0, 0, 0,
    0, 0, 0, 0, -23, 0, 0, -12,
    0, 0, -12, 0, 0, 0, 0, 0,
    0, 0, 0, 0, 0, 0, 0, 0,
    0, 0, 0, 0, 0, 0, 0, 0,
    0, 0, 0, 0, 0, -14, 0, 0,
    -12, 0, -12, -14, 0, 0, 0, 0,
    -12, 0, 0, 0, 0, 0, 0, 0,
    0, 0, 0, 31, 0, 0, 0, 0,
    0, 0, 0, 0, 0, 0, 0, 0,
    0, 0, 0, 0, 0, 0, 0, 0,
    0, 0, 0, 0, 0, 0, 0, 0,
    0, 0, 5, 0, -14, 0, -4, -15,
    -11, -21, -21, 0, -34, 0, 0, 0,
    0, 0, -7, -4, 1, 0, 0, -3,
    -11, 0, -19, -25, 0, 0, 0, 0,
    0, 0, 0, -27, 0, 0, 0, 0,
    0, 0, 0, 0, 0, 0, 0, 0,
    0, 0, -7, 1, 1, 0, -7, 0,
    -19, 0, 0, 0, 0, 0, 0, 0,
    0, 0, 0, 0, 0, 0, 0, 0,
    0, 0, 0, 0, 0, 0, 0, 0,
    0, 0, 0, 0, 0, 6, -15, 0,
    0, -21, -15, -29, 0, 0, 0, 0,
    0, 0, 0, 0, 0, 0, 4, 35,
    8, 0, 0, 0, -29, 0, 0, 0,
    0, 0, 0, 0, 0, 0, 0, 0,
    0, 0, 0, 0, 0, 0, 0, 0,
    0, 0, 0, 0, 0, 4, 4, 0,
    0, 0, -29, 0, 0, 0, 0, 0,
    0, 0, -10, 0, 0, 0, 0, 0,
    0, 0, 0, 0, 0, -15, 0, 0,
    0, 0, 0, 0, 0, 0, 0, 0,
    0, 0, 0, -31, 0, -19, -19, 0,
    -33, 0, -19, 0, 0, 0, 0, 0,
    0, 0, 0, 0, 0, 0, -7, 0,
    0, 0, 0, 0, 0, 0, 0, 0,
    0, 0, -3, 0, 0, 0, 0, 0,
    0, 0, 0, 0, 0, 0, 0, 0,
    0, 0, 0, 0, -7, -17, -10, 0,
    0, 0, 0, 0, -11, 0, 0, -4,
    0, 0, 0, 0, 0, 0, 0, -12,
    0, 0, 0, 0, 0, 0, 0, 0,
    -10, 0, 0, 0, 0, -37, 0, -24,
    -19, -10, -40, 0, -24, 0, 0, 3,
    0, 0, 0, 0, 0, 0, 0, 0,
    -7, -6, -9, -7, 0, 0, 0, 0,
    0, -12, 0, 0, -3, 0, 0, 0,
    0, 0, 0, 0, 0, 0, 3, 3,
    0, 0, 0, 0, 0, 0, -7, -23,
    -8, 0, 0, -12, 0, 0, 0, 0,
    0, 0, 0, -9, -21, -9, -21, -7,
    0, 0, 0, -23, 0, 0, 0, 0,
    0, 0, -12, 0, 0, -23, 0, 0,
    0, 0, 0, 0, 2, 0, 0, 0,
    -5, -7, -6, -16, 1, 1, 0, -7,
    -14, 0, 1, 8, 0, 0, 0, -9,
    -6, 0, 0, 0, -15, -9, 0, 0,
    0, 0, -9, 0, 0, 0, 0, -7,
    -7, -7, -6, 1, 1, 37, -6, 0,
    1, 0, 0, -33, 0, 0, -7, -21,
    0, 0, 0, 0, 0, 0, 0, 0,
    0, 0, 0, 0, 0, 0, 0, 0,
    0, 0, 0, 0, 0, 0, 0, 0,
    0, -19, 0, 0, 0, 0, 0, 0,
    0, 0, 0, 0, 0, 0, 0, 2,
    0, 0, 0, 0, 0, 0, 0, 0,
    0, 0, 0, 0, 0, 0, 0, 0,
    0, 0, 0, 0, 0, 0, 0, 0,
    0, 0, 0, 0, 0, 0, 0, 0,
    0, 0, 0, 0, 0, 0, 0, 0,
    0, 0, 0, 0, 0, 4, 0, 0,
    0, 0, 0, 0, 0, 0, 0, 0,
    0, 0, 0, 0, 0, 0, 0, 0,
    0, 0, 0, 0, 0, 0, 0, 0,
    0, 0, 0, 0, 0, 0, 0, 0,
    0, 0, 0, 0, 1, 0, 0, 0,
    0, 0, 0, 0, 0, 4, 0, 0,
    0, 0, 0, 0, 0, 0, 0, 0,
    0, 0, 0, 0, 0, 0, 0, 0,
    0, 27, 0, 0, 0, 0, 0, 0,
    0, 0, 0, 0, 0, 0, 0, 0,
    0, -20, 0, -20, 0, 0, 0, 0,
    0, -17, 0, 0, -31, 0, 0, 0,
    0, 0, 0, 0, 0, -21, 0, 0,
    0, 0, 0, 0, 0, 0, 0, 0,
    -8, 0, 0, 0, 0, 0, 0, 0,
    2, 0, 0, 0, 0, -20, -8, 0,
    0, 0, -19, -25, 0, 0, 0, 0,
    -20, 0, 0, 0, 0, 0, 0, 0,
    -8, 0, 0, 0, -8, 0, 2, 0,
    0, 0, 0, 0, 0, 0, 0, 0,
    0, 0, 0, -12, -23, -12, -23, -12,
    0, 0, 0, 0, 0, 0, -13, 0,
    0, 0, -15, 2, 0, -21, 0, -21,
    0, 0, 0, 0, 0, -12, 0, 0,
    0, -4, -5, 7, 2, 3, 3, 0,
    7, 0, 5, 4, 4, 0, 2, -12,
    -5, 0, 0, 0, 0, -10, 0, 0,
    0, 0, -12, 0, 0, 0, 0, 0,
    -4, -4, -5, 2, 2, 4, -5, 0,
    5, -15, 6, -29, 0, 0, 0, -23,
    -6, 0, 0, 0, 0, 0, 0, 0,
    0, 0, 0, 0, 0, 0, 0, 0,
    0, 0, 0, 0, 0, 0, 0, 0,
    0, -27, 0, -17, -12, 0, -27, 0,
    -17, 0, 0, 0, 0, 0, 0, 0,
    0, 0, 2, 0, -2, 0, 0, 0,
    0, 0, 0, 0, 0, 0, 0, 0,
    -3, 0, 0, 0, 0, 0, 0, 0,
    0, 0, 0, 0, 0, 0, 0, 0,
    0, 0, -2, -19, 0, -2, 0, 0,
    0, 0, 0, 0, 0, 0, 0, -6,
    0, -6, 0, 0, 0, 0, 0, -3,
    0, 0, -10, 0, 0, 0, 0, 0,
    0, 0, 0, -12, 0, -2, -2, 0,
    -4, 0, -2, 0, 0, 3, -3, -11,
    0, 3, 0, -3, -9, 0, 9, 8,
    0, 0, 0, -6, -3, 0, 0, 0,
    0, -6, 0, 0, 0, 0, -6, 0,
    0, 0, 0, -3, 3, 3, -3, 0,
    0, 0, -3, 0, 9, -15, 6, 0,
    0, 0, -3, 0, 0, 0, 0, 0,
    0, -14, 0, -14, 0, -12, 0, 0,
    0, 0, 0, 0, -15, 0, 0, 0,
    0, 0, 0, 0, 0, -19, 0, 0,
    0, 0, -21, 0, 0, 0, -12, 0,
    0, 0, 0, 0, 0, 0, 0, 0,
    0, 0, 0, 0, 0, -14, 0, 0,
    0, 0, 0, -12, 0, 0, 0, 0,
    -14, 0, 0, 0, 2, 0, 0, 0,
    0, 0, 0, 0, 0, 0, 0, -15,
    5, 0, 0, 0, 0, 0, 0, 0,
    0, 0, 0, -10, -20, -10, -20, -21,
    0, 0, 0, 0, 0, 0, -12, -15,
    0, 0, -25, 2, 0, -23, 0, -12,
    0, 0, 0, 0, -12, 0, 0, 0,
    -29, -4, -7, 6, 0, 0, 0, -2,
    6, 0, 0, 0, 0, 0, 2, -10,
    -7, 0, 0, 0, -15, -10, 0, 0,
    0, 0, -10, 0, 0, 0, 0, 0,
    -4, -4, -7, 0, 0, 3, -7, 0,
    0, 0, 6, -29, 0, 0, 0, -27,
    0, 0, -12, 0, 0, 0, -27, 0,
    -27, 0, 0, 0, 0, 0, 0, 0,
    0, 0, 0, 0, -25, 0, 0, -21,
    0, -19, 0, 0, 0, 0, 0, -12,
    0, 0, 0, -2, -6, 0, 0, 0,
    0, 0, 0, 0, 0, 0, 0, 0,
    0, 0, -6, 0, 0, 0, -12, 0,
    0, 0, 0, 0, 0, 0, 0, 0,
    0, 0, -2, -2, -6, 0, 0, 0,
    -6, 0, 0, 0, 8, -29, 0, 0,
    0, -27, 0, 0, 0, 0, 0, -8,
    0, -8, 0, 0, 0, 0, 0, 0,
    0, 0, 0, -12, 0, 0, 0, 0,
    0, 0, 0, -15, 0, 0, 0, 0,
    0, 0, 0, 0, 0, -2, -9, 6,
    0, 0, 0, 0, 6, 0, 0, 0,
    0, 0, 0, -8, -9, 0, 0, 0,
    -12, -8, 0, 0, 0, 0, -8, 0,
    0, 0, 0, 0, -2, -2, -9, 0,
    0, 0, -9, 0, 0, 0, 0, 0,
    0, 0, 0, 0, 0, 0, 0, 0,
    0, 0, 0, 0, 0, 0, 0, 0,
    0, 0, 0, 0, 0, 0, 0, 0,
    0, 0, 0, 0, 0, -12, 0, 0,
    0, 0, 0, 0, 0, 0, 0, 0,
    -7, 0, 0, 0, 0, 0, 0, 0,
    0, 0, 0, 0, 0, 0, -7, 0,
    0, 0, 0, 0, 0, 0, 0, 0,
    0, 0, 0, 0, 0, 0, 0, 0,
    -7, 0, 0, 0, -7, 0, 0, 0,
    0, 0, 0, 0, 0, 0, 0, 0,
    0, 0, 0, 0, 0, 0, 0, 0,
    0, 0, 0, 0, 0, 0, 0, 0,
    0, 0, -12, 0, 0, -17, 0, -28,
    0, -17, -14, -14, -25, 0, 0, 0,
    0, 0, 0, 0, 0, 0, 0, 0,
    0, 0, -3, 0, -8, 0, 0, 0,
    0, 0, 0, 0, 0, 0, 0, 0,
    0, 0, 0, 0, 0, 0, 0, 0,
    0, 0, 0, 0, 0, 0, 0, 0,
    -3, 0, 0, 0, 0, 0, 0, 0,
    0, 0, 0, 0, 0, 0, 0, 0,
    0, 0, 0, 0, 0, 0, 0, 0,
    0, 0, 0, 0, 0, 0, 0, 0,
    0, -25, 0, -12, 0, 0, -25, 0,
    0, 0, 0, 0, 0, 0, 0, 0,
    0, 0, 0, 0, 0, 0, 0, 0,
    0, 0, 0, 0, 0, 0, 0, 0,
    0, 0, 0, 0, 0, 0, 0, 0,
    0, 0, 0, 0, 0, 0, 0, 0,
    0, 0, 0, 0, 0, 0, 0, 0,
    0, 0, 0, 0, 0, 0, 0, 0,
    0, 0, 0, 0, 0, 0, 0, 0,
    0, 0, 0, 0, 0, 0, -10, 0,
    0, 0, 0, -37, 0, -24, -19, -10,
    -40, 0, 0, 0, 0, 3, 0, 0,
    0, 0, 0, 0, 0, 0, -7, -6,
    -9, -7, 0, 0, 0, 0, 0, -12,
    0, 0, 0, 0, 0, 0, 0, 0,
    0, 0, 0, 0, 3, 3, 0, 0,
    0, 0, 0, 0, -7, 0, 0, 0,
    0, 0, 0, 0, 0, 0, 0, 0,
    0, 0, 0, 0, 0, 0, 0, 0,
    0, 0, 0, 0, 0, 0, 0, 0,
    0, 0, 0, 0, 0, 0, 0, 0,
    0, 0, 0, 0, 0, 0, 0, 0,
    0, 0, 10, 0, 0, 0, 0, 0,
    0, 0, 0, 0, 0, 0, 0, 0,
    0, 0, 0, 0, 0, 0, 0, 0,
    0, 0, 0, 0, 0, 0, 0, 0,
    0, 10, 10, 0, 0, 0, 0, 0,
    0, 0, 0, 0, 0, 0, 0, 0,
    -15, 0, 0, 0, 0, 0, 0, 0,
    0, 0, 0, 0, 0, 0, 0, 0,
    0, 0, -27, 0, 0, -27, 0, 0,
    0, 0, 0, 0, 0, 0, 0, 0,
    0, 0, -12, 0, 0, 0, 0, 0,
    0, 0, 0, 0, 0, 0, 0, 0,
    -12, 0, 0, 0, 0, 0, 0, 0,
    0, 0, 0, 0, 0, 0, 0, 0,
    0, 0, -12, 0, 0, 0, -12, 0,
    0, 0, 0, 0, 0, 0, 0, 0,
    0, 0, 0, 0, 0, 0, 0, 0,
    0, 0, 0, 0, 0, 0, 0, 0,
    0, 0, 0, 0, -12, 0, 0, 0,
    0, -19, 0, 0, 0, 0, -23, 0,
    0, 0, 0, 0, 0, 0, 0, 0,
    0, 0, 0, 0, 0, 0, 0, 0,
    0, 0, 0, 0, 0, 0, 0, 0,
    0, 0, 0, 0, 0, 0, 0, 0,
    0, 0, 0, 0, 0, 0, 0, 0,
    0, 0, 0, 0, 0, 0, 0, 0,
    0, 0, 0, 0, 0, 0, 0, 0,
    0, 0, 0, 0, 0, 0, 0, 0,
    0, 0, 0, 0, 0, 0, 0, 0,
    0, 0, 0, -19, 0, 0, 0, 0,
    0, 0, 0, 0, 0, 0, 0, 0,
    0, 0, 0, 0, 0, 0, 0, 0,
    0, 0, 0, 0, 0, 0, 0, 0,
    0, 0, 0, 0, 0, 0, 0, 0,
    0, 0, 0, 0, 0, 0, 0, 0,
    0, 0, 0, 0, 0, 0, 0, 0,
    0, 0, 0, 0, 0, 0, 0, 0,
    0, 0, 0, 0, 0, 0, 0, 0,
    0, 0, 0, 0, 0, 0, 0, 0,
    -26, 0, -2, -26, 0, 0, 0, 0,
    0, -3, -3, 0, 0, 0, 0, -4,
    -10, 0, 0, 0, 0, -4, 0, 0,
    0, 0, 0, 0, 0, 0, 0, 0,
    0, 0, 0, 0, 0, 0, 0, 0,
    0, 0, 0, 0, 0, 0, -4, -4,
    -10, 0, 0, 0, -10, 0, 0, 0,
    0, 0, 0, 0, 0, 0, 0, 0,
    0, 0, 0, 0, 0, 0, 0, 0,
    0, 0, 0, 0, 0, 0, 0, 0,
    0, 0, 0, 0, 0, 0, 0, -19,
    0, 0, 0, 0, -21, 0, 0, 0,
    0, 0, 0, 0, 0, 0, 0, 0,
    0, 0, 0, 0, 0, 0, 0, 0,
    0, 0, 0, 0, 0, 0, 0, 0,
    0, 0, 0, 0, 0, 0, 2, 0,
    0, 0, 0, 0, 0, 0, 0, 0,
    0, 0, 0, 0, 0, 0, 0, 0,
    0, 0, 0, 0, 0, 0, 0, 0,
    0, 0, 0, 0, 0, 0, 0, 0,
    0, 0, 0, 0, -12, 0, 0, -17,
    0, -29, 0, -15, -14, -17, -19, 0,
    0, 0, 0, 0, 0, 0, 0, 0,
    0, 0, 0, 0, -3, 0, -8, 0,
    0, 0, 0, 0, 0, 0, 0, 0,
    0, 0, 0, 0, 0, 0, 0, 0,
    0, 0, 0, 0, 0, 0, 0, 0,
    0, 0, -3, 0, 0, 0, 0, 0,
    0, 0, 0, 0, 0, 0, 0, 0,
    0, 0, 0, 0, 0, 0, 0, 0,
    0, 0, 0, 0, 0, 0, -12, 0,
    0, 0, 0, -48, 0, -23, -21, -15,
    -33, -12, 0, 0, 0, 0, 0, 0,
    0, 0, 0, 0, 0, 0, -12, -12,
    -12, 0, 0, 0, 0, 0, 0, 0,
    0, 0, 0, 0, 0, 0, 0, 0,
    0, 0, 0, 0, 0, 0, 0, 0,
    0, 0, 0, 0, -12, 0, 0, 0,
    0, 0, 0, 0, 0, 0, 0, 0,
    0, 0, 0, 0, 0, 0, 0, 0,
    0, 0, 0, 0, 0, 0, 0, 0,
    0, 0, 0, 0, 0, -25, 0, -41,
    -34, 0, 0, 0, 0, 0, 0, 0,
    0, 0, 0, 0, 0, 0, 0, 0,
    0, 0, 0, 0, 0, 0, 0, 0,
    0, 0, 0, 0, 0, 0, 0, 0,
    0, 0, 0, 0, 0, 0, 0, 0,
    0, 0, 0, 0, 0, 0, 0, 0,
    0, 0, 0, 0, 0, 0, 0, 0,
    0, 0, 0, 0, 0, 0, 0, 0,
    0, 0, 0, 0, 0, 0, 0, 0,
    0, 0, 0, 0, 0, 0, 0, 0,
    0, 0, 0, 0, 0, 0, 0, 0,
    0, 0, 0, 0, 0, 0, 0, 0,
    0, 0, 0, 0, 0, 0, 0, 0,
    0, 0, 0, 0, 0, 0, 0, 0,
    0, 0, 0, 0, 0, 0, 0, 0,
    0, 0, 0, 0, 0, 13, 0, 0,
    0, 0, 0, 0, 0, 0, 0, 0,
    0, 0, 0, 0, 0, 0, 0, 0,
    0, 0, 0, 0, 0, 0, 0, 0,
    0, 0, 0, 0, -12, 0, 0, 0,
    0, -21, 0, -15, 0, -17, -17, 0,
    0, 0, 0, 0, 0, 0, 0, 0,
    0, 0, 0, 0, 0, 0, 0, 0,
    0, 0, 0, 0, 0, 0, 0, 0,
    0, 0, 0, 0, 0, 0, 0, 0,
    0, 0, 0, 0, 0, 0, 0, 0,
    0, 0, 0, 0, 0, 0, 0, 0,
    0, 0, 0, 0, 0, 0, 0, 0,
    -38, 0, -38, 0, 0, 0, 0, 0,
    0, 0, 0, 0, 0, 0, -15, 0,
    0, -15, 0, -21, 0, -19, 0, 0,
    0, -15, -19, 0, 0, 0, 0, 0,
    0, 0, 0, 0, 0, 0, 0, 0,
    0, 0, 0, 0, 0, 0, 0, 0,
    0, 0, 0, 0, 0, 0, 0, 0,
    0, 0, 0, 0, 0, 0, 0, 0,
    0, 0, 0, 0, 0, -21, 0, -46,
    0, 0, 0, -38, 0, 0, 0, 0,
    0, 0, 0, 0, 0, 0, 0, 0,
    0, 0, 0, 0, 0, 0, 0, 0,
    0, 0, 0, 0, 0, -16, 0, 0,
    0, 0, 0, 0, 0, 0, 0, 0,
    0, 0, 0, 0, 0, 0, 0, 0,
    0, 0, 0, 0, 0, 0, 0, 0,
    0, 0, 0, 0, 0, 0, 0, 0,
    0, 0, 0, 0, 0, 0, 0, 0,
    0, 0, 0, 12, 0, 0, 0, -25,
    0, 0, 0, 0, 0, 0, 0, 0,
    0, 0, 0, 0, 0, 0, 0, 0,
    0, 0, 0, 0, 0, 0, 0, 0,
    0, 0, 0, 0, 0, 0, 0, -29,
    0, 0, 0, 0, 0, 0, 0, 0,
    0, 0, 0, 0, 0, 0, 0, 0,
    0, 0, 0, 0, 0, 0, 0, 0,
    0, 0, 0, 0, 0, 0, 0, 0,
    0, 0, 0, 0, 0, 0, 0, 0,
    0, 0, 0, 0, 0, 0, 0, 0,
    0, 0, 0, 0, 0, 0, 0, 0,
    0, 0, 0, 4, 0, 0, 0, 0,
    0, 0, 0, 0, 0, 0, 0, 0,
    0, 0, 0, 0, 0, 0, 0, 0,
    0, 0, 0, 0, 0, 0, 0, 0,
    0, 0, 0, 0, 0, 0, 0, 0,
    0, 0, 1, 0, 0, 0, 0, 0,
    0, 0, 0, 4, 0, 0, 0, 0,
    0, 0, 0, 0, 0, 0, 0, 0,
    0, 0, 0, 0, 0, 0, 0, 15,
    0, 0, 0, 0, 0, 0, 0, 0,
    0, 0, 0, 0, 0, 0, 0, 0,
    0, 0, 0, 0, 0, 17, 0, 0,
    33, 0, 0, 0, 0, 0, 0, 26,
    0, 0, 0, 33, 0, 31, 0, 0,
    0, 33, 31, 0, 0, 0, 0, 15,
    27, 26, 4, 0, 19, 0, 0, 0,
    0, 0, 26, 0, 0, 0, 0, 0,
    0, 0, 0, 0, 0, 0, 0, 0,
    0, 13, 0, 0, 0, 0, 0, 12,
    27, 64, 0, 0, 0, 0, 0, 0,
    0, 0, 0, 0, -10, 0, 0, 0,
    0, 0, 0, 0, 0, 0, 0, -15,
    0, 0, 0, 0, 0, 0, 0, 0,
    0, 0, 0, 0, 0, -19, 0, -19,
    -19, 0, -33, 0, -19, 0, 0, 0,
    0, 0, 0, 0, 0, 0, 0, 0,
    -7, 0, 0, 0, 0, 0, 0, 0,
    0, 0, 0, 0, -3, 0, 0, 0,
    0, 0, 0, 0, 0, 0, 0, 0,
    0, 0, 0, 0, 0, 0, -7, -17,
    -10, 0, 0, 0, 0, 0, -11, 0,
    0, -4, 0, 0, 0, 0, 0, 0,
    0, -12, 0, 0, 0, 0, 0, 0,
    0, 0, -10, 0, 0, 0, 0, -19,
    0, -24, -19, -10, -40, 0, -24, 0,
    0, 3, 0, 0, 0, 0, 0, 0,
    0, 0, -7, -6, -9, -7, 0, 0,
    0, 0, 0, -12, 0, 0, -3, 0,
    0, 0, 0, 0, 0, 0, 0, 0,
    3, 3, 0, 0, 0, 0, 0, 0,
    -7, -23, -8, 0, 0, -12, 0, 0,
    0, 0, 0, 0, 0, 0, 0, 0,
    0, 0, 0, 0, 0, 0, 0, 0,
    0, 0, 0, 0, -35, 0, 0, -54,
    0, 0, 0, 0, 0, 0, 0, 0,
    0, 0, 0, 0, -16, 0, 0, 0,
    0, -10, 0, 0, 0, 0, 0, 0,
    0, 0, 0, 0, 0, 0, 0, 0,
    0, 0, 0, 0, 0, 0, 0, 0,
    0, 0, 0, 0, -16, 0, 0, 0,
    -16, 0, 0, 0, 0, 0, 0, 0,
    0, 0, 0, 0, 0, 0, 0, 0,
    0, 0, 0, 0, 0, 0, 0, 0,
    0, 0, 0, 0, 0, 0, -50, 0,
    -21, -46, 0, 0, 0, 0, 0, 0,
    0, 0, 0, 0, 0, -21, -23, 0,
    0, 0, -10, -26, 5, -15, 5, 0,
    0, 0, 0, 0, 0, 0, 0, 0,
    0, 0, 0, 0, 0, 0, 0, 0,
    0, 0, 0, 0, -21, -21, -23, 0,
    0, 0, -23, -15, 5, 0, 0, 0,
    0, 0, 0, 0, 0, 0, 0, 0,
    0, 0, 0, 0, 0, 0, 0, 0,
    0, 0, 0, 0, 0, 0, 0, 0,
    0, 0, 0, 0, 0, -35, 0, -33,
    -23, 0, -40, 0, 0, 0, 0, -12,
    0, 0, 0, 0, 0, 0, 0, 0,
    -19, 0, 0, 0, 0, 0, 0, 0,
    0, 0, 0, 0, 0, 0, 0, 0,
    0, 0, 0, 0, 0, 0, -12, -12,
    0, 0, 0, 0, 0, 0, -19, 0,
    0, 0, 0, 0, 0, 0, 0, 0,
    0, 0, 0, 0, 0, 0, 0, 0,
    0, 0, 0, 0, 0, 0, 0, 0,
    0, 0, -27, 0, 0, -27, 0, 0,
    0, 0, 0, 0, 0, 0, 0, 0,
    0, 0, -12, 0, 0, 0, 0, 0,
    0, 0, 0, 0, 0, 0, 0, 0,
    0, 0, 0, 0, 0, 0, 0, 0,
    0, 0, 0, 0, 0, 0, 0, 0,
    0, 0, -12, 0, 0, 0, -12, 0,
    0, 0, 0, 0, 0, 0, 0, 0,
    0, 0, 0, 0, 0, 0, 0, 0,
    0, 0, 0, 0, 0, 0, 0, 0,
    0, 0, 0, 0, -12, 0, 0, 0,
    0, -12, 0, -15, 0, -17, -17, 0,
    0, 0, 0, 0, 0, 0, 0, 0,
    0, 0, 0, 0, 0, 0, 0, 0,
    0, 0, 0, 0, 0, 0, 0, 0,
    0, 0, 0, 0, 0, 0, 0, 0,
    0, 0, 0, 0, 0, 0, 0, 0,
    0, 0, 0, 0, 0, 0, 0, 0,
    0, 0
};


/*Collect the kern class' data in one place*/
static const lv_font_fmt_txt_kern_classes_t kern_classes =
{
    .class_pair_values   = kern_class_values,
    .left_class_mapping  = kern_left_class_mapping,
    .right_class_mapping = kern_right_class_mapping,
    .left_class_cnt      = 81,
    .right_class_cnt     = 82,
};

/*--------------------
 *  ALL CUSTOM DATA
 *--------------------*/

#if LVGL_VERSION_MAJOR == 8
/*Store all the custom data of the font*/
static  lv_font_fmt_txt_glyph_cache_t cache;
#endif

#if LVGL_VERSION_MAJOR >= 8
static const lv_font_fmt_txt_dsc_t font_dsc = {
#else
static lv_font_fmt_txt_dsc_t font_dsc = {
#endif
    .glyph_bitmap = glyph_bitmap,
    .glyph_dsc = glyph_dsc,
    .cmaps = cmaps,
    .kern_dsc = &kern_classes,
    .kern_scale = 16,
    .cmap_num = 5,
    .bpp = 4,
    .kern_classes = 1,
    .bitmap_format = 0,
#if LVGL_VERSION_MAJOR == 8
    .cache = &cache
#endif
};



/*-----------------
 *  PUBLIC FONT
 *----------------*/

/*Initialize a public general font descriptor*/
#if LVGL_VERSION_MAJOR >= 8
const lv_font_t inter_23 = {
#else
lv_font_t inter_23 = {
#endif
    .get_glyph_dsc = lv_font_get_glyph_dsc_fmt_txt,    /*Function pointer to get glyph's data*/
    .get_glyph_bitmap = lv_font_get_bitmap_fmt_txt,    /*Function pointer to get glyph's bitmap*/
    .line_height = 30,          /*The maximum line height required by the font*/
    .base_line = 6,             /*Baseline measured from the bottom of the line*/
#if !(LVGL_VERSION_MAJOR == 6 && LVGL_VERSION_MINOR == 0)
    .subpx = LV_FONT_SUBPX_NONE,
#endif
#if LV_VERSION_CHECK(7, 4, 0) || LVGL_VERSION_MAJOR >= 8
    .underline_position = -3,
    .underline_thickness = 2,
#endif
    .dsc = &font_dsc,          /*The custom font data. Will be accessed by `get_glyph_bitmap/dsc` */
#if LV_VERSION_CHECK(8, 2, 0) || LVGL_VERSION_MAJOR >= 9
    .fallback = NULL,
#endif
    .user_data = NULL,
};



#endif /*#if INTER_23*/
