/*******************************************************************************
 * Size: 15 px
 * Bpp: 4
 * Opts: --font /tmp/alfred-fonts/inter_15.ttf --size 15 --bpp 4 --format lvgl --no-compress --range 0x20-0x7E,0xA0-0xFF,0x2010-0x2026,0x2190-0x2193 --lv-font-name inter_15 -o apps/companion/firmware/src/ui/fonts/inter_15.c
 ******************************************************************************/

#ifdef LV_LVGL_H_INCLUDE_SIMPLE
#include "lvgl.h"
#else
#include "lvgl.h"
#endif

#ifndef INTER_15
#define INTER_15 1
#endif

#if INTER_15

/*-----------------
 *    BITMAPS
 *----------------*/

/*Store the image of the glyphs*/
static LV_ATTRIBUTE_LARGE_CONST const uint8_t glyph_bitmap[] = {
    /* U+0020 " " */

    /* U+0021 "!" */
    0xaf, 0x6a, 0xf6, 0x9f, 0x59, 0xf5, 0x9f, 0x59,
    0xf4, 0x8f, 0x41, 0x30, 0x3, 0xb, 0xf7, 0x8f,
    0x50,

    /* U+0022 "\"" */
    0x7f, 0x58, 0xf4, 0x7f, 0x48, 0xf3, 0x6f, 0x37,
    0xf2, 0x5f, 0x36, 0xf2, 0x14, 0x1, 0x40,

    /* U+0023 "#" */
    0x0, 0xf, 0x70, 0x3f, 0x40, 0x0, 0x3f, 0x40,
    0x5f, 0x10, 0x0, 0x5f, 0x20, 0x8f, 0x0, 0xf,
    0xff, 0xff, 0xff, 0xf5, 0x17, 0xde, 0x77, 0xfc,
    0x71, 0x0, 0xda, 0x0, 0xf7, 0x0, 0x12, 0xf8,
    0x14, 0xf6, 0x10, 0xaf, 0xff, 0xff, 0xff, 0xb0,
    0x38, 0xf6, 0x4a, 0xf4, 0x20, 0x7, 0xf0, 0xa,
    0xd0, 0x0, 0xa, 0xd0, 0xd, 0xa0, 0x0,

    /* U+0024 "$" */
    0x0, 0x0, 0x86, 0x0, 0x0, 0x0, 0x5c, 0xff,
    0xc5, 0x0, 0x7, 0xfe, 0xdd, 0xff, 0x60, 0xe,
    0xf2, 0x86, 0x3f, 0xd0, 0xf, 0xf2, 0x86, 0x1,
    0x10, 0xa, 0xff, 0xd9, 0x10, 0x0, 0x0, 0x7e,
    0xff, 0xf9, 0x0, 0x0, 0x0, 0x9b, 0xdf, 0xb0,
    0x15, 0x30, 0x86, 0xf, 0xf0, 0x2f, 0xd1, 0x86,
    0x2f, 0xf0, 0xb, 0xfe, 0xdd, 0xff, 0x80, 0x0,
    0x8d, 0xff, 0xc6, 0x0, 0x0, 0x0, 0x86, 0x0,
    0x0, 0x0, 0x0, 0x43, 0x0, 0x0,

    /* U+0025 "%" */
    0xa, 0xfe, 0x40, 0x0, 0xd, 0x90, 0x6, 0xf4,
    0xae, 0x0, 0x8, 0xd0, 0x0, 0x8d, 0x5, 0xf0,
    0x3, 0xf3, 0x0, 0x7, 0xf1, 0x8f, 0x0, 0xd8,
    0x0, 0x0, 0x1d, 0xff, 0x60, 0x9d, 0x0, 0x0,
    0x0, 0x2, 0x10, 0x4f, 0x30, 0x0, 0x0, 0x0,
    0x0, 0x1e, 0x70, 0x4d, 0xfa, 0x0, 0x0, 0xa,
    0xc0, 0xe, 0x94, 0xf6, 0x0, 0x5, 0xf2, 0x1,
    0xf5, 0xd, 0x80, 0x1, 0xe7, 0x0, 0xe, 0x94,
    0xf6, 0x0, 0xac, 0x0, 0x0, 0x4e, 0xfa, 0x0,

    /* U+0026 "&" */
    0x0, 0x5d, 0xfd, 0x30, 0x0, 0x2, 0xfd, 0x8e,
    0xe0, 0x0, 0x6, 0xf5, 0x7, 0xf2, 0x0, 0x4,
    0xf8, 0x2d, 0xe0, 0x0, 0x0, 0xcf, 0xfe, 0x30,
    0x0, 0x1, 0xbf, 0xf4, 0x1, 0x20, 0xc, 0xf9,
    0xfe, 0x18, 0xf1, 0x4f, 0xa0, 0x5f, 0xcd, 0xe0,
    0x4f, 0xa0, 0x7, 0xff, 0x80, 0xd, 0xfa, 0x8d,
    0xff, 0x80, 0x1, 0xaf, 0xfc, 0x6b, 0xf6,

    /* U+0027 "'" */
    0x7f, 0x57, 0xf4, 0x6f, 0x35, 0xf3, 0x14, 0x0,

    /* U+0028 "(" */
    0x0, 0x22, 0x2, 0xfb, 0x9, 0xf4, 0xf, 0xf0,
    0x3f, 0xb0, 0x7f, 0x70, 0x9f, 0x50, 0xaf, 0x40,
    0xaf, 0x50, 0x8f, 0x70, 0x4f, 0xa0, 0xf, 0xf0,
    0x9, 0xf5, 0x1, 0xfc,

    /* U+0029 ")" */
    0x13, 0x10, 0x2, 0xfb, 0x0, 0xb, 0xf2, 0x0,
    0x6f, 0x80, 0x2, 0xfc, 0x0, 0xe, 0xf0, 0x0,
    0xcf, 0x20, 0xb, 0xf3, 0x0, 0xcf, 0x20, 0xe,
    0xf1, 0x1, 0xfd, 0x0, 0x6f, 0x80, 0xc, 0xf2,
    0x3, 0xfa, 0x0,

    /* U+002A "*" */
    0x0, 0x9a, 0x0, 0x9, 0x89, 0xa8, 0xa0, 0x4b,
    0xff, 0xc4, 0x4, 0xcf, 0xfd, 0x50, 0x97, 0x89,
    0x7a, 0x0, 0x8, 0x90, 0x0,

    /* U+002B "+" */
    0x0, 0xc, 0xd0, 0x0, 0x0, 0xc, 0xd0, 0x0,
    0x0, 0xc, 0xd0, 0x0, 0xaf, 0xff, 0xff, 0xfb,
    0x58, 0x8e, 0xe8, 0x85, 0x0, 0xc, 0xd0, 0x0,
    0x0, 0xc, 0xd0, 0x0,

    /* U+002C "," */
    0x2, 0x41, 0x9, 0xf3, 0xc, 0xe0, 0xe, 0xa0,
    0xf, 0x50,

    /* U+002D "-" */
    0x88, 0x88, 0x7f, 0xff, 0xff,

    /* U+002E "." */
    0x3, 0xb, 0xf6, 0x8f, 0x40,

    /* U+002F "/" */
    0x0, 0x2, 0x82, 0x0, 0x8, 0xf2, 0x0, 0xd,
    0xd0, 0x0, 0x1f, 0x90, 0x0, 0x6f, 0x40, 0x0,
    0xaf, 0x0, 0x0, 0xeb, 0x0, 0x3, 0xf7, 0x0,
    0x8, 0xf2, 0x0, 0xc, 0xe0, 0x0, 0x1f, 0x90,
    0x0, 0x5f, 0x50, 0x0, 0xaf, 0x10, 0x0,

    /* U+0030 "0" */
    0x0, 0x3b, 0xff, 0xb2, 0x0, 0x3, 0xff, 0xab,
    0xfe, 0x10, 0xb, 0xf6, 0x0, 0x8f, 0x90, 0xf,
    0xe0, 0x0, 0x1f, 0xe0, 0x3f, 0xc0, 0x0, 0xe,
    0xf1, 0x3f, 0xb0, 0x0, 0xd, 0xf2, 0x3f, 0xc0,
    0x0, 0xe, 0xf1, 0xf, 0xe0, 0x0, 0x1f, 0xe0,
    0xb, 0xf6, 0x0, 0x8f, 0x90, 0x3, 0xff, 0xab,
    0xfe, 0x10, 0x0, 0x3b, 0xff, 0xb2, 0x0,

    /* U+0031 "1" */
    0x0, 0x9f, 0xf3, 0x2d, 0xff, 0xf3, 0x5e, 0x4b,
    0xf3, 0x21, 0xb, 0xf3, 0x0, 0xb, 0xf3, 0x0,
    0xb, 0xf3, 0x0, 0xb, 0xf3, 0x0, 0xb, 0xf3,
    0x0, 0xb, 0xf3, 0x0, 0xb, 0xf3, 0x0, 0xb,
    0xf3,

    /* U+0032 "2" */
    0x0, 0x7d, 0xfe, 0x90, 0x0, 0x8f, 0xd9, 0xcf,
    0xc0, 0xf, 0xe1, 0x0, 0xcf, 0x30, 0x64, 0x0,
    0xa, 0xf3, 0x0, 0x0, 0x1, 0xff, 0x0, 0x0,
    0x0, 0xdf, 0x60, 0x0, 0x1, 0xcf, 0x80, 0x0,
    0x1, 0xcf, 0x80, 0x0, 0x1, 0xcf, 0x80, 0x0,
    0x0, 0xdf, 0xf9, 0x99, 0x94, 0xf, 0xff, 0xff,
    0xff, 0x70,

    /* U+0033 "3" */
    0x0, 0x6d, 0xff, 0xa1, 0x0, 0x7f, 0xe9, 0xbf,
    0xd0, 0xe, 0xf1, 0x0, 0xaf, 0x40, 0x22, 0x0,
    0x9, 0xf5, 0x0, 0x0, 0x25, 0xfd, 0x0, 0x0,
    0x6f, 0xfd, 0x20, 0x0, 0x2, 0x57, 0xef, 0x40,
    0x0, 0x0, 0x4, 0xfb, 0x2f, 0xd0, 0x0, 0x6f,
    0xb0, 0xbf, 0xd9, 0xbf, 0xf4, 0x0, 0x8d, 0xff,
    0xb3, 0x0,

    /* U+0034 "4" */
    0x0, 0x0, 0xd, 0xfd, 0x0, 0x0, 0x0, 0x8f,
    0xfd, 0x0, 0x0, 0x2, 0xfb, 0xfd, 0x0, 0x0,
    0xb, 0xf2, 0xfd, 0x0, 0x0, 0x6f, 0x80, 0xfd,
    0x0, 0x1, 0xed, 0x0, 0xfd, 0x0, 0xa, 0xf4,
    0x0, 0xfd, 0x0, 0x2f, 0xf9, 0x99, 0xff, 0x92,
    0x3f, 0xff, 0xff, 0xff, 0xf4, 0x0, 0x0, 0x0,
    0xfd, 0x0, 0x0, 0x0, 0x0, 0xfd, 0x0,

    /* U+0035 "5" */
    0x8, 0xff, 0xff, 0xfd, 0x0, 0xaf, 0xa9, 0x99,
    0x70, 0xb, 0xf0, 0x0, 0x0, 0x0, 0xdf, 0x1,
    0x10, 0x0, 0xe, 0xec, 0xff, 0xc2, 0x0, 0xdf,
    0x85, 0x9f, 0xe0, 0x0, 0x0, 0x0, 0xbf, 0x50,
    0x0, 0x0, 0x7, 0xf6, 0x2f, 0xd0, 0x0, 0xcf,
    0x30, 0xbf, 0xc8, 0xcf, 0xb0, 0x0, 0x8e, 0xfe,
    0x80, 0x0,

    /* U+0036 "6" */
    0x0, 0x2b, 0xff, 0xb3, 0x0, 0x2e, 0xfb, 0xbf,
    0xf2, 0xa, 0xf5, 0x0, 0x7f, 0x90, 0xfe, 0x0,
    0x10, 0x0, 0x2f, 0xb8, 0xff, 0xe6, 0x3, 0xff,
    0xd6, 0x6e, 0xf5, 0x3f, 0xf1, 0x0, 0x4f, 0xb1,
    0xfe, 0x0, 0x1, 0xfd, 0xc, 0xf3, 0x0, 0x6f,
    0xa0, 0x4f, 0xf9, 0xaf, 0xf2, 0x0, 0x4c, 0xff,
    0xb3, 0x0,

    /* U+0037 "7" */
    0x6f, 0xff, 0xff, 0xff, 0x4, 0xaa, 0xaa, 0xaf,
    0xf0, 0x0, 0x0, 0x7, 0xf9, 0x0, 0x0, 0x0,
    0xef, 0x10, 0x0, 0x0, 0x7f, 0x90, 0x0, 0x0,
    0xe, 0xf1, 0x0, 0x0, 0x6, 0xf9, 0x0, 0x0,
    0x0, 0xef, 0x20, 0x0, 0x0, 0x6f, 0x90, 0x0,
    0x0, 0xe, 0xf2, 0x0, 0x0, 0x6, 0xfa, 0x0,
    0x0, 0x0,

    /* U+0038 "8" */
    0x0, 0x5d, 0xff, 0xa2, 0x0, 0x6f, 0xe8, 0xaf,
    0xe0, 0xc, 0xf3, 0x0, 0xaf, 0x50, 0xcf, 0x10,
    0x8, 0xf5, 0x5, 0xfa, 0x24, 0xee, 0x0, 0x8,
    0xff, 0xfe, 0x30, 0x9, 0xfb, 0x56, 0xef, 0x32,
    0xfd, 0x0, 0x4, 0xfb, 0x3f, 0xe0, 0x0, 0x5f,
    0xc0, 0xcf, 0xc7, 0x9f, 0xf5, 0x0, 0x8d, 0xff,
    0xc4, 0x0,

    /* U+0039 "9" */
    0x0, 0x6d, 0xfe, 0x91, 0x0, 0x8f, 0xe9, 0xcf,
    0xc0, 0x1f, 0xe1, 0x0, 0xaf, 0x63, 0xfa, 0x0,
    0x5, 0xfa, 0x2f, 0xc0, 0x0, 0x7f, 0xc0, 0xdf,
    0x82, 0x5e, 0xfd, 0x2, 0xdf, 0xff, 0x6f, 0xb0,
    0x0, 0x34, 0x14, 0xf8, 0xf, 0xe1, 0x0, 0xbf,
    0x30, 0x9f, 0xea, 0xdf, 0x90, 0x0, 0x7d, 0xfe,
    0x70, 0x0,

    /* U+003A ":" */
    0x8f, 0x4b, 0xf6, 0x3, 0x0, 0x0, 0x0, 0x0,
    0x30, 0xbf, 0x68, 0xf4,

    /* U+003B ";" */
    0x0, 0x30, 0x8, 0xf9, 0x6, 0xf6, 0x0, 0x0,
    0x0, 0x0, 0x0, 0x0, 0x2, 0x41, 0x9, 0xf3,
    0xc, 0xe0, 0xe, 0xa0, 0xf, 0x50,

    /* U+003C "<" */
    0x0, 0x0, 0x0, 0x0, 0x0, 0x0, 0x4, 0xb8,
    0x0, 0x6, 0xdf, 0xf5, 0x17, 0xef, 0xe7, 0x10,
    0xcf, 0xc4, 0x0, 0x0, 0x8f, 0xfa, 0x40, 0x0,
    0x2, 0x8f, 0xfd, 0x60, 0x0, 0x0, 0x7e, 0xf8,
    0x0, 0x0, 0x0, 0x55,

    /* U+003D "=" */
    0x8f, 0xff, 0xff, 0xf9, 0x49, 0x99, 0x99, 0x95,
    0x0, 0x0, 0x0, 0x0, 0x49, 0x99, 0x99, 0x95,
    0x8f, 0xff, 0xff, 0xf9,

    /* U+003E ">" */
    0x0, 0x0, 0x0, 0x0, 0x7c, 0x50, 0x0, 0x0,
    0x5f, 0xfd, 0x60, 0x0, 0x1, 0x7d, 0xfe, 0x81,
    0x0, 0x0, 0x4c, 0xfd, 0x0, 0x3, 0xaf, 0xf9,
    0x6, 0xcf, 0xf9, 0x20, 0x7f, 0xe7, 0x10, 0x0,
    0x46, 0x0, 0x0, 0x0,

    /* U+003F "?" */
    0x3, 0xbf, 0xfc, 0x30, 0x1e, 0xfa, 0xaf, 0xf1,
    0x5f, 0x90, 0x9, 0xf6, 0x0, 0x0, 0xa, 0xf5,
    0x0, 0x0, 0x9f, 0xd0, 0x0, 0xb, 0xfb, 0x10,
    0x0, 0x1f, 0xc0, 0x0, 0x0, 0x1a, 0x60, 0x0,
    0x0, 0x2, 0x0, 0x0, 0x0, 0x5f, 0xc0, 0x0,
    0x0, 0x3f, 0xa0, 0x0,

    /* U+0040 "@" */
    0x0, 0x0, 0x6b, 0xef, 0xfc, 0x70, 0x0, 0x0,
    0x2, 0xdf, 0xc8, 0x67, 0xbf, 0xd2, 0x0, 0x0,
    0xdf, 0x50, 0x0, 0x0, 0x2d, 0xe1, 0x0, 0x8f,
    0x50, 0x0, 0x10, 0x11, 0x2f, 0x90, 0xe, 0xc0,
    0x8, 0xff, 0xcd, 0xa0, 0xaf, 0x2, 0xf8, 0x6,
    0xf8, 0x5a, 0xfa, 0x6, 0xf2, 0x3f, 0x60, 0xcb,
    0x0, 0xe, 0xa0, 0x5f, 0x33, 0xf6, 0xe, 0x90,
    0x0, 0xda, 0x6, 0xf2, 0x2f, 0x80, 0xcc, 0x0,
    0xf, 0xa0, 0x8f, 0x0, 0xec, 0x6, 0xf8, 0x4a,
    0xfd, 0x5e, 0xa0, 0x9, 0xf4, 0x8, 0xef, 0xa4,
    0xdf, 0xb1, 0x0, 0x1e, 0xf4, 0x0, 0x0, 0x0,
    0x0, 0x0, 0x0, 0x2d, 0xfc, 0x86, 0x79, 0xc0,
    0x0, 0x0, 0x0, 0x6, 0xbe, 0xff, 0xd9, 0x10,
    0x0,

    /* U+0041 "A" */
    0x0, 0x0, 0xff, 0xd0, 0x0, 0x0, 0x0, 0x5f,
    0xff, 0x20, 0x0, 0x0, 0xb, 0xf8, 0xf8, 0x0,
    0x0, 0x1, 0xfe, 0x1f, 0xe0, 0x0, 0x0, 0x6f,
    0x90, 0xcf, 0x30, 0x0, 0xb, 0xf4, 0x7, 0xf9,
    0x0, 0x1, 0xff, 0x0, 0x2f, 0xe0, 0x0, 0x6f,
    0xff, 0xff, 0xff, 0x40, 0xc, 0xfa, 0x88, 0x8b,
    0xfa, 0x2, 0xff, 0x0, 0x0, 0x1f, 0xf0, 0x7f,
    0xa0, 0x0, 0x0, 0xcf, 0x50,

    /* U+0042 "B" */
    0xef, 0xff, 0xfd, 0x60, 0xe, 0xf9, 0x9a, 0xff,
    0x60, 0xef, 0x0, 0x5, 0xfc, 0xe, 0xf0, 0x0,
    0x3f, 0xb0, 0xef, 0x21, 0x2b, 0xf4, 0xe, 0xff,
    0xff, 0xf8, 0x0, 0xef, 0x54, 0x5a, 0xfb, 0xe,
    0xf0, 0x0, 0xd, 0xf2, 0xef, 0x0, 0x0, 0xef,
    0x2e, 0xf9, 0x99, 0xdf, 0xd0, 0xef, 0xff, 0xfe,
    0xa1, 0x0,

    /* U+0043 "C" */
    0x0, 0x7, 0xdf, 0xeb, 0x30, 0x0, 0xc, 0xfe,
    0xbc, 0xff, 0x50, 0x8, 0xfb, 0x0, 0x4, 0xff,
    0x0, 0xff, 0x10, 0x0, 0x8, 0xb3, 0x2f, 0xc0,
    0x0, 0x0, 0x0, 0x3, 0xfb, 0x0, 0x0, 0x0,
    0x0, 0x2f, 0xc0, 0x0, 0x0, 0x0, 0x0, 0xff,
    0x10, 0x0, 0x8, 0xb3, 0x9, 0xfb, 0x0, 0x4,
    0xfe, 0x0, 0xc, 0xfe, 0xbc, 0xff, 0x50, 0x0,
    0x8, 0xdf, 0xfb, 0x30, 0x0,

    /* U+0044 "D" */
    0xef, 0xff, 0xfc, 0x60, 0x0, 0xef, 0xaa, 0xbf,
    0xfa, 0x0, 0xef, 0x0, 0x1, 0xcf, 0x60, 0xef,
    0x0, 0x0, 0x3f, 0xc0, 0xef, 0x0, 0x0, 0xf,
    0xf0, 0xef, 0x0, 0x0, 0xe, 0xf0, 0xef, 0x0,
    0x0, 0xf, 0xf0, 0xef, 0x0, 0x0, 0x3f, 0xc0,
    0xef, 0x0, 0x1, 0xcf, 0x60, 0xef, 0xaa, 0xbf,
    0xfa, 0x0, 0xef, 0xff, 0xfc, 0x60, 0x0,

    /* U+0045 "E" */
    0xef, 0xff, 0xff, 0xf3, 0xef, 0x99, 0x99, 0x91,
    0xef, 0x0, 0x0, 0x0, 0xef, 0x0, 0x0, 0x0,
    0xef, 0x0, 0x0, 0x0, 0xef, 0xff, 0xff, 0xd0,
    0xef, 0x99, 0x99, 0x70, 0xef, 0x0, 0x0, 0x0,
    0xef, 0x0, 0x0, 0x0, 0xef, 0x99, 0x99, 0x92,
    0xef, 0xff, 0xff, 0xf3,

    /* U+0046 "F" */
    0xef, 0xff, 0xff, 0xf1, 0xef, 0x99, 0x99, 0x90,
    0xef, 0x0, 0x0, 0x0, 0xef, 0x0, 0x0, 0x0,
    0xef, 0x0, 0x0, 0x0, 0xef, 0xff, 0xff, 0x90,
    0xef, 0x99, 0x99, 0x50, 0xef, 0x0, 0x0, 0x0,
    0xef, 0x0, 0x0, 0x0, 0xef, 0x0, 0x0, 0x0,
    0xef, 0x0, 0x0, 0x0,

    /* U+0047 "G" */
    0x0, 0x7, 0xdf, 0xeb, 0x40, 0x0, 0xc, 0xfe,
    0xbc, 0xff, 0x60, 0x8, 0xfb, 0x0, 0x3, 0xff,
    0x10, 0xff, 0x10, 0x0, 0x4, 0x51, 0x2f, 0xc0,
    0x0, 0x22, 0x22, 0x13, 0xfb, 0x0, 0xf, 0xff,
    0xf7, 0x2f, 0xc0, 0x0, 0x55, 0xaf, 0x60, 0xff,
    0x10, 0x0, 0xa, 0xf4, 0x9, 0xfb, 0x0, 0x4,
    0xfe, 0x0, 0xc, 0xff, 0xbc, 0xff, 0x50, 0x0,
    0x7, 0xdf, 0xfb, 0x30, 0x0,

    /* U+0048 "H" */
    0xef, 0x0, 0x0, 0xe, 0xf1, 0xef, 0x0, 0x0,
    0xe, 0xf1, 0xef, 0x0, 0x0, 0xe, 0xf1, 0xef,
    0x0, 0x0, 0xe, 0xf1, 0xef, 0x0, 0x0, 0xe,
    0xf1, 0xef, 0xff, 0xff, 0xff, 0xf1, 0xef, 0xa9,
    0x99, 0x9f, 0xf1, 0xef, 0x0, 0x0, 0xe, 0xf1,
    0xef, 0x0, 0x0, 0xe, 0xf1, 0xef, 0x0, 0x0,
    0xe, 0xf1, 0xef, 0x0, 0x0, 0xe, 0xf1,

    /* U+0049 "I" */
    0xef, 0xe, 0xf0, 0xef, 0xe, 0xf0, 0xef, 0xe,
    0xf0, 0xef, 0xe, 0xf0, 0xef, 0xe, 0xf0, 0xef,
    0x0,

    /* U+004A "J" */
    0x0, 0x0, 0x5, 0xf9, 0x0, 0x0, 0x5, 0xf9,
    0x0, 0x0, 0x5, 0xf9, 0x0, 0x0, 0x5, 0xf9,
    0x0, 0x0, 0x5, 0xf9, 0x0, 0x0, 0x5, 0xf9,
    0x0, 0x0, 0x5, 0xf9, 0x6f, 0x70, 0x5, 0xf9,
    0x5f, 0xa0, 0x8, 0xf7, 0xe, 0xfb, 0xaf, 0xf2,
    0x2, 0xbf, 0xfc, 0x30,

    /* U+004B "K" */
    0xef, 0x0, 0x0, 0xcf, 0xa0, 0xef, 0x0, 0xa,
    0xfb, 0x0, 0xef, 0x0, 0x8f, 0xc0, 0x0, 0xef,
    0x6, 0xfe, 0x10, 0x0, 0xef, 0x3f, 0xf2, 0x0,
    0x0, 0xef, 0xef, 0xf6, 0x0, 0x0, 0xef, 0xf6,
    0xff, 0x20, 0x0, 0xef, 0x40, 0x8f, 0xb0, 0x0,
    0xef, 0x0, 0xd, 0xf6, 0x0, 0xef, 0x0, 0x3,
    0xff, 0x20, 0xef, 0x0, 0x0, 0x7f, 0xc0,

    /* U+004C "L" */
    0xef, 0x0, 0x0, 0xe, 0xf0, 0x0, 0x0, 0xef,
    0x0, 0x0, 0xe, 0xf0, 0x0, 0x0, 0xef, 0x0,
    0x0, 0xe, 0xf0, 0x0, 0x0, 0xef, 0x0, 0x0,
    0xe, 0xf0, 0x0, 0x0, 0xef, 0x0, 0x0, 0xe,
    0xf9, 0x99, 0x98, 0xef, 0xff, 0xff, 0xe0,

    /* U+004D "M" */
    0xef, 0xf3, 0x0, 0x0, 0x6f, 0xfb, 0xef, 0xf9,
    0x0, 0x0, 0xcf, 0xfb, 0xef, 0xfe, 0x0, 0x2,
    0xfe, 0xfb, 0xef, 0xaf, 0x40, 0x7, 0xfa, 0xfb,
    0xef, 0x5f, 0xa0, 0xd, 0xf5, 0xfb, 0xef, 0x1f,
    0xf0, 0x3f, 0xc3, 0xfb, 0xef, 0xa, 0xf5, 0x8f,
    0x73, 0xfb, 0xef, 0x4, 0xf9, 0xcf, 0x13, 0xfb,
    0xef, 0x0, 0xed, 0xfa, 0x3, 0xfb, 0xef, 0x0,
    0x8f, 0xf4, 0x3, 0xfb, 0xef, 0x0, 0x2f, 0xe0,
    0x3, 0xfb,

    /* U+004E "N" */
    0xef, 0x90, 0x0, 0xb, 0xf4, 0xef, 0xf3, 0x0,
    0xb, 0xf4, 0xef, 0xfd, 0x0, 0xb, 0xf4, 0xef,
    0xaf, 0x70, 0xb, 0xf4, 0xef, 0x2f, 0xf1, 0xb,
    0xf4, 0xef, 0x18, 0xfb, 0xb, 0xf4, 0xef, 0x10,
    0xdf, 0x4b, 0xf4, 0xef, 0x10, 0x3f, 0xda, 0xf4,
    0xef, 0x10, 0x9, 0xfe, 0xf4, 0xef, 0x10, 0x0,
    0xdf, 0xf4, 0xef, 0x10, 0x0, 0x4f, 0xf4,

    /* U+004F "O" */
    0x0, 0x7, 0xdf, 0xfb, 0x30, 0x0, 0xc, 0xfe,
    0xbc, 0xff, 0x50, 0x8, 0xfb, 0x0, 0x4, 0xff,
    0x10, 0xff, 0x10, 0x0, 0x9, 0xf7, 0x2f, 0xc0,
    0x0, 0x0, 0x4f, 0xb3, 0xfb, 0x0, 0x0, 0x3,
    0xfc, 0x2f, 0xc0, 0x0, 0x0, 0x4f, 0xb0, 0xff,
    0x10, 0x0, 0x9, 0xf7, 0x8, 0xfb, 0x0, 0x4,
    0xff, 0x10, 0xc, 0xfe, 0xbc, 0xff, 0x50, 0x0,
    0x7, 0xdf, 0xfb, 0x30, 0x0,

    /* U+0050 "P" */
    0xef, 0xff, 0xfd, 0x50, 0xe, 0xf9, 0x9a, 0xff,
    0x50, 0xef, 0x0, 0x5, 0xfd, 0xe, 0xf0, 0x0,
    0xf, 0xf0, 0xef, 0x0, 0x1, 0xff, 0xe, 0xf0,
    0x1, 0xaf, 0xa0, 0xef, 0xff, 0xff, 0xd1, 0xe,
    0xf9, 0x88, 0x50, 0x0, 0xef, 0x0, 0x0, 0x0,
    0xe, 0xf0, 0x0, 0x0, 0x0, 0xef, 0x0, 0x0,
    0x0, 0x0,

    /* U+0051 "Q" */
    0x0, 0x7, 0xdf, 0xfb, 0x30, 0x0, 0xc, 0xfe,
    0xbc, 0xff, 0x50, 0x8, 0xfb, 0x0, 0x4, 0xff,
    0x10, 0xff, 0x10, 0x0, 0x9, 0xf7, 0x2f, 0xc0,
    0x0, 0x0, 0x4f, 0xb3, 0xfb, 0x0, 0x0, 0x3,
    0xfc, 0x2f, 0xc0, 0x0, 0x0, 0x4f, 0xb0, 0xff,
    0x10, 0x6b, 0x19, 0xf7, 0x8, 0xfb, 0x1, 0xed,
    0xff, 0x10, 0xc, 0xfe, 0xbe, 0xff, 0x50, 0x0,
    0x7, 0xdf, 0xfd, 0xf5, 0x0, 0x0, 0x0, 0x0,
    0xb, 0xf2,

    /* U+0052 "R" */
    0xef, 0xff, 0xfd, 0x60, 0xe, 0xf9, 0x9a, 0xff,
    0x70, 0xef, 0x0, 0x3, 0xfe, 0xe, 0xf0, 0x0,
    0xf, 0xf0, 0xef, 0x0, 0x3, 0xfe, 0xe, 0xf9,
    0x99, 0xff, 0x70, 0xef, 0xff, 0xff, 0x70, 0xe,
    0xf0, 0xa, 0xf7, 0x0, 0xef, 0x0, 0x2f, 0xf1,
    0xe, 0xf0, 0x0, 0x9f, 0x90, 0xef, 0x0, 0x1,
    0xff, 0x20,

    /* U+0053 "S" */
    0x0, 0x5c, 0xff, 0xc5, 0x0, 0x7, 0xfe, 0xaa,
    0xff, 0x60, 0xe, 0xf2, 0x0, 0x3f, 0xd0, 0xf,
    0xf2, 0x0, 0x1, 0x10, 0xa, 0xff, 0x95, 0x10,
    0x0, 0x0, 0x7e, 0xff, 0xf9, 0x0, 0x0, 0x0,
    0x37, 0xdf, 0xb0, 0x15, 0x30, 0x0, 0xf, 0xf0,
    0x2f, 0xd1, 0x0, 0x2f, 0xf0, 0xb, 0xfe, 0xaa,
    0xff, 0x80, 0x0, 0x8d, 0xff, 0xc6, 0x0,

    /* U+0054 "T" */
    0x6f, 0xff, 0xff, 0xff, 0xf4, 0x39, 0x99, 0xff,
    0x99, 0x92, 0x0, 0x0, 0xfe, 0x0, 0x0, 0x0,
    0x0, 0xfe, 0x0, 0x0, 0x0, 0x0, 0xfe, 0x0,
    0x0, 0x0, 0x0, 0xfe, 0x0, 0x0, 0x0, 0x0,
    0xfe, 0x0, 0x0, 0x0, 0x0, 0xfe, 0x0, 0x0,
    0x0, 0x0, 0xfe, 0x0, 0x0, 0x0, 0x0, 0xfe,
    0x0, 0x0, 0x0, 0x0, 0xfe, 0x0, 0x0,

    /* U+0055 "U" */
    0xef, 0x0, 0x0, 0xf, 0xfe, 0xf0, 0x0, 0x0,
    0xff, 0xef, 0x0, 0x0, 0xf, 0xfe, 0xf0, 0x0,
    0x0, 0xff, 0xef, 0x0, 0x0, 0xf, 0xfe, 0xf0,
    0x0, 0x0, 0xff, 0xef, 0x0, 0x0, 0xf, 0xfe,
    0xf1, 0x0, 0x1, 0xfe, 0xaf, 0x90, 0x0, 0x9f,
    0xa2, 0xef, 0xdb, 0xdf, 0xe2, 0x2, 0xae, 0xfe,
    0xa2, 0x0,

    /* U+0056 "V" */
    0x7f, 0xa0, 0x0, 0x0, 0xcf, 0x51, 0xff, 0x0,
    0x0, 0x1f, 0xf0, 0xc, 0xf5, 0x0, 0x6, 0xfa,
    0x0, 0x6f, 0xa0, 0x0, 0xcf, 0x50, 0x1, 0xff,
    0x0, 0x1f, 0xf0, 0x0, 0xb, 0xf5, 0x6, 0xfa,
    0x0, 0x0, 0x5f, 0xa0, 0xbf, 0x40, 0x0, 0x0,
    0xff, 0xf, 0xe0, 0x0, 0x0, 0xa, 0xf8, 0xf9,
    0x0, 0x0, 0x0, 0x4f, 0xff, 0x30, 0x0, 0x0,
    0x0, 0xef, 0xe0, 0x0, 0x0,

    /* U+0057 "W" */
    0x8f, 0x90, 0x0, 0x8f, 0xc0, 0x0, 0x5f, 0xc3,
    0xfd, 0x0, 0xc, 0xff, 0x0, 0x8, 0xf8, 0xf,
    0xf1, 0x0, 0xfe, 0xf4, 0x0, 0xcf, 0x40, 0xbf,
    0x40, 0x4f, 0x9f, 0x80, 0xf, 0xf0, 0x7, 0xf8,
    0x8, 0xf3, 0xfc, 0x4, 0xfb, 0x0, 0x2f, 0xc0,
    0xcf, 0xb, 0xf0, 0x8f, 0x70, 0x0, 0xef, 0x1f,
    0xb0, 0x7f, 0x4b, 0xf2, 0x0, 0xa, 0xf6, 0xf7,
    0x3, 0xf8, 0xfe, 0x0, 0x0, 0x5f, 0xcf, 0x30,
    0xe, 0xcf, 0xa0, 0x0, 0x1, 0xff, 0xe0, 0x0,
    0xaf, 0xf5, 0x0, 0x0, 0xd, 0xfa, 0x0, 0x6,
    0xff, 0x10, 0x0,

    /* U+0058 "X" */
    0x1e, 0xf4, 0x0, 0x7, 0xfc, 0x0, 0x5f, 0xe0,
    0x2, 0xff, 0x20, 0x0, 0xaf, 0x90, 0xcf, 0x60,
    0x0, 0x1, 0xef, 0x7f, 0xb0, 0x0, 0x0, 0x4,
    0xff, 0xf1, 0x0, 0x0, 0x0, 0xe, 0xfb, 0x0,
    0x0, 0x0, 0x8, 0xff, 0xf5, 0x0, 0x0, 0x3,
    0xfe, 0x4f, 0xe1, 0x0, 0x0, 0xdf, 0x50, 0x9f,
    0xb0, 0x0, 0x9f, 0xa0, 0x0, 0xdf, 0x60, 0x4f,
    0xe1, 0x0, 0x3, 0xff, 0x10,

    /* U+0059 "Y" */
    0x5f, 0xe0, 0x0, 0x3, 0xfe, 0x10, 0xbf, 0x70,
    0x0, 0xcf, 0x60, 0x2, 0xff, 0x10, 0x5f, 0xd0,
    0x0, 0x9, 0xf9, 0xd, 0xf3, 0x0, 0x0, 0xe,
    0xf8, 0xfa, 0x0, 0x0, 0x0, 0x5f, 0xff, 0x10,
    0x0, 0x0, 0x0, 0xcf, 0x70, 0x0, 0x0, 0x0,
    0xa, 0xf5, 0x0, 0x0, 0x0, 0x0, 0xaf, 0x50,
    0x0, 0x0, 0x0, 0xa, 0xf5, 0x0, 0x0, 0x0,
    0x0, 0xaf, 0x50, 0x0, 0x0,

    /* U+005A "Z" */
    0x2f, 0xff, 0xff, 0xff, 0xe1, 0x99, 0x99, 0x9c,
    0xfb, 0x0, 0x0, 0x2, 0xfe, 0x10, 0x0, 0x0,
    0xcf, 0x50, 0x0, 0x0, 0x8f, 0xa0, 0x0, 0x0,
    0x3f, 0xe1, 0x0, 0x0, 0xd, 0xf4, 0x0, 0x0,
    0x9, 0xf9, 0x0, 0x0, 0x4, 0xfd, 0x0, 0x0,
    0x0, 0xef, 0xb9, 0x99, 0x98, 0x2f, 0xff, 0xff,
    0xff, 0xf0,

    /* U+005B "[" */
    0x12, 0x21, 0x9f, 0xfc, 0x9f, 0x73, 0x9f, 0x40,
    0x9f, 0x40, 0x9f, 0x40, 0x9f, 0x40, 0x9f, 0x40,
    0x9f, 0x40, 0x9f, 0x40, 0x9f, 0x40, 0x9f, 0x40,
    0x9f, 0x51, 0x9f, 0xfc, 0x35, 0x53,

    /* U+005C "\\" */
    0x57, 0x0, 0x0, 0x7f, 0x30, 0x0, 0x3f, 0x70,
    0x0, 0xe, 0xc0, 0x0, 0xa, 0xf0, 0x0, 0x5,
    0xf5, 0x0, 0x1, 0xf9, 0x0, 0x0, 0xce, 0x0,
    0x0, 0x8f, 0x20, 0x0, 0x3f, 0x70, 0x0, 0xf,
    0xb0, 0x0, 0xa, 0xf0, 0x0, 0x6, 0xf4,

    /* U+005D "]" */
    0x2, 0x22, 0x3, 0xff, 0xf2, 0x15, 0xcf, 0x20,
    0xb, 0xf2, 0x0, 0xbf, 0x20, 0xb, 0xf2, 0x0,
    0xbf, 0x20, 0xb, 0xf2, 0x0, 0xbf, 0x20, 0xb,
    0xf2, 0x0, 0xbf, 0x20, 0xb, 0xf2, 0x2, 0xbf,
    0x23, 0xff, 0xf2, 0x15, 0x55, 0x0,

    /* U+005E "^" */
    0x0, 0x39, 0x50, 0x0, 0xc, 0xfe, 0x0, 0x4,
    0xf4, 0xf8, 0x0, 0xcb, 0x8, 0xf1, 0x3c, 0x30,
    0x1c, 0x50,

    /* U+005F "_" */
    0x22, 0x22, 0x22, 0x20, 0xff, 0xff, 0xff, 0xf0,
    0x55, 0x55, 0x55, 0x50,

    /* U+0060 "`" */
    0x22, 0x6, 0xf4, 0xb, 0xc0,

    /* U+0061 "a" */
    0x2, 0xae, 0xfd, 0x60, 0xe, 0xf9, 0x7d, 0xf4,
    0x3, 0x30, 0x5, 0xf9, 0x1, 0x7a, 0xcf, 0xf9,
    0x2f, 0xf9, 0x77, 0xf9, 0x6f, 0x70, 0x6, 0xf9,
    0x4f, 0xd6, 0x7e, 0xf9, 0x7, 0xef, 0xc6, 0xf9,

    /* U+0062 "b" */
    0xfe, 0x0, 0x0, 0x0, 0xfe, 0x0, 0x0, 0x0,
    0xfe, 0x0, 0x0, 0x0, 0xfe, 0x4d, 0xfc, 0x30,
    0xff, 0xe8, 0xaf, 0xf1, 0xff, 0x30, 0x9, 0xf7,
    0xfe, 0x0, 0x4, 0xfa, 0xfe, 0x0, 0x4, 0xfa,
    0xff, 0x30, 0x9, 0xf7, 0xff, 0xe9, 0xaf, 0xf1,
    0xfd, 0x4d, 0xfc, 0x30,

    /* U+0063 "c" */
    0x0, 0x7e, 0xfe, 0x80, 0x0, 0x9f, 0xd8, 0xcf,
    0xa0, 0x1f, 0xe0, 0x0, 0xa9, 0x5, 0xfa, 0x0,
    0x0, 0x0, 0x5f, 0xa0, 0x0, 0x0, 0x2, 0xfe,
    0x0, 0xb, 0xa0, 0x9, 0xfc, 0x8c, 0xfa, 0x0,
    0x7, 0xef, 0xe8, 0x0,

    /* U+0064 "d" */
    0x0, 0x0, 0x0, 0x9f, 0x50, 0x0, 0x0, 0x9,
    0xf5, 0x0, 0x0, 0x0, 0x9f, 0x50, 0xa, 0xff,
    0x89, 0xf5, 0xb, 0xfd, 0x8c, 0xef, 0x52, 0xfe,
    0x0, 0xd, 0xf5, 0x5f, 0xa0, 0x0, 0x9f, 0x55,
    0xfa, 0x0, 0x9, 0xf5, 0x2f, 0xe0, 0x0, 0xdf,
    0x50, 0xbf, 0xd8, 0xce, 0xf5, 0x0, 0x9f, 0xf8,
    0x8f, 0x50,

    /* U+0065 "e" */
    0x0, 0x7e, 0xfd, 0x70, 0x0, 0x9f, 0xb7, 0xbf,
    0x90, 0x1f, 0xc0, 0x0, 0xcf, 0x15, 0xff, 0xff,
    0xff, 0xf3, 0x5f, 0xa3, 0x33, 0x33, 0x2, 0xfc,
    0x0, 0x6, 0x50, 0x9, 0xfb, 0x7a, 0xfc, 0x0,
    0x7, 0xdf, 0xe9, 0x10,

    /* U+0066 "f" */
    0x0, 0x7e, 0xf7, 0x3, 0xfe, 0x83, 0x5, 0xf8,
    0x0, 0xdf, 0xff, 0xf4, 0x6a, 0xfc, 0x72, 0x5,
    0xf8, 0x0, 0x5, 0xf8, 0x0, 0x5, 0xf8, 0x0,
    0x5, 0xf8, 0x0, 0x5, 0xf8, 0x0, 0x5, 0xf8,
    0x0,

    /* U+0067 "g" */
    0x0, 0x9f, 0xf9, 0x8f, 0x50, 0xaf, 0xd8, 0xce,
    0xf5, 0x2f, 0xe0, 0x0, 0xdf, 0x55, 0xfa, 0x0,
    0x9, 0xf5, 0x5f, 0x90, 0x0, 0x8f, 0x52, 0xfd,
    0x0, 0xd, 0xf5, 0xc, 0xfc, 0x7b, 0xef, 0x50,
    0x1a, 0xff, 0x98, 0xf5, 0x0, 0x20, 0x0, 0x9f,
    0x40, 0xcf, 0x96, 0x9f, 0xe0, 0x1, 0xae, 0xfe,
    0xa1, 0x0,

    /* U+0068 "h" */
    0xfe, 0x0, 0x0, 0x0, 0xfe, 0x0, 0x0, 0x0,
    0xfe, 0x0, 0x0, 0x0, 0xfe, 0x6e, 0xfc, 0x20,
    0xff, 0xe9, 0xcf, 0xd0, 0xff, 0x20, 0xe, 0xf1,
    0xfe, 0x0, 0xc, 0xf2, 0xfe, 0x0, 0xc, 0xf2,
    0xfe, 0x0, 0xc, 0xf2, 0xfe, 0x0, 0xc, 0xf2,
    0xfe, 0x0, 0xc, 0xf2,

    /* U+0069 "i" */
    0xd, 0xc0, 0xe, 0xd0, 0x0, 0x0, 0xf, 0xe0,
    0xf, 0xe0, 0xf, 0xe0, 0xf, 0xe0, 0xf, 0xe0,
    0xf, 0xe0, 0xf, 0xe0, 0xf, 0xe0,

    /* U+006A "j" */
    0x0, 0xdc, 0x0, 0xe, 0xd0, 0x0, 0x0, 0x0,
    0xf, 0xe0, 0x0, 0xfe, 0x0, 0xf, 0xe0, 0x0,
    0xfe, 0x0, 0xf, 0xe0, 0x0, 0xfe, 0x0, 0xf,
    0xe0, 0x0, 0xfe, 0x0, 0xf, 0xe0, 0x2a, 0xfb,
    0x5, 0xfc, 0x20,

    /* U+006B "k" */
    0xfe, 0x0, 0x0, 0x0, 0xfe, 0x0, 0x0, 0x0,
    0xfe, 0x0, 0x0, 0x0, 0xfe, 0x0, 0x7f, 0xb0,
    0xfe, 0x5, 0xfc, 0x0, 0xfe, 0x4f, 0xd1, 0x0,
    0xff, 0xff, 0x40, 0x0, 0xff, 0xef, 0xc0, 0x0,
    0xff, 0xb, 0xf8, 0x0, 0xfe, 0x1, 0xef, 0x40,
    0xfe, 0x0, 0x4f, 0xe1,

    /* U+006C "l" */
    0xfe, 0xfe, 0xfe, 0xfe, 0xfe, 0xfe, 0xfe, 0xfe,
    0xfe, 0xfe, 0xfe,

    /* U+006D "m" */
    0xfd, 0x6e, 0xf8, 0x1a, 0xfe, 0x70, 0xff, 0xc7,
    0xdf, 0xda, 0x8f, 0xf3, 0xff, 0x0, 0x3f, 0xc0,
    0x7, 0xf7, 0xfe, 0x0, 0x3f, 0xa0, 0x6, 0xf7,
    0xfe, 0x0, 0x3f, 0xa0, 0x6, 0xf7, 0xfe, 0x0,
    0x3f, 0xa0, 0x6, 0xf7, 0xfe, 0x0, 0x3f, 0xa0,
    0x6, 0xf7, 0xfe, 0x0, 0x3f, 0xa0, 0x6, 0xf7,

    /* U+006E "n" */
    0xfd, 0x5e, 0xfc, 0x20, 0xfe, 0xd8, 0xbf, 0xd0,
    0xff, 0x10, 0xe, 0xf1, 0xfe, 0x0, 0xc, 0xf2,
    0xfe, 0x0, 0xc, 0xf2, 0xfe, 0x0, 0xc, 0xf2,
    0xfe, 0x0, 0xc, 0xf2, 0xfe, 0x0, 0xc, 0xf2,

    /* U+006F "o" */
    0x0, 0x7e, 0xfe, 0x80, 0x0, 0x9f, 0xd8, 0xcf,
    0xb0, 0x1f, 0xe0, 0x0, 0xdf, 0x35, 0xfa, 0x0,
    0x8, 0xf6, 0x5f, 0xa0, 0x0, 0x8f, 0x62, 0xfe,
    0x0, 0xd, 0xf3, 0x9, 0xfc, 0x8c, 0xfb, 0x0,
    0x7, 0xef, 0xe8, 0x0,

    /* U+0070 "p" */
    0xfd, 0x5e, 0xfc, 0x30, 0xff, 0xd7, 0x9f, 0xf1,
    0xff, 0x20, 0x9, 0xf7, 0xfe, 0x0, 0x4, 0xfa,
    0xfe, 0x0, 0x4, 0xfa, 0xff, 0x30, 0x9, 0xf7,
    0xff, 0xe9, 0xaf, 0xf1, 0xfe, 0x4d, 0xfc, 0x30,
    0xfe, 0x0, 0x0, 0x0, 0xfe, 0x0, 0x0, 0x0,
    0xfe, 0x0, 0x0, 0x0,

    /* U+0071 "q" */
    0x0, 0xaf, 0xf8, 0x8f, 0x50, 0xbf, 0xd8, 0xce,
    0xf5, 0x2f, 0xe0, 0x0, 0xdf, 0x55, 0xfa, 0x0,
    0x9, 0xf5, 0x5f, 0xa0, 0x0, 0x9f, 0x52, 0xfe,
    0x0, 0xd, 0xf5, 0xb, 0xfd, 0x8c, 0xef, 0x50,
    0x9, 0xff, 0x89, 0xf5, 0x0, 0x0, 0x0, 0x9f,
    0x50, 0x0, 0x0, 0x9, 0xf5, 0x0, 0x0, 0x0,
    0x9f, 0x50,

    /* U+0072 "r" */
    0x0, 0x0, 0xf, 0xd7, 0xfa, 0xff, 0xe9, 0x5f,
    0xf2, 0x0, 0xfe, 0x0, 0xf, 0xe0, 0x0, 0xfe,
    0x0, 0xf, 0xe0, 0x0, 0xfe, 0x0, 0x0,

    /* U+0073 "s" */
    0x2, 0xbf, 0xfc, 0x50, 0xe, 0xf8, 0x6d, 0xf3,
    0x1f, 0xd0, 0x2, 0x30, 0xb, 0xfe, 0xb7, 0x20,
    0x0, 0x59, 0xcf, 0xf4, 0x16, 0x40, 0x7, 0xf9,
    0x2f, 0xf8, 0x7d, 0xf5, 0x3, 0xbf, 0xfd, 0x60,

    /* U+0074 "t" */
    0xb, 0xf3, 0x0, 0xb, 0xf3, 0x0, 0xdf, 0xff,
    0xd0, 0x6d, 0xf9, 0x50, 0xb, 0xf3, 0x0, 0xb,
    0xf3, 0x0, 0xb, 0xf3, 0x0, 0xb, 0xf3, 0x0,
    0x9, 0xfb, 0x60, 0x1, 0xcf, 0xe0,

    /* U+0075 "u" */
    0xfe, 0x0, 0xc, 0xf2, 0xfe, 0x0, 0xc, 0xf2,
    0xfe, 0x0, 0xc, 0xf2, 0xfe, 0x0, 0xc, 0xf2,
    0xfe, 0x0, 0xc, 0xf2, 0xff, 0x10, 0xe, 0xf2,
    0xbf, 0xd9, 0xde, 0xf2, 0x1b, 0xfe, 0x6a, 0xf2,

    /* U+0076 "v" */
    0x8f, 0x70, 0x0, 0xbf, 0x42, 0xfd, 0x0, 0x1f,
    0xe0, 0xc, 0xf2, 0x6, 0xf8, 0x0, 0x6f, 0x80,
    0xbf, 0x20, 0x0, 0xfd, 0x1f, 0xc0, 0x0, 0xa,
    0xf7, 0xf6, 0x0, 0x0, 0x4f, 0xff, 0x0, 0x0,
    0x0, 0xdf, 0xa0, 0x0,

    /* U+0077 "w" */
    0x8f, 0x70, 0xb, 0xf5, 0x0, 0xef, 0x13, 0xfb,
    0x0, 0xff, 0x90, 0x2f, 0xc0, 0xe, 0xf0, 0x4f,
    0xdd, 0x6, 0xf7, 0x0, 0x9f, 0x38, 0xf6, 0xf1,
    0xaf, 0x20, 0x5, 0xf7, 0xcb, 0x2f, 0x5e, 0xd0,
    0x0, 0xf, 0xbf, 0x60, 0xdb, 0xf9, 0x0, 0x0,
    0xbf, 0xf1, 0x9, 0xff, 0x40, 0x0, 0x6, 0xfd,
    0x0, 0x4f, 0xe0, 0x0,

    /* U+0078 "x" */
    0x2f, 0xe0, 0x5, 0xfb, 0x0, 0x8f, 0x80, 0xef,
    0x10, 0x0, 0xdf, 0x9f, 0x60, 0x0, 0x3, 0xff,
    0xb0, 0x0, 0x0, 0x5f, 0xfc, 0x0, 0x0, 0x1e,
    0xe7, 0xf7, 0x0, 0xa, 0xf5, 0xd, 0xf2, 0x5,
    0xfb, 0x0, 0x4f, 0xc0,

    /* U+0079 "y" */
    0x8f, 0x70, 0x0, 0xaf, 0x52, 0xfd, 0x0, 0x1f,
    0xe0, 0xc, 0xf2, 0x6, 0xf8, 0x0, 0x5f, 0x80,
    0xcf, 0x20, 0x0, 0xfd, 0x1f, 0xc0, 0x0, 0x9,
    0xf8, 0xf5, 0x0, 0x0, 0x3f, 0xff, 0x0, 0x0,
    0x0, 0xdf, 0x90, 0x0, 0x0, 0xc, 0xf3, 0x0,
    0x0, 0x69, 0xfb, 0x0, 0x0, 0xe, 0xfb, 0x10,
    0x0, 0x0,

    /* U+007A "z" */
    0xf, 0xff, 0xff, 0xf6, 0x9, 0x99, 0x9f, 0xf3,
    0x0, 0x0, 0xaf, 0x70, 0x0, 0x7, 0xfb, 0x0,
    0x0, 0x4f, 0xd0, 0x0, 0x2, 0xef, 0x20, 0x0,
    0xd, 0xfd, 0x99, 0x95, 0x2f, 0xff, 0xff, 0xf9,

    /* U+007B "{" */
    0x0, 0x5d, 0xf0, 0x1, 0xfe, 0x70, 0x5, 0xf7,
    0x0, 0x5, 0xf6, 0x0, 0x5, 0xf6, 0x0, 0xa,
    0xf3, 0x0, 0xff, 0x50, 0x0, 0xcf, 0xf2, 0x0,
    0x7, 0xf6, 0x0, 0x5, 0xf6, 0x0, 0x5, 0xf6,
    0x0, 0x3, 0xfc, 0x20, 0x0, 0xaf, 0xf0, 0x0,
    0x2, 0x40,

    /* U+007C "|" */
    0x18, 0x43, 0xf9, 0x3f, 0x93, 0xf9, 0x3f, 0x93,
    0xf9, 0x3f, 0x93, 0xf9, 0x3f, 0x93, 0xf9, 0x3f,
    0x93, 0xf9, 0x3f, 0x93, 0xf9, 0x3f, 0x93, 0xf9,
    0x3f, 0x93, 0xf9,

    /* U+007D "}" */
    0x3f, 0xc3, 0x0, 0x18, 0xfe, 0x0, 0x0, 0xaf,
    0x10, 0x0, 0xaf, 0x20, 0x0, 0x9f, 0x20, 0x0,
    0x6f, 0x70, 0x0, 0x7, 0xfc, 0x0, 0x5f, 0xf9,
    0x0, 0x9f, 0x40, 0x0, 0xaf, 0x20, 0x0, 0xaf,
    0x20, 0x3, 0xef, 0x0, 0x3f, 0xf7, 0x0, 0x14,
    0x10, 0x0,

    /* U+007E "~" */
    0x2c, 0xfb, 0x10, 0x8a, 0xaf, 0x9e, 0xe9, 0xfb,
    0x98, 0x1, 0xbf, 0xd2,

    /* U+00A0 " " */

    /* U+00A1 "¡" */
    0x8f, 0x5b, 0xf7, 0x3, 0x1, 0x31, 0x8f, 0x48,
    0xf4, 0x9f, 0x59, 0xf5, 0x9f, 0x5a, 0xf6, 0xaf,
    0x60,

    /* U+00A2 "¢" */
    0x0, 0x0, 0xe0, 0x0, 0x0, 0x0, 0xe, 0x0,
    0x0, 0x1, 0xaf, 0xff, 0xb1, 0x0, 0xcf, 0xaf,
    0x9f, 0xc0, 0x3f, 0xc0, 0xe0, 0x65, 0x5, 0xf9,
    0xe, 0x0, 0x0, 0x4f, 0xb0, 0xe0, 0x32, 0x0,
    0xdf, 0x7e, 0x6f, 0xd0, 0x2, 0xdf, 0xff, 0xd3,
    0x0, 0x0, 0x3f, 0x30, 0x0, 0x0, 0x0, 0xe0,
    0x0, 0x0,

    /* U+00A3 "£" */
    0x0, 0x9, 0xef, 0xc4, 0x0, 0xb, 0xfc, 0xaf,
    0xf2, 0x2, 0xfc, 0x0, 0x5f, 0x80, 0x4f, 0x90,
    0x0, 0x0, 0x4, 0xfa, 0x0, 0x0, 0x4, 0xff,
    0xff, 0xfb, 0x0, 0x15, 0xfc, 0x33, 0x20, 0x0,
    0x1f, 0xb0, 0x0, 0x0, 0x1, 0xf9, 0x0, 0x7,
    0x53, 0xdf, 0xa9, 0x9a, 0xfa, 0x4f, 0xff, 0xff,
    0xfd, 0x20,

    /* U+00A4 "¤" */
    0x0, 0x0, 0x0, 0x0, 0x0, 0x0, 0xca, 0x8e,
    0xfe, 0x97, 0xe1, 0x5, 0xfe, 0x63, 0x6d, 0xf8,
    0x0, 0x6f, 0x20, 0x0, 0x1d, 0x90, 0xb, 0x90,
    0x0, 0x0, 0x7e, 0x0, 0xd7, 0x0, 0x0, 0x4,
    0xf0, 0xb, 0xa0, 0x0, 0x0, 0x7e, 0x0, 0x5f,
    0x30, 0x0, 0x1e, 0x80, 0x8, 0xff, 0x74, 0x6e,
    0xfb, 0x0, 0x97, 0x7d, 0xfe, 0x85, 0xb0, 0x0,
    0x0, 0x0, 0x0, 0x0, 0x0,

    /* U+00A5 "¥" */
    0x9f, 0x70, 0x0, 0xff, 0x12, 0xfd, 0x0, 0x6f,
    0x90, 0xb, 0xf3, 0xc, 0xf2, 0x0, 0x4f, 0x92,
    0xfb, 0x0, 0x0, 0xde, 0x9f, 0x40, 0x0, 0x17,
    0xff, 0xe1, 0x0, 0x2f, 0xff, 0xff, 0xf6, 0x0,
    0x44, 0xdf, 0x54, 0x10, 0x2f, 0xff, 0xff, 0xf6,
    0x0, 0x22, 0xcf, 0x42, 0x10, 0x0, 0xc, 0xf2,
    0x0, 0x0,

    /* U+00A6 "¦" */
    0x8f, 0x38, 0xf3, 0x8f, 0x38, 0xf3, 0x7e, 0x30,
    0x0, 0x0, 0x0, 0x0, 0x8f, 0x38, 0xf3, 0x8f,
    0x38, 0xf3, 0x7e, 0x30,

    /* U+00A7 "§" */
    0x0, 0x9e, 0xfc, 0x30, 0x7, 0xfb, 0x8e, 0xe0,
    0xb, 0xf0, 0x5, 0x81, 0x7, 0xf9, 0x10, 0x0,
    0x2, 0xef, 0xf8, 0x10, 0x1f, 0x83, 0xaf, 0xe2,
    0x3f, 0x60, 0x2, 0xfa, 0xd, 0xf9, 0x20, 0xea,
    0x1, 0xaf, 0xfe, 0xb1, 0x0, 0x2, 0xaf, 0xc0,
    0x2, 0x30, 0x9, 0xf3, 0xc, 0xf4, 0x3c, 0xf2,
    0x3, 0xef, 0xff, 0x80, 0x0, 0x4, 0x41, 0x0,

    /* U+00A8 "¨" */
    0xc, 0xb0, 0x9d, 0x10, 0xdc, 0xa, 0xe1,

    /* U+00A9 "©" */
    0x0, 0x7, 0xdf, 0xfc, 0x50, 0x0, 0x2, 0xdf,
    0xc8, 0x9e, 0xfa, 0x0, 0xd, 0xf4, 0x0, 0x0,
    0x8f, 0x80, 0x6f, 0x62, 0xcf, 0xfa, 0xb, 0xf1,
    0xae, 0xd, 0xd5, 0x6f, 0x94, 0xf5, 0xcc, 0x2f,
    0x40, 0x1, 0x11, 0xf7, 0xae, 0xe, 0xb2, 0x3d,
    0x84, 0xf5, 0x6f, 0x64, 0xef, 0xfc, 0x1b, 0xf1,
    0xd, 0xf4, 0x3, 0x30, 0x8f, 0x80, 0x2, 0xdf,
    0xc8, 0x9e, 0xfa, 0x0, 0x0, 0x7, 0xdf, 0xfc,
    0x50, 0x0,

    /* U+00AA "ª" */
    0x7, 0xef, 0xd4, 0x2, 0xc6, 0x2b, 0xf0, 0x2,
    0x68, 0xdf, 0x15, 0xf9, 0x59, 0xf1, 0x8f, 0x32,
    0xcf, 0x11, 0xcf, 0xd9, 0xf1,

    /* U+00AB "«" */
    0x0, 0xc, 0xf3, 0x9f, 0x70, 0xb, 0xf5, 0x6f,
    0xa0, 0x9, 0xf8, 0x5f, 0xc0, 0x2, 0xff, 0x1c,
    0xf4, 0x0, 0x5, 0xfc, 0x2e, 0xe2, 0x0, 0x7,
    0xfa, 0x3f, 0xd1, 0x0, 0x7, 0xa3, 0x4a, 0x60,

    /* U+00AC "¬" */
    0x38, 0x88, 0x88, 0x80, 0x6f, 0xff, 0xff, 0xf1,
    0x0, 0x0, 0x9, 0xf1, 0x0, 0x0, 0x9, 0xf1,

    /* U+00AE "®" */
    0x0, 0x2a, 0xee, 0xa2, 0x0, 0x4, 0xf7, 0x22,
    0x8f, 0x30, 0xe, 0x57, 0xcc, 0x46, 0xd0, 0x3e,
    0x9, 0x66, 0xa0, 0xe2, 0x4d, 0x9, 0xbd, 0x40,
    0xe3, 0xf, 0x38, 0x67, 0x84, 0xe0, 0x6, 0xe4,
    0x0, 0x5e, 0x50, 0x0, 0x5d, 0xff, 0xd4, 0x0,
    0x0, 0x0, 0x11, 0x0, 0x0,

    /* U+00AF "¯" */
    0x0, 0x0, 0xb, 0xff, 0xf7, 0x23, 0x33, 0x10,

    /* U+00B0 "°" */
    0x0, 0x0, 0x0, 0x3, 0xdf, 0xc1, 0xd, 0xb4,
    0xdb, 0x1f, 0x40, 0x6f, 0xf, 0x91, 0xbd, 0x5,
    0xff, 0xe3, 0x0, 0x13, 0x0,

    /* U+00B1 "±" */
    0x0, 0xc, 0xd0, 0x0, 0x0, 0xc, 0xd0, 0x0,
    0x9f, 0xff, 0xff, 0xfa, 0x48, 0x8e, 0xe8, 0x85,
    0x0, 0xc, 0xd0, 0x0, 0x0, 0x3, 0x30, 0x0,
    0x9f, 0xff, 0xff, 0xfa, 0x58, 0x88, 0x88, 0x85,

    /* U+00B2 "²" */
    0x7, 0xef, 0xc3, 0x2, 0xe7, 0x3d, 0xc0, 0x0,
    0x1, 0xea, 0x0, 0x5, 0xeb, 0x10, 0x9, 0xfa,
    0x33, 0x2, 0xff, 0xff, 0xf0,

    /* U+00B3 "³" */
    0x7, 0xef, 0xd6, 0x0, 0x96, 0x3c, 0xe0, 0x0,
    0x5f, 0xf5, 0x0, 0x0, 0x9, 0xf1, 0x2f, 0xa4,
    0xbf, 0x10, 0x6d, 0xfd, 0x50,

    /* U+00B4 "´" */
    0x2, 0x20, 0x1f, 0x90, 0x9e, 0x0,

    /* U+00B5 "µ" */
    0xfe, 0x0, 0xc, 0xf2, 0xf, 0xe0, 0x0, 0xcf,
    0x20, 0xfe, 0x0, 0xc, 0xf2, 0xf, 0xe0, 0x0,
    0xcf, 0x20, 0xfe, 0x0, 0xc, 0xf2, 0xf, 0xf0,
    0x0, 0xdf, 0x20, 0xff, 0xc6, 0xaf, 0xf9, 0xf,
    0xe9, 0xfc, 0x4d, 0xf2, 0xfe, 0x0, 0x0, 0x0,
    0xf, 0xe0, 0x0, 0x0, 0x0, 0xfe, 0x0, 0x0,
    0x0, 0x0,

    /* U+00B6 "¶" */
    0x1, 0x9e, 0xff, 0xff, 0xc, 0xff, 0xf8, 0xee,
    0x3f, 0xff, 0xe0, 0xce, 0x5f, 0xff, 0xe0, 0xce,
    0x3f, 0xff, 0xe0, 0xce, 0xb, 0xff, 0xe0, 0xce,
    0x0, 0x8d, 0xd0, 0xce, 0x0, 0x0, 0x0, 0xce,
    0x0, 0x0, 0x0, 0xce, 0x0, 0x0, 0x0, 0xce,
    0x0, 0x0, 0x0, 0xce,

    /* U+00B7 "·" */
    0x3, 0xb, 0xf6, 0x8f, 0x40,

    /* U+00B8 "¸" */
    0x7, 0x0, 0x2e, 0x80, 0x0, 0xf3, 0x6d, 0xb0,

    /* U+00B9 "¹" */
    0x8, 0xff, 0x3c, 0xcf, 0x0, 0x9f, 0x0, 0x9f,
    0x0, 0x9f, 0x0, 0x9f,

    /* U+00BA "º" */
    0x4, 0xdf, 0xe7, 0x2, 0xfb, 0x48, 0xf6, 0x7f,
    0x20, 0xe, 0xb7, 0xf2, 0x0, 0xeb, 0x2f, 0xb4,
    0x8f, 0x60, 0x4d, 0xfe, 0x70,

    /* U+00BB "»" */
    0x1e, 0xe2, 0xbf, 0x50, 0x0, 0x3f, 0xd2, 0xdf,
    0x30, 0x0, 0x4f, 0xc2, 0xee, 0x20, 0x0, 0xcf,
    0x48, 0xf9, 0x0, 0x9f, 0x84, 0xfc, 0x0, 0x7f,
    0xa3, 0xfd, 0x10, 0x1a, 0x90, 0x9a, 0x20, 0x0,

    /* U+00BC "¼" */
    0x9, 0xd5, 0x0, 0x0, 0x4c, 0x10, 0x6a, 0xf6,
    0x0, 0x1, 0xe7, 0x0, 0x10, 0xf6, 0x0, 0xa,
    0xc0, 0x0, 0x0, 0xf6, 0x0, 0x5f, 0x20, 0x0,
    0x0, 0xf6, 0x1, 0xe6, 0x0, 0x0, 0x0, 0xf6,
    0xb, 0xb0, 0xd, 0xf2, 0x0, 0x0, 0x6e, 0x10,
    0x6e, 0xf2, 0x0, 0x2, 0xf5, 0x1, 0xe6, 0xf2,
    0x0, 0xc, 0x90, 0x9, 0xb1, 0xf2, 0x0, 0x7e,
    0x0, 0xe, 0xff, 0xfd, 0x3, 0xf4, 0x0, 0x2,
    0x24, 0xf4,

    /* U+00BD "½" */
    0x6, 0xa3, 0x0, 0x0, 0x2a, 0x10, 0x6, 0xcf,
    0x60, 0x0, 0xc, 0x90, 0x0, 0x20, 0xf6, 0x0,
    0x8, 0xd0, 0x0, 0x0, 0xf, 0x60, 0x3, 0xf3,
    0x0, 0x0, 0x0, 0xf6, 0x0, 0xd8, 0x0, 0x0,
    0x0, 0xf, 0x60, 0x9c, 0x5, 0xef, 0x90, 0x0,
    0x21, 0x4f, 0x20, 0xb7, 0x5f, 0x40, 0x0, 0x1e,
    0x60, 0x0, 0x4, 0xf2, 0x0, 0xa, 0xb0, 0x0,
    0x3, 0xf7, 0x0, 0x6, 0xe1, 0x0, 0x3, 0xf8,
    0x0, 0x2, 0xf5, 0x0, 0x0, 0xdf, 0xff, 0x60,
    0x12, 0x0, 0x0, 0x2, 0x22, 0x21,

    /* U+00BE "¾" */
    0x7, 0xed, 0x40, 0x0, 0x3, 0xe3, 0x0, 0x2d,
    0x49, 0xe0, 0x0, 0xd, 0x90, 0x0, 0x0, 0x8,
    0xe0, 0x0, 0x9d, 0x0, 0x0, 0x0, 0xcf, 0x80,
    0x4, 0xf3, 0x0, 0x0, 0x26, 0x37, 0xf3, 0xe,
    0x80, 0x13, 0x0, 0x1a, 0xfe, 0x90, 0x9c, 0x0,
    0xcf, 0x50, 0x0, 0x0, 0x4, 0xf2, 0x5, 0xdf,
    0x50, 0x0, 0x0, 0x1e, 0x70, 0xd, 0x5f, 0x50,
    0x0, 0x0, 0xac, 0x0, 0x7d, 0xf, 0x50, 0x0,
    0x5, 0xf2, 0x0, 0xcf, 0xff, 0xf0, 0x0, 0x1f,
    0x60, 0x0, 0x22, 0x2f, 0x60,

    /* U+00BF "¿" */
    0x0, 0x7, 0xf5, 0x0, 0x0, 0xa, 0xf8, 0x0,
    0x0, 0x0, 0x30, 0x0, 0x0, 0x4, 0xa3, 0x0,
    0x0, 0xa, 0xf3, 0x0, 0x0, 0x9f, 0xd0, 0x0,
    0xc, 0xfa, 0x10, 0x0, 0x3f, 0xd0, 0x0, 0x0,
    0x3f, 0xc0, 0x6, 0xf8, 0xd, 0xfb, 0x9f, 0xf2,
    0x2, 0xaf, 0xfc, 0x40,

    /* U+00C0 "À" */
    0x0, 0x6, 0xf5, 0x0, 0x0, 0x0, 0x0, 0xb,
    0xd0, 0x0, 0x0, 0x0, 0x0, 0x2, 0x0, 0x0,
    0x0, 0x0, 0xf, 0xfd, 0x0, 0x0, 0x0, 0x5,
    0xff, 0xf2, 0x0, 0x0, 0x0, 0xbf, 0x8f, 0x80,
    0x0, 0x0, 0x1f, 0xe1, 0xfe, 0x0, 0x0, 0x6,
    0xf9, 0xc, 0xf3, 0x0, 0x0, 0xbf, 0x40, 0x7f,
    0x90, 0x0, 0x1f, 0xf0, 0x2, 0xfe, 0x0, 0x6,
    0xff, 0xff, 0xff, 0xf4, 0x0, 0xcf, 0xa8, 0x88,
    0xbf, 0xa0, 0x2f, 0xf0, 0x0, 0x1, 0xff, 0x7,
    0xfa, 0x0, 0x0, 0xc, 0xf5,

    /* U+00C1 "Á" */
    0x0, 0x0, 0x8, 0xf4, 0x0, 0x0, 0x0, 0x0,
    0xe8, 0x0, 0x0, 0x0, 0x0, 0x2, 0x0, 0x0,
    0x0, 0x0, 0xf, 0xfd, 0x0, 0x0, 0x0, 0x5,
    0xff, 0xf2, 0x0, 0x0, 0x0, 0xbf, 0x8f, 0x80,
    0x0, 0x0, 0x1f, 0xe1, 0xfe, 0x0, 0x0, 0x6,
    0xf9, 0xc, 0xf3, 0x0, 0x0, 0xbf, 0x40, 0x7f,
    0x90, 0x0, 0x1f, 0xf0, 0x2, 0xfe, 0x0, 0x6,
    0xff, 0xff, 0xff, 0xf4, 0x0, 0xcf, 0xa8, 0x88,
    0xbf, 0xa0, 0x2f, 0xf0, 0x0, 0x1, 0xff, 0x7,
    0xfa, 0x0, 0x0, 0xc, 0xf5,

    /* U+00C2 "Â" */
    0x0, 0x0, 0x48, 0x30, 0x0, 0x0, 0x0, 0x5f,
    0xaf, 0x30, 0x0, 0x0, 0x7, 0x40, 0x67, 0x0,
    0x0, 0x0, 0xf, 0xfd, 0x0, 0x0, 0x0, 0x5,
    0xff, 0xf2, 0x0, 0x0, 0x0, 0xbf, 0x8f, 0x80,
    0x0, 0x0, 0x1f, 0xe1, 0xfe, 0x0, 0x0, 0x6,
    0xf9, 0xc, 0xf3, 0x0, 0x0, 0xbf, 0x40, 0x7f,
    0x90, 0x0, 0x1f, 0xf0, 0x2, 0xfe, 0x0, 0x6,
    0xff, 0xff, 0xff, 0xf4, 0x0, 0xcf, 0xa8, 0x88,
    0xbf, 0xa0, 0x2f, 0xf0, 0x0, 0x1, 0xff, 0x7,
    0xfa, 0x0, 0x0, 0xc, 0xf5,

    /* U+00C3 "Ã" */
    0x0, 0x6, 0xe7, 0x5c, 0x0, 0x0, 0x0, 0xe6,
    0xbf, 0x70, 0x0, 0x0, 0x2, 0x0, 0x10, 0x0,
    0x0, 0x0, 0xf, 0xfd, 0x0, 0x0, 0x0, 0x5,
    0xff, 0xf2, 0x0, 0x0, 0x0, 0xbf, 0x8f, 0x80,
    0x0, 0x0, 0x1f, 0xe1, 0xfe, 0x0, 0x0, 0x6,
    0xf9, 0xc, 0xf3, 0x0, 0x0, 0xbf, 0x40, 0x7f,
    0x90, 0x0, 0x1f, 0xf0, 0x2, 0xfe, 0x0, 0x6,
    0xff, 0xff, 0xff, 0xf4, 0x0, 0xcf, 0xa8, 0x88,
    0xbf, 0xa0, 0x2f, 0xf0, 0x0, 0x1, 0xff, 0x7,
    0xfa, 0x0, 0x0, 0xc, 0xf5,

    /* U+00C4 "Ä" */
    0x0, 0x1d, 0x90, 0xbc, 0x0, 0x0, 0x1, 0xea,
    0xc, 0xd0, 0x0, 0x0, 0x0, 0x0, 0x0, 0x0,
    0x0, 0x0, 0xf, 0xfd, 0x0, 0x0, 0x0, 0x5,
    0xff, 0xf2, 0x0, 0x0, 0x0, 0xbf, 0x8f, 0x80,
    0x0, 0x0, 0x1f, 0xe1, 0xfe, 0x0, 0x0, 0x6,
    0xf9, 0xc, 0xf3, 0x0, 0x0, 0xbf, 0x40, 0x7f,
    0x90, 0x0, 0x1f, 0xf0, 0x2, 0xfe, 0x0, 0x6,
    0xff, 0xff, 0xff, 0xf4, 0x0, 0xcf, 0xa8, 0x88,
    0xbf, 0xa0, 0x2f, 0xf0, 0x0, 0x1, 0xff, 0x7,
    0xfa, 0x0, 0x0, 0xc, 0xf5,

    /* U+00C5 "Å" */
    0x0, 0x2, 0xce, 0xb1, 0x0, 0x0, 0x0, 0x8b,
    0xd, 0x50, 0x0, 0x0, 0x2, 0xce, 0xb1, 0x0,
    0x0, 0x0, 0xf, 0xfd, 0x0, 0x0, 0x0, 0x5,
    0xff, 0xf2, 0x0, 0x0, 0x0, 0xbf, 0x8f, 0x80,
    0x0, 0x0, 0x1f, 0xe1, 0xfe, 0x0, 0x0, 0x6,
    0xf9, 0xc, 0xf3, 0x0, 0x0, 0xbf, 0x40, 0x7f,
    0x90, 0x0, 0x1f, 0xf0, 0x2, 0xfe, 0x0, 0x6,
    0xff, 0xff, 0xff, 0xf4, 0x0, 0xcf, 0xa8, 0x88,
    0xbf, 0xa0, 0x2f, 0xf0, 0x0, 0x1, 0xff, 0x7,
    0xfa, 0x0, 0x0, 0xc, 0xf5,

    /* U+00C6 "Æ" */
    0x0, 0x0, 0xf, 0xff, 0xff, 0xff, 0xff, 0x40,
    0x0, 0x6, 0xf9, 0xcf, 0xa9, 0x99, 0x92, 0x0,
    0x0, 0xdf, 0x2b, 0xf2, 0x0, 0x0, 0x0, 0x0,
    0x5f, 0xb0, 0xbf, 0x20, 0x0, 0x0, 0x0, 0xc,
    0xf4, 0xb, 0xf2, 0x0, 0x0, 0x0, 0x3, 0xfd,
    0x0, 0xbf, 0xff, 0xff, 0xf0, 0x0, 0xaf, 0x81,
    0x1c, 0xfa, 0x99, 0x98, 0x0, 0x1f, 0xff, 0xff,
    0xff, 0x20, 0x0, 0x0, 0x8, 0xfa, 0x44, 0x4d,
    0xf2, 0x0, 0x0, 0x0, 0xef, 0x20, 0x0, 0xbf,
    0xa9, 0x99, 0x93, 0x6f, 0xb0, 0x0, 0xb, 0xff,
    0xff, 0xff, 0x50,

    /* U+00C7 "Ç" */
    0x0, 0x7, 0xdf, 0xeb, 0x30, 0x0, 0xc, 0xfe,
    0xbc, 0xff, 0x50, 0x8, 0xfb, 0x0, 0x4, 0xff,
    0x0, 0xff, 0x10, 0x0, 0x8, 0xb3, 0x2f, 0xc0,
    0x0, 0x0, 0x0, 0x3, 0xfb, 0x0, 0x0, 0x0,
    0x0, 0x2f, 0xc0, 0x0, 0x0, 0x0, 0x0, 0xff,
    0x10, 0x0, 0x8, 0xb3, 0x9, 0xfb, 0x0, 0x4,
    0xfe, 0x0, 0xc, 0xfe, 0xbc, 0xff, 0x50, 0x0,
    0x8, 0xdf, 0xfb, 0x30, 0x0, 0x0, 0x0, 0xd7,
    0x0, 0x0, 0x0, 0x0, 0x2, 0xb7, 0x0, 0x0,
    0x0, 0x2, 0xce, 0x30, 0x0,

    /* U+00C8 "È" */
    0x2, 0xf9, 0x0, 0x0, 0x0, 0x7f, 0x10, 0x0,
    0x0, 0x2, 0x0, 0x0, 0xef, 0xff, 0xff, 0xf3,
    0xef, 0x99, 0x99, 0x91, 0xef, 0x0, 0x0, 0x0,
    0xef, 0x0, 0x0, 0x0, 0xef, 0x0, 0x0, 0x0,
    0xef, 0xff, 0xff, 0xd0, 0xef, 0x99, 0x99, 0x70,
    0xef, 0x0, 0x0, 0x0, 0xef, 0x0, 0x0, 0x0,
    0xef, 0x99, 0x99, 0x92, 0xef, 0xff, 0xff, 0xf3,

    /* U+00C9 "É" */
    0x0, 0x4, 0xf7, 0x0, 0x0, 0xb, 0xc0, 0x0,
    0x0, 0x2, 0x10, 0x0, 0xef, 0xff, 0xff, 0xf3,
    0xef, 0x99, 0x99, 0x91, 0xef, 0x0, 0x0, 0x0,
    0xef, 0x0, 0x0, 0x0, 0xef, 0x0, 0x0, 0x0,
    0xef, 0xff, 0xff, 0xd0, 0xef, 0x99, 0x99, 0x70,
    0xef, 0x0, 0x0, 0x0, 0xef, 0x0, 0x0, 0x0,
    0xef, 0x99, 0x99, 0x92, 0xef, 0xff, 0xff, 0xf3,

    /* U+00CA "Ê" */
    0x0, 0x38, 0x50, 0x0, 0x3, 0xea, 0xf6, 0x0,
    0x6, 0x60, 0x47, 0x10, 0xef, 0xff, 0xff, 0xf3,
    0xef, 0x99, 0x99, 0x91, 0xef, 0x0, 0x0, 0x0,
    0xef, 0x0, 0x0, 0x0, 0xef, 0x0, 0x0, 0x0,
    0xef, 0xff, 0xff, 0xd0, 0xef, 0x99, 0x99, 0x70,
    0xef, 0x0, 0x0, 0x0, 0xef, 0x0, 0x0, 0x0,
    0xef, 0x99, 0x99, 0x92, 0xef, 0xff, 0xff, 0xf3,

    /* U+00CB "Ë" */
    0xa, 0xc0, 0x7d, 0x10, 0xb, 0xd0, 0x8e, 0x20,
    0x0, 0x0, 0x0, 0x0, 0xef, 0xff, 0xff, 0xf3,
    0xef, 0x99, 0x99, 0x91, 0xef, 0x0, 0x0, 0x0,
    0xef, 0x0, 0x0, 0x0, 0xef, 0x0, 0x0, 0x0,
    0xef, 0xff, 0xff, 0xd0, 0xef, 0x99, 0x99, 0x70,
    0xef, 0x0, 0x0, 0x0, 0xef, 0x0, 0x0, 0x0,
    0xef, 0x99, 0x99, 0x92, 0xef, 0xff, 0xff, 0xf3,

    /* U+00CC "Ì" */
    0xb, 0xf1, 0x0, 0x1f, 0x70, 0x0, 0x12, 0x0,
    0xe, 0xf0, 0x0, 0xef, 0x0, 0xe, 0xf0, 0x0,
    0xef, 0x0, 0xe, 0xf0, 0x0, 0xef, 0x0, 0xe,
    0xf0, 0x0, 0xef, 0x0, 0xe, 0xf0, 0x0, 0xef,
    0x0, 0xe, 0xf0,

    /* U+00CD "Í" */
    0xd, 0xd0, 0x5f, 0x30, 0x12, 0x0, 0xef, 0x0,
    0xef, 0x0, 0xef, 0x0, 0xef, 0x0, 0xef, 0x0,
    0xef, 0x0, 0xef, 0x0, 0xef, 0x0, 0xef, 0x0,
    0xef, 0x0, 0xef, 0x0,

    /* U+00CE "Î" */
    0x0, 0x77, 0x0, 0xb, 0xdc, 0xc0, 0x38, 0x21,
    0x74, 0x0, 0xef, 0x0, 0x0, 0xef, 0x0, 0x0,
    0xef, 0x0, 0x0, 0xef, 0x0, 0x0, 0xef, 0x0,
    0x0, 0xef, 0x0, 0x0, 0xef, 0x0, 0x0, 0xef,
    0x0, 0x0, 0xef, 0x0, 0x0, 0xef, 0x0, 0x0,
    0xef, 0x0,

    /* U+00CF "Ï" */
    0x5e, 0x42, 0xe7, 0x5f, 0x53, 0xf7, 0x0, 0x0,
    0x0, 0x0, 0xef, 0x0, 0x0, 0xef, 0x0, 0x0,
    0xef, 0x0, 0x0, 0xef, 0x0, 0x0, 0xef, 0x0,
    0x0, 0xef, 0x0, 0x0, 0xef, 0x0, 0x0, 0xef,
    0x0, 0x0, 0xef, 0x0, 0x0, 0xef, 0x0, 0x0,
    0xef, 0x0,

    /* U+00D0 "Ð" */
    0x7, 0xff, 0xff, 0xe9, 0x20, 0x0, 0x7f, 0xda,
    0xad, 0xff, 0x30, 0x7, 0xf8, 0x0, 0x6, 0xfd,
    0x0, 0x7f, 0x80, 0x0, 0xc, 0xf3, 0x18, 0xf8,
    0x11, 0x0, 0x8f, 0x7d, 0xff, 0xff, 0xf0, 0x6,
    0xf8, 0x39, 0xfa, 0x44, 0x0, 0x8f, 0x70, 0x7f,
    0x80, 0x0, 0xc, 0xf3, 0x7, 0xf8, 0x0, 0x7,
    0xfd, 0x0, 0x7f, 0xda, 0xad, 0xfe, 0x30, 0x7,
    0xff, 0xff, 0xe9, 0x10, 0x0,

    /* U+00D1 "Ñ" */
    0x0, 0x3e, 0x91, 0xf0, 0x0, 0x0, 0xa9, 0x8f,
    0xb0, 0x0, 0x0, 0x10, 0x1, 0x0, 0x0, 0xef,
    0x90, 0x0, 0xb, 0xf4, 0xef, 0xf3, 0x0, 0xb,
    0xf4, 0xef, 0xfd, 0x0, 0xb, 0xf4, 0xef, 0xaf,
    0x70, 0xb, 0xf4, 0xef, 0x2f, 0xf1, 0xb, 0xf4,
    0xef, 0x18, 0xfb, 0xb, 0xf4, 0xef, 0x10, 0xdf,
    0x4b, 0xf4, 0xef, 0x10, 0x3f, 0xda, 0xf4, 0xef,
    0x10, 0x9, 0xfe, 0xf4, 0xef, 0x10, 0x0, 0xdf,
    0xf4, 0xef, 0x10, 0x0, 0x4f, 0xf4,

    /* U+00D2 "Ò" */
    0x0, 0x1, 0xfb, 0x0, 0x0, 0x0, 0x0, 0x5,
    0xf2, 0x0, 0x0, 0x0, 0x0, 0x2, 0x10, 0x0,
    0x0, 0x0, 0x7d, 0xff, 0xb3, 0x0, 0x0, 0xcf,
    0xeb, 0xcf, 0xf5, 0x0, 0x8f, 0xb0, 0x0, 0x4f,
    0xf1, 0xf, 0xf1, 0x0, 0x0, 0x9f, 0x72, 0xfc,
    0x0, 0x0, 0x4, 0xfb, 0x3f, 0xb0, 0x0, 0x0,
    0x3f, 0xc2, 0xfc, 0x0, 0x0, 0x4, 0xfb, 0xf,
    0xf1, 0x0, 0x0, 0x9f, 0x70, 0x8f, 0xb0, 0x0,
    0x4f, 0xf1, 0x0, 0xcf, 0xeb, 0xcf, 0xf5, 0x0,
    0x0, 0x7d, 0xff, 0xb3, 0x0,

    /* U+00D3 "Ó" */
    0x0, 0x0, 0x2, 0xf9, 0x0, 0x0, 0x0, 0x0,
    0xad, 0x0, 0x0, 0x0, 0x0, 0x2, 0x10, 0x0,
    0x0, 0x0, 0x7d, 0xff, 0xb3, 0x0, 0x0, 0xcf,
    0xeb, 0xcf, 0xf5, 0x0, 0x8f, 0xb0, 0x0, 0x4f,
    0xf1, 0xf, 0xf1, 0x0, 0x0, 0x9f, 0x72, 0xfc,
    0x0, 0x0, 0x4, 0xfb, 0x3f, 0xb0, 0x0, 0x0,
    0x3f, 0xc2, 0xfc, 0x0, 0x0, 0x4, 0xfb, 0xf,
    0xf1, 0x0, 0x0, 0x9f, 0x70, 0x8f, 0xb0, 0x0,
    0x4f, 0xf1, 0x0, 0xcf, 0xeb, 0xcf, 0xf5, 0x0,
    0x0, 0x7d, 0xff, 0xb3, 0x0,

    /* U+00D4 "Ô" */
    0x0, 0x0, 0x8f, 0xe2, 0x0, 0x0, 0x0, 0x8f,
    0x3a, 0xe2, 0x0, 0x0, 0x0, 0x0, 0x0, 0x0,
    0x0, 0x0, 0x7d, 0xff, 0xb3, 0x0, 0x0, 0xcf,
    0xeb, 0xcf, 0xf5, 0x0, 0x8f, 0xb0, 0x0, 0x4f,
    0xf1, 0xf, 0xf1, 0x0, 0x0, 0x9f, 0x72, 0xfc,
    0x0, 0x0, 0x4, 0xfb, 0x3f, 0xb0, 0x0, 0x0,
    0x3f, 0xc2, 0xfc, 0x0, 0x0, 0x4, 0xfb, 0xf,
    0xf1, 0x0, 0x0, 0x9f, 0x70, 0x8f, 0xb0, 0x0,
    0x4f, 0xf1, 0x0, 0xcf, 0xeb, 0xcf, 0xf5, 0x0,
    0x0, 0x7d, 0xff, 0xb3, 0x0,

    /* U+00D5 "Õ" */
    0x0, 0x2, 0xea, 0x1e, 0x20, 0x0, 0x0, 0x9a,
    0x7f, 0xc0, 0x0, 0x0, 0x1, 0x10, 0x10, 0x0,
    0x0, 0x0, 0x7d, 0xff, 0xb3, 0x0, 0x0, 0xcf,
    0xeb, 0xcf, 0xf5, 0x0, 0x8f, 0xb0, 0x0, 0x4f,
    0xf1, 0xf, 0xf1, 0x0, 0x0, 0x9f, 0x72, 0xfc,
    0x0, 0x0, 0x4, 0xfb, 0x3f, 0xb0, 0x0, 0x0,
    0x3f, 0xc2, 0xfc, 0x0, 0x0, 0x4, 0xfb, 0xf,
    0xf1, 0x0, 0x0, 0x9f, 0x70, 0x8f, 0xb0, 0x0,
    0x4f, 0xf1, 0x0, 0xcf, 0xeb, 0xcf, 0xf5, 0x0,
    0x0, 0x7d, 0xff, 0xb3, 0x0,

    /* U+00D6 "Ö" */
    0x0, 0x9, 0xd1, 0x6e, 0x20, 0x0, 0x0, 0xae,
    0x17, 0xf3, 0x0, 0x0, 0x0, 0x0, 0x0, 0x0,
    0x0, 0x0, 0x7d, 0xff, 0xb3, 0x0, 0x0, 0xcf,
    0xeb, 0xcf, 0xf5, 0x0, 0x8f, 0xb0, 0x0, 0x4f,
    0xf1, 0xf, 0xf1, 0x0, 0x0, 0x9f, 0x72, 0xfc,
    0x0, 0x0, 0x4, 0xfb, 0x3f, 0xb0, 0x0, 0x0,
    0x3f, 0xc2, 0xfc, 0x0, 0x0, 0x4, 0xfb, 0xf,
    0xf1, 0x0, 0x0, 0x9f, 0x70, 0x8f, 0xb0, 0x0,
    0x4f, 0xf1, 0x0, 0xcf, 0xeb, 0xcf, 0xf5, 0x0,
    0x0, 0x7d, 0xff, 0xb3, 0x0,

    /* U+00D7 "×" */
    0x8, 0x0, 0x0, 0x81, 0x6f, 0xc1, 0xb, 0xf7,
    0x8, 0xfc, 0xbf, 0x90, 0x0, 0x8f, 0xf9, 0x0,
    0x1, 0xcf, 0xfd, 0x10, 0x1c, 0xf8, 0x6f, 0xd1,
    0x5f, 0x70, 0x6, 0xf7, 0x2, 0x0, 0x0, 0x20,

    /* U+00D8 "Ø" */
    0x0, 0x0, 0x0, 0x0, 0x1, 0x0, 0x0, 0x7d,
    0xff, 0xb8, 0xe0, 0x0, 0xcf, 0xeb, 0xcf, 0xf9,
    0x0, 0x8f, 0xb0, 0x0, 0xdf, 0xf1, 0xf, 0xf1,
    0x0, 0x9e, 0xaf, 0x72, 0xfc, 0x0, 0x4f, 0x44,
    0xfb, 0x3f, 0xb0, 0x1e, 0x80, 0x3f, 0xc2, 0xfc,
    0xb, 0xc0, 0x4, 0xfb, 0xf, 0xf9, 0xf2, 0x0,
    0x9f, 0x70, 0x8f, 0xf6, 0x0, 0x4f, 0xf1, 0x1,
    0xff, 0xeb, 0xcf, 0xf5, 0x0, 0x6d, 0x8d, 0xff,
    0xb3, 0x0, 0x0, 0x10, 0x0, 0x0, 0x0, 0x0,

    /* U+00D9 "Ù" */
    0x0, 0x5f, 0x60, 0x0, 0x0, 0x0, 0xae, 0x0,
    0x0, 0x0, 0x0, 0x20, 0x0, 0xe, 0xf0, 0x0,
    0x0, 0xff, 0xef, 0x0, 0x0, 0xf, 0xfe, 0xf0,
    0x0, 0x0, 0xff, 0xef, 0x0, 0x0, 0xf, 0xfe,
    0xf0, 0x0, 0x0, 0xff, 0xef, 0x0, 0x0, 0xf,
    0xfe, 0xf0, 0x0, 0x0, 0xff, 0xef, 0x10, 0x0,
    0x1f, 0xea, 0xf9, 0x0, 0x9, 0xfa, 0x2e, 0xfd,
    0xbd, 0xfe, 0x20, 0x2a, 0xef, 0xea, 0x20,

    /* U+00DA "Ú" */
    0x0, 0x0, 0x6f, 0x50, 0x0, 0x0, 0xe, 0xa0,
    0x0, 0x0, 0x0, 0x20, 0x0, 0xe, 0xf0, 0x0,
    0x0, 0xff, 0xef, 0x0, 0x0, 0xf, 0xfe, 0xf0,
    0x0, 0x0, 0xff, 0xef, 0x0, 0x0, 0xf, 0xfe,
    0xf0, 0x0, 0x0, 0xff, 0xef, 0x0, 0x0, 0xf,
    0xfe, 0xf0, 0x0, 0x0, 0xff, 0xef, 0x10, 0x0,
    0x1f, 0xea, 0xf9, 0x0, 0x9, 0xfa, 0x2e, 0xfd,
    0xbd, 0xfe, 0x20, 0x2a, 0xef, 0xea, 0x20,

    /* U+00DB "Û" */
    0x0, 0xb, 0xfb, 0x0, 0x0, 0xb, 0xd2, 0xdb,
    0x0, 0x0, 0x0, 0x0, 0x0, 0xe, 0xf0, 0x0,
    0x0, 0xff, 0xef, 0x0, 0x0, 0xf, 0xfe, 0xf0,
    0x0, 0x0, 0xff, 0xef, 0x0, 0x0, 0xf, 0xfe,
    0xf0, 0x0, 0x0, 0xff, 0xef, 0x0, 0x0, 0xf,
    0xfe, 0xf0, 0x0, 0x0, 0xff, 0xef, 0x10, 0x0,
    0x1f, 0xea, 0xf9, 0x0, 0x9, 0xfa, 0x2e, 0xfd,
    0xbd, 0xfe, 0x20, 0x2a, 0xef, 0xea, 0x20,

    /* U+00DC "Ü" */
    0x0, 0xca, 0xa, 0xc0, 0x0, 0xd, 0xb0, 0xad,
    0x0, 0x0, 0x0, 0x0, 0x0, 0xe, 0xf0, 0x0,
    0x0, 0xff, 0xef, 0x0, 0x0, 0xf, 0xfe, 0xf0,
    0x0, 0x0, 0xff, 0xef, 0x0, 0x0, 0xf, 0xfe,
    0xf0, 0x0, 0x0, 0xff, 0xef, 0x0, 0x0, 0xf,
    0xfe, 0xf0, 0x0, 0x0, 0xff, 0xef, 0x10, 0x0,
    0x1f, 0xea, 0xf9, 0x0, 0x9, 0xfa, 0x2e, 0xfd,
    0xbd, 0xfe, 0x20, 0x2a, 0xef, 0xea, 0x20,

    /* U+00DD "Ý" */
    0x0, 0x0, 0x9, 0xf2, 0x0, 0x0, 0x0, 0x1,
    0xf7, 0x0, 0x0, 0x0, 0x0, 0x2, 0x0, 0x0,
    0x5, 0xfe, 0x0, 0x0, 0x3f, 0xe1, 0xb, 0xf7,
    0x0, 0xc, 0xf6, 0x0, 0x2f, 0xf1, 0x5, 0xfd,
    0x0, 0x0, 0x9f, 0x90, 0xdf, 0x30, 0x0, 0x0,
    0xef, 0x8f, 0xa0, 0x0, 0x0, 0x5, 0xff, 0xf1,
    0x0, 0x0, 0x0, 0xc, 0xf7, 0x0, 0x0, 0x0,
    0x0, 0xaf, 0x50, 0x0, 0x0, 0x0, 0xa, 0xf5,
    0x0, 0x0, 0x0, 0x0, 0xaf, 0x50, 0x0, 0x0,
    0x0, 0xa, 0xf5, 0x0, 0x0,

    /* U+00DE "Þ" */
    0xff, 0x0, 0x0, 0x0, 0xff, 0x0, 0x0, 0x0,
    0xff, 0x88, 0x73, 0x0, 0xff, 0xff, 0xff, 0xa0,
    0xff, 0x0, 0x1b, 0xf6, 0xff, 0x0, 0x3, 0xfa,
    0xff, 0x0, 0x6, 0xf9, 0xff, 0x88, 0x9f, 0xf2,
    0xff, 0xff, 0xfb, 0x30, 0xff, 0x0, 0x0, 0x0,
    0xff, 0x0, 0x0, 0x0,

    /* U+00DF "ß" */
    0x7, 0xdf, 0xe9, 0x10, 0x8f, 0xea, 0xcf, 0xd0,
    0xef, 0x20, 0xd, 0xf3, 0xef, 0x0, 0xb, 0xf3,
    0xef, 0x0, 0x3f, 0xd0, 0xef, 0xb, 0xfe, 0x40,
    0xef, 0x5, 0x8e, 0xf6, 0xef, 0x0, 0x1, 0xfe,
    0xef, 0x0, 0x1, 0xfe, 0xef, 0x6, 0x9d, 0xf9,
    0xef, 0xc, 0xfe, 0x80,

    /* U+00E0 "à" */
    0x0, 0x22, 0x0, 0x0, 0x0, 0x7f, 0x30, 0x0,
    0x0, 0xc, 0xb0, 0x0, 0x0, 0x0, 0x0, 0x0,
    0x2, 0xae, 0xfd, 0x60, 0xe, 0xf9, 0x7d, 0xf4,
    0x3, 0x30, 0x5, 0xf9, 0x1, 0x7a, 0xcf, 0xf9,
    0x2f, 0xf9, 0x77, 0xf9, 0x6f, 0x70, 0x6, 0xf9,
    0x4f, 0xd6, 0x7e, 0xf9, 0x7, 0xef, 0xc6, 0xf9,

    /* U+00E1 "á" */
    0x0, 0x0, 0x12, 0x0, 0x0, 0x0, 0xcd, 0x0,
    0x0, 0x4, 0xf3, 0x0, 0x0, 0x0, 0x0, 0x0,
    0x2, 0xae, 0xfd, 0x60, 0xe, 0xf9, 0x7d, 0xf4,
    0x3, 0x30, 0x5, 0xf9, 0x1, 0x7a, 0xcf, 0xf9,
    0x2f, 0xf9, 0x77, 0xf9, 0x6f, 0x70, 0x6, 0xf9,
    0x4f, 0xd6, 0x7e, 0xf9, 0x7, 0xef, 0xc6, 0xf9,

    /* U+00E2 "â" */
    0x0, 0x2e, 0xf7, 0x0, 0x2, 0xea, 0x3f, 0x70,
    0x0, 0x0, 0x0, 0x0, 0x2, 0xae, 0xfd, 0x60,
    0xe, 0xf9, 0x7d, 0xf4, 0x3, 0x30, 0x5, 0xf9,
    0x1, 0x7a, 0xcf, 0xf9, 0x2f, 0xf9, 0x77, 0xf9,
    0x6f, 0x70, 0x6, 0xf9, 0x4f, 0xd6, 0x7e, 0xf9,
    0x7, 0xef, 0xc6, 0xf9,

    /* U+00E3 "ã" */
    0x0, 0xdf, 0xff, 0x60, 0x0, 0x11, 0x11, 0x0,
    0x0, 0x0, 0x0, 0x0, 0x2, 0xae, 0xfd, 0x60,
    0xe, 0xf9, 0x7d, 0xf4, 0x3, 0x30, 0x5, 0xf9,
    0x1, 0x7a, 0xcf, 0xf9, 0x2f, 0xf9, 0x77, 0xf9,
    0x6f, 0x70, 0x6, 0xf9, 0x4f, 0xd6, 0x7e, 0xf9,
    0x7, 0xef, 0xc6, 0xf9,

    /* U+00E4 "ä" */
    0x3, 0xf7, 0x1e, 0xa0, 0x3, 0xe6, 0x1d, 0x90,
    0x0, 0x0, 0x0, 0x0, 0x2, 0xae, 0xfd, 0x60,
    0xe, 0xf9, 0x7d, 0xf4, 0x3, 0x30, 0x5, 0xf9,
    0x1, 0x7a, 0xcf, 0xf9, 0x2f, 0xf9, 0x77, 0xf9,
    0x6f, 0x70, 0x6, 0xf9, 0x4f, 0xd6, 0x7e, 0xf9,
    0x7, 0xef, 0xc6, 0xf9,

    /* U+00E5 "å" */
    0x0, 0x3d, 0xe9, 0x0, 0x0, 0xb8, 0x1f, 0x20,
    0x0, 0x3d, 0xe9, 0x0, 0x0, 0x0, 0x0, 0x0,
    0x2, 0xae, 0xfd, 0x60, 0xe, 0xf9, 0x7d, 0xf4,
    0x3, 0x30, 0x5, 0xf9, 0x1, 0x7a, 0xcf, 0xf9,
    0x2f, 0xf9, 0x77, 0xf9, 0x6f, 0x70, 0x6, 0xf9,
    0x4f, 0xd6, 0x7e, 0xf9, 0x7, 0xef, 0xc6, 0xf9,

    /* U+00E6 "æ" */
    0x2, 0xae, 0xfc, 0x48, 0xef, 0xd6, 0x0, 0xe,
    0xf9, 0x7d, 0xff, 0xa7, 0xcf, 0x60, 0x1, 0x10,
    0x5, 0xfa, 0x0, 0x1e, 0xe0, 0x4, 0xcf, 0xff,
    0xff, 0xff, 0xff, 0xf0, 0x3f, 0xd5, 0x37, 0xf8,
    0x33, 0x33, 0x30, 0x7f, 0x60, 0x7, 0xf9, 0x0,
    0x7, 0x50, 0x4f, 0xe7, 0x9f, 0xef, 0xa7, 0xbf,
    0x90, 0x7, 0xef, 0xd7, 0x8, 0xef, 0xe8, 0x0,

    /* U+00E7 "ç" */
    0x0, 0x7e, 0xfe, 0x80, 0x0, 0x9f, 0xd8, 0xcf,
    0xa0, 0x1f, 0xe0, 0x0, 0xa9, 0x5, 0xfa, 0x0,
    0x0, 0x0, 0x5f, 0xa0, 0x0, 0x0, 0x2, 0xfe,
    0x0, 0xb, 0xa0, 0x9, 0xfc, 0x8c, 0xfa, 0x0,
    0x7, 0xef, 0xe8, 0x0, 0x0, 0x0, 0xf7, 0x0,
    0x0, 0x0, 0x1, 0xd4, 0x0, 0x0, 0x4, 0xdd,
    0x20, 0x0,

    /* U+00E8 "è" */
    0x0, 0x12, 0x0, 0x0, 0x0, 0x4, 0xf7, 0x0,
    0x0, 0x0, 0x9, 0xe0, 0x0, 0x0, 0x0, 0x0,
    0x0, 0x0, 0x0, 0x7e, 0xfd, 0x70, 0x0, 0x9f,
    0xb7, 0xbf, 0x90, 0x1f, 0xc0, 0x0, 0xcf, 0x15,
    0xff, 0xff, 0xff, 0xf3, 0x5f, 0xa3, 0x33, 0x33,
    0x2, 0xfc, 0x0, 0x6, 0x50, 0x9, 0xfb, 0x7a,
    0xfc, 0x0, 0x7, 0xdf, 0xe9, 0x10,

    /* U+00E9 "é" */
    0x0, 0x0, 0x2, 0x10, 0x0, 0x0, 0x9, 0xf2,
    0x0, 0x0, 0x1, 0xf7, 0x0, 0x0, 0x0, 0x0,
    0x0, 0x0, 0x0, 0x7e, 0xfd, 0x70, 0x0, 0x9f,
    0xb7, 0xbf, 0x90, 0x1f, 0xc0, 0x0, 0xcf, 0x15,
    0xff, 0xff, 0xff, 0xf3, 0x5f, 0xa3, 0x33, 0x33,
    0x2, 0xfc, 0x0, 0x6, 0x50, 0x9, 0xfb, 0x7a,
    0xfc, 0x0, 0x7, 0xdf, 0xe9, 0x10,

    /* U+00EA "ê" */
    0x0, 0xc, 0xfb, 0x0, 0x0, 0xc, 0xc2, 0xda,
    0x0, 0x0, 0x0, 0x0, 0x0, 0x0, 0x7, 0xef,
    0xd7, 0x0, 0x9, 0xfb, 0x7b, 0xf9, 0x1, 0xfc,
    0x0, 0xc, 0xf1, 0x5f, 0xff, 0xff, 0xff, 0x35,
    0xfa, 0x33, 0x33, 0x30, 0x2f, 0xc0, 0x0, 0x65,
    0x0, 0x9f, 0xb7, 0xaf, 0xc0, 0x0, 0x7d, 0xfe,
    0x91, 0x0,

    /* U+00EB "ë" */
    0x1, 0xea, 0xc, 0xd0, 0x0, 0xd, 0x90, 0xbc,
    0x0, 0x0, 0x0, 0x0, 0x0, 0x0, 0x7, 0xef,
    0xd7, 0x0, 0x9, 0xfb, 0x7b, 0xf9, 0x1, 0xfc,
    0x0, 0xc, 0xf1, 0x5f, 0xff, 0xff, 0xff, 0x35,
    0xfa, 0x33, 0x33, 0x30, 0x2f, 0xc0, 0x0, 0x65,
    0x0, 0x9f, 0xb7, 0xaf, 0xc0, 0x0, 0x7d, 0xfe,
    0x91, 0x0,

    /* U+00EC "ì" */
    0xd, 0xd0, 0x3, 0xf5, 0x0, 0x21, 0x0, 0xfe,
    0x0, 0xfe, 0x0, 0xfe, 0x0, 0xfe, 0x0, 0xfe,
    0x0, 0xfe, 0x0, 0xfe, 0x0, 0xfe,

    /* U+00ED "í" */
    0xe, 0xc0, 0x7f, 0x20, 0x21, 0x0, 0xfe, 0x0,
    0xfe, 0x0, 0xfe, 0x0, 0xfe, 0x0, 0xfe, 0x0,
    0xfe, 0x0, 0xfe, 0x0, 0xfe, 0x0,

    /* U+00EE "î" */
    0x5, 0xff, 0x40, 0x5f, 0x57, 0xf3, 0x0, 0x0,
    0x0, 0x0, 0xfe, 0x0, 0x0, 0xfe, 0x0, 0x0,
    0xfe, 0x0, 0x0, 0xfe, 0x0, 0x0, 0xfe, 0x0,
    0x0, 0xfe, 0x0, 0x0, 0xfe, 0x0, 0x0, 0xfe,
    0x0,

    /* U+00EF "ï" */
    0x7f, 0x34, 0xf6, 0x6e, 0x24, 0xe5, 0x0, 0x0,
    0x0, 0x0, 0xfe, 0x0, 0x0, 0xfe, 0x0, 0x0,
    0xfe, 0x0, 0x0, 0xfe, 0x0, 0x0, 0xfe, 0x0,
    0x0, 0xfe, 0x0, 0x0, 0xfe, 0x0, 0x0, 0xfe,
    0x0,

    /* U+00F0 "ð" */
    0x0, 0x86, 0x0, 0x50, 0x0, 0x6, 0xed, 0xe9,
    0x0, 0x0, 0x7e, 0xdf, 0x30, 0x0, 0x7, 0x10,
    0xbe, 0x10, 0x0, 0xaf, 0xf9, 0xf8, 0x0, 0xaf,
    0x83, 0x9f, 0xe0, 0x2f, 0xb0, 0x0, 0xdf, 0x25,
    0xf8, 0x0, 0x9, 0xf3, 0x5f, 0x80, 0x0, 0x9f,
    0x21, 0xfd, 0x0, 0xe, 0xe0, 0x9, 0xfc, 0x7c,
    0xf6, 0x0, 0x7, 0xef, 0xd6, 0x0,

    /* U+00F1 "ñ" */
    0x8, 0xff, 0xfc, 0x0, 0x1, 0x11, 0x10, 0x0,
    0x0, 0x0, 0x0, 0x0, 0xfd, 0x5e, 0xfc, 0x20,
    0xfe, 0xd8, 0xbf, 0xd0, 0xff, 0x10, 0xe, 0xf1,
    0xfe, 0x0, 0xc, 0xf2, 0xfe, 0x0, 0xc, 0xf2,
    0xfe, 0x0, 0xc, 0xf2, 0xfe, 0x0, 0xc, 0xf2,
    0xfe, 0x0, 0xc, 0xf2,

    /* U+00F2 "ò" */
    0x0, 0x12, 0x0, 0x0, 0x0, 0x3, 0xf8, 0x0,
    0x0, 0x0, 0x7, 0xf1, 0x0, 0x0, 0x0, 0x0,
    0x0, 0x0, 0x0, 0x7e, 0xfe, 0x80, 0x0, 0x9f,
    0xd8, 0xcf, 0xb0, 0x1f, 0xe0, 0x0, 0xdf, 0x35,
    0xfa, 0x0, 0x8, 0xf6, 0x5f, 0xa0, 0x0, 0x8f,
    0x62, 0xfe, 0x0, 0xd, 0xf3, 0x9, 0xfc, 0x8c,
    0xfb, 0x0, 0x7, 0xef, 0xe8, 0x0,

    /* U+00F3 "ó" */
    0x0, 0x0, 0x2, 0x10, 0x0, 0x0, 0x7, 0xf4,
    0x0, 0x0, 0x0, 0xe8, 0x0, 0x0, 0x0, 0x0,
    0x0, 0x0, 0x0, 0x7e, 0xfe, 0x80, 0x0, 0x9f,
    0xd8, 0xcf, 0xb0, 0x1f, 0xe0, 0x0, 0xdf, 0x35,
    0xfa, 0x0, 0x8, 0xf6, 0x5f, 0xa0, 0x0, 0x8f,
    0x62, 0xfe, 0x0, 0xd, 0xf3, 0x9, 0xfc, 0x8c,
    0xfb, 0x0, 0x7, 0xef, 0xe8, 0x0,

    /* U+00F4 "ô" */
    0x0, 0xb, 0xfc, 0x0, 0x0, 0xb, 0xd2, 0xdb,
    0x0, 0x0, 0x0, 0x0, 0x0, 0x0, 0x7, 0xef,
    0xe8, 0x0, 0x9, 0xfd, 0x8c, 0xfb, 0x1, 0xfe,
    0x0, 0xd, 0xf3, 0x5f, 0xa0, 0x0, 0x8f, 0x65,
    0xfa, 0x0, 0x8, 0xf6, 0x2f, 0xe0, 0x0, 0xdf,
    0x30, 0x9f, 0xc8, 0xcf, 0xb0, 0x0, 0x7e, 0xfe,
    0x80, 0x0,

    /* U+00F5 "õ" */
    0x0, 0x9f, 0xff, 0xb0, 0x0, 0x1, 0x11, 0x10,
    0x0, 0x0, 0x0, 0x0, 0x0, 0x0, 0x7, 0xef,
    0xe8, 0x0, 0x9, 0xfd, 0x8c, 0xfb, 0x1, 0xfe,
    0x0, 0xd, 0xf3, 0x5f, 0xa0, 0x0, 0x8f, 0x65,
    0xfa, 0x0, 0x8, 0xf6, 0x2f, 0xe0, 0x0, 0xdf,
    0x30, 0x9f, 0xc8, 0xcf, 0xb0, 0x0, 0x7e, 0xfe,
    0x80, 0x0,

    /* U+00F6 "ö" */
    0x0, 0xdc, 0xa, 0xe0, 0x0, 0xc, 0xb0, 0x9d,
    0x0, 0x0, 0x0, 0x0, 0x0, 0x0, 0x7, 0xef,
    0xe8, 0x0, 0x9, 0xfd, 0x8c, 0xfb, 0x1, 0xfe,
    0x0, 0xd, 0xf3, 0x5f, 0xa0, 0x0, 0x8f, 0x65,
    0xfa, 0x0, 0x8, 0xf6, 0x2f, 0xe0, 0x0, 0xdf,
    0x30, 0x9f, 0xc8, 0xcf, 0xb0, 0x0, 0x7e, 0xfe,
    0x80, 0x0,

    /* U+00F7 "÷" */
    0x0, 0xd, 0xd0, 0x0, 0x0, 0xf, 0xf1, 0x0,
    0x0, 0x1, 0x20, 0x0, 0x58, 0x88, 0x88, 0x85,
    0x9f, 0xff, 0xff, 0xfa, 0x0, 0x1, 0x20, 0x0,
    0x0, 0xf, 0xf1, 0x0, 0x0, 0xd, 0xd0, 0x0,

    /* U+00F8 "ø" */
    0x0, 0x0, 0x0, 0x0, 0x0, 0x7, 0xef, 0xe8,
    0xd3, 0x9, 0xfd, 0x8c, 0xfd, 0x1, 0xfe, 0x0,
    0xbf, 0xf3, 0x5f, 0xa0, 0xab, 0x8f, 0x65, 0xfa,
    0x8c, 0x8, 0xf6, 0x2f, 0xfd, 0x10, 0xdf, 0x30,
    0xbf, 0xd8, 0xcf, 0xb0, 0x2e, 0x8e, 0xfe, 0x80,
    0x0, 0x10, 0x0, 0x0, 0x0,

    /* U+00F9 "ù" */
    0x1, 0x20, 0x0, 0x0, 0x2, 0xf9, 0x0, 0x0,
    0x0, 0x6f, 0x10, 0x0, 0x0, 0x0, 0x0, 0x0,
    0xfe, 0x0, 0xc, 0xf2, 0xfe, 0x0, 0xc, 0xf2,
    0xfe, 0x0, 0xc, 0xf2, 0xfe, 0x0, 0xc, 0xf2,
    0xfe, 0x0, 0xc, 0xf2, 0xff, 0x10, 0xe, 0xf2,
    0xbf, 0xd9, 0xde, 0xf2, 0x1b, 0xfe, 0x6a, 0xf2,

    /* U+00FA "ú" */
    0x0, 0x0, 0x21, 0x0, 0x0, 0x6, 0xf4, 0x0,
    0x0, 0xe, 0x90, 0x0, 0x0, 0x0, 0x0, 0x0,
    0xfe, 0x0, 0xc, 0xf2, 0xfe, 0x0, 0xc, 0xf2,
    0xfe, 0x0, 0xc, 0xf2, 0xfe, 0x0, 0xc, 0xf2,
    0xfe, 0x0, 0xc, 0xf2, 0xff, 0x10, 0xe, 0xf2,
    0xbf, 0xd9, 0xde, 0xf2, 0x1b, 0xfe, 0x6a, 0xf2,

    /* U+00FB "û" */
    0x0, 0xbf, 0xc0, 0x0, 0xb, 0xe2, 0xcc, 0x0,
    0x0, 0x0, 0x0, 0x0, 0xfe, 0x0, 0xc, 0xf2,
    0xfe, 0x0, 0xc, 0xf2, 0xfe, 0x0, 0xc, 0xf2,
    0xfe, 0x0, 0xc, 0xf2, 0xfe, 0x0, 0xc, 0xf2,
    0xff, 0x10, 0xe, 0xf2, 0xbf, 0xd9, 0xde, 0xf2,
    0x1b, 0xfe, 0x6a, 0xf2,

    /* U+00FC "ü" */
    0xd, 0xc0, 0xae, 0x10, 0xc, 0xb0, 0x9d, 0x10,
    0x0, 0x0, 0x0, 0x0, 0xfe, 0x0, 0xc, 0xf2,
    0xfe, 0x0, 0xc, 0xf2, 0xfe, 0x0, 0xc, 0xf2,
    0xfe, 0x0, 0xc, 0xf2, 0xfe, 0x0, 0xc, 0xf2,
    0xff, 0x10, 0xe, 0xf2, 0xbf, 0xd9, 0xde, 0xf2,
    0x1b, 0xfe, 0x6a, 0xf2,

    /* U+00FD "ý" */
    0x0, 0x0, 0x2, 0x10, 0x0, 0x0, 0x9, 0xf2,
    0x0, 0x0, 0x1, 0xf6, 0x0, 0x0, 0x0, 0x0,
    0x0, 0x0, 0x8f, 0x70, 0x0, 0xaf, 0x52, 0xfd,
    0x0, 0x1f, 0xe0, 0xc, 0xf2, 0x6, 0xf8, 0x0,
    0x5f, 0x80, 0xcf, 0x20, 0x0, 0xfd, 0x1f, 0xc0,
    0x0, 0x9, 0xf8, 0xf5, 0x0, 0x0, 0x3f, 0xff,
    0x0, 0x0, 0x0, 0xdf, 0x90, 0x0, 0x0, 0xc,
    0xf3, 0x0, 0x0, 0x69, 0xfb, 0x0, 0x0, 0xe,
    0xfb, 0x10, 0x0, 0x0,

    /* U+00FE "þ" */
    0xfe, 0x0, 0x0, 0x0, 0xfe, 0x0, 0x0, 0x0,
    0xfe, 0x0, 0x0, 0x0, 0xfe, 0x4d, 0xfc, 0x30,
    0xff, 0xe8, 0xaf, 0xf1, 0xff, 0x30, 0x9, 0xf7,
    0xfe, 0x0, 0x4, 0xfa, 0xfe, 0x0, 0x4, 0xfa,
    0xff, 0x30, 0x9, 0xf7, 0xff, 0xe9, 0xaf, 0xf1,
    0xfe, 0x4d, 0xfc, 0x30, 0xfe, 0x0, 0x0, 0x0,
    0xfe, 0x0, 0x0, 0x0, 0xfe, 0x0, 0x0, 0x0,

    /* U+00FF "ÿ" */
    0x1, 0xe9, 0xc, 0xc0, 0x0, 0x1d, 0x90, 0xbc,
    0x0, 0x0, 0x0, 0x0, 0x0, 0x8, 0xf7, 0x0,
    0xa, 0xf5, 0x2f, 0xd0, 0x1, 0xfe, 0x0, 0xcf,
    0x20, 0x6f, 0x80, 0x5, 0xf8, 0xc, 0xf2, 0x0,
    0xf, 0xd1, 0xfc, 0x0, 0x0, 0x9f, 0x8f, 0x50,
    0x0, 0x3, 0xff, 0xf0, 0x0, 0x0, 0xd, 0xf9,
    0x0, 0x0, 0x0, 0xcf, 0x30, 0x0, 0x6, 0x9f,
    0xb0, 0x0, 0x0, 0xef, 0xb1, 0x0, 0x0,

    /* U+2010 "‐" */
    0x18, 0x88, 0x85, 0x3f, 0xff, 0xfb,

    /* U+2011 "‑" */
    0x18, 0x88, 0x85, 0x3f, 0xff, 0xfb,

    /* U+2012 "‒" */
    0x38, 0x88, 0x88, 0x88, 0x80, 0x6f, 0xff, 0xff,
    0xff, 0xf1,

    /* U+2013 "–" */
    0x88, 0x88, 0x88, 0x84, 0xff, 0xff, 0xff, 0xf8,

    /* U+2014 "—" */
    0x88, 0x88, 0x88, 0x88, 0x88, 0x88, 0x88, 0x8f,
    0xff, 0xff, 0xff, 0xff, 0xff, 0xff, 0xff,

    /* U+2015 "―" */
    0x88, 0x88, 0x88, 0x88, 0x88, 0x88, 0x88, 0x8f,
    0xff, 0xff, 0xff, 0xff, 0xff, 0xff, 0xff,

    /* U+2016 "‖" */
    0x18, 0x44, 0x81, 0x3f, 0x98, 0xf3, 0x3f, 0x98,
    0xf3, 0x3f, 0x98, 0xf3, 0x3f, 0x98, 0xf3, 0x3f,
    0x98, 0xf3, 0x3f, 0x98, 0xf3, 0x3f, 0x98, 0xf3,
    0x3f, 0x98, 0xf3, 0x3f, 0x98, 0xf3, 0x3f, 0x98,
    0xf3, 0x3f, 0x98, 0xf3, 0x3f, 0x98, 0xf3, 0x3f,
    0x98, 0xf3, 0x3f, 0x98, 0xf3, 0x3f, 0x98, 0xf3,
    0x3f, 0x98, 0xf3, 0x3f, 0x98, 0xf3,

    /* U+2017 "‗" */
    0xef, 0xff, 0xff, 0xe2, 0x22, 0x22, 0x22, 0xef,
    0xff, 0xff, 0xe2, 0x22, 0x22, 0x22,

    /* U+2018 "‘" */
    0xb, 0xb0, 0xf8, 0x4f, 0x69, 0xf3, 0x34, 0x0,

    /* U+2019 "’" */
    0x4, 0x25, 0xf8, 0x7f, 0x39, 0xe0, 0xca, 0x0,

    /* U+201A "‚" */
    0x2, 0x31, 0xa, 0xf3, 0xc, 0xe0, 0xe, 0xa0,
    0x1f, 0x50,

    /* U+201B "‛" */
    0x4f, 0x90, 0xf, 0xc0, 0xa, 0xe0, 0x5, 0xf1,
    0x0, 0x40,

    /* U+201C "“" */
    0xb, 0xb0, 0x8d, 0xf, 0x80, 0xdb, 0x4f, 0x62,
    0xf8, 0x9f, 0x36, 0xf6, 0x34, 0x2, 0x41,

    /* U+201D "”" */
    0x4, 0x20, 0x43, 0x5f, 0x83, 0xfa, 0x7f, 0x36,
    0xf5, 0x9e, 0x8, 0xf0, 0xca, 0xa, 0xb0,

    /* U+201E "„" */
    0x2, 0x41, 0x14, 0x20, 0xaf, 0x38, 0xf5, 0xc,
    0xe0, 0xaf, 0x0, 0xea, 0xd, 0xb0, 0x1f, 0x50,
    0xf6, 0x0,

    /* U+201F "‟" */
    0x4f, 0x92, 0xfb, 0x0, 0xfc, 0xe, 0xd0, 0xa,
    0xe0, 0x9f, 0x0, 0x5f, 0x14, 0xf2, 0x0, 0x40,
    0x4, 0x10,

    /* U+2020 "†" */
    0x0, 0xcf, 0x0, 0x1, 0x1c, 0xf1, 0x10, 0xff,
    0xff, 0xff, 0x34, 0x4d, 0xf4, 0x40, 0x0, 0xcf,
    0x0, 0x0, 0xa, 0xf0, 0x0, 0x0, 0x9d, 0x0,
    0x0, 0x7, 0xb0, 0x0,

    /* U+2021 "‡" */
    0x0, 0xcf, 0x0, 0x0, 0xc, 0xf0, 0x0, 0x11,
    0xcf, 0x11, 0xf, 0xff, 0xff, 0xf3, 0x44, 0xdf,
    0x44, 0x1, 0x1c, 0xf1, 0x10, 0xff, 0xff, 0xff,
    0x34, 0x4d, 0xf4, 0x40, 0x0, 0xbf, 0x0, 0x0,
    0x9, 0xd0, 0x0, 0x0, 0x7c, 0x0, 0x0,

    /* U+2022 "•" */
    0x2, 0x86, 0x0, 0x3f, 0xff, 0xa0, 0x9f, 0xff,
    0xf1, 0x6f, 0xff, 0xe0, 0x9, 0xfd, 0x40,

    /* U+2023 "‣" */
    0x30, 0x0, 0xe, 0xa2, 0x0, 0xef, 0xf7, 0xe,
    0xfa, 0x20, 0xc4, 0x0, 0x0, 0x0, 0x0,

    /* U+2024 "․" */
    0x3, 0xb, 0xf6, 0x8f, 0x40,

    /* U+2025 "‥" */
    0x3, 0x0, 0x2, 0x20, 0xbf, 0x60, 0xf, 0xf2,
    0x8f, 0x40, 0xc, 0xd1,

    /* U+2026 "…" */
    0x3, 0x0, 0x2, 0x20, 0x0, 0x31, 0xbf, 0x60,
    0xf, 0xf2, 0x4, 0xfd, 0x8f, 0x40, 0xc, 0xd1,
    0x2, 0xea,

    /* U+2190 "←" */
    0x0, 0x0, 0xa, 0x20, 0x0, 0x0, 0x0, 0x0,
    0xcf, 0x50, 0x0, 0x0, 0x0, 0xc, 0xf6, 0x0,
    0x0, 0x0, 0x0, 0xcf, 0x50, 0x0, 0x0, 0x0,
    0xc, 0xfa, 0x89, 0x99, 0x99, 0x93, 0x3f, 0xfe,
    0xff, 0xff, 0xff, 0xf6, 0x4, 0xfb, 0x0, 0x0,
    0x0, 0x0, 0x0, 0x4f, 0xd1, 0x0, 0x0, 0x0,
    0x0, 0x4, 0xfd, 0x10, 0x0, 0x0, 0x0, 0x0,
    0x4f, 0x60, 0x0, 0x0, 0x0, 0x0, 0x2, 0x0,
    0x0, 0x0,

    /* U+2191 "↑" */
    0x0, 0x0, 0x0, 0x0, 0x0, 0x0, 0x0, 0x1,
    0xc5, 0x0, 0x0, 0x0, 0x1, 0xdf, 0xf5, 0x0,
    0x0, 0x1, 0xde, 0xfd, 0xf5, 0x0, 0x1, 0xdf,
    0x3f, 0x7b, 0xf5, 0x1, 0xdf, 0x41, 0xf8, 0xc,
    0xf5, 0x1d, 0x40, 0x1f, 0x80, 0xc, 0x60, 0x0,
    0x1, 0xf8, 0x0, 0x0, 0x0, 0x0, 0x1f, 0x80,
    0x0, 0x0, 0x0, 0x1, 0xf8, 0x0, 0x0, 0x0,
    0x0, 0x1f, 0x80, 0x0, 0x0, 0x0, 0x1, 0xf8,
    0x0, 0x0,

    /* U+2192 "→" */
    0x0, 0x0, 0x0, 0xa2, 0x0, 0x0, 0x0, 0x0,
    0x2, 0xee, 0x20, 0x0, 0x0, 0x0, 0x0, 0x2e,
    0xe2, 0x0, 0x0, 0x0, 0x0, 0x2, 0xde, 0x20,
    0x19, 0x99, 0x99, 0x98, 0x8f, 0xe2, 0x2f, 0xff,
    0xff, 0xff, 0xff, 0xf7, 0x0, 0x0, 0x0, 0x0,
    0x7f, 0x80, 0x0, 0x0, 0x0, 0x9, 0xf8, 0x0,
    0x0, 0x0, 0x0, 0x9f, 0x80, 0x0, 0x0, 0x0,
    0x2, 0xf8, 0x0, 0x0, 0x0, 0x0, 0x0, 0x20,
    0x0, 0x0,

    /* U+2193 "↓" */
    0x0, 0x0, 0x1e, 0x70, 0x0, 0x0, 0x0, 0x1,
    0xf8, 0x0, 0x0, 0x0, 0x0, 0x1f, 0x80, 0x0,
    0x0, 0x0, 0x1, 0xf8, 0x0, 0x0, 0x0, 0x0,
    0x1f, 0x80, 0x0, 0x1, 0xb3, 0x1, 0xf8, 0x0,
    0xb4, 0x1d, 0xf3, 0x1f, 0x80, 0xbf, 0x60, 0x1d,
    0xf3, 0xf7, 0xaf, 0x60, 0x0, 0x1d, 0xdf, 0xcf,
    0x60, 0x0, 0x0, 0x1d, 0xff, 0x60, 0x0, 0x0,
    0x0, 0x1d, 0x60, 0x0, 0x0, 0x0, 0x0, 0x0,
    0x0, 0x0
};


/*---------------------
 *  GLYPH DESCRIPTION
 *--------------------*/

static const lv_font_fmt_txt_glyph_dsc_t glyph_dsc[] = {
    {.bitmap_index = 0, .adv_w = 0, .box_w = 0, .box_h = 0, .ofs_x = 0, .ofs_y = 0} /* id = 0 reserved */,
    {.bitmap_index = 0, .adv_w = 60, .box_w = 0, .box_h = 0, .ofs_x = 0, .ofs_y = 0},
    {.bitmap_index = 0, .adv_w = 76, .box_w = 3, .box_h = 11, .ofs_x = 1, .ofs_y = 0},
    {.bitmap_index = 17, .adv_w = 125, .box_w = 6, .box_h = 5, .ofs_x = 1, .ofs_y = 6},
    {.bitmap_index = 32, .adv_w = 154, .box_w = 10, .box_h = 11, .ofs_x = 0, .ofs_y = 0},
    {.bitmap_index = 87, .adv_w = 156, .box_w = 10, .box_h = 14, .ofs_x = 0, .ofs_y = -2},
    {.bitmap_index = 157, .adv_w = 240, .box_w = 13, .box_h = 11, .ofs_x = 1, .ofs_y = 0},
    {.bitmap_index = 229, .adv_w = 159, .box_w = 10, .box_h = 11, .ofs_x = 0, .ofs_y = 0},
    {.bitmap_index = 284, .adv_w = 77, .box_w = 3, .box_h = 5, .ofs_x = 1, .ofs_y = 6},
    {.bitmap_index = 292, .adv_w = 89, .box_w = 4, .box_h = 14, .ofs_x = 1, .ofs_y = -2},
    {.bitmap_index = 320, .adv_w = 89, .box_w = 5, .box_h = 14, .ofs_x = 0, .ofs_y = -2},
    {.bitmap_index = 355, .adv_w = 129, .box_w = 7, .box_h = 6, .ofs_x = 1, .ofs_y = 5},
    {.bitmap_index = 376, .adv_w = 161, .box_w = 8, .box_h = 7, .ofs_x = 1, .ofs_y = 1},
    {.bitmap_index = 404, .adv_w = 75, .box_w = 4, .box_h = 5, .ofs_x = 0, .ofs_y = -3},
    {.bitmap_index = 414, .adv_w = 111, .box_w = 5, .box_h = 2, .ofs_x = 1, .ofs_y = 4},
    {.bitmap_index = 419, .adv_w = 75, .box_w = 3, .box_h = 3, .ofs_x = 1, .ofs_y = 0},
    {.bitmap_index = 424, .adv_w = 91, .box_w = 6, .box_h = 13, .ofs_x = 0, .ofs_y = -2},
    {.bitmap_index = 463, .adv_w = 158, .box_w = 10, .box_h = 11, .ofs_x = 0, .ofs_y = 0},
    {.bitmap_index = 518, .adv_w = 101, .box_w = 6, .box_h = 11, .ofs_x = 0, .ofs_y = 0},
    {.bitmap_index = 551, .adv_w = 149, .box_w = 9, .box_h = 11, .ofs_x = 0, .ofs_y = 0},
    {.bitmap_index = 601, .adv_w = 152, .box_w = 9, .box_h = 11, .ofs_x = 0, .ofs_y = 0},
    {.bitmap_index = 651, .adv_w = 160, .box_w = 10, .box_h = 11, .ofs_x = 0, .ofs_y = 0},
    {.bitmap_index = 706, .adv_w = 147, .box_w = 9, .box_h = 11, .ofs_x = 0, .ofs_y = 0},
    {.bitmap_index = 756, .adv_w = 153, .box_w = 9, .box_h = 11, .ofs_x = 0, .ofs_y = 0},
    {.bitmap_index = 806, .adv_w = 138, .box_w = 9, .box_h = 11, .ofs_x = 0, .ofs_y = 0},
    {.bitmap_index = 856, .adv_w = 153, .box_w = 9, .box_h = 11, .ofs_x = 0, .ofs_y = 0},
    {.bitmap_index = 906, .adv_w = 153, .box_w = 9, .box_h = 11, .ofs_x = 0, .ofs_y = 0},
    {.bitmap_index = 956, .adv_w = 75, .box_w = 3, .box_h = 8, .ofs_x = 1, .ofs_y = 0},
    {.bitmap_index = 968, .adv_w = 78, .box_w = 4, .box_h = 11, .ofs_x = 0, .ofs_y = -3},
    {.bitmap_index = 990, .adv_w = 161, .box_w = 8, .box_h = 9, .ofs_x = 1, .ofs_y = 0},
    {.bitmap_index = 1026, .adv_w = 161, .box_w = 8, .box_h = 5, .ofs_x = 1, .ofs_y = 2},
    {.bitmap_index = 1046, .adv_w = 161, .box_w = 8, .box_h = 9, .ofs_x = 1, .ofs_y = 0},
    {.bitmap_index = 1082, .adv_w = 131, .box_w = 8, .box_h = 11, .ofs_x = 0, .ofs_y = 0},
    {.bitmap_index = 1126, .adv_w = 240, .box_w = 15, .box_h = 14, .ofs_x = 0, .ofs_y = -3},
    {.bitmap_index = 1231, .adv_w = 174, .box_w = 11, .box_h = 11, .ofs_x = 0, .ofs_y = 0},
    {.bitmap_index = 1292, .adv_w = 158, .box_w = 9, .box_h = 11, .ofs_x = 1, .ofs_y = 0},
    {.bitmap_index = 1342, .adv_w = 177, .box_w = 11, .box_h = 11, .ofs_x = 0, .ofs_y = 0},
    {.bitmap_index = 1403, .adv_w = 173, .box_w = 10, .box_h = 11, .ofs_x = 1, .ofs_y = 0},
    {.bitmap_index = 1458, .adv_w = 145, .box_w = 8, .box_h = 11, .ofs_x = 1, .ofs_y = 0},
    {.bitmap_index = 1502, .adv_w = 141, .box_w = 8, .box_h = 11, .ofs_x = 1, .ofs_y = 0},
    {.bitmap_index = 1546, .adv_w = 180, .box_w = 11, .box_h = 11, .ofs_x = 0, .ofs_y = 0},
    {.bitmap_index = 1607, .adv_w = 179, .box_w = 10, .box_h = 11, .ofs_x = 1, .ofs_y = 0},
    {.bitmap_index = 1662, .adv_w = 66, .box_w = 3, .box_h = 11, .ofs_x = 1, .ofs_y = 0},
    {.bitmap_index = 1679, .adv_w = 139, .box_w = 8, .box_h = 11, .ofs_x = 0, .ofs_y = 0},
    {.bitmap_index = 1723, .adv_w = 168, .box_w = 10, .box_h = 11, .ofs_x = 1, .ofs_y = 0},
    {.bitmap_index = 1778, .adv_w = 135, .box_w = 7, .box_h = 11, .ofs_x = 1, .ofs_y = 0},
    {.bitmap_index = 1817, .adv_w = 221, .box_w = 12, .box_h = 11, .ofs_x = 1, .ofs_y = 0},
    {.bitmap_index = 1883, .adv_w = 182, .box_w = 10, .box_h = 11, .ofs_x = 1, .ofs_y = 0},
    {.bitmap_index = 1938, .adv_w = 184, .box_w = 11, .box_h = 11, .ofs_x = 0, .ofs_y = 0},
    {.bitmap_index = 1999, .adv_w = 155, .box_w = 9, .box_h = 11, .ofs_x = 1, .ofs_y = 0},
    {.bitmap_index = 2049, .adv_w = 185, .box_w = 11, .box_h = 12, .ofs_x = 0, .ofs_y = -1},
    {.bitmap_index = 2115, .adv_w = 156, .box_w = 9, .box_h = 11, .ofs_x = 1, .ofs_y = 0},
    {.bitmap_index = 2165, .adv_w = 156, .box_w = 10, .box_h = 11, .ofs_x = 0, .ofs_y = 0},
    {.bitmap_index = 2220, .adv_w = 158, .box_w = 10, .box_h = 11, .ofs_x = 0, .ofs_y = 0},
    {.bitmap_index = 2275, .adv_w = 176, .box_w = 9, .box_h = 11, .ofs_x = 1, .ofs_y = 0},
    {.bitmap_index = 2325, .adv_w = 174, .box_w = 11, .box_h = 11, .ofs_x = 0, .ofs_y = 0},
    {.bitmap_index = 2386, .adv_w = 244, .box_w = 15, .box_h = 11, .ofs_x = 0, .ofs_y = 0},
    {.bitmap_index = 2469, .adv_w = 172, .box_w = 11, .box_h = 11, .ofs_x = 0, .ofs_y = 0},
    {.bitmap_index = 2530, .adv_w = 171, .box_w = 11, .box_h = 11, .ofs_x = 0, .ofs_y = 0},
    {.bitmap_index = 2591, .adv_w = 156, .box_w = 9, .box_h = 11, .ofs_x = 0, .ofs_y = 0},
    {.bitmap_index = 2641, .adv_w = 89, .box_w = 4, .box_h = 15, .ofs_x = 1, .ofs_y = -3},
    {.bitmap_index = 2671, .adv_w = 91, .box_w = 6, .box_h = 13, .ofs_x = 0, .ofs_y = -2},
    {.bitmap_index = 2710, .adv_w = 89, .box_w = 5, .box_h = 15, .ofs_x = 0, .ofs_y = -3},
    {.bitmap_index = 2748, .adv_w = 115, .box_w = 7, .box_h = 5, .ofs_x = 0, .ofs_y = 6},
    {.bitmap_index = 2766, .adv_w = 113, .box_w = 8, .box_h = 3, .ofs_x = 0, .ofs_y = -2},
    {.bitmap_index = 2778, .adv_w = 83, .box_w = 3, .box_h = 3, .ofs_x = 1, .ofs_y = 9},
    {.bitmap_index = 2783, .adv_w = 137, .box_w = 8, .box_h = 8, .ofs_x = 0, .ofs_y = 0},
    {.bitmap_index = 2815, .adv_w = 149, .box_w = 8, .box_h = 11, .ofs_x = 1, .ofs_y = 0},
    {.bitmap_index = 2859, .adv_w = 139, .box_w = 9, .box_h = 8, .ofs_x = 0, .ofs_y = 0},
    {.bitmap_index = 2895, .adv_w = 149, .box_w = 9, .box_h = 11, .ofs_x = 0, .ofs_y = 0},
    {.bitmap_index = 2945, .adv_w = 141, .box_w = 9, .box_h = 8, .ofs_x = 0, .ofs_y = 0},
    {.bitmap_index = 2981, .adv_w = 93, .box_w = 6, .box_h = 11, .ofs_x = 0, .ofs_y = 0},
    {.bitmap_index = 3014, .adv_w = 150, .box_w = 9, .box_h = 11, .ofs_x = 0, .ofs_y = -3},
    {.bitmap_index = 3064, .adv_w = 146, .box_w = 8, .box_h = 11, .ofs_x = 1, .ofs_y = 0},
    {.bitmap_index = 3108, .adv_w = 62, .box_w = 4, .box_h = 11, .ofs_x = 0, .ofs_y = 0},
    {.bitmap_index = 3130, .adv_w = 62, .box_w = 5, .box_h = 14, .ofs_x = -1, .ofs_y = -3},
    {.bitmap_index = 3165, .adv_w = 136, .box_w = 8, .box_h = 11, .ofs_x = 1, .ofs_y = 0},
    {.bitmap_index = 3209, .adv_w = 62, .box_w = 2, .box_h = 11, .ofs_x = 1, .ofs_y = 0},
    {.bitmap_index = 3220, .adv_w = 216, .box_w = 12, .box_h = 8, .ofs_x = 1, .ofs_y = 0},
    {.bitmap_index = 3268, .adv_w = 146, .box_w = 8, .box_h = 8, .ofs_x = 1, .ofs_y = 0},
    {.bitmap_index = 3300, .adv_w = 146, .box_w = 9, .box_h = 8, .ofs_x = 0, .ofs_y = 0},
    {.bitmap_index = 3336, .adv_w = 149, .box_w = 8, .box_h = 11, .ofs_x = 1, .ofs_y = -3},
    {.bitmap_index = 3380, .adv_w = 149, .box_w = 9, .box_h = 11, .ofs_x = 0, .ofs_y = -3},
    {.bitmap_index = 3430, .adv_w = 95, .box_w = 5, .box_h = 9, .ofs_x = 1, .ofs_y = 0},
    {.bitmap_index = 3453, .adv_w = 131, .box_w = 8, .box_h = 8, .ofs_x = 0, .ofs_y = 0},
    {.bitmap_index = 3485, .adv_w = 85, .box_w = 6, .box_h = 10, .ofs_x = 0, .ofs_y = 0},
    {.bitmap_index = 3515, .adv_w = 146, .box_w = 8, .box_h = 8, .ofs_x = 1, .ofs_y = 0},
    {.bitmap_index = 3547, .adv_w = 140, .box_w = 9, .box_h = 8, .ofs_x = 0, .ofs_y = 0},
    {.bitmap_index = 3583, .adv_w = 201, .box_w = 13, .box_h = 8, .ofs_x = 0, .ofs_y = 0},
    {.bitmap_index = 3635, .adv_w = 136, .box_w = 9, .box_h = 8, .ofs_x = 0, .ofs_y = 0},
    {.bitmap_index = 3671, .adv_w = 141, .box_w = 9, .box_h = 11, .ofs_x = 0, .ofs_y = -3},
    {.bitmap_index = 3721, .adv_w = 135, .box_w = 8, .box_h = 8, .ofs_x = 0, .ofs_y = 0},
    {.bitmap_index = 3753, .adv_w = 109, .box_w = 6, .box_h = 14, .ofs_x = 1, .ofs_y = -3},
    {.bitmap_index = 3795, .adv_w = 86, .box_w = 3, .box_h = 18, .ofs_x = 1, .ofs_y = -3},
    {.bitmap_index = 3822, .adv_w = 109, .box_w = 6, .box_h = 14, .ofs_x = 0, .ofs_y = -3},
    {.bitmap_index = 3864, .adv_w = 161, .box_w = 8, .box_h = 3, .ofs_x = 1, .ofs_y = 3},
    {.bitmap_index = 3876, .adv_w = 60, .box_w = 0, .box_h = 0, .ofs_x = 0, .ofs_y = 0},
    {.bitmap_index = 3876, .adv_w = 76, .box_w = 3, .box_h = 11, .ofs_x = 1, .ofs_y = -3},
    {.bitmap_index = 3893, .adv_w = 139, .box_w = 9, .box_h = 11, .ofs_x = 0, .ofs_y = 0},
    {.bitmap_index = 3943, .adv_w = 151, .box_w = 9, .box_h = 11, .ofs_x = 0, .ofs_y = 0},
    {.bitmap_index = 3993, .adv_w = 179, .box_w = 11, .box_h = 11, .ofs_x = 0, .ofs_y = -1},
    {.bitmap_index = 4054, .adv_w = 135, .box_w = 9, .box_h = 11, .ofs_x = 0, .ofs_y = 0},
    {.bitmap_index = 4104, .adv_w = 75, .box_w = 3, .box_h = 13, .ofs_x = 1, .ofs_y = -2},
    {.bitmap_index = 4124, .adv_w = 136, .box_w = 8, .box_h = 14, .ofs_x = 0, .ofs_y = -3},
    {.bitmap_index = 4180, .adv_w = 146, .box_w = 7, .box_h = 2, .ofs_x = 1, .ofs_y = 9},
    {.bitmap_index = 4187, .adv_w = 219, .box_w = 12, .box_h = 11, .ofs_x = 1, .ofs_y = 0},
    {.bitmap_index = 4253, .adv_w = 110, .box_w = 7, .box_h = 6, .ofs_x = 0, .ofs_y = 5},
    {.bitmap_index = 4274, .adv_w = 152, .box_w = 9, .box_h = 7, .ofs_x = 0, .ofs_y = 1},
    {.bitmap_index = 4306, .adv_w = 161, .box_w = 8, .box_h = 4, .ofs_x = 1, .ofs_y = 2},
    {.bitmap_index = 4322, .adv_w = 159, .box_w = 10, .box_h = 9, .ofs_x = 0, .ofs_y = 2},
    {.bitmap_index = 4367, .adv_w = 108, .box_w = 5, .box_h = 3, .ofs_x = 1, .ofs_y = 9},
    {.bitmap_index = 4375, .adv_w = 110, .box_w = 6, .box_h = 7, .ofs_x = 0, .ofs_y = 5},
    {.bitmap_index = 4396, .adv_w = 161, .box_w = 8, .box_h = 8, .ofs_x = 1, .ofs_y = 0},
    {.bitmap_index = 4428, .adv_w = 108, .box_w = 7, .box_h = 6, .ofs_x = 0, .ofs_y = 6},
    {.bitmap_index = 4449, .adv_w = 110, .box_w = 7, .box_h = 6, .ofs_x = 0, .ofs_y = 6},
    {.bitmap_index = 4470, .adv_w = 83, .box_w = 4, .box_h = 3, .ofs_x = 1, .ofs_y = 9},
    {.bitmap_index = 4476, .adv_w = 147, .box_w = 9, .box_h = 11, .ofs_x = 1, .ofs_y = -3},
    {.bitmap_index = 4526, .adv_w = 144, .box_w = 8, .box_h = 11, .ofs_x = 0, .ofs_y = 0},
    {.bitmap_index = 4570, .adv_w = 75, .box_w = 3, .box_h = 3, .ofs_x = 1, .ofs_y = 4},
    {.bitmap_index = 4575, .adv_w = 79, .box_w = 4, .box_h = 4, .ofs_x = 1, .ofs_y = -3},
    {.bitmap_index = 4583, .adv_w = 77, .box_w = 4, .box_h = 6, .ofs_x = 0, .ofs_y = 6},
    {.bitmap_index = 4595, .adv_w = 117, .box_w = 7, .box_h = 6, .ofs_x = 0, .ofs_y = 5},
    {.bitmap_index = 4616, .adv_w = 152, .box_w = 9, .box_h = 7, .ofs_x = 0, .ofs_y = 1},
    {.bitmap_index = 4648, .adv_w = 199, .box_w = 12, .box_h = 11, .ofs_x = 0, .ofs_y = 0},
    {.bitmap_index = 4714, .adv_w = 208, .box_w = 13, .box_h = 12, .ofs_x = 0, .ofs_y = -1},
    {.bitmap_index = 4792, .adv_w = 217, .box_w = 14, .box_h = 11, .ofs_x = 0, .ofs_y = 0},
    {.bitmap_index = 4869, .adv_w = 131, .box_w = 8, .box_h = 11, .ofs_x = 0, .ofs_y = -3},
    {.bitmap_index = 4913, .adv_w = 174, .box_w = 11, .box_h = 14, .ofs_x = 0, .ofs_y = 0},
    {.bitmap_index = 4990, .adv_w = 174, .box_w = 11, .box_h = 14, .ofs_x = 0, .ofs_y = 0},
    {.bitmap_index = 5067, .adv_w = 174, .box_w = 11, .box_h = 14, .ofs_x = 0, .ofs_y = 0},
    {.bitmap_index = 5144, .adv_w = 174, .box_w = 11, .box_h = 14, .ofs_x = 0, .ofs_y = 0},
    {.bitmap_index = 5221, .adv_w = 174, .box_w = 11, .box_h = 14, .ofs_x = 0, .ofs_y = 0},
    {.bitmap_index = 5298, .adv_w = 174, .box_w = 11, .box_h = 14, .ofs_x = 0, .ofs_y = 0},
    {.bitmap_index = 5375, .adv_w = 243, .box_w = 15, .box_h = 11, .ofs_x = 0, .ofs_y = 0},
    {.bitmap_index = 5458, .adv_w = 177, .box_w = 11, .box_h = 14, .ofs_x = 0, .ofs_y = -3},
    {.bitmap_index = 5535, .adv_w = 145, .box_w = 8, .box_h = 14, .ofs_x = 1, .ofs_y = 0},
    {.bitmap_index = 5591, .adv_w = 145, .box_w = 8, .box_h = 14, .ofs_x = 1, .ofs_y = 0},
    {.bitmap_index = 5647, .adv_w = 145, .box_w = 8, .box_h = 14, .ofs_x = 1, .ofs_y = 0},
    {.bitmap_index = 5703, .adv_w = 145, .box_w = 8, .box_h = 14, .ofs_x = 1, .ofs_y = 0},
    {.bitmap_index = 5759, .adv_w = 66, .box_w = 5, .box_h = 14, .ofs_x = -1, .ofs_y = 0},
    {.bitmap_index = 5794, .adv_w = 66, .box_w = 4, .box_h = 14, .ofs_x = 1, .ofs_y = 0},
    {.bitmap_index = 5822, .adv_w = 66, .box_w = 6, .box_h = 14, .ofs_x = -1, .ofs_y = 0},
    {.bitmap_index = 5864, .adv_w = 66, .box_w = 6, .box_h = 14, .ofs_x = -1, .ofs_y = 0},
    {.bitmap_index = 5906, .adv_w = 180, .box_w = 11, .box_h = 11, .ofs_x = 0, .ofs_y = 0},
    {.bitmap_index = 5967, .adv_w = 182, .box_w = 10, .box_h = 14, .ofs_x = 1, .ofs_y = 0},
    {.bitmap_index = 6037, .adv_w = 184, .box_w = 11, .box_h = 14, .ofs_x = 0, .ofs_y = 0},
    {.bitmap_index = 6114, .adv_w = 184, .box_w = 11, .box_h = 14, .ofs_x = 0, .ofs_y = 0},
    {.bitmap_index = 6191, .adv_w = 184, .box_w = 11, .box_h = 14, .ofs_x = 0, .ofs_y = 0},
    {.bitmap_index = 6268, .adv_w = 184, .box_w = 11, .box_h = 14, .ofs_x = 0, .ofs_y = 0},
    {.bitmap_index = 6345, .adv_w = 184, .box_w = 11, .box_h = 14, .ofs_x = 0, .ofs_y = 0},
    {.bitmap_index = 6422, .adv_w = 161, .box_w = 8, .box_h = 8, .ofs_x = 1, .ofs_y = 0},
    {.bitmap_index = 6454, .adv_w = 184, .box_w = 11, .box_h = 13, .ofs_x = 0, .ofs_y = -1},
    {.bitmap_index = 6526, .adv_w = 176, .box_w = 9, .box_h = 14, .ofs_x = 1, .ofs_y = 0},
    {.bitmap_index = 6589, .adv_w = 176, .box_w = 9, .box_h = 14, .ofs_x = 1, .ofs_y = 0},
    {.bitmap_index = 6652, .adv_w = 176, .box_w = 9, .box_h = 14, .ofs_x = 1, .ofs_y = 0},
    {.bitmap_index = 6715, .adv_w = 176, .box_w = 9, .box_h = 14, .ofs_x = 1, .ofs_y = 0},
    {.bitmap_index = 6778, .adv_w = 171, .box_w = 11, .box_h = 14, .ofs_x = 0, .ofs_y = 0},
    {.bitmap_index = 6855, .adv_w = 158, .box_w = 8, .box_h = 11, .ofs_x = 1, .ofs_y = 0},
    {.bitmap_index = 6899, .adv_w = 154, .box_w = 8, .box_h = 11, .ofs_x = 1, .ofs_y = 0},
    {.bitmap_index = 6943, .adv_w = 137, .box_w = 8, .box_h = 12, .ofs_x = 0, .ofs_y = 0},
    {.bitmap_index = 6991, .adv_w = 137, .box_w = 8, .box_h = 12, .ofs_x = 0, .ofs_y = 0},
    {.bitmap_index = 7039, .adv_w = 137, .box_w = 8, .box_h = 11, .ofs_x = 0, .ofs_y = 0},
    {.bitmap_index = 7083, .adv_w = 137, .box_w = 8, .box_h = 11, .ofs_x = 0, .ofs_y = 0},
    {.bitmap_index = 7127, .adv_w = 137, .box_w = 8, .box_h = 11, .ofs_x = 0, .ofs_y = 0},
    {.bitmap_index = 7171, .adv_w = 137, .box_w = 8, .box_h = 12, .ofs_x = 0, .ofs_y = 0},
    {.bitmap_index = 7219, .adv_w = 219, .box_w = 14, .box_h = 8, .ofs_x = 0, .ofs_y = 0},
    {.bitmap_index = 7275, .adv_w = 139, .box_w = 9, .box_h = 11, .ofs_x = 0, .ofs_y = -3},
    {.bitmap_index = 7325, .adv_w = 141, .box_w = 9, .box_h = 12, .ofs_x = 0, .ofs_y = 0},
    {.bitmap_index = 7379, .adv_w = 141, .box_w = 9, .box_h = 12, .ofs_x = 0, .ofs_y = 0},
    {.bitmap_index = 7433, .adv_w = 141, .box_w = 9, .box_h = 11, .ofs_x = 0, .ofs_y = 0},
    {.bitmap_index = 7483, .adv_w = 141, .box_w = 9, .box_h = 11, .ofs_x = 0, .ofs_y = 0},
    {.bitmap_index = 7533, .adv_w = 62, .box_w = 4, .box_h = 11, .ofs_x = -1, .ofs_y = 0},
    {.bitmap_index = 7555, .adv_w = 62, .box_w = 4, .box_h = 11, .ofs_x = 1, .ofs_y = 0},
    {.bitmap_index = 7577, .adv_w = 62, .box_w = 6, .box_h = 11, .ofs_x = -1, .ofs_y = 0},
    {.bitmap_index = 7610, .adv_w = 62, .box_w = 6, .box_h = 11, .ofs_x = -1, .ofs_y = 0},
    {.bitmap_index = 7643, .adv_w = 142, .box_w = 9, .box_h = 12, .ofs_x = 0, .ofs_y = 0},
    {.bitmap_index = 7697, .adv_w = 146, .box_w = 8, .box_h = 11, .ofs_x = 1, .ofs_y = 0},
    {.bitmap_index = 7741, .adv_w = 146, .box_w = 9, .box_h = 12, .ofs_x = 0, .ofs_y = 0},
    {.bitmap_index = 7795, .adv_w = 146, .box_w = 9, .box_h = 12, .ofs_x = 0, .ofs_y = 0},
    {.bitmap_index = 7849, .adv_w = 146, .box_w = 9, .box_h = 11, .ofs_x = 0, .ofs_y = 0},
    {.bitmap_index = 7899, .adv_w = 146, .box_w = 9, .box_h = 11, .ofs_x = 0, .ofs_y = 0},
    {.bitmap_index = 7949, .adv_w = 146, .box_w = 9, .box_h = 11, .ofs_x = 0, .ofs_y = 0},
    {.bitmap_index = 7999, .adv_w = 161, .box_w = 8, .box_h = 8, .ofs_x = 1, .ofs_y = 0},
    {.bitmap_index = 8031, .adv_w = 146, .box_w = 9, .box_h = 10, .ofs_x = 0, .ofs_y = -1},
    {.bitmap_index = 8076, .adv_w = 146, .box_w = 8, .box_h = 12, .ofs_x = 1, .ofs_y = 0},
    {.bitmap_index = 8124, .adv_w = 146, .box_w = 8, .box_h = 12, .ofs_x = 1, .ofs_y = 0},
    {.bitmap_index = 8172, .adv_w = 146, .box_w = 8, .box_h = 11, .ofs_x = 1, .ofs_y = 0},
    {.bitmap_index = 8216, .adv_w = 146, .box_w = 8, .box_h = 11, .ofs_x = 1, .ofs_y = 0},
    {.bitmap_index = 8260, .adv_w = 141, .box_w = 9, .box_h = 15, .ofs_x = 0, .ofs_y = -3},
    {.bitmap_index = 8328, .adv_w = 149, .box_w = 8, .box_h = 14, .ofs_x = 1, .ofs_y = -3},
    {.bitmap_index = 8384, .adv_w = 141, .box_w = 9, .box_h = 14, .ofs_x = 0, .ofs_y = -3},
    {.bitmap_index = 8447, .adv_w = 101, .box_w = 6, .box_h = 2, .ofs_x = 0, .ofs_y = 4},
    {.bitmap_index = 8453, .adv_w = 101, .box_w = 6, .box_h = 2, .ofs_x = 0, .ofs_y = 4},
    {.bitmap_index = 8459, .adv_w = 155, .box_w = 10, .box_h = 2, .ofs_x = 0, .ofs_y = 4},
    {.bitmap_index = 8469, .adv_w = 120, .box_w = 8, .box_h = 2, .ofs_x = 0, .ofs_y = 4},
    {.bitmap_index = 8477, .adv_w = 240, .box_w = 15, .box_h = 2, .ofs_x = 0, .ofs_y = 4},
    {.bitmap_index = 8492, .adv_w = 240, .box_w = 15, .box_h = 2, .ofs_x = 0, .ofs_y = 4},
    {.bitmap_index = 8507, .adv_w = 128, .box_w = 6, .box_h = 18, .ofs_x = 1, .ofs_y = -3},
    {.bitmap_index = 8561, .adv_w = 112, .box_w = 7, .box_h = 4, .ofs_x = 0, .ofs_y = -4},
    {.bitmap_index = 8575, .adv_w = 69, .box_w = 3, .box_h = 5, .ofs_x = 1, .ofs_y = 6},
    {.bitmap_index = 8583, .adv_w = 69, .box_w = 3, .box_h = 5, .ofs_x = 1, .ofs_y = 6},
    {.bitmap_index = 8591, .adv_w = 64, .box_w = 4, .box_h = 5, .ofs_x = 0, .ofs_y = -3},
    {.bitmap_index = 8601, .adv_w = 69, .box_w = 4, .box_h = 5, .ofs_x = 0, .ofs_y = 6},
    {.bitmap_index = 8611, .adv_w = 120, .box_w = 6, .box_h = 5, .ofs_x = 1, .ofs_y = 6},
    {.bitmap_index = 8626, .adv_w = 119, .box_w = 6, .box_h = 5, .ofs_x = 1, .ofs_y = 6},
    {.bitmap_index = 8641, .adv_w = 114, .box_w = 7, .box_h = 5, .ofs_x = 0, .ofs_y = -3},
    {.bitmap_index = 8659, .adv_w = 119, .box_w = 7, .box_h = 5, .ofs_x = 0, .ofs_y = 6},
    {.bitmap_index = 8677, .adv_w = 132, .box_w = 7, .box_h = 8, .ofs_x = 1, .ofs_y = 3},
    {.bitmap_index = 8705, .adv_w = 132, .box_w = 7, .box_h = 11, .ofs_x = 1, .ofs_y = 0},
    {.bitmap_index = 8744, .adv_w = 120, .box_w = 6, .box_h = 5, .ofs_x = 1, .ofs_y = 2},
    {.bitmap_index = 8759, .adv_w = 120, .box_w = 5, .box_h = 6, .ofs_x = 2, .ofs_y = 1},
    {.bitmap_index = 8774, .adv_w = 75, .box_w = 3, .box_h = 3, .ofs_x = 1, .ofs_y = 0},
    {.bitmap_index = 8779, .adv_w = 151, .box_w = 8, .box_h = 3, .ofs_x = 1, .ofs_y = 0},
    {.bitmap_index = 8791, .adv_w = 226, .box_w = 12, .box_h = 3, .ofs_x = 1, .ofs_y = 0},
    {.bitmap_index = 8809, .adv_w = 229, .box_w = 12, .box_h = 11, .ofs_x = 1, .ofs_y = -1},
    {.bitmap_index = 8875, .adv_w = 211, .box_w = 11, .box_h = 12, .ofs_x = 1, .ofs_y = 0},
    {.bitmap_index = 8941, .adv_w = 229, .box_w = 12, .box_h = 11, .ofs_x = 1, .ofs_y = -1},
    {.bitmap_index = 9007, .adv_w = 211, .box_w = 11, .box_h = 12, .ofs_x = 1, .ofs_y = -1}
};

/*---------------------
 *  CHARACTER MAPPING
 *--------------------*/



/*Collect the unicode lists and glyph_id offsets*/
static const lv_font_fmt_txt_cmap_t cmaps[] =
{
    {
        .range_start = 32, .range_length = 95, .glyph_id_start = 1,
        .unicode_list = NULL, .glyph_id_ofs_list = NULL, .list_length = 0, .type = LV_FONT_FMT_TXT_CMAP_FORMAT0_TINY
    },
    {
        .range_start = 160, .range_length = 13, .glyph_id_start = 96,
        .unicode_list = NULL, .glyph_id_ofs_list = NULL, .list_length = 0, .type = LV_FONT_FMT_TXT_CMAP_FORMAT0_TINY
    },
    {
        .range_start = 174, .range_length = 82, .glyph_id_start = 109,
        .unicode_list = NULL, .glyph_id_ofs_list = NULL, .list_length = 0, .type = LV_FONT_FMT_TXT_CMAP_FORMAT0_TINY
    },
    {
        .range_start = 8208, .range_length = 23, .glyph_id_start = 191,
        .unicode_list = NULL, .glyph_id_ofs_list = NULL, .list_length = 0, .type = LV_FONT_FMT_TXT_CMAP_FORMAT0_TINY
    },
    {
        .range_start = 8592, .range_length = 4, .glyph_id_start = 214,
        .unicode_list = NULL, .glyph_id_ofs_list = NULL, .list_length = 0, .type = LV_FONT_FMT_TXT_CMAP_FORMAT0_TINY
    }
};

/*-----------------
 *    KERNING
 *----------------*/


/*Map glyph_ids to kern left classes*/
static const uint8_t kern_left_class_mapping[] =
{
    0, 0, 0, 1, 0, 2, 0, 3,
    1, 4, 0, 5, 6, 7, 6, 7,
    8, 9, 10, 0, 11, 12, 13, 0,
    14, 11, 9, 15, 15, 0, 16, 17,
    18, 19, 20, 21, 22, 23, 24, 25,
    26, 27, 27, 28, 29, 30, 27, 27,
    23, 31, 23, 32, 33, 34, 28, 35,
    36, 37, 38, 39, 4, 40, 0, 5,
    41, 0, 42, 43, 43, 27, 43, 44,
    45, 42, 46, 46, 47, 27, 42, 42,
    43, 43, 45, 48, 49, 50, 51, 52,
    53, 54, 52, 55, 4, 10, 0, 56,
    0, 57, 58, 0, 0, 59, 0, 0,
    0, 19, 60, 61, 62, 63, 0, 5,
    16, 0, 0, 0, 64, 10, 65, 0,
    0, 60, 66, 0, 0, 0, 67, 20,
    20, 20, 20, 20, 20, 24, 22, 24,
    24, 24, 24, 27, 27, 68, 68, 23,
    27, 23, 23, 23, 23, 23, 69, 23,
    28, 28, 28, 28, 38, 70, 71, 42,
    42, 42, 42, 42, 42, 72, 43, 43,
    43, 43, 43, 46, 46, 73, 74, 43,
    75, 43, 43, 43, 76, 76, 6, 43,
    51, 51, 51, 51, 52, 43, 52, 0,
    0, 0, 0, 0, 0, 0, 0, 77,
    78, 79, 0, 77, 78, 79, 0, 80,
    80, 81, 81, 0, 0, 7, 6, 0,
    0, 0
};

/*Map glyph_ids to kern right classes*/
static const uint8_t kern_right_class_mapping[] =
{
    0, 0, 0, 1, 0, 2, 0, 3,
    1, 0, 4, 5, 6, 7, 8, 9,
    10, 11, 12, 0, 13, 14, 0, 11,
    15, 13, 0, 16, 16, 17, 18, 0,
    19, 20, 21, 22, 23, 22, 22, 22,
    23, 22, 22, 24, 22, 22, 22, 22,
    23, 22, 23, 22, 25, 26, 27, 28,
    29, 30, 31, 32, 0, 33, 4, 34,
    35, 0, 36, 22, 37, 37, 37, 38,
    37, 22, 39, 40, 22, 22, 41, 41,
    37, 41, 37, 41, 42, 43, 44, 45,
    46, 47, 45, 48, 0, 49, 4, 50,
    0, 0, 51, 0, 0, 52, 0, 0,
    0, 53, 54, 55, 56, 57, 0, 58,
    18, 0, 0, 0, 59, 60, 61, 0,
    0, 54, 62, 0, 0, 0, 63, 21,
    21, 21, 21, 21, 21, 21, 23, 22,
    22, 22, 22, 22, 22, 64, 64, 65,
    22, 23, 23, 23, 23, 23, 66, 23,
    27, 27, 27, 27, 31, 22, 22, 36,
    36, 36, 67, 68, 36, 36, 37, 37,
    37, 37, 69, 70, 71, 70, 72, 37,
    41, 37, 37, 37, 73, 69, 6, 37,
    44, 44, 44, 74, 45, 22, 75, 0,
    0, 0, 0, 0, 0, 0, 0, 76,
    77, 78, 79, 76, 77, 78, 79, 80,
    80, 81, 81, 0, 0, 82, 0, 0,
    6, 0
};

/*Kern values between classes*/
static const int8_t kern_class_values[] =
{
    0, 0, 0, 0, 0, 0, 0, 0,
    0, 0, 0, 0, 0, 0, 0, 0,
    0, 0, 0, 0, -19, 0, 0, -39,
    0, 0, 0, 0, 0, 0, 0, 0,
    0, 0, 0, 0, -5, 0, 0, 0,
    0, -2, 0, 0, 0, 0, 0, 0,
    0, 0, 0, 0, 0, 0, 0, 0,
    0, 0, 0, 0, 0, 0, 0, 0,
    0, 0, 0, 0, -5, 0, 0, 0,
    -5, 0, 0, 0, 0, 0, 0, 0,
    0, 0, 0, 0, 0, 0, 0, 0,
    0, 0, 0, 0, 0, 0, 0, 0,
    0, 0, 0, 0, 0, 0, -2, 0,
    0, 0, 0, -2, 0, 0, 0, -3,
    0, 0, 0, 0, 0, 0, 0, 0,
    0, 0, 0, 0, 0, 0, 0, 0,
    0, 0, 0, 0, 0, 0, 0, 0,
    0, 0, 0, 0, 0, 0, 0, 0,
    0, 0, 0, 0, 0, 0, 0, 0,
    0, 11, 0, 0, 0, 0, 0, 0,
    0, 0, 0, 0, 0, 0, 0, 0,
    0, 0, 0, 0, 0, 0, 0, 0,
    0, 0, 0, 0, 0, 0, 0, 0,
    0, 0, 0, 0, 0, -14, 0, -15,
    -9, 0, -18, 0, 0, 0, 0, 0,
    0, 0, 0, 0, 0, 0, 0, 0,
    -8, -8, 0, 0, 0, 0, 0, 0,
    0, -9, 0, 0, 0, 0, 0, 0,
    0, 0, 0, 0, 0, 0, 0, 0,
    0, 0, 0, 0, 0, 0, -8, 0,
    0, 0, 0, 0, 0, 0, 0, 0,
    0, 0, 0, 0, 0, 0, 0, 0,
    0, 0, 0, 0, 0, 0, 0, 0,
    0, 0, 0, 3, 0, 0, 0, 0,
    0, 0, 0, 0, 0, 0, 0, 0,
    0, 0, -2, 0, 0, 4, 3, 0,
    0, 0, 0, 0, 0, 0, 0, 0,
    0, 0, 0, 0, 0, 0, 0, 0,
    0, 0, 0, 0, 0, 0, 0, 0,
    0, 0, -2, 0, 0, 0, -2, 0,
    0, 0, 0, 0, 0, 0, 0, 0,
    0, 0, 0, 0, 0, 0, 0, 0,
    0, 0, 0, 0, 0, 0, 0, 0,
    0, 0, 0, 0, -21, 0, -4, -23,
    0, 0, 0, 0, 0, 0, 0, 0,
    0, 0, 0, 0, 0, 0, 0, 0,
    0, 0, 0, 0, 0, 0, 0, 0,
    0, 0, 0, 0, 0, 0, 0, 0,
    0, 0, 0, 0, 0, 0, 0, 0,
    3, 0, 0, 0, 0, 0, 0, 0,
    0, 0, 0, 0, 0, 0, 0, 0,
    0, 0, 0, 0, 0, 0, 0, 0,
    0, 0, 0, 0, 0, 0, 0, 0,
    0, 0, 0, 0, 0, 0, -8, 0,
    0, -11, 0, -18, 0, -11, -8, -9,
    -17, 0, 0, 0, 0, 0, 0, 0,
    0, 0, 0, 0, 0, 0, 0, 0,
    -5, 0, 0, 0, 0, 0, 0, 0,
    0, 0, 0, 0, 0, 0, 0, 0,
    0, 0, 0, 0, 0, 0, 0, 0,
    0, 0, 0, 0, 0, 0, 0, 0,
    0, 0, 0, 0, 0, 0, 0, 0,
    0, 0, 0, 0, 0, 0, 0, 0,
    0, 0, 0, 0, 0, 0, 0, 0,
    0, 0, -11, 0, 0, -8, 0, 0,
    0, 0, -13, 0, 0, 0, 0, 0,
    0, 0, 0, 0, 0, 0, 0, 0,
    0, 0, 0, 0, 0, 0, 0, 0,
    0, 0, 0, 0, 0, 0, 0, 0,
    0, 0, 0, 0, 0, 0, 0, 0,
    0, 0, 0, 0, 0, 0, 0, 0,
    0, 0, 0, 0, 0, 0, 0, 0,
    0, 0, 0, 0, 0, 0, 0, 0,
    0, 0, 0, 0, 0, 0, 0, 0,
    0, 0, -6, 0, 0, -15, 0, 0,
    0, 1, 1, 0, 0, 0, 0, 0,
    0, 0, 0, 0, 0, 0, 0, 0,
    0, 0, 0, 0, 0, 0, 0, 0,
    0, 0, 0, 0, 0, 0, 0, 0,
    0, 0, 0, 0, 0, 0, 0, 0,
    0, 0, 0, 0, 0, 0, 0, 0,
    0, 0, 0, 0, 0, 0, 0, 0,
    0, 0, 0, 0, 0, 0, 0, 0,
    0, 0, 0, 0, 0, 0, 0, 0,
    0, 0, 0, 0, 0, 0, 0, 0,
    0, 0, 0, -5, 0, -9, -8, 0,
    0, 0, 0, 0, 0, 0, 0, 0,
    0, 0, 4, 0, 0, 0, 0, 0,
    0, 0, 0, 0, 0, 0, 0, 0,
    0, 0, 0, 0, 0, 0, 0, 0,
    0, 0, 0, 0, 0, 0, 0, 0,
    0, 0, 0, 0, 0, 0, 0, 0,
    0, 0, 0, 0, 0, 0, 0, 0,
    0, 0, 0, 0, 0, 0, 0, 0,
    0, 0, 0, 0, 0, 0, 0, 0,
    0, 0, 0, 0, 0, 0, 0, 0,
    0, 0, 0, 0, 0, 0, 0, 0,
    0, 0, 0, 0, 3, 0, 2, 0,
    0, 0, 0, 0, 0, 0, 0, 0,
    0, 0, 0, 0, 0, 0, 0, 0,
    0, 0, 8, 0, 0, 0, 0, 0,
    0, 15, 0, 0, 2, 0, 0, 0,
    0, 0, 0, 0, 0, 0, 0, 0,
    0, 0, 0, 0, 0, 0, 0, 0,
    0, 0, 0, 0, 0, 0, 0, 0,
    0, 0, 0, 0, 0, 0, 0, 0,
    0, -5, 0, 0, 0, 0, 0, 0,
    0, 0, 0, 0, 0, 0, 0, 0,
    0, 0, 0, 0, 0, 0, 0, 0,
    0, 0, 0, 0, 0, 0, 0, 0,
    0, 0, 0, 0, 0, 0, 0, 0,
    0, 0, 0, 0, 0, 0, 0, 0,
    0, 0, 0, 0, 0, 0, 0, 0,
    0, 0, 0, 0, 0, 0, 0, 0,
    0, 0, 0, 0, 0, 0, 0, 0,
    0, 0, 0, 0, 0, 0, 0, 0,
    0, 0, 0, 0, 0, 0, 0, 0,
    0, 0, 0, 0, 0, 0, 0, 0,
    0, 0, 0, 0, 0, 0, 0, 0,
    0, 0, 0, 0, 0, 0, 0, 0,
    0, 0, 0, 0, 0, 0, 0, 0,
    0, 0, 0, 0, 0, 0, 0, 0,
    0, 0, 0, 0, 0, 0, 0, 0,
    0, 0, 0, 0, 0, 0, 0, 0,
    0, 0, 0, 0, 0, 0, 0, 0,
    0, 0, 0, 0, 0, 0, 0, 0,
    0, 0, 0, 0, 0, 0, 0, 0,
    0, 0, 0, 0, 0, 0, 0, 0,
    0, 0, 0, 0, 0, 0, 0, 0,
    0, 0, 0, 0, 0, 0, 0, 0,
    0, 0, 0, 0, 0, 0, 0, 0,
    0, 0, 0, 0, 0, 0, 0, 0,
    0, 0, 0, 0, 0, 0, 0, 0,
    0, 0, 0, 0, 0, 0, 0, 0,
    0, 0, 0, 0, 0, 0, 0, 0,
    0, 0, 0, 0, 0, 0, -26, 0,
    0, -23, 0, 0, 0, 0, 0, 0,
    0, 0, 0, 0, 0, -11, -12, 0,
    0, 0, -12, -10, 0, 0, 0, 0,
    0, 0, 0, 0, 0, 0, 0, 0,
    0, 0, 0, 0, 0, 0, 0, 0,
    0, 0, 0, 0, -11, -11, -12, 0,
    0, 22, -12, 0, 0, 0, 0, 0,
    0, 0, 0, 0, 0, 0, 0, 0,
    0, 0, 0, 0, 0, 0, 0, 0,
    0, 0, 0, 0, 0, 0, 0, 0,
    0, 0, 0, 0, 0, -8, 0, -15,
    0, 0, 0, 0, 0, 0, 0, 0,
    0, 0, 0, 0, 0, 0, 0, 0,
    0, 0, 0, 0, 0, 0, 0, 0,
    0, 0, 0, 0, 0, 0, 0, 0,
    0, 0, 0, 0, 0, 0, 0, 0,
    0, 0, 0, 0, 0, 0, 0, 0,
    0, 0, 0, 0, 0, 0, 0, 0,
    0, 0, 0, 0, 0, 0, 0, 0,
    0, 0, 0, 0, 0, 0, 0, 0,
    0, 0, -12, 0, 0, 0, 0, -11,
    0, -16, -15, -12, -23, 0, 0, 0,
    0, 0, 0, 0, 0, 0, 0, 0,
    0, 0, -9, 0, -8, 0, 0, 0,
    0, 0, 0, 0, 0, 0, 0, 0,
    0, 0, 0, 0, 0, 0, 0, 0,
    0, 0, 0, 0, 0, 0, 0, 0,
    -9, 0, 0, 0, 0, 0, 0, 0,
    0, 0, 0, 0, 0, 0, 0, 0,
    0, 0, 0, 0, 0, 0, 0, 0,
    0, 0, 0, 0, -6, 0, 0, 0,
    0, -19, 0, -18, -18, -14, -22, -15,
    0, 0, 0, 0, 0, 0, 0, 0,
    0, 0, 0, 0, 0, 0, 0, 0,
    0, 0, 0, 0, 0, 0, 0, 0,
    0, 0, 0, 0, 0, 0, 0, 0,
    0, 0, 0, 0, 0, 0, 0, 0,
    0, 0, 0, 0, 0, 0, 0, 0,
    0, 0, 0, 0, 0, 0, 0, 0,
    0, 0, 0, 0, 0, 0, 0, 0,
    0, 0, 0, 0, 0, 0, -15, 0,
    0, 0, 0, 0, 0, 0, 0, 0,
    0, 0, 0, 0, 0, 0, 0, 0,
    0, 0, 0, 0, 0, 0, 0, 0,
    0, 0, 0, 0, 0, 0, 0, 0,
    0, 0, 0, 0, 0, 0, 0, 0,
    0, 0, 0, 0, 0, 0, 0, 0,
    0, 0, 0, 0, 0, 0, 0, 0,
    0, 0, 0, 0, 0, 0, 0, 0,
    0, 0, 0, 0, 0, 0, 0, 0,
    0, 0, 0, 0, 0, 0, 0, 0,
    -9, 0, 0, 0, 0, -8, 0, -9,
    -4, -11, -10, 0, 0, 0, 0, 0,
    0, 0, 0, 0, 0, 0, 0, 0,
    0, 0, 0, 0, 0, 0, 0, 0,
    0, 0, 0, 0, 0, 0, 0, 0,
    0, 0, 0, 0, 0, 0, 0, 0,
    0, 0, 0, 0, 0, 0, 0, 0,
    0, 0, 0, 0, 0, 0, -19, -2,
    0, 0, -21, -8, 0, -8, 0, 3,
    0, -11, 0, 0, 0, 0, -6, -12,
    -15, -9, 4, 0, -9, 0, -2, -21,
    -5, -19, -16, 0, -19, 0, -19, -21,
    0, 0, -4, -2, 1, 0, 0, -2,
    -6, 0, -16, -16, 0, 0, 0, -8,
    -4, 0, -9, -18, -8, -8, -17, -21,
    0, -12, -8, -8, 0, 0, 0, -8,
    0, 0, -4, 1, 1, 0, -4, 0,
    -16, -31, -24, 0, 0, -18, -8, 0,
    0, 0, 0, 0, 0, 0, 0, 0,
    0, 0, 0, 0, 0, 0, 0, 0,
    0, 0, 0, 0, 0, 0, 0, 0,
    0, -13, 0, 0, 0, 0, 0, 0,
    0, 0, 0, 0, 0, 0, 0, 0,
    0, 0, 0, 0, 0, 0, 0, 0,
    0, 0, 0, 0, 0, 0, 0, 0,
    0, 0, 0, 0, 0, 0, 0, 0,
    0, 0, 0, 0, 0, 0, 0, 8,
    0, 0, 0, -15, 0, 0, 0, 0,
    0, 0, 0, 0, 0, 0, 0, 0,
    0, 0, 0, 0, 0, 0, 0, 0,
    0, 0, 0, 0, 0, 0, -6, 0,
    0, 0, 0, 0, 0, 0, 0, -3,
    0, 0, 0, 0, -9, 0, 0, 0,
    0, 0, 0, 0, 0, 0, 1, 0,
    0, 0, 0, 0, 0, 0, 0, 0,
    0, 0, 0, 0, 0, 0, 0, 0,
    0, 0, 0, 0, 0, 0, 0, 0,
    0, 8, 0, 0, 1, 0, 0, 0,
    0, 0, 0, 0, 0, 0, 0, 0,
    0, 0, -11, 0, -11, -9, 0, 0,
    0, 0, 0, 0, 0, 0, 0, 0,
    -9, 0, 0, 0, 0, -8, 0, -9,
    -4, -11, -10, 0, -9, 0, -9, 0,
    0, 0, 0, 0, 0, 0, 0, 0,
    0, 0, 0, 0, 0, 0, 0, 0,
    0, 0, 0, 0, -1, 0, 0, 0,
    0, 0, 0, 0, 0, 0, 0, 0,
    0, 0, 0, 0, 0, 0, 0, -8,
    0, -9, 0, 0, 0, -11, 0, 0,
    0, 0, 0, 0, 0, 0, 0, 0,
    0, 0, 0, 0, 0, 0, 0, 0,
    0, 0, 0, 0, 0, 0, 0, 0,
    0, 0, 0, 0, 0, 0, 0, 0,
    0, 0, 0, 0, 0, 0, 0, 0,
    0, 0, 0, 0, 0, 0, 0, 0,
    0, 0, 0, 0, 0, 0, 0, 0,
    0, 0, 0, 0, 0, 0, 0, 0,
    0, 0, 0, 0, 0, 18, 0, 0,
    0, 0, 0, 0, 0, 0, 0, 0,
    0, 0, 0, 0, 0, 0, -9, 0,
    -8, 0, 0, 0, 0, 0, 0, 0,
    0, 0, 0, 0, -22, 0, 0, -16,
    0, 0, 0, 0, 0, 0, 0, 0,
    0, 0, -8, -5, -7, 0, 0, 0,
    -5, 0, 0, -8, -8, 0, 0, -8,
    0, 0, -7, 0, 0, 0, 0, 0,
    0, 0, -8, 0, 0, 0, 0, 0,
    0, 0, -5, -5, -7, 0, 0, 0,
    -7, -8, -8, 0, 0, -29, 0, 0,
    0, -20, 0, 0, 0, 0, 0, 0,
    0, 0, 0, 0, 0, 0, 0, 0,
    0, 0, 0, 0, 0, 0, -7, 0,
    0, 0, 0, -7, 0, -5, 0, -3,
    -6, 0, -5, 0, 0, 0, 0, 0,
    0, 0, 0, 0, 0, 0, 0, 0,
    0, 0, 0, 0, 0, 0, 0, 0,
    0, 0, 0, 0, 0, 0, 0, 0,
    0, 0, 0, 0, 0, 0, 0, 0,
    0, 8, 0, 0, 0, 0, 0, 0,
    0, 0, 0, 0, 0, 0, 0, 3,
    0, 0, 0, 0, 0, 0, 0, 0,
    0, 0, 0, 0, 0, 0, 0, 0,
    0, 0, 0, 0, 0, 0, 0, 0,
    0, 0, 0, 0, 0, 0, 3, 0,
    0, 0, 0, 0, 0, 0, 3, 0,
    2, 0, 0, 0, 0, 0, 0, 0,
    0, 0, 0, 0, 0, 0, 0, 0,
    0, 0, 0, 0, 8, 0, 0, 0,
    0, 0, 0, 15, 0, 0, 2, 0,
    0, 0, 0, 0, 0, 0, 0, 0,
    0, 0, 0, 0, -8, 0, -8, -14,
    0, 0, 0, 0, 0, 0, 0, 0,
    0, 0, -5, 0, 0, 0, 0, 0,
    0, 0, 0, 0, 0, 0, 0, 0,
    -12, 0, 0, 0, 0, 0, 0, 0,
    0, 0, 0, 0, 0, 0, 0, 0,
    0, 0, 0, 0, 0, 0, 0, 0,
    0, 0, 0, 0, 0, 0, 0, 0,
    0, 0, 0, 0, 0, 0, 0, 0,
    0, 0, 0, -19, 0, 0, 0, -8,
    0, -3, 0, 0, 0, -21, 0, -21,
    0, 0, 0, 0, 0, 0, 0, 0,
    -16, -8, 0, -9, 0, 0, -9, 0,
    -3, 0, 0, 0, 0, 0, 0, 0,
    0, 0, 0, 0, -9, 0, 2, 0,
    0, 0, 0, -8, -9, -15, 0, 0,
    0, -21, -9, 0, -9, 0, -12, -12,
    -4, 0, -8, 0, -11, 0, 0, 0,
    0, -8, 0, 0, -9, 2, 2, 20,
    -9, -8, -9, 0, 0, 0, 0, 0,
    -8, 0, -22, 0, 0, 0, -9, -17,
    0, -12, 0, 0, 0, -11, 0, 0,
    0, 0, 0, 0, -1, -7, 0, 0,
    -7, 0, 0, -22, 0, -18, -6, 0,
    -17, 0, -18, -31, 0, 0, 0, 0,
    0, 0, 0, 0, -5, 0, -16, 0,
    0, 0, 0, -9, 0, 0, -7, -23,
    -15, -31, -19, -11, 0, -19, -15, 0,
    0, 0, 0, -8, 0, 0, 0, 0,
    0, 0, 0, 0, -16, -20, -18, 0,
    -11, -23, -8, 0, 0, 0, -8, 0,
    0, -7, -9, -7, -8, 0, 0, 0,
    0, 0, 0, 0, 0, 0, 0, 0,
    -19, 0, 0, -23, 0, 0, 0, 0,
    0, 0, 0, 0, 0, 0, 0, -2,
    -2, 0, 0, 0, 0, 0, 0, 0,
    0, 0, 0, 0, 0, -7, -2, 0,
    0, 0, 0, -7, 0, 0, 0, 0,
    -7, 0, 0, 0, 0, 0, -2, -2,
    -2, 0, 0, 0, -2, 0, 0, 0,
    0, -34, 0, 0, 0, -23, 0, 0,
    0, 0, 0, 0, 0, 0, 0, 0,
    0, 0, 0, 0, 0, 0, 0, 0,
    0, 0, 0, 0, 0, 0, 0, 0,
    0, -4, 0, 0, -7, 0, -4, 0,
    0, -1, -3, 0, 0, 0, 0, 0,
    0, 0, 0, 0, 0, 0, 0, 0,
    -3, 0, 0, 0, 0, 0, 0, 0,
    0, 0, 0, 0, 0, 0, 0, 0,
    -1, -1, -3, 0, 0, 11, -3, 0,
    0, 0, 0, 0, 0, 0, 0, 0,
    0, 0, 0, 0, 0, 0, 0, 0,
    0, 0, 0, 0, 0, 0, 0, 0,
    0, 0, 0, 0, -2, 0, 0, 0,
    0, -2, 0, 0, 0, -3, 0, 0,
    0, 0, 0, 0, 0, 0, 0, 0,
    0, 0, 0, 0, 0, 0, 0, 0,
    0, 0, 0, 0, 0, 0, 0, 0,
    0, 0, 0, 0, 0, 0, 0, 0,
    0, 0, 0, 0, 0, 0, 0, 11,
    0, 0, 0, 0, 0, 0, 0, 0,
    0, 0, 0, -1, -8, 0, 0, -14,
    -8, -14, -8, -12, -8, 0, 0, -16,
    -19, -8, -19, -8, 0, -8, -21, 0,
    -8, -22, -1, 0, 0, 0, 0, 0,
    3, 0, 0, 0, -14, -18, -19, 0,
    0, 0, -14, -18, -24, -18, -15, -15,
    -10, -11, 0, -14, -19, 0, -8, 0,
    -31, -14, 0, 0, -24, 0, -19, -12,
    0, 0, 0, -8, -9, -9, -12, 0,
    0, 22, -12, -13, -8, 0, 0, -29,
    0, 0, -8, -20, 0, 0, -12, 0,
    0, -13, -23, -13, -23, -12, -5, 0,
    0, -8, 0, -15, -18, -15, 0, -8,
    -19, 0, -9, -23, 0, 0, 0, 4,
    0, 0, 0, 0, 4, 0, -19, -14,
    -14, 0, 0, 0, -2, -11, 0, 0,
    0, 0, 0, 0, 0, -13, -14, 0,
    -9, 0, -14, -15, 0, 0, 0, 0,
    -9, 0, -5, 0, 0, -9, -14, -9,
    -14, 0, 0, 20, -11, 0, 0, 0,
    0, -27, 0, 0, -9, -23, 0, -1,
    -12, 0, 0, -11, -23, -11, -23, -5,
    0, 0, 0, -8, 0, -12, -18, -15,
    0, -4, -16, 0, -4, -15, -1, 0,
    0, 1, 5, 0, 0, 0, 1, 0,
    0, -13, -12, 0, 0, 0, -8, -8,
    0, 0, 0, 0, 0, 0, 0, -11,
    -12, 0, -4, 0, -14, -11, 0, 0,
    0, 0, -8, 0, -5, 0, 0, 0,
    -13, -13, -12, 0, 0, 0, -12, 0,
    0, 0, 0, -26, 0, 0, 0, -23,
    0, -3, 0, 0, 0, -9, 0, -9,
    0, 0, -9, 0, -5, -9, 0, 0,
    -14, -12, 0, -11, 0, 0, -11, 0,
    -3, -9, 0, 0, 0, 0, 0, 0,
    0, 0, 0, -14, -7, 0, 0, 0,
    0, 0, 0, 0, 0, 0, 0, 0,
    0, -8, -7, 0, -11, 0, -9, -12,
    -2, 0, 0, 0, -11, 0, 0, 0,
    0, -11, -14, -14, -7, 0, 0, 0,
    -7, 0, 0, 0, 0, 0, 0, 0,
    -11, 0, 0, 0, -15, 0, 0, -17,
    -13, -17, -13, 0, 0, 0, 0, -16,
    0, -15, -24, -23, 0, -10, -19, 0,
    -10, -8, 0, 3, 0, 0, 0, 0,
    0, 0, 0, 0, 0, -22, -24, 0,
    -6, 0, -10, -16, 0, -9, 0, 0,
    0, 0, 0, -17, -24, 0, -10, 0,
    -22, -12, -2, 0, -9, 0, -12, -15,
    0, 0, 0, -11, -16, -12, -24, -6,
    -8, 0, -24, -9, 0, 0, 0, -26,
    0, 0, -9, -23, 0, 0, 0, 0,
    0, -9, 0, -9, 0, 0, 0, 0,
    0, 0, 0, 0, -15, 0, 0, -8,
    0, 0, -8, 0, 0, 0, 0, 0,
    0, 0, 0, 0, 0, 0, 0, 0,
    0, 0, 0, 0, 0, 0, 0, 0,
    0, 0, 0, 0, 0, -9, 0, 0,
    -8, 0, -8, -9, 0, 0, 0, 0,
    -8, 0, 0, 0, 0, 0, 0, 0,
    0, 0, 0, 20, 0, 0, 0, 0,
    0, 0, 0, 0, 0, 0, 0, 0,
    0, 0, 0, 0, 0, 0, 0, 0,
    0, 0, 0, 0, 0, 0, 0, 0,
    0, 0, 4, 0, -9, 0, -2, -9,
    -5, -12, -14, 0, -19, 0, 0, 0,
    0, 0, -4, -2, 1, 0, 0, -2,
    -6, 0, -12, -16, 0, 0, 0, 0,
    0, 0, 0, -18, 0, 0, 0, 0,
    0, 0, 0, 0, 0, 0, 0, 0,
    0, 0, -4, 1, 1, 0, -4, 0,
    -12, 0, 0, 0, 0, 0, 0, 0,
    0, 0, 0, 0, 0, 0, 0, 0,
    0, 0, 0, 0, 0, 0, 0, 0,
    0, 0, 0, 0, 0, 8, -9, 0,
    0, -14, -9, -19, 0, 0, 0, 0,
    0, 0, 0, 0, 0, 0, 5, 23,
    8, 0, 0, 0, -19, 0, 0, 0,
    0, 0, 0, 0, 0, 0, 0, 0,
    0, 0, 0, 0, 0, 0, 0, 0,
    0, 0, 0, 0, 0, 5, 5, 0,
    0, 0, -19, 0, 0, 0, 0, 0,
    0, 0, -4, 0, 0, 0, 0, 0,
    0, 0, 0, 0, 0, -9, 0, 0,
    0, 0, 0, 0, 0, 0, 0, 0,
    0, 0, 0, -17, 0, -12, -12, 0,
    -21, 0, -12, 0, 0, 0, 0, 0,
    0, 0, 0, 0, 0, 0, -4, 0,
    0, 0, 0, 0, 0, 0, 0, 0,
    0, 0, -2, 0, 0, 0, 0, 0,
    0, 0, 0, 0, 0, 0, 0, 0,
    0, 0, 0, 0, -4, -11, -6, 0,
    0, 0, 0, 0, -5, 0, 0, -3,
    0, 0, 0, 0, 0, 0, 0, -8,
    0, 0, 0, 0, 0, 0, 0, 0,
    -8, 0, 0, 0, 0, -19, 0, -14,
    -12, -7, -25, 0, -14, 0, 0, 2,
    0, 0, 0, 0, 0, 0, 0, 0,
    -4, -4, -5, -4, 0, 0, 0, 0,
    0, -8, 0, 0, -3, 0, 0, 0,
    0, 0, 0, 0, 0, 0, 2, 2,
    0, 0, 0, 0, 0, 0, -4, -15,
    -5, 0, 0, -8, 0, 0, 0, 0,
    0, 0, 0, -6, -14, -6, -14, -4,
    0, 0, 0, -15, 0, 0, 0, 0,
    0, 0, -8, 0, 0, -15, 0, 0,
    0, 0, 0, 0, 2, 0, 0, 0,
    -3, -4, -6, -10, 1, 1, 0, -5,
    -9, 0, 0, 4, 0, 0, 0, -6,
    -6, 0, 0, 0, -9, -6, 0, 0,
    0, 0, -6, 0, 0, 0, 0, -5,
    -4, -4, -6, 1, 1, 24, -6, 0,
    0, 0, 0, -22, 0, 0, -5, -14,
    0, 0, 0, 0, 0, 0, 0, 0,
    0, 0, 0, 0, 0, 0, 0, 0,
    0, 0, 0, 0, 0, 0, 0, 0,
    0, -12, 0, 0, 0, 0, 0, 0,
    0, 0, 0, 0, 0, 0, 0, 1,
    0, 0, 0, 0, 0, 0, 0, 0,
    0, 0, 0, 0, 0, 0, 0, 0,
    0, 0, 0, 0, 0, 0, 0, 0,
    0, 0, 0, 0, 0, 0, 0, 0,
    0, 0, 0, 0, 0, 0, 0, 0,
    0, 0, 0, 0, 0, 0, 0, 0,
    0, 0, 0, 0, 0, 0, 0, 0,
    0, 0, 0, 0, 0, 0, 0, 0,
    0, 0, 0, 0, 0, 0, 0, 0,
    0, 0, 0, 0, 0, 0, 0, 0,
    0, 0, 0, 0, 0, 0, 0, 0,
    0, 0, 0, 0, 0, 0, 0, 0,
    0, 0, 0, 0, 0, 0, 0, 0,
    0, 0, 0, 0, 0, 0, 0, 0,
    0, 15, 0, 0, 0, 0, 0, 0,
    0, 0, 0, 0, 0, 0, 0, 0,
    0, -13, 0, -13, 0, 0, 0, 0,
    0, -11, 0, 0, -20, 0, 0, 0,
    0, 0, 0, 0, 0, -14, 0, 0,
    0, 0, 0, 0, 0, 0, 0, 0,
    -5, 0, 0, 0, 0, 0, 0, 0,
    1, 0, 0, 0, 0, -13, -5, 0,
    0, 0, -12, -16, 0, 0, 0, 0,
    -13, 0, 0, 0, 0, 0, 0, 0,
    -5, 0, 0, 0, -5, 0, 1, 0,
    0, 0, 0, 0, 0, 0, 0, 0,
    0, 0, 0, -9, -15, -9, -15, -8,
    0, 0, 0, 0, 0, 0, -9, 0,
    0, 0, -9, 4, 0, -14, 0, -14,
    0, 0, 0, 0, 0, -8, 0, 0,
    0, -2, -5, 4, 1, 4, 2, 0,
    4, 0, 4, 2, 4, 0, 4, -9,
    -5, 0, 0, 0, 0, -8, 0, 0,
    0, 0, -9, 0, 0, 0, 0, 0,
    -2, -2, -5, 1, 1, 5, -5, 0,
    4, -9, 4, -19, 0, 0, 0, -15,
    -2, 0, 0, 0, 0, 0, 0, 0,
    0, 0, 0, 0, 0, 0, 0, 0,
    0, 0, 0, 0, 0, 0, 0, 0,
    0, -18, 0, -11, -8, 0, -18, 0,
    -11, 0, 0, 0, 0, 0, 0, 0,
    0, 0, 0, 0, 0, 0, 0, 0,
    0, 0, 0, 0, 0, 0, 0, 0,
    -2, 0, 0, 0, 0, 0, 0, 0,
    0, 0, 0, 0, 0, 0, 0, 0,
    0, 0, 0, -12, 0, -2, 0, 0,
    0, 0, 0, 0, 0, 0, 0, -4,
    0, -4, 0, 0, 0, 0, 0, -2,
    0, 0, -7, 0, 0, 0, 0, 0,
    0, 0, 0, -8, 0, -2, -2, 0,
    -2, 0, -2, 0, 0, 1, -2, -7,
    0, 2, 0, -2, -2, 0, 5, 4,
    0, 0, 0, -4, -2, 0, 0, 0,
    0, -4, 0, 0, 0, 0, -4, 0,
    0, 0, 0, -2, 1, 1, -2, 0,
    0, 0, -2, 0, 5, -9, 2, 0,
    0, 0, -2, 0, 0, 0, 0, 0,
    0, -9, 0, -9, 0, -8, 0, 0,
    0, 0, 0, 0, -9, 0, 0, 0,
    0, 0, 0, 0, 0, -12, 0, 0,
    0, 0, -14, 0, 0, 0, -8, 0,
    0, 0, 0, 0, 0, 0, 0, 0,
    0, 0, 0, 0, 0, -9, 0, 0,
    0, 0, 0, -8, 0, 0, 0, 0,
    -9, 0, 0, 0, 0, 0, 0, 0,
    0, 0, 0, 0, 0, 0, 0, -9,
    3, 0, 0, 0, 0, 0, 0, 0,
    0, 0, 0, -9, -10, -9, -10, -14,
    0, 0, 0, 0, 0, 0, -8, -9,
    0, 0, -16, 1, 0, -15, 0, -8,
    0, 0, 0, 0, -8, 0, 0, 0,
    -19, -2, -4, 4, 0, 0, 0, 0,
    4, 0, 0, 0, 0, 0, 1, -9,
    -4, 0, 0, 0, -9, -9, 0, 0,
    0, 0, -9, 0, 0, 0, 0, 0,
    -2, -2, -4, 0, 0, 4, -4, 0,
    0, 0, 0, -19, 0, 0, 0, -18,
    0, 0, -8, 0, 0, 0, -18, 0,
    -18, 0, 0, 0, 0, 0, 0, 0,
    0, 0, 0, 0, -16, 0, 0, -14,
    0, -12, 0, 0, 0, 0, 0, -8,
    0, 0, 0, 0, -4, 0, 0, 0,
    0, 0, 0, 0, 0, 0, 0, 0,
    0, 0, -4, 0, 0, 0, -8, 0,
    0, 0, 0, 0, 0, 0, 0, 0,
    0, 0, 0, 0, -4, 0, 0, 0,
    -4, 0, 0, 0, 1, -19, 0, 0,
    0, -18, 0, 0, 0, 0, 0, -5,
    0, -5, 0, 0, 0, 0, 0, 0,
    0, 0, 0, -8, 0, 0, 0, 0,
    0, 0, 0, -10, 0, 0, 0, 0,
    0, 0, 0, 0, 0, 0, -5, 4,
    0, 0, 0, 0, 4, 0, 0, 0,
    0, 0, 0, -5, -5, 0, 0, 0,
    -8, -5, 0, 0, 0, 0, -5, 0,
    0, 0, 0, 0, 0, 0, -5, 0,
    0, 0, -5, 0, 0, 0, 0, 0,
    0, 0, 0, 0, 0, 0, 0, 0,
    0, 0, 0, 0, 0, 0, 0, 0,
    0, 0, 0, 0, 0, 0, 0, 0,
    0, 0, 0, 0, 0, -8, 0, 0,
    0, 0, 0, 0, 0, 0, 0, 0,
    -4, 0, 0, 0, 0, 0, 0, 0,
    0, 0, 0, 0, 0, 0, -4, 0,
    0, 0, 0, 0, 0, 0, 0, 0,
    0, 0, 0, 0, 0, 0, 0, 0,
    -4, 0, 0, 0, -4, 0, 0, 0,
    0, 0, 0, 0, 0, 0, 0, 0,
    0, 0, 0, 0, 0, 0, 0, 0,
    0, 0, 0, 0, 0, 0, 0, 0,
    0, 0, -8, 0, 0, -11, 0, -18,
    0, -11, -8, -9, -17, 0, 0, 0,
    0, 0, 0, 0, 0, 0, 0, 0,
    0, 0, 0, 0, -5, 0, 0, 0,
    0, 0, 0, 0, 0, 0, 0, 0,
    0, 0, 0, 0, 0, 0, 0, 0,
    0, 0, 0, 0, 0, 0, 0, 0,
    0, 0, 0, 0, 0, 0, 0, 0,
    0, 0, 0, 0, 0, 0, 0, 0,
    0, 0, 0, 0, 0, 0, 0, 0,
    0, 0, 0, 0, 0, 0, 0, 0,
    0, -16, 0, -8, 0, 0, -16, 0,
    0, 0, 0, 0, 0, 0, 0, 0,
    0, 0, 0, 0, 0, 0, 0, 0,
    0, 0, 0, 0, 0, 0, 0, 0,
    0, 0, 0, 0, 0, 0, 0, 0,
    0, 0, 0, 0, 0, 0, 0, 0,
    0, 0, 0, 0, 0, 0, 0, 0,
    0, 0, 0, 0, 0, 0, 0, 0,
    0, 0, 0, 0, 0, 0, 0, 0,
    0, 0, 0, 0, 0, 0, -8, 0,
    0, 0, 0, -19, 0, -14, -12, -7,
    -25, 0, 0, 0, 0, 2, 0, 0,
    0, 0, 0, 0, 0, 0, -4, -4,
    -5, -4, 0, 0, 0, 0, 0, -8,
    0, 0, 0, 0, 0, 0, 0, 0,
    0, 0, 0, 0, 2, 2, 0, 0,
    0, 0, 0, 0, -4, 0, 0, 0,
    0, 0, 0, 0, 0, 0, 0, 0,
    0, 0, 0, 0, 0, 0, 0, 0,
    0, 0, 0, 0, 0, 0, 0, 0,
    0, 0, 0, 0, 0, 0, 0, 0,
    0, 0, 0, 0, 0, 0, 0, 0,
    0, 0, 8, 0, 0, 0, 0, 0,
    0, 0, 0, 0, 0, 0, 0, 0,
    0, 0, 0, 0, 0, 0, 0, 0,
    0, 0, 0, 0, 0, 0, 0, 0,
    0, 8, 8, 0, 0, 0, 0, 0,
    0, 0, 0, 0, 0, 0, 0, 0,
    -9, 0, 0, 0, 0, 0, 0, 0,
    0, 0, 0, 0, 0, 0, 0, 0,
    0, 0, -18, 0, 0, -18, 0, 0,
    0, 0, 0, 0, 0, 0, 0, 0,
    0, 0, -8, 0, 0, 0, 0, 0,
    0, 0, 0, 0, 0, 0, 0, 0,
    -8, 0, 0, 0, 0, 0, 0, 0,
    0, 0, 0, 0, 0, 0, 0, 0,
    0, 0, -8, 0, 0, 0, -8, 0,
    0, 0, 0, 0, 0, 0, 0, 0,
    0, 0, 0, 0, 0, 0, 0, 0,
    0, 0, 0, 0, 0, 0, 0, 0,
    0, 0, 0, 0, -8, 0, 0, 0,
    0, -12, 0, 0, 0, 0, -15, 0,
    0, 0, 0, 0, 0, 0, 0, 0,
    0, 0, 0, 0, 0, 0, 0, 0,
    0, 0, 0, 0, 0, 0, 0, 0,
    0, 0, 0, 0, 0, 0, 0, 0,
    0, 0, 0, 0, 0, 0, 0, 0,
    0, 0, 0, 0, 0, 0, 0, 0,
    0, 0, 0, 0, 0, 0, 0, 0,
    0, 0, 0, 0, 0, 0, 0, 0,
    0, 0, 0, 0, 0, 0, 0, 0,
    0, 0, 0, -12, 0, 0, 0, 0,
    0, 0, 0, 0, 0, 0, 0, 0,
    0, 0, 0, 0, 0, 0, 0, 0,
    0, 0, 0, 0, 0, 0, 0, 0,
    0, 0, 0, 0, 0, 0, 0, 0,
    0, 0, 0, 0, 0, 0, 0, 0,
    0, 0, 0, 0, 0, 0, 0, 0,
    0, 0, 0, 0, 0, 0, 0, 0,
    0, 0, 0, 0, 0, 0, 0, 0,
    0, 0, 0, 0, 0, 0, 0, 0,
    -17, 0, -1, -17, 0, 0, 0, 0,
    0, -2, -2, 0, 0, 0, 0, -3,
    -7, 0, 0, 0, 0, -3, 0, 0,
    0, 0, 0, 0, 0, 0, 0, 0,
    0, 0, 0, 0, 0, 0, 0, 0,
    0, 0, 0, 0, 0, 0, -3, -3,
    -7, 0, 0, 0, -7, 0, 0, 0,
    0, 0, 0, 0, 0, 0, 0, 0,
    0, 0, 0, 0, 0, 0, 0, 0,
    0, 0, 0, 0, 0, 0, 0, 0,
    0, 0, 0, 0, 0, 0, 0, -12,
    0, 0, 0, 0, -14, 0, 0, 0,
    0, 0, 0, 0, 0, 0, 0, 0,
    0, 0, 0, 0, 0, 0, 0, 0,
    0, 0, 0, 0, 0, 0, 0, 0,
    0, 0, 0, 0, 0, 0, 0, 0,
    0, 0, 0, 0, 0, 0, 0, 0,
    0, 0, 0, 0, 0, 0, 0, 0,
    0, 0, 0, 0, 0, 0, 0, 0,
    0, 0, 0, 0, 0, 0, 0, 0,
    0, 0, 0, 0, -8, 0, 0, -11,
    0, -19, 0, -9, -8, -11, -12, 0,
    0, 0, 0, 0, 0, 0, 0, 0,
    0, 0, 0, 0, 0, 0, -5, 0,
    0, 0, 0, 0, 0, 0, 0, 0,
    0, 0, 0, 0, 0, 0, 0, 0,
    0, 0, 0, 0, 0, 0, 0, 0,
    0, 0, 0, 0, 0, 0, 0, 0,
    0, 0, 0, 0, 0, 0, 0, 0,
    0, 0, 0, 0, 0, 0, 0, 0,
    0, 0, 0, 0, 0, 0, -8, 0,
    0, 0, 0, -31, 0, -15, -14, -9,
    -22, -8, 0, 0, 0, 0, 0, 0,
    0, 0, 0, 0, 0, 0, -8, -8,
    -8, 0, 0, 0, 0, 0, 0, 0,
    0, 0, 0, 0, 0, 0, 0, 0,
    0, 0, 0, 0, 0, 0, 0, 0,
    0, 0, 0, 0, -8, 0, 0, 0,
    0, 0, 0, 0, 0, 0, 0, 0,
    0, 0, 0, 0, 0, 0, 0, 0,
    0, 0, 0, 0, 0, 0, 0, 0,
    0, 0, 0, 0, 0, -16, 0, -25,
    -21, 0, 0, 0, 0, 0, 0, 0,
    0, 0, 0, 0, 0, 0, 0, 0,
    0, 0, 0, 0, 0, 0, 0, 0,
    0, 0, 0, 0, 0, 0, 0, 0,
    0, 0, 0, 0, 0, 0, 0, 0,
    0, 0, 0, 0, 0, 0, 0, 0,
    0, 0, 0, 0, 0, 0, 0, 0,
    0, 0, 0, 0, 0, 0, 0, 0,
    0, 0, 0, 0, 0, 0, 0, 0,
    0, 0, 0, 0, 0, 0, 0, 0,
    0, 0, 0, 0, 0, 0, 0, 0,
    0, 0, 0, 0, 0, 0, 0, 0,
    0, 0, 0, 0, 0, 0, 0, 0,
    0, 0, 0, 0, 0, 0, 0, 0,
    0, 0, 0, 0, 0, 0, 0, 0,
    0, 0, 0, 0, 0, 8, 0, 0,
    0, 0, 0, 0, 0, 0, 0, 0,
    0, 0, 0, 0, 0, 0, 0, 0,
    0, 0, 0, 0, 0, 0, 0, 0,
    0, 0, 0, 0, -8, 0, 0, 0,
    0, -14, 0, -9, 0, -11, -11, 0,
    0, 0, 0, 0, 0, 0, 0, 0,
    0, 0, 0, 0, 0, 0, 0, 0,
    0, 0, 0, 0, 0, 0, 0, 0,
    0, 0, 0, 0, 0, 0, 0, 0,
    0, 0, 0, 0, 0, 0, 0, 0,
    0, 0, 0, 0, 0, 0, 0, 0,
    0, 0, 0, 0, 0, 0, 0, 0,
    -24, 0, -24, 0, 0, 0, 0, 0,
    0, 0, 0, 0, 0, 0, -9, 0,
    0, -9, 0, -14, 0, -12, 0, 0,
    0, -9, -12, 0, 0, 0, 0, 0,
    0, 0, 0, 0, 0, 0, 0, 0,
    0, 0, 0, 0, 0, 0, 0, 0,
    0, 0, 0, 0, 0, 0, 0, 0,
    0, 0, 0, 0, 0, 0, 0, 0,
    0, 0, 0, 0, 0, -14, 0, -30,
    0, 0, 0, -24, 0, 0, 0, 0,
    0, 0, 0, 0, 0, 0, 0, 0,
    0, 0, 0, 0, 0, 0, 0, 0,
    0, 0, 0, 0, 0, -13, 0, 0,
    0, 0, 0, 0, 0, 0, 0, 0,
    0, 0, 0, 0, 0, 0, 0, 0,
    0, 0, 0, 0, 0, 0, 0, 0,
    0, 0, 0, 0, 0, 0, 0, 0,
    0, 0, 0, 0, 0, 0, 0, 0,
    0, 0, 0, 8, 0, 0, 0, -16,
    0, 0, 0, 0, 0, 0, 0, 0,
    0, 0, 0, 0, 0, 0, 0, 0,
    0, 0, 0, 0, 0, 0, 0, 0,
    0, 0, 0, 0, 0, 0, 0, -19,
    0, 0, 0, 0, 0, 0, 0, 0,
    0, 0, 0, 0, 0, 0, 0, 0,
    0, 0, 0, 0, 0, 0, 0, 0,
    0, 0, 0, 0, 0, 0, 0, 0,
    0, 0, 0, 0, 0, 0, 0, 0,
    0, 0, 0, 0, 0, 0, 0, 0,
    0, 0, 0, 0, 0, 0, 0, 0,
    0, 0, 0, 0, 0, 0, 0, 0,
    0, 0, 0, 0, 0, 0, 0, 0,
    0, 0, 0, 0, 0, 0, 0, 0,
    0, 0, 0, 0, 0, 0, 0, 0,
    0, 0, 0, 0, 0, 0, 0, 0,
    0, 0, 0, 0, 0, 0, 0, 0,
    0, 0, 0, 0, 0, 0, 0, 0,
    0, 0, 0, 0, 0, 0, 0, 0,
    0, 0, 0, 0, 0, 0, 0, 8,
    0, 0, 0, 0, 0, 0, 0, 0,
    0, 0, 0, 0, 0, 0, 0, 0,
    0, 0, 0, 0, 0, 11, 0, 0,
    22, 0, 0, 0, 0, 0, 0, 15,
    0, 0, 0, 22, 0, 20, 0, 0,
    0, 22, 20, 0, 0, 0, 0, 9,
    15, 15, 5, 0, 12, 0, 0, 0,
    0, 0, 15, 0, 0, 0, 0, 0,
    0, 0, 0, 0, 0, 0, 0, 0,
    0, 8, 0, 0, 0, 0, 0, 8,
    15, 39, 0, 0, 0, 0, 0, 0,
    0, 0, 0, 0, -4, 0, 0, 0,
    0, 0, 0, 0, 0, 0, 0, -9,
    0, 0, 0, 0, 0, 0, 0, 0,
    0, 0, 0, 0, 0, -12, 0, -12,
    -12, 0, -21, 0, -12, 0, 0, 0,
    0, 0, 0, 0, 0, 0, 0, 0,
    -4, 0, 0, 0, 0, 0, 0, 0,
    0, 0, 0, 0, -2, 0, 0, 0,
    0, 0, 0, 0, 0, 0, 0, 0,
    0, 0, 0, 0, 0, 0, -4, -11,
    -6, 0, 0, 0, 0, 0, -5, 0,
    0, -3, 0, 0, 0, 0, 0, 0,
    0, -8, 0, 0, 0, 0, 0, 0,
    0, 0, -8, 0, 0, 0, 0, -12,
    0, -14, -12, -7, -25, 0, -14, 0,
    0, 2, 0, 0, 0, 0, 0, 0,
    0, 0, -4, -4, -5, -4, 0, 0,
    0, 0, 0, -8, 0, 0, -3, 0,
    0, 0, 0, 0, 0, 0, 0, 0,
    2, 2, 0, 0, 0, 0, 0, 0,
    -4, -15, -5, 0, 0, -8, 0, 0,
    0, 0, 0, 0, 0, 0, 0, 0,
    0, 0, 0, 0, 0, 0, 0, 0,
    0, 0, 0, 0, -23, 0, 0, -35,
    0, 0, 0, 0, 0, 0, 0, 0,
    0, 0, 0, 0, -9, 0, 0, 0,
    0, -4, 0, 0, 0, 0, 0, 0,
    0, 0, 0, 0, 0, 0, 0, 0,
    0, 0, 0, 0, 0, 0, 0, 0,
    0, 0, 0, 0, -9, 0, 0, 0,
    -9, 0, 0, 0, 0, 0, 0, 0,
    0, 0, 0, 0, 0, 0, 0, 0,
    0, 0, 0, 0, 0, 0, 0, 0,
    0, 0, 0, 0, 0, 0, -33, 0,
    -14, -30, 0, 0, 0, 0, 0, 0,
    0, 0, 0, 0, 0, -14, -15, 0,
    0, 0, -6, -17, 2, -9, 2, 0,
    0, 0, 0, 0, 0, 0, 0, 0,
    0, 0, 0, 0, 0, 0, 0, 0,
    0, 0, 0, 0, -14, -14, -15, 0,
    0, 0, -15, -9, 2, 0, 0, 0,
    0, 0, 0, 0, 0, 0, 0, 0,
    0, 0, 0, 0, 0, 0, 0, 0,
    0, 0, 0, 0, 0, 0, 0, 0,
    0, 0, 0, 0, 0, -23, 0, -22,
    -15, 0, -26, 0, 0, 0, 0, -8,
    0, 0, 0, 0, 0, 0, 0, 0,
    -12, 0, 0, 0, 0, 0, 0, 0,
    0, 0, 0, 0, 0, 0, 0, 0,
    0, 0, 0, 0, 0, 0, -8, -8,
    0, 0, 0, 0, 0, 0, -12, 0,
    0, 0, 0, 0, 0, 0, 0, 0,
    0, 0, 0, 0, 0, 0, 0, 0,
    0, 0, 0, 0, 0, 0, 0, 0,
    0, 0, -18, 0, 0, -18, 0, 0,
    0, 0, 0, 0, 0, 0, 0, 0,
    0, 0, -8, 0, 0, 0, 0, 0,
    0, 0, 0, 0, 0, 0, 0, 0,
    0, 0, 0, 0, 0, 0, 0, 0,
    0, 0, 0, 0, 0, 0, 0, 0,
    0, 0, -8, 0, 0, 0, -8, 0,
    0, 0, 0, 0, 0, 0, 0, 0,
    0, 0, 0, 0, 0, 0, 0, 0,
    0, 0, 0, 0, 0, 0, 0, 0,
    0, 0, 0, 0, -8, 0, 0, 0,
    0, -8, 0, -9, 0, -11, -11, 0,
    0, 0, 0, 0, 0, 0, 0, 0,
    0, 0, 0, 0, 0, 0, 0, 0,
    0, 0, 0, 0, 0, 0, 0, 0,
    0, 0, 0, 0, 0, 0, 0, 0,
    0, 0, 0, 0, 0, 0, 0, 0,
    0, 0, 0, 0, 0, 0, 0, 0,
    0, 0
};


/*Collect the kern class' data in one place*/
static const lv_font_fmt_txt_kern_classes_t kern_classes =
{
    .class_pair_values   = kern_class_values,
    .left_class_mapping  = kern_left_class_mapping,
    .right_class_mapping = kern_right_class_mapping,
    .left_class_cnt      = 81,
    .right_class_cnt     = 82,
};

/*--------------------
 *  ALL CUSTOM DATA
 *--------------------*/

#if LVGL_VERSION_MAJOR == 8
/*Store all the custom data of the font*/
static  lv_font_fmt_txt_glyph_cache_t cache;
#endif

#if LVGL_VERSION_MAJOR >= 8
static const lv_font_fmt_txt_dsc_t font_dsc = {
#else
static lv_font_fmt_txt_dsc_t font_dsc = {
#endif
    .glyph_bitmap = glyph_bitmap,
    .glyph_dsc = glyph_dsc,
    .cmaps = cmaps,
    .kern_dsc = &kern_classes,
    .kern_scale = 16,
    .cmap_num = 5,
    .bpp = 4,
    .kern_classes = 1,
    .bitmap_format = 0,
#if LVGL_VERSION_MAJOR == 8
    .cache = &cache
#endif
};



/*-----------------
 *  PUBLIC FONT
 *----------------*/

/*Initialize a public general font descriptor*/
#if LVGL_VERSION_MAJOR >= 8
const lv_font_t inter_15 = {
#else
lv_font_t inter_15 = {
#endif
    .get_glyph_dsc = lv_font_get_glyph_dsc_fmt_txt,    /*Function pointer to get glyph's data*/
    .get_glyph_bitmap = lv_font_get_bitmap_fmt_txt,    /*Function pointer to get glyph's bitmap*/
    .line_height = 19,          /*The maximum line height required by the font*/
    .base_line = 4,             /*Baseline measured from the bottom of the line*/
#if !(LVGL_VERSION_MAJOR == 6 && LVGL_VERSION_MINOR == 0)
    .subpx = LV_FONT_SUBPX_NONE,
#endif
#if LV_VERSION_CHECK(7, 4, 0) || LVGL_VERSION_MAJOR >= 8
    .underline_position = -2,
    .underline_thickness = 1,
#endif
    .dsc = &font_dsc,          /*The custom font data. Will be accessed by `get_glyph_bitmap/dsc` */
#if LV_VERSION_CHECK(8, 2, 0) || LVGL_VERSION_MAJOR >= 9
    .fallback = NULL,
#endif
    .user_data = NULL,
};



#endif /*#if INTER_15*/
